relative_path,size_bytes,sha256
".gitignore",124,7a66dc358c53b3ef0d7bd3ee36605e08f3c288b2b53105786257d7b5d3d370c6
"AI_MODEL_ROUTER.md",1545,b8119772802981476390c39df8104c65f09e29286ab2c9ea1b5f9f209d5cdbf0
"BIOLOGICAL_VALIDATION_STATUS.md",948,72d17dfff6371a5c08732c3c531f47263aefdfc991453a78b3eb349e7a35285f
"CHANGELOG.md",608,2e958685cebad650346399c7606ebbd73c3c5cfd7209b3d2f10d8d15ddf450df
"CITATION.cff",1004,3198b67b8b15b7921c57d4e54d7ed95b32243338997c3f53986f26ba82fd8927
"CODE_OF_CONDUCT.md",294,0acfee57babf5d40adea9e98cba08f9ee6e125f442fe3ac07ebbeae5bfa8b7a3
"CONTRIBUTING.md",400,c96c21bbec80e064ff9d705407431cc01ca2ebbeefc9631e5d6beca764c141e0
"HOTFIX_NOTES.md",998,49f133a1f81c33c22f44f5aeab5bab871b40f9c2c14a3f5d044235b30158c7c1
"LICENSE",1093,e9fd1670a8b119944f2338cf5c872b6689311abd0933bfc75ddb994833f2c9fd
"MANIFEST.in",450,13f201f58355a5da171a782156c0a27fc7b34729402f7a7a48b43fb6ecf60ea6
"Makefile",755,2cdb0311e184553d9bfede8ca266f2722e9d7ea457fe688fa7e51c82d56c4b7e
"PROSPECTIVE_VIRTUAL_CELL_VALIDATION.md",1199,452eab828fdbf3c9b90587c72db2e96b73a426cebcec66654ce8ebdd939bebf7
"PYTHON_313_HOTFIX.md",886,6ca80ff1f52af477c6c6e6903f417b412fe8487e3b509b559f45cfc8ee24c213
"README.md",4905,910ba6f61a5dd7304dc9cba01054fc393c43939e958c213eb2bb3c73d8ad4ec9
"REAL_DATA_RELEASE_STATUS.md",1133,4edb8cbb4d65cf848c5649ca69d5d9fe3e12ba5e35cf9026e8485379593c1c61
"REAL_WORLD_DATA_HUB.md",1011,9237f99c5ea86bc3b9bbceb9550ecbaa693dd43ed9a3591a1f68a646fef86667
"RELEASE_MANIFEST.json",1534,e441f2742fab792e8a80f08f738afa123afc3a5f82d93985b1dca38ac992a9be
"RELEASE_NOTES.md",1015,674082b5f82afab5d1d50d04e7cbd51f77690e5979dd4a8fc1a32c572ba9dcee
"SECURITY.md",373,813787a18e8960765e1ff3382e76ff5f10da76881b35b7051d7cf87bdcfc212c
"THIRD_PARTY_DATA.md",888,3253b147b6f188774eb509bbb5305458ee3f1c76f321407f026f7ffac7d164f5
"UI_GUIDE.md",885,0863b5808afe26bbc092c64b33d9eafca4da0e418879b25189229b51f665e3dc
"V2_RELEASE_STATUS.md",876,56ca56f580e5c3778f026f273391c0c7a7d55db19c2a206af3c9f25d2763916a
"VERIFICATION_RESULTS.md",2180,43183ef18e5d0e9f5f824c4d948811bc5855b1dfd24146a02c11199e28559f15
"VERSION",6,c28fcca53637bc88e124af1725df13cb98c69dedefd62fb3cdbe1cdb6b760624
"VIRTUAL_CELL_ARCHITECTURE.md",1616,0eb65bccb897c5533e035ea7bd686f819909cedc58904a95db19128f30f1bfa5
"app/streamlit_app.py",10228,82856d5a3e7a16a4b2e46594f7ad9f61034563f6ca52a6248bd278197eec4c2c
"benchmarks/README.md",1096,6faee8fc5ad726fe6d462223b804851a2668ec41b633c922db13c25a5ffc12b2
"benchmarks/adapter_capabilities.csv",2053,a8bf03806eada07785ad2ebb1bd900a821d95769d6a3aa6382d363d6512a4499
"benchmarks/citations/realdata_citations.bib",1354,4659376cd7ef22c5ad2c5ef8f6b54b457188e7617bf9f79835979086ee1cffd7
"benchmarks/fixtures/dynamic_benchmark_fixture_v1.4.0.npz",52909,87b3fe588300224dcbe1678547c496607b0ee736c81b4fcce2d847e9b0c69da8
"benchmarks/fixtures/foundation_pretraining_fixture_v1.7.0.npz",220589,136d029e9dd4fb8c4471a041f10909a13a89ae6255703d3fb78d2e360ce470af
"benchmarks/fixtures/intervention_generalization_fixture_v1.5.0.npz",132358,7de955db1f99947757e43a1ebab8c63ea03c3e98bd1d5b3b307b56dbfeead175
"benchmarks/fixtures/multimodal_dynamic_fixture_v1.4.0.npz",205909,9dee682ffccee234c7fa950e2ffad3ab16930356b1ef76e0c4675baa90093dd9
"benchmarks/fixtures/spatiotemporal_tissue_fixture_v1.6.0.npz",2181170,c71e0abd70eee240dfc36defe03fbba06b248be452b695ed7491f2f0091f8bda
"benchmarks/independent_validation_cohorts.csv",2805,7ea4f555d02d8579b331c15e1884754549fb37d4276851da5a3fa5760d1cf58b
"benchmarks/licenses/data_license_matrix.csv",4552,e543b1d2b4d767881d675ab1db68825cb3d908c5199176d1936472dc1fc0834c
"benchmarks/manifests/amp_ad_molecular.yaml",4453,b828fa3a05cf8d37146c12f026ed30cd8b2a238dee1da8c5096b288c8abc156c
"benchmarks/manifests/dandi_neurophysiology.yaml",2978,c6d5d49d377e3fc1362253bf8d91d56f1140ee8d6d689026644107fde7a0a844
"benchmarks/manifests/depmap_prism_lincs.yaml",4715,ecba05b6ac0d879b411ebbdb9a6df150c64435604aa64d14dbbe0bf11b38d13b
"benchmarks/manifests/gdc_tcga_cptac_brca.yaml",3961,68ee9fe985555c2a3f794daeb8c85f5a88c49d1510db9d6b8957a3b4c2f46306
"benchmarks/manifests/htan_spatial_cancer.yaml",3333,501fe3f120c6d4d7d2e8376848e18dc9051228e3b39ac9d7722a0ed10583f5ce
"benchmarks/manifests/registry.yaml",486,9a893532a7b608ec1288cf9b6fe0fe254f2d12de77398e07eab6e9d5f44c827c
"benchmarks/manifests/sea_ad_neural_glial.yaml",3992,51c073f3f65ac24ede45fefb1aa727b54db403fd7748404c59472f5bdbf4a1b0
"benchmarks/snapshots/sea_ad/README.md",693,4041150228e53c18de3672f42623362ef5852b00eab02e6bdfe6147ce9ebb12e
"benchmarks/snapshots/sea_ad/sea_ad_cohort_donor_metadata_2024-07-25.xlsx",45189,d18faa1c51f426bb2bf17ce431878cfacce673729c1ee185be84a51d31271146
"benchmarks/snapshots/sea_ad/sea_ad_continuous_pseudoprogression_scores_2026-05-01.xlsx",63538,6736b3736c57bfd3e4771c8dd9af21716e2187d5e939acdc46817904bcbc08f3
"biological_validation_reference/biological_validation_status.json",729,d00cd8d0cbd00bf73c3bb636aa5218e30b5d0cc7cdfdac5f2c3cac3eb3e29959
"biological_validation_reference/cards/BIOLOGICAL_VALIDATION_MODEL_CARD.md",372,cfb0e80fe51442d9e0c441d071b3c6bdbb9513dc40f63e7005fe81651af4dfda
"biological_validation_reference/manuscript_package/README.md",261,f722129f335461dcbefb269920488dbc0233555d1ed409a60c8f3ef29d301c8a
"biological_validation_reference/manuscript_package/claims/CLAIMS_LEDGER.md",1898,2f6787f962e158b00b365ad0b5bc0cd323b33b09313b13df4d26d0b481918daf
"biological_validation_reference/manuscript_package/figure_inventory.csv",885,6989fc999f4097a863ab0a0eccd36a8cdf5769045216a5149bdc728139fc8c2f
"biological_validation_reference/manuscript_package/figure_manifests/Figure1.json",344,eb83c6a4ee9461202cc3ff6ab4fe8b2cf0c1a37bc231b03d8ace76119689e6ff
"biological_validation_reference/manuscript_package/figure_manifests/Figure2.json",347,591f502d425bd714269fd3c56340c649c2364aeab1369f2d928e9660f190b296
"biological_validation_reference/manuscript_package/figure_manifests/Figure3.json",347,2b5022338e1465b329707a150ca8ad4ea1b7c1c562456e695f43af751b656d37
"biological_validation_reference/manuscript_package/figure_manifests/Figure4.json",341,741710f9546a3ae587a622a6eea6f0f4b4d47af2bb48bd0437aa208d14fa7200
"biological_validation_reference/manuscript_package/figures/Figure1_preregistration.pdf",18753,5d3427fd8fa8cda4531dde8372bb2bcc3af353b7856f232516aeeebb1a645edd
"biological_validation_reference/manuscript_package/figures/Figure1_preregistration.png",163465,0c45075ec255bc565ae6aef5f84754a0d3b5e64e0ef8eedb415786bf7f87d5b6
"biological_validation_reference/manuscript_package/figures/Figure1_preregistration.svg",9040,7d2f68e4f3713d2d0a2e5847bc1802a69ca22375afe6f1e61c043dd421b76e26
"biological_validation_reference/manuscript_package/figures/Figure1_preregistration.tiff",447718,1d30f5ae8b87219523e3f7b38cbb27280f02b63ffa19c6476d0841ddd399fdf0
"biological_validation_reference/manuscript_package/figures/Figure2_primary_replication.pdf",21622,1cc0e0e50f9942c3408d6081b03b4ae89fe404e6241e05f19a0b4723aaebca50
"biological_validation_reference/manuscript_package/figures/Figure2_primary_replication.png",187109,bb019e52961785a2e024e55b37392c3ed3020d4e91bc7f3f73949c22b6d83483
"biological_validation_reference/manuscript_package/figures/Figure2_primary_replication.svg",19789,66482c31cfe11382fe3877b75dbb66b413856822c7f21a47df4fc0eed00f5905
"biological_validation_reference/manuscript_package/figures/Figure2_primary_replication.tiff",427388,a53c18026c483ed6722ec599bfeae96c8698d442ac1d400048510c565f6290b0
"biological_validation_reference/manuscript_package/figures/Figure3_endpoint_robustness.pdf",19134,5a6f9649120c59b72f9af20632cd4adb04a2c4e2ac6699220f3a45262e85622c
"biological_validation_reference/manuscript_package/figures/Figure3_endpoint_robustness.png",207831,d3976b6b8990f9b5b28798dce22e42a1de71cf6c0092d089d092be923b7867f7
"biological_validation_reference/manuscript_package/figures/Figure3_endpoint_robustness.svg",12727,f47ed5c811ee00147404b097d9a3a4182924f97f4473145b0ce310fc6cd740de
"biological_validation_reference/manuscript_package/figures/Figure3_endpoint_robustness.tiff",443040,0c0592d4f554b06b822d269890d6389655c699a4763e844c97f75af6d3280e55
"biological_validation_reference/manuscript_package/figures/Figure4_method_comparison.pdf",20367,abc7c76ee8884786bb2b417831811bbcb245d7640ec6fdb58a153a6c8ac2ee24
"biological_validation_reference/manuscript_package/figures/Figure4_method_comparison.png",148491,5cddf18beaf75d59a5516020073891a91f01be858d63533336cbd8f2d1be3c59
"biological_validation_reference/manuscript_package/figures/Figure4_method_comparison.svg",8421,68b8797ba721e3c989c1c496386005c5e76a9f48d469a3ead1fe57e98a2dce44
"biological_validation_reference/manuscript_package/figures/Figure4_method_comparison.tiff",516292,62b13ca4ea6165b85dfa817a6d114527f0595a28fcab994e5209d4551129e731
"biological_validation_reference/manuscript_package/methods/STATISTICAL_METHODS.md",857,4e81d89b93ec3891064faa8c8330951cdbbd9239acfa427e0a400963c13b31bd
"biological_validation_reference/manuscript_package/source_data/Figure1_preregistration.csv",992,c051c1274752597c482f783fda6cba7b313ad1d92ac179c50d8ebbbab6e3740b
"biological_validation_reference/manuscript_package/source_data/Figure2_primary_replication.csv",1907,81e03e9bf03f889e850d2aaf1e15dda07a596dfed818657c3f69e85870a47ef8
"biological_validation_reference/manuscript_package/source_data/Figure3_endpoint_robustness.csv",5306,c4ccdb9333715856ecf45a80d62a048648f8fafbda14ff290abcc637522cf205
"biological_validation_reference/manuscript_package/source_data/Figure4_method_comparison.csv",6268,ae5c41622fa69eec9c1e8eba26f54dc5510cc3d1a849a053310a14da1eaef16c
"biological_validation_reference/manuscript_package/tables/Table1_primary_validation_results.csv",1907,81e03e9bf03f889e850d2aaf1e15dda07a596dfed818657c3f69e85870a47ef8
"biological_validation_reference/manuscript_package/tables/Table2_endpoint_replication.csv",5306,c4ccdb9333715856ecf45a80d62a048648f8fafbda14ff290abcc637522cf205
"biological_validation_reference/manuscript_package/tables/Table3_method_comparison.csv",6268,ae5c41622fa69eec9c1e8eba26f54dc5510cc3d1a849a053310a14da1eaef16c
"biological_validation_reference/manuscript_package/tables/Table4_evidence_ledger.csv",842,70ffe038f61a94ba3016559a84bd7a0e95c8309efbc3127745eeebef6914bea9
"biological_validation_reference/perturbation_protocols/BV-DEPMAP-001.json",392,3082d3469d757ee7a9a8900ca8928524e898bc255b34d49076b92cc4537a2ff6
"biological_validation_reference/perturbation_protocols/BV-HTAN-001.json",397,5dd703bc91a5010ec7065541b0142c0e774e9ac7fe6719a64cbaf424f6d3f023
"biological_validation_reference/perturbation_protocols/BV-SEA-AD-004.json",399,454616d61fcceae41771f70fc211b260723d9ecfd742aaf393a6cb7e3c1597c1
"biological_validation_reference/preregistration/PREREGISTRATION.md",3178,e5c10d23ea259c22a131e01beb2f1518475abb05c6d6f15efaa79a56574352d9
"biological_validation_reference/preregistration/hypothesis_manifests/depmap_proteostasis_response.yaml",721,15ef979aa16fd4b034d8b795d942c9a1c4adc35517ee1c8d6d8841c510edcc41
"biological_validation_reference/preregistration/hypothesis_manifests/htan_macrophage_barrier.yaml",678,97a5d1c55e9c313be4dfafa9d7d33da371bfcbcb3b45bc496da48faaae4f797e
"biological_validation_reference/preregistration/hypothesis_manifests/registry.yaml",267,a364ce6cdd55fa98f6e553d3da0dcfd4d9d4cca11a657112a8aa487798258641
"biological_validation_reference/preregistration/hypothesis_manifests/sea_ad_adnc_cps.yaml",658,eedf9b2eb123bf7ce28aa2d6c3262fe9b12f2b6bf3f068d348738d8bf80f01e6
"biological_validation_reference/preregistration/hypothesis_manifests/sea_ad_apoe4_cps.yaml",615,91beddadce392580569487c15fb030fbaabbef4aa1f71d778cceee2c0dfd9ca5
"biological_validation_reference/preregistration/hypothesis_manifests/sea_ad_dementia_cps.yaml",620,1822b5163aea0108d86d2ae0f6ef9799d365aed3339630d846e5d8225f6a896e
"biological_validation_reference/preregistration/hypothesis_manifests/sea_ad_glial_stress.yaml",696,ff2a87d14a44199a80ef3a4b6c7c2c64b1a16703827e88b05237823bb10319f9
"biological_validation_reference/preregistration/preregistered_hypotheses.csv",3500,5ca88e954515c000f48ca30f05ff3d323d32aef243a489f99bf6272f142110ab
"biological_validation_reference/preregistration/preregistration_lock.json",812,ad1f80a1c98380a754d5eb6143f30ab8caeb08f788b99910420e529e1ef48865
"biological_validation_reference/provenance/artifact_manifest.csv",7054,a995ca9d5612f91d24b6526756452e63389ab0b072047db503349f4fe5078e8b
"biological_validation_reference/reports/evidence.html",5850,d078f63da767747a363c4547ef9492ef49adef79152ac77b3ce1eb3531a648ee
"biological_validation_reference/reports/index.html",7491,90c2fecebce64b0bb0d0e639cec96a623a6df8f477c4e26f1842cc98a1e77e97
"biological_validation_reference/reports/methods.html",11803,5c0313bbfbeddc6bcffe4458b2881987a28a08954d9ea99a97767e29e4a1579e
"biological_validation_reference/results/conclusion_ledger.csv",2230,db49da707d4d84a45b7f137563ca516ca4583e53facf83e9e4e88766c97ed464
"biological_validation_reference/results/endpoint_replication_results.csv",5306,c4ccdb9333715856ecf45a80d62a048648f8fafbda14ff290abcc637522cf205
"biological_validation_reference/results/established_method_comparison.csv",6268,ae5c41622fa69eec9c1e8eba26f54dc5510cc3d1a849a053310a14da1eaef16c
"biological_validation_reference/results/evidence_ledger.csv",842,70ffe038f61a94ba3016559a84bd7a0e95c8309efbc3127745eeebef6914bea9
"biological_validation_reference/results/external_replication_matrix.csv",772,4ada6304d85404f1b8368fdbd3a2c93f5a8baded8a005d769ff4b5906eac1dc9
"biological_validation_reference/results/hypothesis_registry.csv",3500,5ca88e954515c000f48ca30f05ff3d323d32aef243a489f99bf6272f142110ab
"biological_validation_reference/results/perturbational_validation_ledger.csv",377,df3ed6651fbc85e4452dbaf9ce9d705924b4551ec614ac37c3b45be8d8d19781
"biological_validation_reference/results/primary_validation_results.csv",1907,81e03e9bf03f889e850d2aaf1e15dda07a596dfed818657c3f69e85870a47ef8
"biological_validation_reference/results/validation_qc.json",429,bd926929d9886cc383c5fbfe506dd95bf0042fdcfb169bcb7836c9f9292d4b01
"biological_validation_reference/run_manifest.json",260,725908c7a3356ead47d708d96d69f843b6679aaea2a190055a007e2fb4530cbc
"configs/cancer_closed_loop_v1.1.0.yaml",6622,63eb15dd6c3c8cfbba82156728d1680b83125d6035ad295f86a2a75dc84be9ea
"configs/cancer_closed_loop_v1.2.0.yaml",6622,63eb15dd6c3c8cfbba82156728d1680b83125d6035ad295f86a2a75dc84be9ea
"configs/cancer_closed_loop_v1.3.0.yaml",6622,63eb15dd6c3c8cfbba82156728d1680b83125d6035ad295f86a2a75dc84be9ea
"configs/cancer_closed_loop_v1.4.0.yaml",6622,63eb15dd6c3c8cfbba82156728d1680b83125d6035ad295f86a2a75dc84be9ea
"configs/cancer_closed_loop_v1.5.0.yaml",6622,ed36f34dc003a03c2b2ec24aae20ba9fbfa54d10ad1e0c99d8a0bc98c516f094
"configs/cancer_closed_loop_v1.6.0.yaml",6622,2746d15f46905df853c5a6dbad36dbba768cbf863adcc4a59aaf942c3936526a
"configs/cancer_closed_loop_v1.7.0.yaml",6622,2746d15f46905df853c5a6dbad36dbba768cbf863adcc4a59aaf942c3936526a
"configs/cancer_multimodal_v0.4.0.yaml",5798,b8dc9919119d609ba23e017b7f11e3ad02d9d48843ed6f761ba03e1f7dd882bc
"configs/demo_v0.2.yaml",1890,28baf62317dbb63975afd0be560251dae273de09de133d6fe63960d6453bbb90
"configs/dynamic_benchmark_v1.3.0.yaml",1244,25ab60431804ca2fbc20ba49ee37a42b003c92ddc28cdaffd5ee2908405159cd
"configs/dynamic_benchmark_v1.4.0.yaml",1244,25ab60431804ca2fbc20ba49ee37a42b003c92ddc28cdaffd5ee2908405159cd
"configs/multimodal_dynamic_v1.4.0.yaml",662,14aa57d0b0bf2cbec41e25a0142cfd84e717f7256402e1160c3594aa7c90dae2
"configs/multimodal_dynamic_v1.5.0.yaml",662,92ef878d277e4a320ec1e56dcc9a2116a79ce8943fd36c3ab1925cc84295bbbe
"configs/multimodal_dynamic_v1.6.0.yaml",662,a84c4ceb01c07627bfa90f8e3af63083ac270c0336343a3e22a96e210b07e642
"configs/multimodal_dynamic_v1.7.0.yaml",662,a84c4ceb01c07627bfa90f8e3af63083ac270c0336343a3e22a96e210b07e642
"configs/neurobiology_v1.1.0.yaml",832,262ba63f60a1fd11e6af1c687a65003d0ae913e8ed80c247d0604b56b07d905a
"configs/neurobiology_v1.2.0.yaml",832,262ba63f60a1fd11e6af1c687a65003d0ae913e8ed80c247d0604b56b07d905a
"configs/neurobiology_v1.3.0.yaml",832,262ba63f60a1fd11e6af1c687a65003d0ae913e8ed80c247d0604b56b07d905a
"configs/neurobiology_v1.4.0.yaml",832,262ba63f60a1fd11e6af1c687a65003d0ae913e8ed80c247d0604b56b07d905a
"configs/neurobiology_v1.5.0.yaml",832,0888183a5060254c62f8b2b4000dfdd71c189fd82b228114264f99543137bf90
"configs/neurobiology_v1.6.0.yaml",832,efa2507820e1d4fe164b9cbb77a6d8a0382f5f6f5196ef6dad3594d9012b270f
"configs/neurobiology_v1.7.0.yaml",832,efa2507820e1d4fe164b9cbb77a6d8a0382f5f6f5196ef6dad3594d9012b270f
"configs/prospective_loop_v1.8.0.yaml",416,bd913a2c1e47be7ff4d7bcf34b14b35c09dda7123915039d683f0dd187dc4c85
"configs/virtual_cell_v1.9.0.yaml",799,724f2e5336087d85258f73042baf320ebab5dca92d72289b1efbbc7e61b12fcf
"demos/README.md",811,8c9b2bc8be43e8a29e1514fcbef6c8a3b7dee1cdd87c3430a592cd008cea4e5a
"demos/biological_validation/README.md",180,d69ff343e52396ed7605ba3c89c664a3f12b51bf78c48e8aa5bd1a6ee05124f5
"demos/biological_validation/run.sh",516,68851f29d114bf6c97ca6313347e06e79f0dc41e9deac5b9c90853bbf51fdaf3
"demos/cancer_quickstart/README.md",553,3b7945a010e0e90f646decd80479cde383d02e70b0418ec4dd31dabb86ad24ea
"demos/cancer_quickstart/config.yaml",6618,84a7f4cc882c18baafc3ccf287a41d04e6d047ebc0bbe4b00c8fecf1e87ab932
"demos/cancer_quickstart/run.sh",482,945d4ec28771a06c5239274ac7e0a800f654be1b954e145f1e6e2a2baff16550
"demos/cancer_quickstart/snapshot/causal_biomarker_ranking.csv",4287,e132fc285905a74677a6273c0c9e3b8aac8fdfa95295374f89051166aa636862
"demos/cancer_quickstart/snapshot/round1_selected_batch.csv",3541,b955e3473dbd8149ca3da7632e79d13045d66e06a87c466c99320e235d2cb0ae
"demos/cancer_quickstart/snapshot/spatial_niche_summary.csv",3418,6674aa0cf5db738b1999e4b175ba1914e98ac717b34617fa45e67cbf44f7ba77
"demos/cancer_quickstart/snapshot/top_therapeutic_recommendations.csv",21338,e29e4033507b64fcd530fe91f8c931da5f140507b8ee44dbc44df6ad0d575899
"demos/dynamic_model_benchmark/README.md",417,0a93edc6484f0450ef32649ae695daa087730edd1300c2b24efecd0b12f25d4b
"demos/dynamic_model_benchmark/config.yaml",351,2b8e7ecf01c0b53a9ef22a1dfe6fd6f059d5bb4880b0ca33bd4c50de7483e2ee
"demos/dynamic_model_benchmark/run.sh",642,73c2db5f7ea5fa7f123573f23fb412d0c2142162bda42636bcb057cfa6886ff6
"demos/foundation_pretraining/config.yaml",151,2ba79363bcec3434ae55034780e436db6869bab51670a983211d94e4bb24460c
"demos/foundation_pretraining/run.sh",253,f8ea65688e40f3da625c0b347538be28c794e11e952537989812fc86fba77951
"demos/integrated_reference/README.md",255,7173f120a3a0aaa4a45078dd459babe8e187d4ed1e278a0dcf94a6f803e5af7b
"demos/integrated_reference/run.sh",150,be64a5186b1407604e65ead1b62ccee34132fca05d2d79fcf37b8ef0f7b79d65
"demos/intervention_generalization/README.md",357,08568925e83848e2592df850e72a016c1d0fdab44bb9578339b6709fc6db376d
"demos/intervention_generalization/config.yaml",477,8bae66c2cca0895583685e51916a45235858b3420cf8311c5280f45e66155bd9
"demos/intervention_generalization/run.sh",591,d0076e1210167e89845f86cd461fbc73ff1a792a9922f71ee0c3ba7d05c08000
"demos/multimodal_dynamic_state/README.md",289,35ad7859d0dd8faf20b9f8df358ec3bdbd8ece0935b0b4ef9cc6e64e6875f7b4
"demos/multimodal_dynamic_state/config.yaml",332,5c8146653bb85ce9941754b101929bc569b1a63f73b5339ae64db7d95d05d8c1
"demos/multimodal_dynamic_state/run.sh",619,89b199cddb94e4fd19164e0e15fb39b689678d26bf533abfa86854a7cb445e5f
"demos/neurobiology_quickstart/README.md",352,d28a9efd0d5672105cc5b7c31cc48c29f38c0a6cee3b8eeebaa18ec8b1ddbeab
"demos/neurobiology_quickstart/config.yaml",815,2ed52bdfb7f0dd04c72fc329eb21c575eb187b7edbda8f364fa970e1fde2be5e
"demos/neurobiology_quickstart/run.sh",577,1a6eb9ccbe75fa18eb82743d88dd2061c3303c4ec2838d01a9b568d5f1382c5d
"demos/neurobiology_quickstart/snapshot/cell_type_driver_scores.csv",686,ecc1ad6fa0123a58dc32df7805a31f7ebb70a0aa20c1ecd43b0a7871228bf4c7
"demos/neurobiology_quickstart/snapshot/neural_glial_trajectory_summary.csv",5459,3e0daf888a9f1129e2ba91d60254291f025b26c52000268833ee10178ad25813
"demos/neurobiology_quickstart/snapshot/neuro_model_metrics.csv",1082,c592157d7d4bb8c20f7b2618c4e087262b93a5b23cc282baffbf6aa77e5172ad
"demos/realdata_registry/README.md",132,5bcab8157f0f941fefd99f85ccc0bee775becfc4aa0acf34514f96d8ff87d126
"demos/realdata_registry/run.sh",334,64866ed250a55f4f7ba7d32664820efec14124f2dfa8786548350dc11f59a7cc
"demos/spatiotemporal_digital_tissue/config.yaml",454,a57caa13250012d40cc03ef1e950326aaee18e54ea176bafb37a466e2e141fd0
"demos/spatiotemporal_digital_tissue/run.sh",565,d26dc120a3fc1ae152e9e2f586a479b60e1524fc82ab459ac0d2e4ac7a8d557d
"dist/causaflux-2.0.0-py3-none-any.whl",429777,1ead0daab9cc028e3171ae9e97762d1481f1e3190a848c6a055a3d1f8c53482e
"dist/causaflux-2.0.0.tar.gz",3323940,f61cb442ee8b68e5ffbac9d58923c796863c32a394fd5dde132ec5ecc50ad5f5
"docs/API_REFERENCE.md",5036,75ce49e6b7312491d6665b0eb073926d408596dfdbc0d503c527d2a92a8adb31
"docs/ARCHITECTURE.md",9933,5c2199239d023a2cfdd820c4de654fe6a9bab3aed3f0d347948ccec599d1ba07
"docs/BASELINES_AND_UNCERTAINTY.md",2597,3416c6f5bb21d6fc6e8412cad0da0258ff5bd00f65ad7896bced8236fa47b064
"docs/BIOLOGICAL_VALIDATION.md",2025,7802860fc08d23f39a5a8698e664647273a95952954f3391fe34a06e4be8a6c4
"docs/CAUSAL_ASSUMPTIONS.md",1790,3297fc0a79aaae9fdcdc59739b440083fe8723c22b2f961bc0b9b8e766da20d2
"docs/CAUSAL_BIOMARKER_ENGINE.md",3009,4617a9246107a21bdc3a7466e5ca8f60118165280dbfbdb9be56b5b371676e89
"docs/CAUSAL_DATA_FORMAT.md",1651,32fc4fb8eb3937ec402c03fd760cc1265a9502ed013895a509768a5eacf27231
"docs/CLOSED_LOOP_EXPERIMENTATION.md",3931,0e27388afce679eecd517f4505cf4c56019a749acc54634836dc0c4cf6cc6e26
"docs/COUNTERFACTUAL_THERAPEUTICS.md",4983,54d2d021d4d44530d3216b3002cc612a8b7d9e95501a43553e53867036da01eb
"docs/DATA_FORMAT.md",1657,45908fa1c0f1bd9f4a54a2574c2558458514bac676cc318c94487ed45fe3e8d9
"docs/DYNAMIC_MODEL_BENCHMARK.md",7385,9618a9d2a60b479c08c1ef1330c944806e8195791ed1d1752df0c52a96ab8683
"docs/FOUNDATION_ADAPTER_PRETRAINING.md",1558,6d4fa9dbf95daf7adc3f3b3eab326e2da808a65fce52b7d6d76d9efa77a36648
"docs/INTERVENTION_GENERALIZATION.md",2312,4a9299b96c43c9ea65c6c1aae206c3836148d114df2c3deb89de1163eeac8233
"docs/MIGRATION_FROM_CHRONOCELL.md",814,d155648bcc24f2471198680d708fae92295efbc35e697949a038554c39a70f38
"docs/MULTIMODAL_DATA_MODEL.md",3832,2c6b725ead60b2a251b12e44b89a4c65f05cbbe7efe827e4e7791be93ce4938d
"docs/MULTIMODAL_DYNAMIC_STATE_MODEL.md",3538,1159afd82ad9df76f73ec1db983ad155834478d2201c23b718f6d6bf54b0f920
"docs/NEUROBIOLOGY_CONFIGURATION.md",2361,22b1ae1a7ae401698e9ef4f9794a37f1297e37a358a6e341a583ece71921d2d2
"docs/PROSPECTIVE_EXPERIMENTAL_LOOP.md",5240,4bd538a666d01a3e3c430200c4bd729bd598fbf56f01c0d7dc313c8be82dd761
"docs/PUBLICATION_GRAPHICS.md",2659,a7a101dd0deaded3970b4198639304e0d5dfeb52f482630869ee0a4ab471c8d5
"docs/README_v1.7.0.md",15267,857c6da694e7ba410d9e3662194a4f9dd4702f512366934d20348b872c3d5cde
"docs/REAL_DATA_BENCHMARKS.md",2416,0e23a6643a3bbdf0b0ace75c3398f9c34d31218d46a16d650f461895b7a22f2b
"docs/REPRODUCIBILITY.md",924,b26ffa186cea702ee8deea124b09fd3abda723c0f0ffb874164fc6b425abf281
"docs/RESEARCH_GOVERNANCE.md",872,b880384f447d3ed8ed4f80f7105d41a833b464d7b6bef1ab3fd78c07d7df7ecc
"docs/SPATIAL_GRAPH_MODEL.md",5256,8422871ebdc5319d15ba20c39a9d341b5e18ef9fdd09724c966f2412f84c8db8
"docs/SPATIOTEMPORAL_DIGITAL_TISSUE.md",3922,cc6820ba1d90691f45e90d27cde89a76d60bba80f55f33fde20130d22466744c
"docs/USER_GUIDE.md",3452,9fe658738b94a0a780c307e2ad0770ff37ab25ccba94d3141e2113e2a802b19c
"docs/VALIDATION_FRAMEWORK.md",4846,445392c2f7e8811ab41151544b1d61df1bf75386c60afeb45de8ffb8ef6a9ba2
"docs/VERIFICATION.md",4182,169e77106000b2b3be81a0516f54e07cce52816506fec6956c1324ad41cda515
"docs/v2/EVIDENCE_LEDGER.md",1333,e562e16462d626f73c70bf2fac423c9de8520814c60e5197abc1f07f544fa094
"docs/v2/FAILURE_NEGATIVE_RESULTS.md",792,eb328e98f301cc577bb6530d0e0c281487c272af225dea985f5d47490860f94b
"docs/v2/REAL_LONGITUDINAL_DATA.md",2532,c96d83ae63b4003b43cae4a0ba40d443e7de73efd9f2a8bba02f7a42f7745183
"docs/v2/STABLE_RELEASE_CHECKLIST.md",1351,395cde917bf1b88390d07a7bb3f5202bcf855effe82732994845368852ebdc57
"docs/v2/V2_PROSPECTIVE_VALIDATION_STANDARD.md",2309,c4d65b6328c8339333039cc7413e5a00453011ed087591bd36d2f81b34362b5b
"docs/v2/VIRTUAL_CELL_2_0.md",1485,cc6efa616e1e85b6ac062b0eae74e9ed9e178cfabd5a091ad0972bbd2ea69a15
"dynamic_benchmark_reference/artifact_manifest.csv",9892,e3490a2089418c240166c52d4a92a50913e1b3acc7bf76c704ce7f6f1bab735d
"dynamic_benchmark_reference/benchmark_config.json",325,1707fa81f56ce7007139d51ee07c4c7726fe8f3d0588812f6374d5f3043c3b81
"dynamic_benchmark_reference/benchmark_task_definitions.csv",398,2515a6f685f4ed16e5748d980e30b94ec628baaf3dff8fbec077f5879b9a0157
"dynamic_benchmark_reference/data_leakage_policy.md",669,a166600060d4dbd5ff1f6091a1fe16d7709b4190a4af96cd30aef56c152dbac5
"dynamic_benchmark_reference/dataset_card.md",646,41144dcbe372841b9c2a56decc04a6e64b7fafbb2aafc1aa8d3effc2019ef754
"dynamic_benchmark_reference/dynamic_benchmark_status.json",1128,127f1fc02c9c518a0560ba72fa075fc7aa88404ce460672a2fbe11d9a8fcba77
"dynamic_benchmark_reference/dynamic_benchmark_validation.json",1021,07d30bc9ad17afcd70bccbc776826404ee3485abfae0127353ba1df10bd91c97
"dynamic_benchmark_reference/external_benchmark_contract.json",874,e0f445a0247a97c3ab2ec51eaa1cd4b1fd1e432a86db6dc370639da80c245f96
"dynamic_benchmark_reference/figures/fate_prediction_benchmark.pdf",22066,212c190950f000d94911df88ad121999f5d6915ff075928c26b995cdc60e29e9
"dynamic_benchmark_reference/figures/fate_prediction_benchmark.png",202715,265005fb410dda37944ced8eee66c847798044e8be68e581cad711fb4cc7d589
"dynamic_benchmark_reference/figures/fate_prediction_benchmark.svg",13917,67a7e94fc13f1a52270c3b9e293a83bff090c204b9c06ab3a244504fcda66d29
"dynamic_benchmark_reference/figures/fate_prediction_benchmark.tiff",872552,6e251d81799083b72e20c1fd10e03f901f4ce9a67936e2225a4078c24a19e11b
"dynamic_benchmark_reference/figures/figure_inventory.csv",2176,a81251f610fe7013abf69b8fe8c14b554b66aad9b70e0b225a90cbf2ae270d33
"dynamic_benchmark_reference/figures/figure_manifests/fate_prediction_benchmark.json",970,c2f1851730398eb11e615d632eee314cf310de66083679f5cbe73f18302f77ac
"dynamic_benchmark_reference/figures/figure_manifests/history_split_design.json",922,5b07f67e16f4afdc8dd98e031421657d4cbc6c6f67aa50c4a75404695d09c58a
"dynamic_benchmark_reference/figures/figure_manifests/trajectory_forecast_benchmark.json",1008,de35e9722b6bae05a906e531d8cf63d6a11d25df372b7c9dff4ceb9169232017
"dynamic_benchmark_reference/figures/figure_manifests/uncertainty_coverage.json",937,c90e007a3fa58ce53c7ec19a3901144d2a780fb744df1053ad23ce9c4f0b8c2f
"dynamic_benchmark_reference/figures/history_split_design.pdf",16667,45251883db384ccf69eac6e734f3828a10a0fb2faa9eaffc741cdde66c56d4ad
"dynamic_benchmark_reference/figures/history_split_design.png",135604,0353ab1fcb981fa82007e83c0061e84ea835fbc9ae5e008d5bdb0dba5117a9a8
"dynamic_benchmark_reference/figures/history_split_design.svg",9559,0e1cc7376c601de4e932fd7698f5b38bfa0c034164eae0aa6662189d449ad11a
"dynamic_benchmark_reference/figures/history_split_design.tiff",742152,6da202e28d126ee6897af6e7e661a08c255fbb638fce55c38e5081aa5f3a6dea
"dynamic_benchmark_reference/figures/source_data/fate_prediction_benchmark__panel_a.csv",3256,ae0289f3587503bef0a42183e90ed2b044cf76c1313df8b6cea64d29ce24f968
"dynamic_benchmark_reference/figures/source_data/history_split_design__panel_a.csv",79,4984daf7d095a7e35c6aab6f8c0bca5d532ed7d0d674dfd1989f2bc14de58240
"dynamic_benchmark_reference/figures/source_data/trajectory_forecast_benchmark__panel_a.csv",3256,6c58edd192ef624342fe56b49629583d71b5bf79b6d9b759e4b721c440b6c509
"dynamic_benchmark_reference/figures/source_data/uncertainty_coverage__panel_a.csv",1675,c9172eb12f6c11b45ef8815046bfee469899b78e3a5925412b12f19a384b5880
"dynamic_benchmark_reference/figures/trajectory_forecast_benchmark.pdf",22859,e5d1cb35da59be190d39df191c1340bee8476e191acb00e3b3dec77e6a5c425e
"dynamic_benchmark_reference/figures/trajectory_forecast_benchmark.png",224982,324b407de77a0003f2500e61bc269c3cf1862a2eb9e028128cb2ef133a709f6f
"dynamic_benchmark_reference/figures/trajectory_forecast_benchmark.svg",14675,4392ba82c8df0b88062a8cd73be5eded9b722dd77ff4cb3c061dd5752e16d942
"dynamic_benchmark_reference/figures/trajectory_forecast_benchmark.tiff",891350,7bbcadc295830db1859b8411f0141eb6b0e770e8d407fbd447a214d2fbb8fd21
"dynamic_benchmark_reference/figures/uncertainty_coverage.pdf",24505,819a940444b527e0d681c00c4f37afc3791989ba6d7ed461447167df0ae60438
"dynamic_benchmark_reference/figures/uncertainty_coverage.png",694809,6f503a11fe0743751f906c5229bc6e810970d6b572c855535bcc79b205191fc9
"dynamic_benchmark_reference/figures/uncertainty_coverage.svg",22706,98c7dfd9e66e846f5857d0c9c8bbffbd2dcfdc17133e1428a9f94efc44737790
"dynamic_benchmark_reference/figures/uncertainty_coverage.tiff",1118992,54375a7ae970e323f76f980342df84037bb7fbfc7a9c22417602e7a4a0bb239f
"dynamic_benchmark_reference/foundation_pretraining_gate.json",681,55986665298d3e53be3024f7f55761c8a3eb225d5b99b778b35972743e6a5172
"dynamic_benchmark_reference/metric_intervals.csv",3864,0ac267523c8191cf339cc9850ddd6023b664da742a447c447b6f77756e8ba84d
"dynamic_benchmark_reference/model_card.md",940,96d2d4a5cf1adbd0d652fb30b8cb6a8bb2d6be56c5ff76e7eef78d50280db057
"dynamic_benchmark_reference/model_comparison.csv",3268,3598a1d2133fa5d1c66b3e8653133b0d8988d2c570c88e81aca4bc87d7e46ac4
"dynamic_benchmark_reference/models/CausaFluxFactorizedGRU/calibration_temperature.npy",136,cf837fa0e72c2ff83c562e6c824d1f589384b32da0bd9689cc92e9b66d7a1a81
"dynamic_benchmark_reference/models/CausaFluxFactorizedGRU/checkpoint.pt",266997,142612eacde8b4b1486d43639f967aa989a568510d142ce5e8aba5295633b12c
"dynamic_benchmark_reference/models/CausaFluxFactorizedGRU/donor_bootstrap_metrics.csv",34716,4be5b345ce754a19fac46d0ebe740ac10eba510d487cc1c58acc759638d583d2
"dynamic_benchmark_reference/models/CausaFluxFactorizedGRU/metrics.json",833,b6572275e20fd7d9c9a478c586966cbbaff029775013598ba84cbc358544e29d
"dynamic_benchmark_reference/models/CausaFluxFactorizedGRU/test_predictions.csv",40835,e37a59f6c16bc3fd4cc96c6c12529ce0689adc2e3194c2f084b4fc9290d0715a
"dynamic_benchmark_reference/models/CausaFluxFactorizedGRU/training_history.csv",1196,04b83b657fda0087c8803379bafb48620efebdcc837d48725c735805fef82eb3
"dynamic_benchmark_reference/models/GRUDynamic/calibration_temperature.npy",136,3d7e4886212608579c168c4c8fde3c9c7062238e543a4284672b7b5dcd5fc638
"dynamic_benchmark_reference/models/GRUDynamic/checkpoint.pt",82101,2b286f59c9b94e13125670a52cb44d3dc97bcfb5c4f6f0040c07dc7c259877cf
"dynamic_benchmark_reference/models/GRUDynamic/donor_bootstrap_metrics.csv",33602,7eb19898678e8eb05dd2b5f931d12722d1b671b3adadc62d71c64de946a773ea
"dynamic_benchmark_reference/models/GRUDynamic/metrics.json",820,a4b557a6c8218cb953156512d1d27c84217b5409c678c8e12db0a9f4977d4a49
"dynamic_benchmark_reference/models/GRUDynamic/test_predictions.csv",40869,4e5629b0ba5877d074a2a03e61b0c2abafe114233f0b6ea418904e486d6de912
"dynamic_benchmark_reference/models/GRUDynamic/training_history.csv",1186,0baa0e9efeabd25cb67f928b8beb1c44639d662ab6f5538122ea34bf8ca93ccb
"dynamic_benchmark_reference/models/HistorySummaryMLP/calibration_temperature.npy",136,05f2aaa7b80cb407358fa730363491f448f080d79c296c374bab94e34c80e015
"dynamic_benchmark_reference/models/HistorySummaryMLP/checkpoint.pt",29238,b1dd3a173cd1d7df04711dda32c56aaef2f1108380bee7af3adca7f80af447f3
"dynamic_benchmark_reference/models/HistorySummaryMLP/donor_bootstrap_metrics.csv",34088,cae78ad875815757391bb9ca753f093edc11ed2c45baf3df0a63e17b4d7aab22
"dynamic_benchmark_reference/models/HistorySummaryMLP/metrics.json",827,4fe4c9e6b82e0e2fc2587a7396ed28ee02c997e83b260cc82489a9cc03880cc1
"dynamic_benchmark_reference/models/HistorySummaryMLP/test_predictions.csv",40797,f26afcd0c68d6f398c93af0affe90a2cdb98bb639f358d1aeb0d0409dbd0c3c5
"dynamic_benchmark_reference/models/HistorySummaryMLP/training_history.csv",1170,cc195c10f95767dbc96252891473cf7519edafd326ecbbebdd93dbd69f66a756
"dynamic_benchmark_reference/models/IrregularTimeTransformer/calibration_temperature.npy",136,bae20824a6d1569d354f1d4be3762e617d6fa3cec2a90ab3faa35d4eb0539ecc
"dynamic_benchmark_reference/models/IrregularTimeTransformer/checkpoint.pt",203573,6c401323bdcbafe530383232bf1d94cbdee579f57adc7a4962cec2127b6b88a1
"dynamic_benchmark_reference/models/IrregularTimeTransformer/donor_bootstrap_metrics.csv",34916,7afdc3e131468a3a2772b260b5d4ee9aea60d29ac89d12a381b55d56ed29db84
"dynamic_benchmark_reference/models/IrregularTimeTransformer/metrics.json",822,7759d450f00d94202117f6eeb863f39f1f5024308735edbd2ca1859988b3ba88
"dynamic_benchmark_reference/models/IrregularTimeTransformer/test_predictions.csv",40851,c14a030a83222cfdad07797f769996c0bb252dd244e217763d062c1c393f01ce
"dynamic_benchmark_reference/models/IrregularTimeTransformer/training_history.csv",1198,669ee0f247d2b2615859d42f177e4581c552746a8ee8dff766945cbcd1cf6ec7
"dynamic_benchmark_reference/models/LatestStateLinear/calibration_temperature.npy",136,c23eb9b5b2567e8cc792336b286adcc9bf9adcf060ed390645427fe6ef8e8186
"dynamic_benchmark_reference/models/LatestStateLinear/checkpoint.pt",6458,42b8c091997d4dd6a99444aff1153d9f889241969e5675e81086976fa9364f91
"dynamic_benchmark_reference/models/LatestStateLinear/donor_bootstrap_metrics.csv",34253,e7d413d1d3819641084a7525bd804e271530115cf7bf40d5db1128d690f69ae4
"dynamic_benchmark_reference/models/LatestStateLinear/metrics.json",824,6caa84f6aeaae83dd03b20f5da71394a49eaa2413738c889916c602628fc1171
"dynamic_benchmark_reference/models/LatestStateLinear/test_predictions.csv",40753,960dbf31d09be7c6c85165d9633474a353d9505446c803319e1bb2d830154494
"dynamic_benchmark_reference/models/LatestStateLinear/training_history.csv",1151,a02815fd69da29ae9ba693a6c6b5c19a34cc670332604c572aee3b8082560bdc
"dynamic_benchmark_reference/models/LatestStateMLP/calibration_temperature.npy",136,0e3d2f0251117c485bdadc503afe5f9d9361b499a7f0ad11e806c96b75550309
"dynamic_benchmark_reference/models/LatestStateMLP/checkpoint.pt",24630,169bc248b89b24de7a9cd5687cdbf2e8894ebc9cdbe6532216efb2b44d86105d
"dynamic_benchmark_reference/models/LatestStateMLP/donor_bootstrap_metrics.csv",33891,d6b80e68f3d620fe6d7475fded4705f39a9f6612927d5cdf692ce1a39a88e8cb
"dynamic_benchmark_reference/models/LatestStateMLP/metrics.json",809,30d097b646aeb3fb26baf668c0ac7bfa5366d0c6f5656e2001b844e2923fe40f
"dynamic_benchmark_reference/models/LatestStateMLP/test_predictions.csv",40792,4c84a089ba940f751f75d9019b5ad02af301f575b1961f45644ff3eaca8eef23
"dynamic_benchmark_reference/models/LatestStateMLP/training_history.csv",1173,3e054941a487bbb92d0ecc527f77e4aae13ba3c1b00c1cffd668a7964c21696b
"dynamic_benchmark_reference/models/NeuralCDE/calibration_temperature.npy",136,501f34ebd9b64a85c439050c2fb4168d0f4b52e69de2e561b666c89e6ba73052
"dynamic_benchmark_reference/models/NeuralCDE/checkpoint.pt",153845,7096eb89a30c8d2e5c106f519465eecf43e3e3db720a5f5003f5a3bbc63ae1c5
"dynamic_benchmark_reference/models/NeuralCDE/donor_bootstrap_metrics.csv",33330,7b484fa8224098f000007f2294ff1df0a17da3cb9106e021540cbf878e74c5aa
"dynamic_benchmark_reference/models/NeuralCDE/metrics.json",821,d642edd28fcceea7ee069854c7e87b34ca6f3d1e486bdadbf4d426a01da5797d
"dynamic_benchmark_reference/models/NeuralCDE/test_predictions.csv",40899,8dc4f6eb5e5eef17ae1abddab09621a07621d5399eabe5aa2cc8a8a91adb3b06
"dynamic_benchmark_reference/models/NeuralCDE/training_history.csv",1190,842f29f9a53a21581fabc17f4b3e1a20e01db5aef92424927049f3ed4256d3b2
"dynamic_benchmark_reference/models/PRESCIENTComparator/calibration_temperature.npy",136,03e4284e63c36bad5f327b4ca2dc8d92b44fe44418fd4ce3b63abc9899a2ed07
"dynamic_benchmark_reference/models/PRESCIENTComparator/checkpoint.pt",30901,7885a2ecba2c5273095b0de525f580edfc44aa24cf055866c9773c5fffe1abb9
"dynamic_benchmark_reference/models/PRESCIENTComparator/donor_bootstrap_metrics.csv",34204,583127f69d500f8302499d6768f576bbe57b23baa3823df8ae011fcad5d92d0b
"dynamic_benchmark_reference/models/PRESCIENTComparator/metrics.json",822,216de6567f270b0ef08dfddf80ff9320a0406d3461effe80bfa22d84467e9dea
"dynamic_benchmark_reference/models/PRESCIENTComparator/test_predictions.csv",40751,e44a5d453f30901d50c211c5783da3d819e15a611ce384cbf756edec43fc18b3
"dynamic_benchmark_reference/models/PRESCIENTComparator/training_history.csv",1179,9cbf24548aa567c1a73b026ebd52a3be3d8c4dd46933c9a55cb3f73c8d56e996
"dynamic_benchmark_reference/optional_embedding_adapters.csv",280,e75060e7a5273faed2cd2d3ed6189180547778ab7c9ddfe9e0b3df194856dabe
"dynamic_benchmark_reference/report/index.html",6453,c02356b38fcac699f5ed359a453c2c074aee0f19e15644f9492d32964aacee7a
"dynamic_benchmark_reference/run_manifest.json",1263,3425f71b15e6476d3e29a0e080ac2c6494e89cc1bd77553fd30baf4de9699a45
"dynamic_benchmark_reference/split_audit.json",405,5f6e7b1ea4841de74a4523677d82e8917a5a7f63e7acb02e98f62b88d8d0bff5
"dynamic_benchmark_reference/split_diagnostics.csv",1389,5fe2e01a13f0c3f36ca5df91a515c0f8389ab6dbc2e909625c9ec8893c34eb47
"dynamic_benchmark_reference/split_manifest.csv",14868,ff249dce33c2b08f05ff999e07effae363337ba43dda95872531a095c1ba9195
"dynamic_benchmark_reference/trajectory_metadata.csv",20294,c21c68ab9f7ebc00bab0ba8ade527f283fc1173370d62a226d51866e30ad97f3
"examples/biomarker_api.py",967,afb277a770bdcb0886c9bdea2e525d76cc6d9a5ce693a833059de1cb1327accd
"examples/cancer_longitudinal_template.csv",9422,a9caf27f54ae3f9f3459e9d091f7c7fa4afd594c7cbf689848d0ae4ebbf42b8e
"examples/causal_python_api.py",180,63a572492ca467c6be3b621d6b77ec8c4daecc216fd4fdd58b1b4d415e3a0b1c
"examples/closed_loop_api.py",1225,70d8bf9bf94a0e5051e85e81ad5e62eeef557fe1d181661da7412a7a235e902f
"examples/closed_loop_update.py",883,6b6be9b8ff40d215f052c23df19a08b828023ae222f69111eff759987abb2f01
"examples/completed_experiments.csv",134,761f2037a5ebe5e500066a9de8c5ef84adb9f71a88cbe674635ed38cf4a1244b
"examples/custom_schedule.csv",158,2f4a6bc68bca69c83a327536fe6e6b39759d77646a36ad6d800cc46ba1850607
"examples/dynamic_benchmark_api.py",395,621ce0713f9f070ec787839731f947bef0bbcb6203d19683bc81e6738200c810
"examples/multimodal_api.py",392,881feddac86a333486b6dc9c0b0fe73a2017c2982b8b09ec01be25f79c6dee5b
"examples/multimodal_csv_bundle/README.md",493,3b389f29607cfdf044f6046845f124ab0d8c16c6d132c681fcdda3786507212f
"examples/multimodal_csv_bundle/atac.csv",66,ebdb9d065f90970bc0859b6cde1ff0208e697e393806ce3c499c415af5196584
"examples/multimodal_csv_bundle/drug_response.csv",62,c56be81e7608a4228ea6e6781b15570345c7d760158f1bf02fe4176bd8fef19c
"examples/multimodal_csv_bundle/mutation.csv",50,39b5a214f9511070f29cfeb25685506c3319fe45624ccd04116991d5f1f0cb11
"examples/multimodal_csv_bundle/obs.csv",160,b9e4d1991fca3c2f837512d5d4455bc290fb4cd72226c32639ee6b54dd655ad1
"examples/multimodal_csv_bundle/protein.csv",37,36f3ba3712ebc05e9562dec667deba5bbe8c292bdab63ec0cbad5c49b16b7a4e
"examples/multimodal_csv_bundle/rna.csv",38,cc529f88a2ec8f57eaa13b1b341867197aa67d6751def77d72153f24d09950f5
"examples/multimodal_dynamic_api.py",340,5763ffdca4e29540aea6be154cfb6ac97163ac031bf937f4ca2335ec07096b7c
"examples/python_api.py",1346,8933b34ba6db1ffc266dd9e98fadd537f2d6c5bde9d951f1be8116498945387e
"examples/real_data_template.csv",943,eae26a85492f7527b6bac3d300b58e43b943a324b3b833922ce9742a8fa6cf33
"examples/spatial_api.py",368,690a363273552f4b1aa0fa9c49a804c112d358063d36e9389dd400ca2c948bca
"examples/therapeutics_api.py",645,267c3712321db9489ca36a2815c5e2e418d083945f9a68de458b8308b61ccdf9
"foundation_pretraining_reference/DATASET_CARD.md",164,a03ad6262c25e7410538654e853a834ed727ecc5fccb7ebd5efaa17179377fb6
"foundation_pretraining_reference/MODEL_CARD.md",322,62ef53b8f5b58f27a7db9c5fad580586ebd72a353d5f86032681eb6c70b27b7b
"foundation_pretraining_reference/adapters/dinov2_adapter.json",294,eda3af6ab486abb24688c47b625d549f655b3c7df7be866c68d65e0171d3722a
"foundation_pretraining_reference/adapters/esm2_adapter.json",270,721c9cc49253df2561963ba24711bfe78de5c2491ea0b17e2772bf20693361ab
"foundation_pretraining_reference/adapters/get_adapter.json",288,eac5d98f52802f555b27967226b2b1369a50bb29274482abf682b69de428779d
"foundation_pretraining_reference/adapters/molformer_adapter.json",284,a81b1e7d5f3348dd4612663468c20594bfdcddfa6acd077bba2b5ceead5bce76
"foundation_pretraining_reference/adapters/mrvi_adapter.json",296,078052558061da9fa799fea9fcd834b7ed361d6bbd4e90c1072f070af9d8f320
"foundation_pretraining_reference/adapters/nicheformer_adapter.json",276,768063b6fc6145d6ff92d906ec3fc2d9e71b70606c591b06a2701a495db353fa
"foundation_pretraining_reference/adapters/scgpt_adapter.json",265,81f532c29d82adea389cdee1d141f064b3f406712ce46df0b6a07cb55129b926
"foundation_pretraining_reference/artifact_manifest.csv",1661,5cdcce72105e04da975ead1ec2ec288158a51db5db5ceb70ccdbfc640e832780
"foundation_pretraining_reference/foundation_adapter_registry.csv",1169,5199b921e6bdc6ea397ceb30502ec1079f756ad95de30f21d984a9032aaa81f2
"foundation_pretraining_reference/foundation_embeddings.csv",42805,c923e00e0e165f4812d21bad3ae60b60c4b59ece336fe421a3c88d23a4f94aa5
"foundation_pretraining_reference/foundation_evaluation_matrix.csv",10641,6087c9dbe3f624068fc1cbcf3738d72efb6d2a33d0443ebbacde177ae3008dc0
"foundation_pretraining_reference/foundation_pretraining_fixture_v1.7.0.npz",220589,136d029e9dd4fb8c4471a041f10909a13a89ae6255703d3fb78d2e360ce470af
"foundation_pretraining_reference/foundation_pretraining_gate.json",2078,4c899d7b5e10ddcb9afc2ce3c67eb5701ab151fdda0772084e88a71f0eeb3533
"foundation_pretraining_reference/pretraining_objectives.csv",763,2b3e82525bd36e5bae495698ec5f6564ed1ad8d7a110eaa9e1d21f957ce41fba
"foundation_pretraining_reference/report/index.html",4504,f71225b31f775098febc49902a5ce84a6e0d2a4343ceff72813d44b42ddf5174
"foundation_pretraining_reference/split_audit.csv",220,63ff9e27f27f6b67c6fd26a255e7a5e7586592dc9b93975ed4f4d7cf6344cb61
"intervention_generalization_reference/DATASET_CARD.md",303,e4f90183cc5c09f15e66575753776fef95663ff1d6828ca60287a250ff8ea211
"intervention_generalization_reference/MODEL_CARD.md",373,dc4b80344e377f0e736655bf73dbc6e6884778bcd58e5cb0b1df4fb37990c9a3
"intervention_generalization_reference/adapters/adapter_registry.csv",1219,79597e9a8ff6d79fa5d40932e6e09eb24df18092b190b6046159b9d2cf66f7d6
"intervention_generalization_reference/adapters/cpa_adapter.json",479,944ff743b229409cf5531f0a11893f4793736075a82a286dd13a6b03404b5526
"intervention_generalization_reference/adapters/external_prediction_template.csv",6026,efea44724192c0f0120499c55444b75153295f10e1e191ef0bb3addd274f84c8
"intervention_generalization_reference/adapters/gears_adapter.json",459,59b43806afb0e600037b9ad8d059887720e6eb04600d4a467747d4ada4f47a25
"intervention_generalization_reference/adapters/scgpt_adapter.json",468,ff90e2c90dde1bafc51be0ff086da245b571f6356f8a1fe68092d6a8a8ee5143
"intervention_generalization_reference/adapters/txpert_adapter.json",473,ce373b9306efac742bda1ce86f708a8357d2d432556005778af99e41a086bf9d
"intervention_generalization_reference/artifact_manifest.csv",4762,ae4893a9bca225cadef4a8157375a04e4116d9dc8683856f97b3ed0e6186d5bc
"intervention_generalization_reference/artifact_manifest.json",7986,0378d1d50484c1c1e7be0189a481d1f2478bcbebf79666ce44010266b1e492db
"intervention_generalization_reference/benchmark_rows.csv",273722,a5e25d49f60b65565b851c9e934233cffb892bef22bc157777e16ef515afa17d
"intervention_generalization_reference/causal_comparators.csv",644,390c243d62f2eb14ea979c201347ba76f659cfd6e573f4fe353bb046e1ab31de
"intervention_generalization_reference/compound_embeddings.csv",1432,6def76f43af30aebb5a70c7bb3626a837e0e102f32b5e3d6a5942115deb614e4
"intervention_generalization_reference/conformal_coverage.csv",366,f4efa666c5ce3291c08385c0453f0c9bc6adffaf60f37d8ef379df0f648d519f
"intervention_generalization_reference/conformal_test_rows.csv",9236,ad90690603c26a7c5cf0fc12f3b64c064a6eda437fb95a28a15772b6904c51e6
"intervention_generalization_reference/external_established_model_gate.json",286,68ddb73ae06c452d319d0bf6db8d8f02527f5efd74545cb851cce10078a9bb26
"intervention_generalization_reference/figures/conformal_coverage.pdf",17550,fd2f5218e66a333c7b5e120a552ef6f1655e717e4a86b9dadabe3382be163601
"intervention_generalization_reference/figures/conformal_coverage.png",283886,60d72b480e3d14003916ecd3c18cd14a3c9b42be677ee8c920b51dc64d2407bf
"intervention_generalization_reference/figures/conformal_coverage.svg",9782,7f18b625a720252039a8a5f34812a4589acc720f81722e6a889035f554eb8ca9
"intervention_generalization_reference/figures/conformal_coverage.tiff",532240,c75ae2afccf2bd5e3625137eb94711d807cd264786b3e9f331b7f5668a551596
"intervention_generalization_reference/figures/figure_manifests/conformal_coverage.json",920,89cb5ecbd5baa7a7668d4330c8226d78e5d116537af1ee80cbbce8dba96707d1
"intervention_generalization_reference/figures/figure_manifests/generalization_axes.json",926,0e493ebd75cbb5dfbcdb116db25006b5b9c99c8a62cef6ee7e421a30c2603218
"intervention_generalization_reference/figures/figure_manifests/intervention_model_ranking.json",968,a0df1bcda16d1b2069610d7f85f6db736ae511ea28cff6e9c97bd06a5e2d3b87
"intervention_generalization_reference/figures/figure_manifests/support_diagnostics.json",926,af1d2583ff99de6dd4cb283b30f6125e86b2abc7f0713803975e2f9ab9607b3f
"intervention_generalization_reference/figures/generalization_axes.pdf",17228,a07e88ad4fbd3b2758035c351d15a3a08010836e7be6038dec2fdaa8efcc2038
"intervention_generalization_reference/figures/generalization_axes.png",183465,13bc1c6eda34758b14275910ec972cef34777f31feef5ff460bc1dfc96e51123
"intervention_generalization_reference/figures/generalization_axes.svg",9517,2bfd94f865f588b76c8a8adbbab97cf59997959dc4a71556ee8cf584eab6901b
"intervention_generalization_reference/figures/generalization_axes.tiff",678960,a7a1717ccbce864a59ed874ab6fe71232fb50a20c3226a9cd44be392e55735e9
"intervention_generalization_reference/figures/intervention_model_ranking.pdf",20376,88c7b5d5df39230617e2df40fd168573775de00903491acad7b4b6729ca5de97
"intervention_generalization_reference/figures/intervention_model_ranking.png",241867,1cab9699d326a23792a432552b091b95f02cc96c137cf59f5ca0c90aaa06abdc
"intervention_generalization_reference/figures/intervention_model_ranking.svg",11777,35d1f9940ee706236bc830fbf52cfe180a6d7c61f0df11700b5f9e082b87d619
"intervention_generalization_reference/figures/intervention_model_ranking.tiff",810552,6cd7352209930ad3d1ad2b02ac1f35bf86b517ad12a9da4db3138ea5357b01e8
"intervention_generalization_reference/figures/source_data/conformal_coverage__panel_a.csv",377,5e3a7d496e63763689126354c69d886756c53773c225788c03be274dc49928f2
"intervention_generalization_reference/figures/source_data/generalization_axes__panel_a.csv",592,9a21049d4037214c75da7e623bb69d9ec103fa89a58a903ce8ce9182080fb6af
"intervention_generalization_reference/figures/source_data/intervention_model_ranking__panel_a.csv",1076,414127f41b7446a9b695730d0ab4337d0e34666f27700bb1653b5d94234c883e
"intervention_generalization_reference/figures/source_data/support_diagnostics__panel_a.csv",217,a8bdefe7d770151bfc834209515a2b37f6aab7188e597d219ae9786ce95e8609
"intervention_generalization_reference/figures/support_diagnostics.pdf",18512,0370098a25d77f3b5b921544692d81150a7306d9dc8f1615609f83a129219257
"intervention_generalization_reference/figures/support_diagnostics.png",159922,cd5f5e38acaf98bd5f72ee5d8c2dbded11a40034a3cb1d7b34b844d5064450a5
"intervention_generalization_reference/figures/support_diagnostics.svg",10826,bab9fe0e6e67d03ca106cc945f1b3811902dbf9eb0a4e5199620c164e5fd8334
"intervention_generalization_reference/figures/support_diagnostics.tiff",424264,54dcb17d8091ece7e9d3b8783cb5ac851208ede5719db6c759dbfbbb3e9d2ab4
"intervention_generalization_reference/gene_embeddings.csv",1383,fd5ce39987d0777fdb309f6d53bc3f785bdc191da25de8e4dfd10b06bab0673f
"intervention_generalization_reference/intervention_exit_gate.json",1458,a6939296b640bf298ada0608d534af1abc15901ad11ef45d2ea5f17bc00822d2
"intervention_generalization_reference/model_comparison.csv",5264,06ead3f21bb3d93844c573091c2f2bfbd4ebcd3d08dc1cd61989e086fbaaf7c0
"intervention_generalization_reference/positivity_support_diagnostics.csv",12093,2add6a45e2c961a9446d979fb1f0bd9b18b4c3bf277a93e802730e2fd23375e3
"intervention_generalization_reference/report/index.html",6597,2510f8076f66c3fe922f0a6e768f8ff6c3de66be3ca7b139fd1d0ff53c0d5592
"intervention_generalization_reference/run_manifest.json",472,baa07c7831c370a63ce9e13df5f7ccf8def113c4a9a1daad5d785f4c230b500e
"intervention_generalization_reference/split_audit.json",256,68878e053e33166ad3652eeabed42158c0727dbef7088143da326ba780c04388
"intervention_generalization_reference/test_prediction_errors.csv",37418,ae1b6084b33099a5184d4edb313ce4286349e2e8319c90f96e43218d76e581a2
"multimodal_dynamic_reference/DATASET_CARD.md",478,075aba580df5cb7e56993da51737243efb3c66dd9d75f6154c5e0dfc90866c05
"multimodal_dynamic_reference/MODEL_CARD.md",516,c51bc9fc3e919d1de2c5469d73abfa3f67b9fc2c5bb092f1a6024f8b353ba313
"multimodal_dynamic_reference/artifact_manifest.csv",4811,c4a76228d4234d98b3989248165ce7288a0d8a1a40703dd7c229598f06f243fd
"multimodal_dynamic_reference/artifact_manifest.json",7746,f15019567ed532031afaa59d8c714a57ee4f5e2ee9f621ed8e39659a88cdfaa8
"multimodal_dynamic_reference/benchmark_config.json",342,8a160f5826061e9ff7eb2cf99fc2163322cd97014ad00951450ff00e7cdd2103
"multimodal_dynamic_reference/cross_modal_forecasting.csv",1648,de5c9a592b684513e7bc2056303304c78bad3dee731ce1cb197f4c07615dabee
"multimodal_dynamic_reference/cross_modal_uncertainty_coverage.csv",3661,5547f8ed65969be7e55d30a4153d2a3809af808d2a3432a4fde53ca174f1da23
"multimodal_dynamic_reference/donor_bootstrap_metrics.csv",65654,251e944f26287498d7bcf63a236fe025dc45c4788790c4ad8232b9167f5b6c16
"multimodal_dynamic_reference/figures/cross_modal_forecasting.pdf",18106,ecac64699b2c4091d5c1807a7d3b30ac2a1d1f2b806d05ce0adabb5011815d49
"multimodal_dynamic_reference/figures/cross_modal_forecasting.png",184457,5a1ebbb1333cf32f9f1f20dda8fd25a888722db4e1fa2e64f57bcaaf876f2697
"multimodal_dynamic_reference/figures/cross_modal_forecasting.svg",13338,cd2d5eecab3440304fa04fa81e19a0010e13ea36a4079e0794ac198a81e8d489
"multimodal_dynamic_reference/figures/cross_modal_forecasting.tiff",758120,ef8103e5f7aa3240d2009ce2b846a7c0c36dc278063168fdcb13fff90db771fe
"multimodal_dynamic_reference/figures/destructive_state_prediction.pdf",19311,7269894bf978190ccacbff485612c657630759d669ed2c4c2a770abbf4219dc8
"multimodal_dynamic_reference/figures/destructive_state_prediction.png",197564,8880bb0ad3f85e8ba428aa07d8161d61a2f7914336c51476cf3ba14aad4b29f3
"multimodal_dynamic_reference/figures/destructive_state_prediction.svg",10935,25377ee19ef2c2540a43b0f63fbdb5e7fcaf777d6fafad82d76a2e676a097165
"multimodal_dynamic_reference/figures/destructive_state_prediction.tiff",710618,663267a3feb44f256577af96fc64aaecbe0afb8ed2d4fcb37843b6bfec379aac
"multimodal_dynamic_reference/figures/figure_manifests/cross_modal_forecasting.json",952,b6425051d9a954eacbfaea7c07d1567d981ec58708d2d4c2c68e561413f03b63
"multimodal_dynamic_reference/figures/figure_manifests/destructive_state_prediction.json",982,1b33fb5a32ddde753ebf2d42816c574a498c82088132178fbfba9e219df6e42e
"multimodal_dynamic_reference/figures/figure_manifests/mnar_sensitivity.json",910,67ece49877bd95144e0504c2680ef9ad424d99ef35b4fd8e22309e4d2c1e04ab
"multimodal_dynamic_reference/figures/mnar_sensitivity.pdf",19043,573bdcee69286718b2bdfddb006d985908d1e45eab01d497b78633b0d73c02b9
"multimodal_dynamic_reference/figures/mnar_sensitivity.png",334302,204b640560393af852551b3a345df8dda7a90364fee0ba725ad32e9ef0ec2d5a
"multimodal_dynamic_reference/figures/mnar_sensitivity.svg",8594,82be38b4f2bbd27e09ddc707cf2d9a6fe66c9e7e9af49c2bbe0ec36775d38c23
"multimodal_dynamic_reference/figures/mnar_sensitivity.tiff",576534,b628d570888f85e7340d37bd8cede95006a0875086e7d5c64995a6ff978c8551
"multimodal_dynamic_reference/figures/source_data/cross_modal_forecasting__panel_a.csv",1711,c061f852ceab181befb3be5d2a104d4cdddd81d7d03bbed42d1c6628105e7fa1
"multimodal_dynamic_reference/figures/source_data/destructive_state_prediction__panel_a.csv",1238,0a12e5c79de2a53debbe7121ae0dcbef91b9c9290855b37dc16e8f762ccd5570
"multimodal_dynamic_reference/figures/source_data/mnar_sensitivity__panel_a.csv",1668,f1fe5893dd628d8c61900f4f814c187552f1ced3485b12730cdaea4d6a3e8943
"multimodal_dynamic_reference/missingness_sensitivity.csv",1641,621013587f64547540719d175bf2ddf3a238406c54ed2bff46fc21c83436eff8
"multimodal_dynamic_reference/modality_schema.json",1674,6ec50640ecbf0a0604bf1a65b2045806631eaa5b4eff690ece804fcbb649eb9c
"multimodal_dynamic_reference/model_comparison.csv",1223,5a6d90782dbad24e03f31f0836862c5eda2c49c363b6607f110e0addd18dd45d
"multimodal_dynamic_reference/models/BaselineCovariatesMLP.pt",10193,07a823d70c418a4900c7178c41b103c07292e5c6b0a2bccd2ece0ddd43292dd3
"multimodal_dynamic_reference/models/BaselineCovariatesMLP_training_history.csv",549,5bf668e9935a185729e9a7b98d7a2d58754546822170e0bec9efd3b33055f683
"multimodal_dynamic_reference/models/CausaFluxMoEDynamic.pt",134827,6af4369ba112f78f063b850eb95676faa1c01fdd0a5cad9c9f88f6c4bb7888cc
"multimodal_dynamic_reference/models/CausaFluxMoEDynamic_training_history.csv",1276,a496ebe5ad458901e2fb422a92900a891983aa852ca66cfa08ad372c9dcf6267
"multimodal_dynamic_reference/models/CausaFluxPoEDynamic.pt",158975,fd6e34335126e50758797744a2e404b6c0208e711ba1cd196efc24e36de8f1dc
"multimodal_dynamic_reference/models/CausaFluxPoEDynamic_training_history.csv",1156,304c97484b55b26b58bdbdff7f37b46397ad7d9739128b14e2db44b67fb9de69
"multimodal_dynamic_reference/models/CausaFluxPoE_NoImagingReporter.pt",133197,0850d23adfbdfb6c641200c975768e1d6a3e6e7bb480d4499bd6d5ca086a3007
"multimodal_dynamic_reference/models/CausaFluxPoE_NoImagingReporter_training_history.csv",636,3b1f1b69b611d31f908b3a4d63e48033006e0b44de23d23d52c6bef984f26da6
"multimodal_dynamic_reference/models/EarlyImagingReporterGRU.pt",51333,3b8b195b86dcfa1a6007c50d94ace2df96103a4023289554b73b70e948f7facb
"multimodal_dynamic_reference/models/EarlyImagingReporterGRU_training_history.csv",738,40a4e84fe33b94f496f28c2cb144e05b86fe81163361d61d0975dcf1302470ed
"multimodal_dynamic_reference/models/LatestRNAMLP.pt",12179,e9cf46b542d8d9b804330c4d6b80a996b423c9ff06eab4389fe78a8df015ced6
"multimodal_dynamic_reference/models/LatestRNAMLP_training_history.csv",727,403559fed9b541caff8d457d0c02431e65e81b8f9d0c7a1a5a5035c15dd7b87a
"multimodal_dynamic_reference/models/StaticMultimodalFusion.pt",19295,7b80a758e350741c3ff2c769027473d988591392130131b86258e26ec550430f
"multimodal_dynamic_reference/models/StaticMultimodalFusion_training_history.csv",733,798817b156ce78a7acd9a45cd377da0cc3031644421b84792c876e9848d31d6e
"multimodal_dynamic_reference/multimodal_exit_gate.json",1408,df35c483e3cd4b590843d5f6df722acf109f2cca1e47c5f3dd86983996ac4a34
"multimodal_dynamic_reference/report/index.html",10712,5e7008b60d7030e48fde95e2223c5319d398ca62c406d7a18c6a4adc239c7c67
"multimodal_dynamic_reference/split_audit.json",893,f3a1adecfd179617c5cf2c2a6fe4a368e352da61c1ec4bb792ade65cdcf005ac
"multimodal_dynamic_reference/test_predictions.csv",39443,1bbbfa3bc2d4acd5db6b16c972938cbbf8f8426d751a7e563f80bbea59fa65d2
"prospective_loop_reference/REFERENCE_RESULTS.md",908,fd54e45d318ad2ca468d846ee04656d71c4100382754759ec94ec255e437b98d
"prospective_loop_reference/all_experimental_qc.csv",797,50a1ffe675de3c8a9007755fff0fd151586271f8510fd231a8ba8b30d291824c
"prospective_loop_reference/all_locked_outcomes.csv",905,b851d622c67c0b9222de92bbab7047d7983de20b8b07e69a9847ded47ecdae62
"prospective_loop_reference/all_preregistered_predictions.csv",12140,4727b89d1d6f770f79863101dec38932e4467b43eb4fedb3c46f7f8df1a7d3de
"prospective_loop_reference/contracts/ELN_TEMPLATE.md",381,a859657fb2dc0e0bb4bb1902b356899ed34af6410a13c0cde2153ddef014ccd7
"prospective_loop_reference/contracts/experiment_contract.schema.json",2957,dffec145074035b125d3c120ce77cecf35010fc82e70d285767d2ca2cb4841e5
"prospective_loop_reference/contracts/experiment_contract_template.csv",599,b11e97e564f55ea2065e8ad200cf1a5a7669950f4923979a83d2d752f46b1dcf
"prospective_loop_reference/contracts/experimental_qc.schema.json",1061,a466ffe0483b5ba2e8c399cd3a1e93cbb14b4fc35a3e04576099c6a92a4affba
"prospective_loop_reference/contracts/experimental_qc_template.csv",215,a988af03b6142353b2c3bd3ad92aa95b35fabe673f08dd892440ca7477a84ba4
"prospective_loop_reference/contracts/outcome_contract.schema.json",990,db1d3860bb50c2ec0cbe933776a8192de301f7424b265cb781354dd2b4bf2094
"prospective_loop_reference/contracts/outcome_template.csv",219,16ad5de64d4f5207f7070ada02a80fec739dd07f18f11832b3bb23bd1cd54d0e
"prospective_loop_reference/cycle_1/adaptive_stopping.json",194,74df6e834c2fd4190d908d0dd226e77e0bdce1c3e8942c85fdcce90dfbd11076
"prospective_loop_reference/cycle_1/evaluation/locked_metrics.json",309,dfd84fe5e340fa4ba099872d6fb3828bd340df9925faa9a0e6099d6f0742f3e7
"prospective_loop_reference/cycle_1/evaluation/prediction_vs_outcome.csv",1138,eb841cec720674210dfddeaaf20d499aa89ee34c7bb40664a80eee2573defab5
"prospective_loop_reference/cycle_1/experiment/experimental_qc_ingested.csv",389,57aec80b966107970519fc1c2f66b0319fe178e5630a97b79d9de555aa25e3b1
"prospective_loop_reference/cycle_1/experiment/failed_assays.csv",287,d25a2c9181b35c4cfe34d94d8695e68a8f8d84ebc6e2108d1a586840f73d8325
"prospective_loop_reference/cycle_1/experiment/lims_eln_experiment_contract.csv",1325,9ae120fb07134b658debc49c064944a5942cc3c15b890fbb290015db133491fb
"prospective_loop_reference/cycle_1/experiment/locked_outcomes.csv",284,553e6f381dbe261989df73261b5ccd48a1cc16f7f854e12b066c7a7a8c36beb3
"prospective_loop_reference/cycle_1/model_freeze/model_freeze_manifest.json",986,3e3b690956f046ecdc0260ae0eb8609a09980ee80ee65024573f3e9d08b300c0
"prospective_loop_reference/cycle_1/model_update/posterior_model_update.json",792,8e3e873361ac5f7e0970149905a874348c105e4c97e6975c84ecdaa24c716a76
"prospective_loop_reference/cycle_1/preregistration/prediction_lock.json",1049,82a2e90a77448be59e624f2e6c8641b219beed4252b88f35cb89f46b605ba4c9
"prospective_loop_reference/cycle_1/preregistration/preregistered_predictions.csv",4610,68d2454d69c4cfa281c116a202c7b1878c70c3c6ea6b94d8b62e47521d6e08c6
"prospective_loop_reference/cycle_1/preregistration/selected_experiments.csv",1304,d30670da0d0fc9b39f321cc711e92a64a06c558b87f39f2d6c13382bfadabcad
"prospective_loop_reference/cycle_2/adaptive_stopping.json",196,d0c58a504380fc2a8d99b0606f2937df9fff478fc80dc0d79efae7f4ee618c3d
"prospective_loop_reference/cycle_2/evaluation/locked_metrics.json",310,ba6c6c495b452c10e8c63a076287d3df3224a069c63a5edec3eda2fd71b4a956
"prospective_loop_reference/cycle_2/evaluation/prediction_vs_outcome.csv",1583,c333a4d1670940486be3185df54188a618e212c39688c524b71ff870afb06212
"prospective_loop_reference/cycle_2/experiment/experimental_qc_ingested.csv",372,7dd16723a92691f72380a6592d90052dc56010f6b4b59e0b67a043815bba4340
"prospective_loop_reference/cycle_2/experiment/failed_assays.csv",156,041dca386fb04a0a8121163be346127f28820adcb707d14bfb3bc9a1cdaae3d8
"prospective_loop_reference/cycle_2/experiment/lims_eln_experiment_contract.csv",1369,a48afc117b01712ea9884c93911cdee3b5c86744d6171d11ed4e0c30d957f5b9
"prospective_loop_reference/cycle_2/experiment/locked_outcomes.csv",450,d05012c6f87f7e7d563436f4fe7f91dff9554ab838485e3c15ec6621b793b02d
"prospective_loop_reference/cycle_2/model_freeze/model_freeze_manifest.json",1071,82cb7e75d7c6baba59aae69cb3ebab18313114f293d1d875b5c55f0fd13c7308
"prospective_loop_reference/cycle_2/model_update/posterior_model_update.json",864,3485422f934d62ed433135ce2223d217ebaece1fdc0184f03f097b50793f9cc6
"prospective_loop_reference/cycle_2/preregistration/prediction_lock.json",1049,3b748e625f7b079840f8adf6d66ee27562ebf4d5ec1c9c93481eb68a10378f43
"prospective_loop_reference/cycle_2/preregistration/preregistered_predictions.csv",4022,ca0baecdc5b7ea02ad1446fa685e8ede0ca7d013ee8143ef8b5fa469dca44bf8
"prospective_loop_reference/cycle_2/preregistration/selected_experiments.csv",1358,eb3afb66871266986cc37d0cc68f57aeae3d7cabec714bf112a917f403e335cf
"prospective_loop_reference/cycle_3/adaptive_stopping.json",182,ea6a28b03f345f76f12c219c0ef9acba9a1241a9b9301fc085c58d162f9c375b
"prospective_loop_reference/cycle_3/evaluation/locked_metrics.json",312,871bcb4b1f9ec800169f60f468af0f3069599f734d11da6717d8c556a16607c8
"prospective_loop_reference/cycle_3/evaluation/prediction_vs_outcome.csv",1537,dab0e618a928be98d91f285e065587eefb1814200bd10dbd4193a8b0c7ce47a5
"prospective_loop_reference/cycle_3/experiment/experimental_qc_ingested.csv",348,e44f328015d1a187eefa7960c62627510a23eadecab91337d23ef3c33c82cf75
"prospective_loop_reference/cycle_3/experiment/failed_assays.csv",156,041dca386fb04a0a8121163be346127f28820adcb707d14bfb3bc9a1cdaae3d8
"prospective_loop_reference/cycle_3/experiment/lims_eln_experiment_contract.csv",1295,7cd0e65ec163766ea0e3996e2140c36c4bbfa296677b6040021288406704c8b6
"prospective_loop_reference/cycle_3/experiment/locked_outcomes.csv",429,f49f84f551b479d558f922f49a7467f4300cd28b58577c63591f343e7701e4d0
"prospective_loop_reference/cycle_3/model_freeze/model_freeze_manifest.json",1073,94fdf2c478427310a6641da291e8f85944e1bbef20911c5bf9b732b37d6280a8
"prospective_loop_reference/cycle_3/model_update/posterior_model_update.json",868,b929097b80fea21020eccbb9f4c81327edd1ea19fa2c74918be538af93191118
"prospective_loop_reference/cycle_3/preregistration/prediction_lock.json",1049,300bb8f95d570f08d07dbffb0bcde8f7659a67550ae814c85544ecd00e6e7bd3
"prospective_loop_reference/cycle_3/preregistration/preregistered_predictions.csv",3351,c58e13f1f279f360cc94b6ff98fb2ff692a0850d209c8564d9335fb8dac6f71a
"prospective_loop_reference/cycle_3/preregistration/selected_experiments.csv",1390,d98f09c47c0823aba760d27051df5bd3c524fcc702e0159743f9b8d30f1fab94
"prospective_loop_reference/cycle_calibration.csv",415,c6cbc4e65da77e1df6240cc0388554ba4d3c179fb54dace760b2baab08ff985e
"prospective_loop_reference/experiment_cost_ledger.csv",534,50a13f516b68a797187bf16df8a6745e490f5ce99a32357bef93cfc7c5c599ec
"prospective_loop_reference/figures/cycle_calibration.png",88727,67e07918308670ac48afecd42e001aed50e8a15d2093b8304fb46c8486d07da4
"prospective_loop_reference/figures/posterior_by_cycle.png",106922,3667887830428ecc67ec1080ee327ba4fa0a94977afa6517e386dcbf00c881d7
"prospective_loop_reference/figures/strategy_comparison.png",131337,91a30b1bd6c378e0aff01a29e65d1f9ba35157c98026941f9d2e1063115eaf6a
"prospective_loop_reference/hypothesis_priors.csv",503,7de3b6c5377b0a4db6ab3093de411d88303c19d29b50e107e6637de1895b8f84
"prospective_loop_reference/non_ai_baseline_results.csv",737,9fa5d50550a149fa7ac38dca1d4172ff2b31ec19770408eae974c78802863c55
"prospective_loop_reference/posterior_history.csv",575,a0725e7655f6b591e1f3c1d14d280eeb75c2f8ac4e31cd007efcc14ae78e9b36
"prospective_loop_reference/prespecified_experiment_catalog.csv",2383,1fa6f5c016a929b5a02aa70bf7a09a69895dfd71a181664d7a1d90d4cc4c8bb6
"prospective_loop_reference/prespecified_non_ai_strategy.csv",804,cae34f059b74433997c48627342a6e01fdfe3becfe47cd24bba66277fb7a3457
"prospective_loop_reference/prospective_exit_gate.json",1014,e5c45d5bab77950bbdcb3e6097f248c5252239d14d98bfe6a22390c99fe06593
"prospective_loop_reference/prospective_run_manifest.json",1262,d5db54e32f2f65b70623de8266bfa095e6ef68bf316e0e88cb1d5a7c1cb49274
"prospective_loop_reference/report/index.html",8320,291da19d86d1f0f72666553376d6a1784d02c08e7266b5fe0db7e0f877b990d7
"prospective_loop_reference/strategy_comparison.csv",373,75ed09acc30d2bd24546cd72476fda5cdbdb989a2d6e37fc15b3d297e7555032
"pyproject.toml",3347,dce5b8f97c3ae2b037306db59b84c65b0134be380204f9f80a82538d94142b73
"realdata_reference/accession_lock.csv",2999,2ee4a0962a5f7ac0bf512e42a4cc60a8a2febc0b19554b48dbd03605fb37b088
"realdata_reference/accession_manifest.csv",14542,899fa45a008493a11566dcd733c1d10026b1eb1bc7273b6b974e90696510d285
"realdata_reference/adapter_capabilities.csv",7155,1bbcfaa7768ff805943dcdcdb081f10e06cb185b1d9f0a2700df8c945636b048
"realdata_reference/adapter_plans/amp_ad_molecular__ampad_diverse_cohorts.json",679,b8563ab4ed4da93f0316dae931e9d5874d214013c8e539fe787456d58cd43eab
"realdata_reference/adapter_plans/amp_ad_molecular__ampad_rnaseq_harmonization.json",694,b263f221df540cdd945a6a135610a85d58dead8e978ccedd2cd67685384b027d
"realdata_reference/adapter_plans/amp_ad_molecular__mayo_rnaseq.json",646,50d152f2d008a4de0720750e0083f2c7f1cf2fd1d6bec308e7f9aefc07557642
"realdata_reference/adapter_plans/amp_ad_molecular__msbb.json",625,3f760add8e4bcf2740c1c5a61ae23373c17e1766b89fcd8a6640bca97cee4ccb
"realdata_reference/adapter_plans/amp_ad_molecular__rosmap.json",631,a6f2c099173ab9e7391b552e03aff445dc608720928e83e490d7e56f85c622b1
"realdata_reference/adapter_plans/dandi_neurophysiology__dandi_000039.json",511,c9a9401c3fca227489688f241f83aab8d310937b5ba27e5e41525cbc5bc4be2c
"realdata_reference/adapter_plans/dandi_neurophysiology__dandi_000048.json",511,8c6a346cc6bc1ae716c395784a318c83c46fc73e254142f4867a9bd3cef8408d
"realdata_reference/adapter_plans/dandi_neurophysiology__dandi_000568.json",511,865bab542deece5a223ecba119721a2df9065f98e11aae512f9b0556bdd831c3
"realdata_reference/adapter_plans/depmap_prism_lincs__depmap_26q1.json",771,d2814bca1658ae765219b4d058cea7fc3738596dd6d0d16ea5e18738df9f3602
"realdata_reference/adapter_plans/depmap_prism_lincs__lincs_genetic_perturbations.json",551,ec2fceca545638be29b4e55e1b07087cac751b9b584287c788ebfd1af99fa3df
"realdata_reference/adapter_plans/depmap_prism_lincs__lincs_phase1.json",518,085ebd43c1bcc4af4919779a4bdfb818fe8979f0f0c8b7c70d1a2a24b7d97b02
"realdata_reference/adapter_plans/depmap_prism_lincs__lincs_phase2.json",518,c7d55f2f9b886ed589207c791dfaa6ea563d9e56d57cd410af3b98ce3fdb77b0
"realdata_reference/adapter_plans/depmap_prism_lincs__prism_repurposing.json",837,be510c3d1fe38bc2f31f4510d5ec3d58310ccc31ba068e0fe0692bf5496977b5
"realdata_reference/adapter_plans/gdc_tcga_cptac_brca__calgb40601_proteogenomics.json",707,18174788408fce98d20dfcbf8f68cc51998cffedde7a2c35718f7e13461321ff
"realdata_reference/adapter_plans/gdc_tcga_cptac_brca__cptac2_breast_genomics.json",812,c95cfa437ec79fcfb6fed8b5e4b1b61ed343bc7724c50d58b2870a6583f489a8
"realdata_reference/adapter_plans/gdc_tcga_cptac_brca__cptac_brca_proteome.json",690,75b75b90e263b1e22d6339f736974ccc05be020859070c0f53b4a504a858efba
"realdata_reference/adapter_plans/gdc_tcga_cptac_brca__tcga_brca.json",963,e92f081ea773c02bc3c4d5a222507df997357cafccf6e37479ba50f97d91707c
"realdata_reference/adapter_plans/htan_spatial_cancer__htan_breast_precancer.json",956,44849d009f05b7bb2c09cf5595f1c6744322254cdebb16b65684dc29127589b0
"realdata_reference/adapter_plans/htan_spatial_cancer__htan_cellular_geography_resistance.json",939,3efd3a1eafa88d83748e2d498b6cd0f9e54c4d4a464d75c1f1f9f5012f6794ee
"realdata_reference/adapter_plans/htan_spatial_cancer__htan_oms_breast.json",1102,e60a360cfd92a8a245f47e51363ef135bc649cb5e1bc40dba052696dc50c6192
"realdata_reference/adapter_plans/sea_ad_neural_glial__sea_ad_multiregion.json",707,26e640ab7fff238c315e34cba3b0abac0d2ab2aecf6597a6748628cb028bdbd1
"realdata_reference/adapter_plans/sea_ad_neural_glial__sea_ad_neuropathology.json",726,7905cc57e1d2d8f5e23f71167290ebd0fc2515258ca9edd17baecbaeb85313a9
"realdata_reference/adapter_plans/sea_ad_neural_glial__sea_ad_processed_single_cell.json",774,d1c4306de0a80b0aa2f1602074f12c85adcc60c1bfe097102bb3346da6e9c982
"realdata_reference/adapter_plans/sea_ad_neural_glial__sea_ad_spatial.json",693,d7a1a028695b0d9f42aa7297ea42836bdbdb9cdf87d5cafc11a741e7abb2a04a
"realdata_reference/benchmark_registry.csv",900,e10b8af375e98d3d899203c554119e99bae35e4f7d6d856973ebee205d32adfd
"realdata_reference/cards/REAL_DATA_MODEL_CARD.md",934,d1fcc91dee91a4de9a906b72787d08b5c509012e073ce8ca48d0064be2407200
"realdata_reference/cards/amp_ad_molecular_DATASET_CARD.md",1469,0dd0fa0c8c3976cb406188b348056e72572e3d6a834e380425cb7fea7abda878
"realdata_reference/cards/dandi_neurophysiology_DATASET_CARD.md",1191,9559d7ff3cfb91807445f1fb6482595019662cbee540b5a256e1b1fffab8ddd2
"realdata_reference/cards/depmap_prism_lincs_DATASET_CARD.md",1543,79821ba60b7d525f1fa976524ed6243b18eb3b5b9c686f51f1df4901cc1d6c6a
"realdata_reference/cards/gdc_tcga_cptac_brca_DATASET_CARD.md",1281,3a0fdf5a9acd2122a9fc6148128e34fa711a5a9b78e9ee4a8752f703aa004bd6
"realdata_reference/cards/htan_spatial_cancer_DATASET_CARD.md",1378,a978db68624cb0eaadf20bc3acecebbc56119db6d771e06415689d9de308fcc2
"realdata_reference/cards/sea_ad_neural_glial_DATASET_CARD.md",1473,e694ee3237c9a1850ef7fe26be9a8b748846828610d0587a6650e176dc8c3cfa
"realdata_reference/citation_manifest.csv",4259,00cc715a7c0becfbd52df0d578dfbed7e158dc9a53c9fe863ffbe9789b24190a
"realdata_reference/data_license_matrix.csv",4298,e04b42c6e8cf10d1dc11059b88129d36f87feca9d759b502ad6b55df9112a09e
"realdata_reference/download_plan.csv",10912,fe9c55efc16650928dc47332ad63513fc0567034a269ac40f58244a5ed8a0e1d
"realdata_reference/independent_validation_cohorts.csv",2805,7ea4f555d02d8579b331c15e1884754549fb37d4276851da5a3fa5760d1cf58b
"realdata_reference/preflight_checks.csv",2144,ce70c2d6e6b93a1f2cb52838ffac692c23d611d93924d7f03527736c5b9086d0
"realdata_reference/provenance/artifact_manifest.csv",7101,edabed9c1d8c08471a767ee87b750a374937b8db54e76c714392d5f79a13c71c
"realdata_reference/provenance/environment.json",191,30829dbd03090d39e52edf47c89b1d9a851f53d500761cb9aafbb8ec7fb4feaf
"realdata_reference/realdata_status.json",508,b06dd4db0061b0acbb796ccf2000594f9f2233a998e9125950838261ad2c134a
"realdata_reference/registry_validation.json",125,2161094fb73361e24a7c22c6f407b9c7f4bdb62125095712e6fb85f1a1cb1187
"realdata_reference/reports/amp_ad_molecular.html",5312,414bc0d0b847a9c8adb1d6ea0f76aa6216aafee636b4d3eba11b54fd2ade205a
"realdata_reference/reports/citations.html",7642,7e743776c0eac59ef5885e4098aeb6da6edb5978ec4d2e115a460cafc6ae8d5d
"realdata_reference/reports/dandi_neurophysiology.html",4027,1ca2544045dc4f577d91f88d676f19994ca615b5bc5769fa9c1062a6e3f33eab
"realdata_reference/reports/depmap_prism_lincs.html",5646,320124e396c82ae98118f23d7aa05ed8226b28b49c3a058ab612a55b8483b637
"realdata_reference/reports/gdc_tcga_cptac_brca.html",5155,6f8be3af222b81e90302cd0412f1ee18974a9ed777a5b32bbf5dc82056a9baea
"realdata_reference/reports/htan_spatial_cancer.html",4488,6d918ec55539d5ff64afbd76ddf7e988235ce592fe161d6a24c46caacd72c24c
"realdata_reference/reports/index.html",12195,d827a3faf751464a489b376764c15320178284b0ba51989e30a31be5d6f1421c
"realdata_reference/reports/licenses.html",8101,f5d5fb2758c5f81f941ce29ac20a314f191b9dba43b98265e582b926491b37de
"realdata_reference/reports/sea_ad_neural_glial.html",4923,3bc6896d76fa39954f07ab1252361beeb1d30616ccf097b66dcc137d26959ecc
"realdata_reference/run_manifest.json",348,ab0ec068862f5bfa231d688b9089e549e2a91036dbee14a830913a7c4df7a6e2
"realdata_reference/sea_ad_descriptive/apoe_counts.csv",60,944cde69b5cdf9d60ba221ecab8248cebf3b287ee2d664f59cf99e79df1fc14c
"realdata_reference/sea_ad_descriptive/cognitive_status_counts.csv",51,269f850fa072279b5d18bbdf21d990949342a4a0cb17e98a8dea4eb4fe0d8888
"realdata_reference/sea_ad_descriptive/cps_region_summary.csv",450,8ed036145de4f2889f9f1f3d5d6f8dfcd02c4b5276e6d2926f04d3b5d27d9b61
"realdata_reference/sea_ad_descriptive/sea_ad_cohort_overview.pdf",14350,516dc154cad98fdbd4ce98369da650becb8950b31baa1049061cf7c8b12d7fb9
"realdata_reference/sea_ad_descriptive/sea_ad_cohort_overview.png",219566,ec3391a2b58dc5859431d90f62ee4b6d90fba3def68fdcdc807fef25d1060c14
"realdata_reference/sea_ad_descriptive/sea_ad_cohort_overview.svg",28800,2960a5d4dd591bd4a11648aecc749b03768116c290e27880127690bb96cd16dc
"realdata_reference/sea_ad_descriptive/sex_counts.csv",29,b6939ba3bbb57a4102f695e701b96d6e99108914a64cb3d7e9f50a7c0ed12510
"realdata_reference/sea_ad_descriptive/summary.json",725,2c39858da8b1624f2c01c09843a5745f257024e7e0a7522ba11fc7f526169194
"realdata_reference/snapshots/sea_ad/sea_ad_cohort_donor_metadata_2024-07-25.xlsx",45189,d18faa1c51f426bb2bf17ce431878cfacce673729c1ee185be84a51d31271146
"realdata_reference/snapshots/sea_ad/sea_ad_continuous_pseudoprogression_scores_2026-05-01.xlsx",63538,6736b3736c57bfd3e4771c8dd9af21716e2187d5e939acdc46817904bcbc08f3
"reference_demo/active_learning/batch_portfolio.pdf",21031,9ac73377cbbffa3e26f1c81e069173a50a0f55c24e20b8f6cf1f616d12918c3d
"reference_demo/active_learning/batch_portfolio.png",387476,b6f3f5db967427141f50b706d2660f38affe55586914fca854ded43603e330ef
"reference_demo/active_learning/batch_portfolio.svg",11395,d9811cd59ec4a8882d591b8a8ec0e7417c3308a0bce12008ad4f320d31d33317
"reference_demo/active_learning/batch_portfolio.tiff",1268570,cf3f47649c98a5341f4a239cefbfa833bfcb50e0d2ff5f1c05b6832911e68d3e
"reference_demo/active_learning/closed_loop_qc.json",1050,748d64f452715d30e28f4ca221ed7dd2405ca54e64d03f0a99abfc035b8bb104
"reference_demo/active_learning/experiment_bootstrap_distributions.csv",46408,6773a565ef89d45402c847951533e56726a9db9f619e7e3d4cc1956fb39d77c1
"reference_demo/active_learning/experiment_catalog.csv",6558,bb65cf54879cbad8f38433d534f6e8c07d8b3ec1ffe66dbd11f1d94391734d0d
"reference_demo/active_learning/experiment_outcome_templates.csv",3392,902bdd42b0afc59af55316a7e1a49e90f2d3cef0f97809b2b26888300332da91
"reference_demo/active_learning/experiment_priority_ranking.pdf",22083,0f3054c7af1728a43148753de07a0ea4d26d1b290bc81a684fac287e10655643
"reference_demo/active_learning/experiment_priority_ranking.png",488039,c6549b5a782929f2a4d069b77fed09c58bce3ef73d4fce7bbafb720389a63e13
"reference_demo/active_learning/experiment_priority_ranking.svg",21430,5cfa2d3caa74834e1e98e6b02aa55283e7ed1ce72500860b11fe12e66b08c7c3
"reference_demo/active_learning/experiment_priority_ranking.tiff",1081198,58569ce2aef5b1daf2da0822ec77d2742564a6bf76be8373ad641504c8f27d47
"reference_demo/active_learning/experiment_recommendations.csv",10382,d46e0d1f730e4d102b5b39efbfc1db67e1f7b6d8a50d45c1772fc42b8d68bc29
"reference_demo/active_learning/figure_manifests/batch_portfolio.json",853,e4f122cba6fef75a79bb89db23196de7814e44f7b5adf66c9eb0c7ea9ba8b8c3
"reference_demo/active_learning/figure_manifests/experiment_priority_ranking.json",925,5ff09845f3380b6a1971b55a1d4a20b26ac3c8a418dc060d8f52a1b66247c1f9
"reference_demo/active_learning/figure_manifests/hypothesis_posterior_update.json",925,2d5c4692cb499bb50b51423b96892d6b0e9164a6fdeed19b14e73de021cd66ea
"reference_demo/active_learning/figure_manifests/information_gain_by_type.json",905,bab0b09c78612561ede7976abdf1ad9c6e0b5c75836ffa563600976e39cacd87
"reference_demo/active_learning/figure_manifests/sampling_time_recommendations.json",935,aa49556e2145b3a0c530316e30db17674f81ba7e78d0630985ef70190944509c
"reference_demo/active_learning/hypothesis_posterior_history.csv",672,1ed289d03a8d8cbb687463de2800978d88fe5ef4fca1d47e4afcacf22840ebde
"reference_demo/active_learning/hypothesis_posterior_update.pdf",21211,a8cee1579ed5b69be3e5044238ba0c48135f4ec1ec5386d5423d9bfc3669f3fe
"reference_demo/active_learning/hypothesis_posterior_update.png",344486,d4deaebd61654852941df94575c4512cb1f583b56d9624987e2dcbd593bf83fe
"reference_demo/active_learning/hypothesis_posterior_update.svg",21283,cb51bdfa563e6734063438bf48d7242372dfd767418229df9ad1ebc48df6cc2b
"reference_demo/active_learning/hypothesis_posterior_update.tiff",871394,f2c0a1e4b5f6fc5260373b2c381f199812d05ae98bf8ae41533f1004fe8aa10a
"reference_demo/active_learning/hypothesis_priors.csv",503,7de3b6c5377b0a4db6ab3093de411d88303c19d29b50e107e6637de1895b8f84
"reference_demo/active_learning/information_gain_by_type.pdf",19661,ced883201f603996c602a2c53db179661df7fe0601c1dc024f7b7b2fafdf8143
"reference_demo/active_learning/information_gain_by_type.png",142492,463d7fcf6fb06abdddd3381a0163883d1c6f67123a17386760da629aa9758e24
"reference_demo/active_learning/information_gain_by_type.svg",10463,d07341affc31132a19e7ff679a520dd007881bd2afa9714aa8ca5c62c06c654f
"reference_demo/active_learning/information_gain_by_type.tiff",388900,9ab4319189bf4f8a07f2ee80953a96c30511dc91369c4edf36a0723b8e092446
"reference_demo/active_learning/round1_experiment_recommendations.csv",10382,d46e0d1f730e4d102b5b39efbfc1db67e1f7b6d8a50d45c1772fc42b8d68bc29
"reference_demo/active_learning/round1_selected_batch.csv",3541,b955e3473dbd8149ca3da7632e79d13045d66e06a87c466c99320e235d2cb0ae
"reference_demo/active_learning/round2_experiment_recommendations.csv",6641,c5fca517b9c7ae2d189af867cc79a9c7f407d77652162affe3edc39c9e8522ac
"reference_demo/active_learning/round2_selected_batch.csv",2554,d49d1c5befeb2c56226f7001dba854011b9e7b87b8766f38dac406f2214e1ef2
"reference_demo/active_learning/sampling_time_recommendations.pdf",18812,4587cd2647319e08c88db9d0ba2ea89f891b28160a83e5dec73bcf6a9a5c5106
"reference_demo/active_learning/sampling_time_recommendations.png",147578,761ebf3c07a5007806e8014454d249bf4825e7b732312694d8f9aee741b2e574
"reference_demo/active_learning/sampling_time_recommendations.svg",14457,c8e9a931578c9cd0e842918255a8a2d3b4b2e7c0189c452bc18b6cfb0032685e
"reference_demo/active_learning/sampling_time_recommendations.tiff",346092,0000c5685fe3fe8d7dcb86dc700b5d3ae6e3660d7773e167aea2e19d9de294ca
"reference_demo/active_learning/source_data/batch_portfolio__panel_a.csv",3539,09488fec60e401c1fb8bf00ad65c34a294001db484f0eb310fb746d76ea378b0
"reference_demo/active_learning/source_data/experiment_priority_ranking__panel_a.csv",10342,3eddd1297f348b0da2279d1820e348c99bfff74905c5a0981f6a10879581594a
"reference_demo/active_learning/source_data/hypothesis_posterior_update__panel_a.csv",658,f7a29d8898d13a68872e458051bd25ade20bbe81624d9493d3e5cb0edb2b2abc
"reference_demo/active_learning/source_data/information_gain_by_type__panel_a.csv",240,d1eb46776135e4074facbd1dd2fa9a5685d64dc1b15bd94f3faf63593577b366
"reference_demo/active_learning/source_data/sampling_time_recommendations__panel_a.csv",2780,7aebdcfc22525376aa756a279f4f51691e5a43038c1cb30128a4da7e11539434
"reference_demo/active_learning/synthetic_round1_observations.csv",1036,dc8a63badb8f3333177dc045678554d0750427e9e424ee7341a6720e415ff4cf
"reference_demo/baselines/all_oof_probabilities.csv",2002691,a4951e7a884bd752bd5ae6b617b7578d1f18171cd9557789631274a8d127c267
"reference_demo/baselines/donor_split_manifest.csv",645,81ee134dbebef8f01284946643d470c42a62383fc1d6017a0079691c870d9585
"reference_demo/baselines/figure_manifests/linear_baseline_benchmark.json",913,a7c33c6e6ee41900a0684342337d92627a3503834204892bbe149ed6acbcaffc
"reference_demo/baselines/linear_baseline_benchmark.pdf",19134,30e4406df4c42d97a57527f4608189c7d2b10a177f40ea784817f7c7515e23e1
"reference_demo/baselines/linear_baseline_benchmark.png",327533,c733e5632935af99ae70398e97eb7a3163a523b4d417599a5f876c34ee3422d8
"reference_demo/baselines/linear_baseline_benchmark.svg",19095,ddd8afcc0a7331ccb23dfac2dec014dd573549c8956a6adf861bac0c1dad906e
"reference_demo/baselines/linear_baseline_benchmark.tiff",896628,19e0e66a0d31db5c260df9bf8a4ece697476ffeaf1e75e9cbca1e29d03a2aa69
"reference_demo/baselines/linear_baseline_metrics.csv",1699,a878a3dd5d30f6a82d67bbbe2a15ee670b79fc3cf9f8e697be5dffd853dfe53b
"reference_demo/baselines/source_data/linear_baseline_benchmark__panel_a.csv",1971,31b30d4dee9edb2be6441b96c126936d02e6273273d1f4569b93b872c5afdc1f
"reference_demo/biomarkers/assay_manifest.csv",1096,31df2e04d57ccd0c49541e839e51e99c5966513aa7b04d1af7524c140d4d7047
"reference_demo/biomarkers/biomarker_bootstrap_distributions.csv",41718,c368e5506281d59029c7f75f08ee75616203b25a64b93c0f49c4257fcdfb08e9
"reference_demo/biomarkers/biomarker_panel_metrics.csv",386,16ab85a571c7e0a21ab7c5d0e6a3c28ba247d4c17de1cff4d0dc304fecaad2e4
"reference_demo/biomarkers/biomarker_panel_oof_predictions.csv",61776,9002bb9eaf6aa9e84298457883dea663fdc35ca93c240a8f17b41ff92074b4ce
"reference_demo/biomarkers/biomarker_panel_performance.pdf",17707,2f6a49333c1670fb87df86be0a2abdc55b32486d6cafab1c10643d035b03b5d7
"reference_demo/biomarkers/biomarker_panel_performance.png",103055,369b9af257eba2d70eea942e92a9945cc2c423976e84c8e33813b7893ccbf10d
"reference_demo/biomarkers/biomarker_panel_performance.svg",12440,c18c56bee0c573e48987b588ca3bef181741ca60e975592558fe90e821e5581d
"reference_demo/biomarkers/biomarker_panel_performance.tiff",232110,0f50f54e296c7782e98de09815777f7e466414a93da90ff446f556c9007cbcb9
"reference_demo/biomarkers/biomarker_qc.json",367,e8fe4c6c5e6fbdbf351343645aa383e2f3c890c5cd7d6d88b699889ae15f3796
"reference_demo/biomarkers/biomarker_ranking.csv",4287,e132fc285905a74677a6273c0c9e3b8aac8fdfa95295374f89051166aa636862
"reference_demo/biomarkers/biomarker_ranking.pdf",20511,27364484b9c55f110bfb40a9bf1b0ecc34727eec10634924201ef0f168b3579c
"reference_demo/biomarkers/biomarker_ranking.png",265572,1d8e03c0a9e0f5303158263bdbefbca246ee47be1041ef8d031ff87ad49429c9
"reference_demo/biomarkers/biomarker_ranking.svg",16311,47a4950b8c996e33ce8ab89529453bce73b3346463453caca05e0624e93700b7
"reference_demo/biomarkers/biomarker_ranking.tiff",898810,72b071446cdaf3748629263fb84203479b9eef15ce3b617dbcb66bc5b2df48b0
"reference_demo/biomarkers/causal_biomarker_ranking.csv",4287,e132fc285905a74677a6273c0c9e3b8aac8fdfa95295374f89051166aa636862
"reference_demo/biomarkers/causal_lead_map.pdf",24143,12a5cd2ff5ab4360dc3c5a505d9be51fafda03a880f1aefa2f4c5e8554dce98a
"reference_demo/biomarkers/causal_lead_map.png",294684,d67a6e53db70f78db5580ba172c43ce22ebe5565b23829a9006e9b991653db8e
"reference_demo/biomarkers/causal_lead_map.svg",28326,421286b761eaa5a982303b9567a162511bf88ad9b49395edeeef739ef315ee6f
"reference_demo/biomarkers/causal_lead_map.tiff",958804,dc9df0fdc4b4e9d62df756c8fb4539e187c98e220f348bcac621f4e22c591e6f
"reference_demo/biomarkers/early_warning_heatmap.pdf",24436,d4f8153490f3a6c41c8b2c673c850244448d7590e0465920a7c4500fbbe9c116
"reference_demo/biomarkers/early_warning_heatmap.png",341864,e7a0f8c5978e8246534b54e91b779e3dddbdeb2dc7598ca7dfea819609eab133
"reference_demo/biomarkers/early_warning_heatmap.svg",23211,da824d7dc4263a194f64805d161dba23dc0c57744a571813594787eb18e6de0d
"reference_demo/biomarkers/early_warning_heatmap.tiff",1702204,d030df444d21f47c75820bf37aa2151f87bbe733a19e8e8350903fb4faf332c9
"reference_demo/biomarkers/early_warning_timecourse.csv",3639,6081ad4a5753fa20c0c9e878220a339d59dd902336fbd7754ef906e859939dd4
"reference_demo/biomarkers/figure_manifests/biomarker_panel_performance.json",923,c517fa59a9a60c58b9e6e0cfdaf65c884a29bc623689c3443a5724c277efcb03
"reference_demo/biomarkers/figure_manifests/biomarker_ranking.json",865,17a15734d5031e4d358688464685b24641f77ccbe46cdd21f9774407769ca878
"reference_demo/biomarkers/figure_manifests/causal_lead_map.json",853,ca8a451ebcbc498b30b97fb4544182d7120eb774a41a6ff8e721a9b47cc0a2a4
"reference_demo/biomarkers/figure_manifests/early_warning_heatmap.json",889,e9657cbae7f82a895590ed815442d5d886aac74dfd01d6c1adc568782e47d75c
"reference_demo/biomarkers/source_data/biomarker_panel_performance__panel_a.csv",393,fa53853b383f131a7bc37d82a0035063d939e5aed6b7928a662dacf65c718ba6
"reference_demo/biomarkers/source_data/biomarker_ranking__panel_a.csv",4269,9ea7bb56c0d8c37397330f94c0216f0f03faac59846655e38aafd39dab8741ff
"reference_demo/biomarkers/source_data/causal_lead_map__panel_a.csv",4269,9578b6fcfd236b9843f1444a77ae88c2cb1b78d2e202e4f20f0a5c199434cbcb
"reference_demo/biomarkers/source_data/early_warning_heatmap__panel_a.csv",716,91b362c044c2bbbbe29301e968e04847814a9c2e4810cb25dbe89ff549dfb9ef
"reference_demo/calibration/calibration_comparison.csv",505,b90f92978731dc882eecfc5007372526e0eb2d9ace890746d31f50fd25bc8373
"reference_demo/calibration/ensemble_reliability.csv",258,9482c1e72687f3b17d31ef538e1b621d3267f43cdf8cfc1d46b358aba9d0eb00
"reference_demo/calibration/figure_manifests/reliability_diagram.json",930,bc577a4a3eb8ac43d0dbf94c27b7b2f95b0e6f96ad81db2a17993f0b7c6f9ad1
"reference_demo/calibration/reliability_diagram.pdf",20056,4b929833f2d4f153124bc0304338ca024ed93e6266d3a438185977c6607a7d8b
"reference_demo/calibration/reliability_diagram.png",192286,ef25f9a4cf73d241fb1b423f5527da980cee08afc88b6cf299eb9f096923125f
"reference_demo/calibration/reliability_diagram.svg",16215,5ba2571f4cbe76780cb7091691e4c4973199e0bbbff58ac4fa65d71c6124f1d5
"reference_demo/calibration/reliability_diagram.tiff",306078,5c3d2ebfc434379aefd4ad8088b90556e17ad51598cb6497274d6b71d8f77125
"reference_demo/calibration/selected_model_reliability.csv",234,63cd1f155c3e70069bd8a54bde5da80ceba57b671e22d75065e8e79f0c8a31c2
"reference_demo/calibration/source_data/reliability_diagram__panel_a_raw.csv",245,623ffceefa3a357cee9b4e5f10e7a352cdb004e40131bb7f20cf58f36dcfd26c
"reference_demo/calibration/source_data/reliability_diagram__panel_b_calibrated.csv",270,cf3cb516260a579863dca5037dda04862023d27517d4c8ed5821a0bf78aaafc3
"reference_demo/cards/cancer_demo_dataset_card.md",659,8ae6d107bb509b7a8b5a9a507a5b2041b0793b30d0a245487dfee5b09a72770e
"reference_demo/cards/neurobiology_demo_dataset_card.md",671,f95a5eba1dccb26f1b735518bc76d7fa68b81846cf242ae64da91896382ee763
"reference_demo/cards/platform_model_card.md",1696,fb82a15e19886583436f948934e7d214478ba36fc389477eb315e23d388d9ba8
"reference_demo/causal/causal_effects.csv",845,e85a19a2e636190be1da86a9b0be187493e867c3ebc8364cee59a9dda756b00f
"reference_demo/causal/counterfactual_predictions.csv",61493,5a9465d2557f7816f6dec46f6edb8f1a56cb83ad09d6d3fa51eefa066b8d781d
"reference_demo/causal/evidence_ladder.csv",414,36d4533e629c853160526965cbe12b0dab245ae48973b158ac4e452012bc41c2
"reference_demo/data/cancer_longitudinal.csv",2626279,685154f42d310428a9717edd370974b33b33493db545af2adcd69b157e2e61c0
"reference_demo/data/validation_report.json",270,8dab7e40085c0f5d9c5ca18202243d7cdd0c384dc0b0bd830910d4fa169882bd
"reference_demo/demo_registry.csv",3657,01600d47b5f57b8a91d9bd260ccd0949c65ae354c84737c3a7fccc0fdf5f3779
"reference_demo/experiment_config.yaml",6622,2746d15f46905df853c5a6dbad36dbba768cbf863adcc4a59aaf942c3936526a
"reference_demo/graph/causal_edges.csv",943,8fe685f562e0c7301ae58acf8947388e58da1df838bb53e7430dd2e55ade802a
"reference_demo/graph/causal_graph.pdf",13339,fe0095eb24d302cf872fcca7bcd8f763ea813b9caea30e4634b814567cd070f9
"reference_demo/graph/causal_graph.png",389815,a8e218f7624129617954d505b34ce724e8bbf1f4eca9d6eb6e23101d97fbab82
"reference_demo/graph/causal_graph.svg",21522,df3f1b14c8b3355f1c0b9b8942c9c40c11faf384a657c0f4a9972c6b7a0d3f15
"reference_demo/graph/causal_graph.tiff",1032272,586afbc464a3cece346866e50e3701ce649c5d921a9753f2f526c94948b7327d
"reference_demo/graph/causal_nodes.csv",424,b466951fdf991744b190ecbb3314aabad4e078c62fb050742a2063235d61131e
"reference_demo/graph/figure_manifests/causal_graph.json",920,4bec6840036750192bb0c0f2e16187c8ae99759e23a1d2828a98cf2ced57159e
"reference_demo/graph/source_data/causal_graph__panel_a_nodes.csv",460,1f8961d202f6d39f8204585c851512474b9c7fcd41d955eea3fa99abeb3605e3
"reference_demo/graph/source_data/causal_graph__panel_b_edges.csv",985,c108ce9ad0881de276c81b42a7b433079e3d5a9bff046db92e9416043741a2b8
"reference_demo/graph/source_data/causal_graph__panel_c_layout.csv",460,2de3ca33038b8d55b3133dbc7dd8ff2cdede9c98864a3dcc4b0a079596d03cd5
"reference_demo/model_card.md",4732,d34ca05ffc0f4b346652f5c6db713273d4a3f14aee0fe5d6f8a973a0c29114fc
"reference_demo/multimodal/causaflux_multimodal.h5mu",7100952,2327fd82f3c1d197821898ef16a54a837d468f926638a377efd8689450145a54
"reference_demo/multimodal/cross_modal_correlation.pdf",18608,2d64a201c2e2c126a41559ad83c09cb02f3b1ed3fd765c44c32c3cd5db35fd20
"reference_demo/multimodal/cross_modal_correlation.png",246304,967414178ded9de182593b05c71ddfa62271d873644dc56f12ae568f8fd3e352
"reference_demo/multimodal/cross_modal_correlation.svg",21235,1135ddb648ba9198b5290da97939ec9f9bd733ccbb7bd14e76d4defa2df983c4
"reference_demo/multimodal/cross_modal_correlation.tiff",563532,93a39a9854918e52cbac1a6da194d6cca36e5af4fb5fc741255c18498394e74a
"reference_demo/multimodal/cross_modal_summary_correlations.csv",495,dde7efb15df858bafe42e26384ccafbf3b186636f636a6efff467225bb8ef7a6
"reference_demo/multimodal/csv_bundle/atac.csv",1331542,e385d258368151fa2aefbd0e7d803aae0fc8f170a6107aa15264c5014678960c
"reference_demo/multimodal/csv_bundle/drug_response.csv",717588,74e247bb301c1eabdf1510b2cbbd5de5b70c4cced81d60c1d0ea80c77fd632cb
"reference_demo/multimodal/csv_bundle/mutation.csv",421597,9ef737b579f5d07dc5764449c713d94432db988fdc93792b41b89628d9c2cb4a
"reference_demo/multimodal/csv_bundle/obs.csv",1421765,db8302955e4c26328ed8963f27b997f40d5cbd5764357f3d5af31cb50c7eb4d8
"reference_demo/multimodal/csv_bundle/protein.csv",978738,7e08dba1a85fe9b58c031d5b084d3a6041235a0c21c2c3b788823e36065e8738
"reference_demo/multimodal/csv_bundle/rna.csv",1748688,44debfaafca68c8baef7fdc475786808e3b615490981ac757a76109ca1fbf87b
"reference_demo/multimodal/feature_manifest.csv",3431,87a93f191b7d20227b03be21aa9f9da16d3bb01cf00053dd470635f749ffddee
"reference_demo/multimodal/figure_manifests/cross_modal_correlation.json",899,952b5164846756f42a6144db80eabb3e492ba01a5d15ca12a9fe5d63675222ba
"reference_demo/multimodal/figure_manifests/modality_ablation.json",865,6520f62fda598375266319ec337428044c871919f69af0bf9a0f8debc3a7bdfa
"reference_demo/multimodal/integrated_feature_table.csv",5161008,eddd6ae6811b557ad9a192a2c326be812266491f6d4c821a086b093fa65e0f7d
"reference_demo/multimodal/modality_ablation.pdf",19953,edde6ab69b2aec4fe004dd2d903728706b9bdf25216a6cf009826f5f6c7dbb93
"reference_demo/multimodal/modality_ablation.png",174142,118cccba3663ad9a9c1585843bd7ebccb0a4224f916534e9686878c009f40a5e
"reference_demo/multimodal/modality_ablation.svg",13398,c2a354a5c3e938ec7bc6c3132fedcdc048b940c37286b791460c7776474412bb
"reference_demo/multimodal/modality_ablation.tiff",773090,ac318aa347c26a529da996f1311b25d85056b74b1e7f0d4be672f48d7fd5ea2d
"reference_demo/multimodal/modality_ablation_metrics.csv",622,7fa6b86f6279edc08813a97e46adf4263d00b492dd3e3c09927174770820073e
"reference_demo/multimodal/modality_contributions.csv",727,4c0c2ef858d2871c7cad82ac89c53509132a6aefb503b5f2979587c97be2c951
"reference_demo/multimodal/modality_inventory.csv",398,2573694b129e079212851efbd75902601c93fd46a464c1a5d0639337ea6a7a95
"reference_demo/multimodal/source_data/cross_modal_correlation__panel_a.csv",495,1fceaae91b7b8ac68f7769e917e60e137bfecb07b0c71d4e35ce5b45533155ea
"reference_demo/multimodal/source_data/modality_ablation__panel_a.csv",618,f22116479c71d46799bc72a9162cb62643b80747a934b22d86ab879b1445c9cc
"reference_demo/multimodal/validation_report.json",1050,b9139d40eb72ade2a471dcf35bc556119e81e17b53fc0346cf55699509107bb8
"reference_demo/neurobiology/apoe_neural_risk.pdf",20007,68dfc281cb710e2f7cc0e3009f6a6aae043356892833128453041d4fd40c2e67
"reference_demo/neurobiology/apoe_neural_risk.png",112365,c52c4471f947c810642071857900ada23367b8f880c44c3886638535d317116b
"reference_demo/neurobiology/apoe_neural_risk.svg",14093,65ec1774bcf66da5eaff5cb143ee4cc2e9ca7512263c8cc8661fdece9b4870e8
"reference_demo/neurobiology/apoe_neural_risk.tiff",244394,00da5431a948471077bd92bea49eb48c5273816985496c0ec6110469586c3e43
"reference_demo/neurobiology/apoe_stratified_risk.csv",3523,94d5c4584d54215cfcf882e35471e6f551ac5c6525329d406de2f3d1f1338799
"reference_demo/neurobiology/cell_type_driver_scores.csv",686,ecc1ad6fa0123a58dc32df7805a31f7ebb70a0aa20c1ecd43b0a7871228bf4c7
"reference_demo/neurobiology/cell_type_drivers.pdf",19216,d697df896fbaa34106a5ff8f4c024794f13da1b5dc1aee77ef049e9ea5952a1a
"reference_demo/neurobiology/cell_type_drivers.png",148913,08a103dd07c43bb38cb33d89b2b8425287061830964e1d901c775767d7497172
"reference_demo/neurobiology/cell_type_drivers.svg",11054,24d6856d4864fef755beaecc61b04690fdb553280dee27ebdb0174d8826f431b
"reference_demo/neurobiology/cell_type_drivers.tiff",316798,deed8b50344741f3f0dd90108e44d4bf9e33e3698821d955d358ae548ca8310f
"reference_demo/neurobiology/degeneration_risk_predictions.csv",209084,7f764670866494bc986d6a42842851db122d37533d5e897410ef21a22418f91a
"reference_demo/neurobiology/figure_manifests/apoe_neural_risk.json",857,1e3e182b8daa18ceb9de3dd2a0e4003c76ab2b929ea8cd775ace2131fbb95bd7
"reference_demo/neurobiology/figure_manifests/cell_type_drivers.json",863,7e2d3d4aaa4304fcd5dda365aeadff1be8c78f59d3158a461d5ce8e1239598cb
"reference_demo/neurobiology/figure_manifests/imaging_ephys_alignment.json",901,d4fd839c403545c83315444c77a8525891133be37b8a29a1f19d81293af7b8f7
"reference_demo/neurobiology/figure_manifests/neural_glial_trajectories.json",913,d50f5a14b72e398a148192027459cee103487e4d3399cea92c30007036fd087d
"reference_demo/neurobiology/figure_manifests/neural_glial_transition_matrix.json",943,b9b308358510b5ffa7d24836b396a3420de2001928e56ac18cbd0acbb0e006c0
"reference_demo/neurobiology/imaging_ephys_alignment.csv",2157,a0aff2c356c6599fc01db2c799c81cbf98a8f85cf4fa21079a2af60c94be2870
"reference_demo/neurobiology/imaging_ephys_alignment.pdf",19331,c06c64025f1e8c94ca2a1bccef6e7f01c1856b781522dd4c61ac73dd4caea712
"reference_demo/neurobiology/imaging_ephys_alignment.png",476672,9bab3815265de93e2e34d44feb5a46a4c747b0d749cbe89d5ca42b5bc374ee23
"reference_demo/neurobiology/imaging_ephys_alignment.svg",19462,98b75551ba936643b9d000d97ce6c303a20b53eae8bd63e0c8cb75f0eaf2e7d5
"reference_demo/neurobiology/imaging_ephys_alignment.tiff",1143630,3d7bb90404f3b6a8ae438f045892b4dcdd5aa0074042b9cdb192058f13fe0c78
"reference_demo/neurobiology/neural_glial_observations.csv",1156459,8d3f3e80116ce1e5b405d77defa23272afa73c32e76ab8f9db1c7dd6a53a4953
"reference_demo/neurobiology/neural_glial_state_probabilities.csv",639696,bbb7741cc1755f0e3a039a24547f55b5ef767dfd6d28f2a2055d7b6235171729
"reference_demo/neurobiology/neural_glial_trajectories.pdf",20792,70f88e0ee585f2f0bc45a34aeef0e014a8198a1e8f33d5f3fb5887667f7286f2
"reference_demo/neurobiology/neural_glial_trajectories.png",344116,5abad3582ac5d3144d4da94d59936894030325b7ffe62ae94cffb64b8d3a844c
"reference_demo/neurobiology/neural_glial_trajectories.svg",19659,088dbab6ffa620e51fd3e39fed6e533d47d47a9b60bf57efef6bfe3da8c137c9
"reference_demo/neurobiology/neural_glial_trajectories.tiff",852796,b48e51ede5bde93e1074bb69706a399675e946405216159e98ebbbd187e94973
"reference_demo/neurobiology/neural_glial_trajectory_summary.csv",5459,3e0daf888a9f1129e2ba91d60254291f025b26c52000268833ee10178ad25813
"reference_demo/neurobiology/neural_glial_transition_intervals.csv",2748,7e79eff11e96193333dd14e5cb37ec5dfbbba36be7eba5280d86edbbc0ee36bb
"reference_demo/neurobiology/neural_glial_transition_matrix.csv",675,140c15b42792b0bf2f6cb28094233c3b954a1344e2dbdab00207611a0c97bcf0
"reference_demo/neurobiology/neural_glial_transition_matrix.pdf",20847,02d733d887cbef2f02f0b5d8ff0165e4f2df293b6f73638984172fd600de09e8
"reference_demo/neurobiology/neural_glial_transition_matrix.png",503571,5a0def4d415085bda74a248140b0ac02c5423557085c86cdefeea86ee604cb52
"reference_demo/neurobiology/neural_glial_transition_matrix.svg",25322,796d0aeca1392e766daf7a7dac75b3a9d6a8578cd4446b335f07d0f136b90fc5
"reference_demo/neurobiology/neural_glial_transition_matrix.tiff",1763544,dac937acf6ba41aedc2ed76a8bcbaf28fca04a80fb6707c4ab210420208a8325
"reference_demo/neurobiology/neuro_modality_inventory.csv",270,b2793afa25d238dcdbd69ae1da0a00bcf1168559633887c03c4a4dece9966610
"reference_demo/neurobiology/neuro_model_metrics.csv",1082,c592157d7d4bb8c20f7b2618c4e087262b93a5b23cc282baffbf6aa77e5172ad
"reference_demo/neurobiology/neurobiology_qc.json",569,0e0433d73b314509842020f41bbaaef20bf7f199015616f5f3e9ab2a92b20c22
"reference_demo/neurobiology/source_data/apoe_neural_risk__panel_a.csv",252,031e9465766876c8d6d6ba0ec8c29a3f8c305b9d7a3ff65d123291094611db4e
"reference_demo/neurobiology/source_data/cell_type_drivers__panel_a.csv",697,08a37d95965e65440561962cac7d4b3f397572cfb29beb6313687886c34556a9
"reference_demo/neurobiology/source_data/imaging_ephys_alignment__panel_a.csv",2024,e8e266cdf3737eb309f8605ed8bd1d89329eb83086bd3b134f8d544e6baa4da2
"reference_demo/neurobiology/source_data/neural_glial_trajectories__panel_a.csv",5330,88d76a54528fad4807460aa9be06df08229c31039a3f1e91b862cb911795f6ba
"reference_demo/neurobiology/source_data/neural_glial_transition_matrix__panel_a.csv",677,13cc88be11d8bbe5548188e62b63257b794930c35607f03db769c816137b0643
"reference_demo/provenance/artifact_manifest.csv",36886,fc387d95edfb21c07802121b247df0ca82f32d2c0bfaa0f237e8fa4f6cb3e412
"reference_demo/provenance/environment.json",733,05c5aecefe90fa2425c351ba439f7488076bb34d2865cecf2e23534a3076e7ad
"reference_demo/provenance/platform_validation.csv",2794,2924982ec67827d591d9ce8dca0eecff366e861625920a98122789621aed05a7
"reference_demo/provenance/platform_validation.json",4961,a93620300cc17d2365bb512995c236dc4482c10663004f5ff6c3064f38e4a486
"reference_demo/provenance/provenance_summary.json",565,0fe00079b85f5783763efd1e7c039e7e7bcc29f160c41192b1edf924d4a71fbf
"reference_demo/publication_graphics/figure_inventory.csv",13440,bafbbec74307d33a7c59c1ad44e558b609312f250d86cc1e152ed24c05b36d50
"reference_demo/publication_graphics/publication_graphics_qc.json",814,4ddf9facd9206d417d3c22a97c318f0e188a74080e4ea8bbc4d8151a98f5203f
"reference_demo/publication_graphics/visual_regression_baselines.csv",6582,bf1a9d89ddb18359fe881fb02d245bcb807bfdcaefdf547afa6947491278b582
"reference_demo/report/index.html",149544,19d7db9c2dfa655646dcece7c20ed3616aed2660ffb17acf41a140e262043fe7
"reference_demo/report/neurobiology.html",5679,2f6430a94a00db4778ae1cf9ace7094ed600593f6d6633be042f567b3b6a726e
"reference_demo/report/platform.html",7937,f16d1cbf146997e41d1c666662e0648026a5019a01d1a95dd6072ccebd7251b4
"reference_demo/run_manifest.json",2293,5223314a678984565cb7dec6f1e45e0d27ae6ece3aa458bd424ea69fe25d50f1
"reference_demo/spatial_graph/communication_circuit_summary.csv",3013,616ba88123786155982c7495942b8bb9d588bd505db03bb24de713f1ff888f3e
"reference_demo/spatial_graph/communication_circuits.pdf",22060,8cd79be00fdaedf889301e5573deb60acf0f1046c14bea6b477659440ab361ef
"reference_demo/spatial_graph/communication_circuits.png",345476,52316f9adeaea6cfbede9f5cb017b044be9a75230cbc145d9239cb19206efe35
"reference_demo/spatial_graph/communication_circuits.svg",19480,85ca5a445954679a796c801518e89fd7cefbd16401aa68f3a25a6de4e41fb0e0
"reference_demo/spatial_graph/communication_circuits.tiff",942978,37deb2391572d80b20f15c3d0a4f0b49540164c66d110c560c099d030d8a4021
"reference_demo/spatial_graph/communication_edges.csv",6229646,a680fc226c84dc41f8940f5a0fa884dbcda79631bc68f6820c6beb16a8d11061
"reference_demo/spatial_graph/contact_enrichment.csv",2242,fcff74fa60cf07dbe4965c928e9c96a63e37501cef421d098b84cd7ce52ed2c3
"reference_demo/spatial_graph/contact_enrichment_heatmap.pdf",20396,299080f39fceca757696c8ab38a96aa41808c77c56b1c83675b088ba2c2327b8
"reference_demo/spatial_graph/contact_enrichment_heatmap.png",276060,c3c44bb9668dd4ccfbcf294d2e70a187593a6523ddaf0f731bb716eadaa803cf
"reference_demo/spatial_graph/contact_enrichment_heatmap.svg",23755,154a7db0701cc1485517fc73330ef2676deeace6476b94b61eb2f6b571164165
"reference_demo/spatial_graph/contact_enrichment_heatmap.tiff",640414,cf44f057cd1f28d43d4722bc85ebe4680afb5e0af3ce4c4c5fbafc07f1a4a6b6
"reference_demo/spatial_graph/figure_manifests/communication_circuits.json",895,4fb6206e120694d169654d8300e46f0159e08d0967fe47b0f5ab39d2469f942a
"reference_demo/spatial_graph/figure_manifests/contact_enrichment_heatmap.json",917,40347237d5f1240cf876bfefccdd3be331efb100de80d067541a3a7242cb3bc0
"reference_demo/spatial_graph/figure_manifests/heterograph_summary.json",929,081d88db9ddb83003bdde00d0f10f7da6bc09bd76dd1a15329f5350c0b72aa11
"reference_demo/spatial_graph/figure_manifests/spatial_atlas.json",900,f87841bee00a87d2ed260fce92cae268dc00fcd947fe71a0d38ef76876038614
"reference_demo/spatial_graph/figure_manifests/spatial_niche_composition.json",966,e8bb022e19cb7c557dccfa1f82c17635d561e272f1c39a6caf6f5c703534e5b6
"reference_demo/spatial_graph/graph_nodes.csv",3313437,954c1792f6ac2782113b2893e9bfce3de62b2d15308c3a909bbdbfe99520106e
"reference_demo/spatial_graph/heterograph_summary.pdf",11755,2f861b12eb2bb7a4b4c7a52883994eb79375dab5aa81aa9436da3c88af346022
"reference_demo/spatial_graph/heterograph_summary.png",285414,142d0c8425cbe29af0510137efa6c80d795adeabe1a51d78f2918a0a61e42c6f
"reference_demo/spatial_graph/heterograph_summary.svg",12579,d82dde59a11b3713b90da06f054ca76ae5ba29feeb219acf38bc7658c0ded271
"reference_demo/spatial_graph/heterograph_summary.tiff",627474,e527f36971386eed305342f1f402872464b677c8246ad348a324b229256f0185
"reference_demo/spatial_graph/ligand_receptor_catalog.csv",1332,898bd674c2df8f076150276ff8efdfa3068580a1746bf6ca3c7e5403e2d33e3c
"reference_demo/spatial_graph/pyg_metadata.json",4194,2d48c11b1da0d994cc2cdddd8f74028149abacc2ad811acc76d8b186ea11cb83
"reference_demo/spatial_graph/source_data/communication_circuits__panel_a.csv",2820,9a50e7452ee568ade567fe98c4e19755d896d93c58fa86a8a873313269364598
"reference_demo/spatial_graph/source_data/contact_enrichment_heatmap__panel_a.csv",809,3eae1070988c8d79387a77b618a81c653e5a194ae7c71baf972770a15fb3ea41
"reference_demo/spatial_graph/source_data/heterograph_summary__panel_a_nodes.csv",315,8e73693417632097f057bb317337a3da22197cee2e8799c879c75724fdc99f13
"reference_demo/spatial_graph/source_data/heterograph_summary__panel_b_edges.csv",477,0b10ac7c2373ac652132b887b56a06d4d0428f9c6a2962aea9430b1b7b42f9b4
"reference_demo/spatial_graph/source_data/spatial_atlas__panel_a.csv",30491,f9ea9a8ac6dd3029eadf4d584970abc20b6f08bc1be15e4847a1387b74d3a826
"reference_demo/spatial_graph/source_data/spatial_niche_composition__panel_a.csv",3458,a1ab2c192c588afb26dcd3b7635e63a67c4af48150c1cbda98fe2fb85bae8b6c
"reference_demo/spatial_graph/source_data/spatial_niche_composition__panel_b_matrix.csv",738,ca2e0e1f29d448d3e5334c2f0f0235c4d3796d0fda05281fe9185313d3c95391
"reference_demo/spatial_graph/spatial_atlas.pdf",24004,b3399614d329d5066da5d796dac0582f31a8a775f966cff88afae5b72d2b1435
"reference_demo/spatial_graph/spatial_atlas.png",270793,ffb2acffca2ee032a14d1a587c63333f6bdaf9dd2c0882d880935bc5efd1da55
"reference_demo/spatial_graph/spatial_atlas.svg",26460,8ddf1f46a34f7a42b38fdb1dc94d358d5f43b598bd6f5a248188d5b1ba759065
"reference_demo/spatial_graph/spatial_atlas.tiff",631508,772be25e9d8e6008ac002a2e477ea467c4d6b41ef75a1108ab1c635f00e22270
"reference_demo/spatial_graph/spatial_edges.csv",5836138,bf0120f331a2ac203c5e876b5644f6d853d35f70cc8a187f052ebb540998d11a
"reference_demo/spatial_graph/spatial_graph_qc.json",533,ee01c56a1c60f58cd2001512b3c49a85c8c4f0497fd44666d777ac2895bba25a
"reference_demo/spatial_graph/spatial_heterograph.graphml",36352917,72e2bbb0df2c5eb3cfae6e5041d4756ce31dab2f68daa029f033c86444e4a64b
"reference_demo/spatial_graph/spatial_niche_composition.pdf",19454,e4f7edaeee7de871ae6fdbe00171da6be84001ab0a9c2533b7b31bc2c678bfde
"reference_demo/spatial_graph/spatial_niche_composition.png",307836,1f4d552a8311f85ac5e4d464bb313c2d21283ddcbff547e2d839363d5cea252d
"reference_demo/spatial_graph/spatial_niche_composition.svg",17803,0f28f28cb86232801a1a236f0ac5d6ff3752a266d38c36e6d74a31e83dbf5305
"reference_demo/spatial_graph/spatial_niche_composition.tiff",1113672,d5f2f79bc4aebf2fdf3d6db84837dbb6e8d05e8f1c4a2de170cf3765f15a2f49
"reference_demo/spatial_graph/spatial_niche_summary.csv",3418,6674aa0cf5db738b1999e4b175ba1914e98ac717b34617fa45e67cbf44f7ba77
"reference_demo/stage_status.json",75,5e830ca6ea0b65b0924282f1d0ce69e1cae570ededa85e8e1408f75a4caca4c4
"reference_demo/states/state_metrics.json",655,65af661a6f514747f9fee1a94c5572d9b0eda1981e5961e42cc352a04bb87bbe
"reference_demo/states/state_probabilities.csv",179622,f57f9cf7b6363ce9e560c69a029b3a9476769009c299c9c8880298a2b9ba5554
"reference_demo/therapeutics/all_regimen_predictions.csv",120331,8cd27d93ad79235f97edad36e92348fb1977706432ff544fcc27af998ea9b1ac
"reference_demo/therapeutics/benefit_toxicity_pareto.pdf",37616,5c1dd5342d5bfd56965d212345c65f973a6f6edae195a33582d03ca6ecff8a25
"reference_demo/therapeutics/benefit_toxicity_pareto.png",383780,4df35a964a6e911c2c003377b6afb4c3a1c99ab1e5f8ae1a6967db15e0cd6922
"reference_demo/therapeutics/benefit_toxicity_pareto.svg",96868,4acd74cbaf04fe1a00ccd6e216ea51dad829003a8b01de2da00a8034abb8803e
"reference_demo/therapeutics/benefit_toxicity_pareto.tiff",835062,6bae0dcf2695d303704226beef3284d9e4cec812ae02dbbe369e9fb5dc411bf9
"reference_demo/therapeutics/combination_predictions.csv",45364,9bfb4ae47af42423e1e83fe9be3d3fda72841a2f2ebf6d72145b8ede643baceb
"reference_demo/therapeutics/counterfactual_waterfall.pdf",19663,a1b1dd6a6b472aa3c669e44e3155ce090cef2e405c1defe60760b44d89adf1fa
"reference_demo/therapeutics/counterfactual_waterfall.png",310095,f4347f1522602113bb77f286c1f2a6d7f3c0e874b41ba50b05e8c6cc1388a9cf
"reference_demo/therapeutics/counterfactual_waterfall.svg",21838,38d285ca4b20560b4d2db58ccc1bde79894a8d7b7f184a8765f11d1ad795bc71
"reference_demo/therapeutics/counterfactual_waterfall.tiff",776284,f51cbd08be145775bcb6ee3d2dffba6cc4520f416bd2ed6d85b56ce301fa1655
"reference_demo/therapeutics/donor_bootstrap_intervals.csv",30473,6b13726c97e501fc0746b958d47fc65720a08255755356386e1a491d81e98124
"reference_demo/therapeutics/drug_predictions.csv",5690,d9ece0f2e61845c2a4e177d0655358a5a6a7b149b65dad8ed970ba0cec1c8371
"reference_demo/therapeutics/figure_manifests/benefit_toxicity_pareto.json",952,2b528e870cdc6c08b103500fbb2eece533a6d47c62d9b68480d0d66e25b291cf
"reference_demo/therapeutics/figure_manifests/counterfactual_waterfall.json",907,4180ee81dd9339dad4a74f8f32d67e4f89d665a752b508b68fba43e480e08707
"reference_demo/therapeutics/figure_manifests/sequence_comparison.json",877,a470f88ab5fbdf5c031c7e74aede0c20b22a8472cac7c83cb0f3e4f8d56e6e67
"reference_demo/therapeutics/figure_manifests/therapeutic_ranking.json",877,d9e83c79367ec79ebd5c542dacfc355a1e1f96782acfdfeabe94615854eca0c9
"reference_demo/therapeutics/figure_manifests/timing_heatmap.json",847,244c3b645912758f6951f9499787af50233aa93bdc6049d5bfeda2eac5091290
"reference_demo/therapeutics/gene_predictions.csv",4650,089717349c9c1719a1fdaa70581f1a5b91d226d3a16161aa05e9ff3ef277c82c
"reference_demo/therapeutics/intervention_catalog.csv",2747,1aea9c57869481ec54205cdf22869d1cd25e0cd3a55ab9baa20c41bc5adb03a2
"reference_demo/therapeutics/mechanistic_state_changes.csv",119328,37f8d5f55a573e10d9acc35c967ccb1c0dbaf8d91815f064ec44118dd6f2e0eb
"reference_demo/therapeutics/regimen_catalog.csv",56613,9c7e1f0567e7ca14708246640fea9edebbf311544403b846e442e13f67674b0d
"reference_demo/therapeutics/sequence_comparison.pdf",20851,f9b56deff13144a38c9e2193e83b2a6f74e01c4dbf637260b716a6495c9ad33a
"reference_demo/therapeutics/sequence_comparison.png",656228,517d9648ffffc17897676f5da5c2aa6030fcf1b39a55c0ea164dd38a0a126b93
"reference_demo/therapeutics/sequence_comparison.svg",23728,bfa2c00afa14ec060e569d6326cd914949388c634af8f297c0ef0c32dd1cf545
"reference_demo/therapeutics/sequence_comparison.tiff",1359248,848e1ea3ece0646e08e8d6fb76a625ec9505cc1555767a9463435328c387fac6
"reference_demo/therapeutics/sequence_predictions.csv",26215,ec09934503e08a1372ea4092a83a60a25a8358faf57a25c3a82db3d60c729542
"reference_demo/therapeutics/source_data/benefit_toxicity_pareto__panel_a.csv",123109,e65e10122d3bee1f5839adef354d8ba9c8f3d7d82ba6dc8f34b0bbafd2d3bbd0
"reference_demo/therapeutics/source_data/benefit_toxicity_pareto__panel_b_pareto.csv",13397,0bb73997652040d5569f251fde63f902eb4bd93bfa725e4c1b86b3639beb7fe5
"reference_demo/therapeutics/source_data/counterfactual_waterfall__panel_a.csv",12625,2f78f8703e60e0c2c7b1b750f8f78662821b6d912d637a0e227db54be8baef10
"reference_demo/therapeutics/source_data/sequence_comparison__panel_a.csv",20670,b91f9ac7343bbdea6e548293c4c9bf4e23389d8b2e49e8fdface32ed2b3d3807
"reference_demo/therapeutics/source_data/therapeutic_ranking__panel_a.csv",16390,d38038fad6eadde1d792445bd77b97bb7758bcb6426d89484fc593443d1262a3
"reference_demo/therapeutics/source_data/timing_heatmap__panel_a.csv",596,6335f3514fce968403d1823326a05c7e1388a1f240700bb3831f60bfa0cff79a
"reference_demo/therapeutics/therapeutic_donor_split_manifest.csv",184,3b1a8b1233e0f09bcb37b671f648416ee3b2907c947b8e1f4679f83c8d4e16fd
"reference_demo/therapeutics/therapeutic_model_card.md",1578,5320867c3e15b8b4f0626a989ca75f8e97ffede1ba8b8ed58ec45c46591b0915
"reference_demo/therapeutics/therapeutic_model_metrics.json",276,5bfcfbcf2cc32630681a1c952c6dd984d1cb8289de5aeb1ea30ee37a24f44373
"reference_demo/therapeutics/therapeutic_qc.json",603,f80b7a069c0d9fad82bd4e14e2560be7de25a8aefeed0c2e9293adccba64c9c5
"reference_demo/therapeutics/therapeutic_ranking.pdf",21951,f3be8eb294366605bf86c4b8c92723ad1db8eb349a4085dc1e2cf4bf2a1cb141
"reference_demo/therapeutics/therapeutic_ranking.png",509694,b028e8017b241d785ea866a167376c30f48b0721c98913c9c3243c654b49ca61
"reference_demo/therapeutics/therapeutic_ranking.svg",23668,ebd7275e5053e65fa0d9e630df8bbd4b786b0595e03ed5b45311684650985561
"reference_demo/therapeutics/therapeutic_ranking.tiff",1113328,930c906324973f44189f60f9e9d601950326a39eb36f41d396eeac1e24a488da
"reference_demo/therapeutics/timing_heatmap.pdf",22475,4a6a8d941a2b9b89207671ea270564da31dc5a7b4f774baf868adc6661a8377a
"reference_demo/therapeutics/timing_heatmap.png",332369,75a0b1439531cc6704f4cd1bba7dd55d097e45f5ece8a024a2269e1289bdefb0
"reference_demo/therapeutics/timing_heatmap.svg",18096,344587c7e7c4051c3466c799d6ea0deea5bdd8ec32ceef2ccd3753cb7bf4a766
"reference_demo/therapeutics/timing_heatmap.tiff",1112606,cb4ab11c5ae5a723ef6318730fe1e4fec1e007b08d4c751fa0adb4633e321a1b
"reference_demo/therapeutics/timing_predictions.csv",42628,14b70f9f24156cd3cb8ec1fc3d7e2c5a7a8b84fc9bc59566d3cc183dfcf38b85
"reference_demo/therapeutics/top_therapeutic_recommendations.csv",21338,e29e4033507b64fcd530fe91f8c931da5f140507b8ee44dbc44df6ad0d575899
"reference_demo/transitions/figure_manifests/transition_heatmap.json",869,defae140d1c3dfd6a87f5e66871450fe14938c39d0dffc4b9ea6b12ea336a653
"reference_demo/transitions/next_state_predictions.csv",114041,fd22b5f9f00e22add67b0a1afc1d07c9d03bb6904a2af2eedb3bb4d16428bde0
"reference_demo/transitions/source_data/transition_heatmap__panel_a.csv",427,3a15ea7daa961c694bc7a83664612f734aa3fe03865512c657db79c4bf0ed2b4
"reference_demo/transitions/transition_bootstrap_intervals.csv",1946,60738712d636eda9e7d5a9f4f53d6d26a0736c2681c97d5ccdac2263ba27393d
"reference_demo/transitions/transition_heatmap.pdf",18213,8b8307b32cb34786a13fabcb7dd8f8c585f12ff83e27955c768a1ce5057bde5f
"reference_demo/transitions/transition_heatmap.png",255687,904bee2164ef116235924553846bc4d34cd85022ab7dae9c7e55c88d3ec077c3
"reference_demo/transitions/transition_heatmap.svg",16347,a18ef6c31f2ee01ffa2bc6bf0fbcb45a6c7d62657e0fdd6dda640d1b9fba49a4
"reference_demo/transitions/transition_heatmap.tiff",489800,909e5dcb22bf57b5454d2de1d3ec6ad4d6efd7aee6bfd62e0ffaf44916957561
"reference_demo/transitions/transition_matrix.csv",427,a16e67c0fdb4f4771434e8fe0c7ae80b58bb4fe1b34a7f216fb177648ce33b4f
"reference_demo/uncertainty/donor_bootstrap_state_probabilities.csv",378019,7754683f0dbbb4a2e74b8a1c1914b1f5308d29739e14abfd16b85fc622ba4c37
"reference_demo/uncertainty/ensemble_uncertainty.csv",542655,03ad41395f4612124ede34bf6c70efd228d3bd5d44aabcfb7ffca2a4cfe0d043
"reference_demo/uncertainty/metric_bootstrap_intervals.csv",6616,c917ff85bc91d30c1bfaa441b2fc3ebb4ea47c1d891d51c59fad2a295cf089ad
"requirements.txt",197,ec29b9caa5d4d1aaca3807c702b4004b6bd1109f292b20d85fd0392bd61bfbc0
"run.command",58,6bb4bd19ee1f427c8902dea095e34e64dba5f622f0d815cd54ce914f43a3973b
"run.sh",837,11bc4da413af60c3033c29ad41d8a4f3ef26dfe84f6f429a9fcf18885ff41e5e
"run_demo.command",108,e5d0950d0cd802bfc3f0bcd518e6c7daac3dbd08e1c5512391067781fce8473d
"run_dynamic.sh",661,f7c263c77bdbfa489c4375df0135dacdba43ea5be0a11b84698c1ed23dbc3d45
"run_dynamic_benchmark.sh",919,0a4e5333862f2f8bf86b88a01809631325306e0fbab8c84ba5b493011ad01604
"run_foundation_pretraining.sh",434,6f8b1eb3373034fc934f40eae1ebad1a385e40523925a92009d2856d81595e52
"run_intervention_generalization.sh",960,b7883d1a03dfc055818b6286516181807b40b00c052218160223f1d337488527
"run_multimodal_dynamic.sh",995,29a95afbf0e6359a3792a37418c26394c6b1bf1fb4f5ee1c7b12e885050a3f7a
"run_prospective_loop.sh",578,a00a4b93eb4808f1880a0abb0260ef3279018825838bd7a42ce5f3a1a21f935b
"run_realdata.sh",598,8a355c589431e2d998114c41271bbd8220be638fde109c3a9a1ec1096d5177ca
"run_spatiotemporal_tissue.sh",753,6d7ee8b87f1d5b37ed9e44ee83be4a7bcf1c5119d7605b29d53d44647ef42792
"run_synthetic_smoke.sh",1453,f4e8d238190f199d8d9b47165e8d764dfa907475dabe4592a34c9200c7115092
"run_validation.sh",602,780c84b685fde1f982edb5044401aa7693442fc9084a49411c1078767c775db4
"scripts/diagnose_mac.sh",891,4970fbe213f4df78b4a6d9ae46ab510a8e5e1c939ab0de0415ee4cd64d8fc651
"scripts/publication_build.sh",491,f9a72e7df0a3da0d233e4d42ea37d5d415d1b8195ffc2ba29005fcf0431ec156
"scripts/release_check.sh",2240,b83bc1092372b74c80d74b9ca34dab42068589981ce8ba0ea6f4b0bb3ce78a1a
"scripts/run_app.sh",392,7b195ded8c994435c01d4052a3af6afcf51f60bc7cb984cb2045440a05ba865a
"scripts/run_biological_validation.sh",407,c6f5be5f97217c25f56fc593a975db4863042aac698fe681b71c3d2e8a75e09b
"scripts/run_demo.sh",147,167309bed37397e5aa8c36ff89cf0e96254dc076f40f42d14977342dd2c2b801
"scripts/run_realdata_benchmarks.sh",369,8d922d5333944c3e16a7fd21102826dbe5c4451b20687411318798adbcee4a87
"scripts/run_staged.sh",1438,6683b88586f7949121d314aff7d963cbaad6bcf2ac3779561c6242340ee59477
"scripts/setup_mac.sh",4668,70b550d09be0dcbbe9bc60b309083114ff45ceb5b4ddead447c22166a9f53d72
"scripts/stage_active_learning.py",585,f521d5970a8e7f39f6ae7972233dbc2e706aee32b9b53a575fa93b9a5901b6f3
"scripts/stage_baseline.py",554,877784678ee9c7ad2d3acd7eb992113cea02b7edbe16c6355b6d374c1cc3197d
"scripts/stage_biomarkers.py",566,4b3558aa0cf17b8f71f773aff8ab5459125b5d19dac2e8149a48898a7c427af8
"scripts/stage_causal_effects.py",517,7489ffac6c9575cc7085fab6e55243e2d912145044760ebbd85f06a5c3fc9f49
"scripts/stage_finalize.py",515,028cd7ae1ef800be1277e5bc38e5f2c59ee83ccc3becdcc15bfde92cdf4745a4
"scripts/stage_neurobiology.py",512,776912c4ed7a68df8bdabdf66a87ab4b97bb93a93028f194f10ca6ed66e7aa3b
"scripts/stage_platform.py",705,27f35ad7de07e18d404c3f105dca54018e1a006a55e6ae49ccf86ad8c5e15f7c
"scripts/stage_publication_graphics.py",1625,b60bd19f49616227bb9bac5055af613f1e3425669cf57a866c6454932c010351
"scripts/stage_spatial_causal.py",587,719a7c93a84af01b1ac1d74979f9b43082d970c455ee2d43a392793e9c765eb7
"scripts/stage_therapeutics.py",537,6ac9870f8035f14a4e0d8f30b9371f1affe981f72eb3f7ab2b87d1ecdccb74b9
"scripts/verify_biological_validation.py",549,c8efc1221ac0ec98a9d2535f8f63068bbf2589a275841594cd548e3707d7596b
"scripts/verify_dynamic_benchmark.py",1746,3b2bc76789095fe552694ef6fa8b334be4ec4659e8bcfe5fdf904fb86f0c5269
"scripts/verify_foundation_pretraining.py",440,d4d23355d5df24e0b81d49277c56038eb2d43eb1c41fd8299482957eb7ab80e7
"scripts/verify_intervention_generalization.py",355,c9b31385b05500622ca37bf82db9e8a535c2f3d4ee9e2f4ff1479bbad91aa57b
"scripts/verify_multimodal_dynamic.py",2909,9a3b24e925666da4b29e47a3f10a0b2809b4f697a255e6e71541e32377cb67c0
"scripts/verify_prospective_loop.py",493,7c643fdb02954579a425c0e87db6477a6cbfe5e507e61e09b9cb4a5a37e40e12
"scripts/verify_publication_graphics.py",571,d089ac71cd1109384edef62ba1ebb2dc8e9ac596c1d8f14eaf6e423acfaf754b
"scripts/verify_realdata_release.py",3647,488e90ffc6ba25c51b64027db6e386c50f7201231d9ee4f226416dc7e4830e98
"scripts/verify_release.py",23885,42ae69d0ec658e262a0b82a606f66752f38bfb28b5d308980c57edd64bf7ade3
"scripts/verify_spatiotemporal_tissue.py",331,4e169dee994f0dfcda5fea13f818959bc2fa86d4e21f28b40efcb05879a598cf
"spatiotemporal_tissue_reference/DATASET_CARD.md",283,f38265f44bed9a316b8b05b15a38582707342ea4e3ee3e87f1fb40cfc6fe0eab
"spatiotemporal_tissue_reference/MODEL_CARD.md",371,f9da15a0c2d217a669099a6d181e3ced9d921ccb91246f8a4fb2628381fb4a89
"spatiotemporal_tissue_reference/adapters/nicheformer_adapter.json",717,468400a6fad6f04a173c6e26940a3bdd613828a6fd69bdeef18e3d7d0cfaf267
"spatiotemporal_tissue_reference/artifact_manifest.csv",5098,2d2d7ad0527b9f8239f46096e614d117f9c6bd224a61046a0ede8f64a77792c2
"spatiotemporal_tissue_reference/artifact_manifest.json",7850,78c850617dc109310f1778c464b6cb52825b5b4acb3d0a4614e2243ccce5febd
"spatiotemporal_tissue_reference/communication_edge_gates_heldout_donor.csv",4781696,b6da540f6dff59bb5bac812a76185c97efe389d6675ce893beaf66971adda396
"spatiotemporal_tissue_reference/communication_edge_gates_heldout_section.csv",4780376,c4f5295903c571eb68a5c6ff790f59a69f26881a8302acb36337f5f501da8b43
"spatiotemporal_tissue_reference/communication_gate_metrics.csv",180,19b658f17ee2899133c86fb17106579e9040ce422daa450ef430d67695a85955
"spatiotemporal_tissue_reference/communication_gate_metrics.json",1536,00309af468f6287475a1bb4a381938aa301176407469db148167437ea3b58ca2
"spatiotemporal_tissue_reference/figures/figure_manifests/neighborhood_decomposition.json",982,1e25209f956279e4f7ac5c7991909dc29f3bd244a351b907b8fcbf11a0436a89
"spatiotemporal_tissue_reference/figures/figure_manifests/spatial_interference.json",937,5edede66e68a8181c5c4edb5fc81ea24935eceb04dda0cc2f8c3b6aa0ed5daec
"spatiotemporal_tissue_reference/figures/figure_manifests/spatiotemporal_model_comparison.json",1001,2233a88b00f3f9b78dfbf5dc2b388d1868c78800f306be57dc856ba838d11f56
"spatiotemporal_tissue_reference/figures/figure_manifests/tissue_graph_snapshot.json",976,f549b4aec6bc6689a76de64421d40882c48b34c4c40ffe6664ad93e7ff732176
"spatiotemporal_tissue_reference/figures/neighborhood_decomposition.pdf",18301,a5cde650db432c1612296ec1bd02e0d40cce3b5b13e3020ad1740151ba4a98aa
"spatiotemporal_tissue_reference/figures/neighborhood_decomposition.png",301174,02a1db6965e64c936f8b1861562caccc7931e980ebb22674e36a0621c39f8ad6
"spatiotemporal_tissue_reference/figures/neighborhood_decomposition.svg",11800,c3b4d73028aa2a445c410e3de7e3853470b6ba08c2e4e5def3d0e1ec89399f91
"spatiotemporal_tissue_reference/figures/neighborhood_decomposition.tiff",573132,cdbd525d948c9088b5f33f02d2bb5b088716259cffc0a5d2d3bc376342ce1826
"spatiotemporal_tissue_reference/figures/source_data/neighborhood_decomposition__decomposition_summary.csv",523,782a3afc7e39f0c2b218248f05c68d5853682c93c2f7a5804d4b6288b09e5758
"spatiotemporal_tissue_reference/figures/source_data/spatial_interference__interference.csv",535,783155d261df84a864ba1492bcf9dfd0a0b867d1c6b19e32c20ffa9df1b82ecb
"spatiotemporal_tissue_reference/figures/source_data/spatiotemporal_model_comparison__comparison.csv",1821,10ea24ca3bb218de748d95023fda4b9947409489d4c4a59c6d0f8040021e57f8
"spatiotemporal_tissue_reference/figures/source_data/tissue_graph_snapshot__edges.csv",40663,3a03541bf1d0dbd9fd7807bfbe4e6e8d35bc14b39148824dae9b19c3bab29823
"spatiotemporal_tissue_reference/figures/source_data/tissue_graph_snapshot__nodes.csv",12055,ed706509367fedf3436d2f47923b3ef06e4f63b732096aef135aeb03c8579c14
"spatiotemporal_tissue_reference/figures/spatial_interference.pdf",16653,f44071850096a0808c0bd37f67ec697aec666a16257c583e6fcb8c9a6a0c68df
"spatiotemporal_tissue_reference/figures/spatial_interference.png",161442,2708eb4f7496a05df883296c98ff3c1b5918f0de95e92d36e3dce403db0660da
"spatiotemporal_tissue_reference/figures/spatial_interference.svg",6800,6287e77f4ca7812900850a6729d85788872a324260147aa596221b27bda8fece
"spatiotemporal_tissue_reference/figures/spatial_interference.tiff",865844,45a74c5cd698116eb3c339041036079e1e9b7c54b8f0f6e9feca888c02aec5b1
"spatiotemporal_tissue_reference/figures/spatiotemporal_model_comparison.pdf",20710,399230755c22fa85879829ec21f2c9c1355e2db530e0e5e2449d3082621e6b28
"spatiotemporal_tissue_reference/figures/spatiotemporal_model_comparison.png",311899,484b98338ec90c6421d134bcbb3884681bd5691384f2096c7a25446e251d56cb
"spatiotemporal_tissue_reference/figures/spatiotemporal_model_comparison.svg",11241,9e88aeccfb3db415630541807cc99e4da9086d9e48e1759c12601f49452c274b
"spatiotemporal_tissue_reference/figures/spatiotemporal_model_comparison.tiff",979344,9786e4a2850ec28dc46297714efae4e6494e321e7ecc1595a6a4869a7599aa7d
"spatiotemporal_tissue_reference/figures/tissue_graph_snapshot.pdf",30832,07d28c98a981c8acd128bdbf9e0be59d8138473538b66543517571202641a5d9
"spatiotemporal_tissue_reference/figures/tissue_graph_snapshot.png",575357,c5cf066b8fef700ed3ad4756f2ebcc8d6ea51b15268456b33a78c618444935bf
"spatiotemporal_tissue_reference/figures/tissue_graph_snapshot.svg",50002,6d4ef32ca18ba813f4ef484df4fcc8cae7ec39d2d6dd8380ab19ed9a5ffde918
"spatiotemporal_tissue_reference/figures/tissue_graph_snapshot.tiff",867038,5d6db2a132ce0355219dc94e817250a1dc1558a53dff9336fae69fdc29c5263e
"spatiotemporal_tissue_reference/heterogeneous_edges_timevarying.csv",3944068,6d67a2ba439b82fc1743b6cb16f16a04b2b24ad3d48199792e477593b50646e7
"spatiotemporal_tissue_reference/intrinsic_neighborhood_decomposition.csv",627532,6cbb0c0380f8253e1c056fb045c73203bb085e97ee8af4292d47c24140bbb988
"spatiotemporal_tissue_reference/model_comparison.csv",1804,6fa33ac3cb47264d6a2a61cfab5dc3dc35ab41890791c6d79b2601358290c515
"spatiotemporal_tissue_reference/nodes_timevarying.csv",1116738,eb89e6893acc12587d5f75ca2fe06ba6c8d5913985d6fb95d89dfb81c788790a
"spatiotemporal_tissue_reference/organelle_edges.csv",645347,2480bf1377e0021350122ff25f77dfb29b972f8bbe4d320a37cb41d0ca3f941b
"spatiotemporal_tissue_reference/regulatory_edges.csv",690760,4fc6b71efb3f060ffdc6fbd68cf1dd9d83f9a35f9cf5da16c43cb1e24041d12d
"spatiotemporal_tissue_reference/report/index.html",8678,6b0bf653ccb096be3df27873b8e9883708ca995bad8c256c9c58ac6377ef1e47
"spatiotemporal_tissue_reference/run_manifest.json",638,2d79baf103c94e1bbf1b699a6f8b02ee970ce291926a821d9de391742162a9c1
"spatiotemporal_tissue_reference/spatial_interference_estimands.csv",530,9706ebe49b04ed30096252bee40a12d7b0827cf886bbe2e38e4951a8f7200f0f
"spatiotemporal_tissue_reference/spatiotemporal_exit_gate.json",2319,d024f248b24ffb0a4f9b27b043dd10dbf4abf14c0dba7c55ec819e1694baf47c
"spatiotemporal_tissue_reference/split_audit.csv",200,e4e6f0016d3bbf59ff041dcf7d40d625ad52dca0fab7724cab70965edeeeabcc
"spatiotemporal_tissue_reference/test_predictions_heldout_donor.csv",583634,30b481c1f0ff202446f8b3cca522a28e2ffa1bb38fba9d34b39fa4dd16f08d16
"spatiotemporal_tissue_reference/test_predictions_heldout_section.csv",584581,c1e30087c13c9742869b1ced7ca189ffec1e996dcb68bb079a310b439d2367f3
"spatiotemporal_tissue_reference/tissue_outcome_predictions.csv",43709,3f23782fa559f2bde89f787462356c6502242b16c91937ca54766242cd7fb312
"spatiotemporal_tissue_reference/tissue_outcomes.csv",2500,c95e91caf6eb96639878bbafde9bd155db6b0d38f65247d5eef6b7c7c8fa44b7
"src/causaflux/__init__.py",12469,5d3f3c449dcf6c3e48df7531874cc11476162fa6fb0e64213776ad4083ea9cd6
"src/causaflux/_mudata_compat.py",13207,33e5a953ecc6eaa43f4c21ab466c42feda8de7882a7c93b8b6d1905777995062
"src/causaflux/active_learning.py",55923,d5b9afb90caea90eb71a33432c72163c3a9f23e35b6fd66aa0b37f33c9b072be
"src/causaflux/biological_validation.py",40092,9b1ec41e933ccae411669511ac5ffeb87c4020b05f3959b03d34e267567e6117
"src/causaflux/biomarkers.py",28441,795daa9f65d26fbb6f44d789b70a9dbacf06dbdff38fa1d7a9aecc8ecb1aea11
"src/causaflux/causal_data.py",14280,3a3dc18d4bc41b41f756f83193924212b617613a7bdd36d3f6e51c139ffcf5f2
"src/causaflux/causal_models.py",20132,5c0db13ba5872712b6a87d53280b75d3f4b322f2d4ff53a09921f96bc8ae9e9d
"src/causaflux/causal_report.py",21585,1286ca4b0593ef954226f244e6fde70d39f3bd9c629d4800b56014e3184cdbb4
"src/causaflux/causal_workflow.py",41936,ac25ead3a9b4146d2481bda8a267f615757796deeef943f399713950d7c8d603
"src/causaflux/cli.py",80992,4eae75d563f50b8decc1a626694fbbb995ab6351da360961c5a886fd5254e80a
"src/causaflux/data.py",19294,bcbfc1dbec9a0b1b36b6d6cb0219f12ceac11d5a99082492ee85499f6e2cfe0e
"src/causaflux/dynamic_benchmark.py",75798,ca9403b383883b35252b916ef8d7aec106c0f3cdeea6a67b2b1b0efb16d8a487
"src/causaflux/evaluation.py",7469,28683f2f8b9e9b4b3c30c78d5b8ea5e0729e81905d980358b5cdf2bba470b93f
"src/causaflux/evidence_ledger.py",10389,2833859f4e2204359ce6000fe3ae42f5b5139113e6fb8b8965a105d5c33023b1
"src/causaflux/foundation_pretraining.py",20659,e2bb54ed3e0bd728f878f8aa0930aec995b80fe3b381d007759bbfd8f7a4f015
"src/causaflux/intervention_generalization.py",48524,91ce1a11b5775b6c7bc356121e338267e2869d3b61bfe9af5ea613784fffcf09
"src/causaflux/longitudinal_realdata.py",12385,1cd8d2ef1719fa093f1eb43776c56bf6bf56172a829e19efa718ca69b20bbc3a
"src/causaflux/model.py",10504,de4634059308f43671a93353d5894b0fda2a581cd072c8a58c610eeda6899748
"src/causaflux/multimodal.py",23519,c5354a82ba2b1d0f92b6a51acc2146c13c0a0a0d0d22bc8b47a831e50ab06f3b
"src/causaflux/multimodal_dynamic.py",69759,994c2064c4716602d57bcd3b1bd8a020128374269ede70b1cdc79db1bf9b3975
"src/causaflux/neurobiology.py",37557,96454c313affe8375322bc7ef87b0fe05eb976e6aad01dedb19cab3eb749bf63
"src/causaflux/platform.py",34229,97385e9184daaf0f5bddd7cdfdc8b0fed8ff2aecfb5c5e8410dd1bf10f9bdd49
"src/causaflux/plotting.py",3175,5ddbcbb871255a63c7893c6bf5d29e79dfc39d0a5f62ce1a5ae59d84175e1499
"src/causaflux/prospective_loop.py",59624,219254d1eb1cc2e9c20a96657484b0051b86d32b2aada84ac08c22f2a27dddfb
"src/causaflux/real_world_hub.py",5731,6777d081db24fbf264c31e7c4a22b4588f4f41ebd9991685cb95784a1729ad7d
"src/causaflux/realdata.py",27275,89a0f4616f0722bb9d01be2ef508f79d6ffe694b11ff75cca8be8c56cdaa595d
"src/causaflux/realdata_adapters.py",8389,cbbef2877d3c5b31c93868bf7abd35e5dddf8ce6524ace94c3ddad0f79f30fb1
"src/causaflux/report.py",5290,d9a4fa13d7de8ebd79a7c5484f0ce4c24941c7b18d5d8a4c62374faea5a333dc
"src/causaflux/resources/realdata/amp_ad_molecular.yaml",4453,b828fa3a05cf8d37146c12f026ed30cd8b2a238dee1da8c5096b288c8abc156c
"src/causaflux/resources/realdata/dandi_neurophysiology.yaml",2978,c6d5d49d377e3fc1362253bf8d91d56f1140ee8d6d689026644107fde7a0a844
"src/causaflux/resources/realdata/depmap_prism_lincs.yaml",4715,ecba05b6ac0d879b411ebbdb9a6df150c64435604aa64d14dbbe0bf11b38d13b
"src/causaflux/resources/realdata/gdc_tcga_cptac_brca.yaml",3961,68ee9fe985555c2a3f794daeb8c85f5a88c49d1510db9d6b8957a3b4c2f46306
"src/causaflux/resources/realdata/htan_spatial_cancer.yaml",3333,501fe3f120c6d4d7d2e8376848e18dc9051228e3b39ac9d7722a0ed10583f5ce
"src/causaflux/resources/realdata/registry.yaml",486,8547e11b799c09197aefbade5f3520c35328696a18313b384d633f702cdc87d2
"src/causaflux/resources/realdata/sea_ad_neural_glial.yaml",3992,51c073f3f65ac24ede45fefb1aa727b54db403fd7748404c59472f5bdbf4a1b0
"src/causaflux/resources/realdata/snapshots/sea_ad_cohort_donor_metadata_2024-07-25.xlsx",45189,d18faa1c51f426bb2bf17ce431878cfacce673729c1ee185be84a51d31271146
"src/causaflux/resources/realdata/snapshots/sea_ad_continuous_pseudoprogression_scores_2026-05-01.xlsx",63538,6736b3736c57bfd3e4771c8dd9af21716e2187d5e939acdc46817904bcbc08f3
"src/causaflux/resources/validation/depmap_proteostasis_response.yaml",721,15ef979aa16fd4b034d8b795d942c9a1c4adc35517ee1c8d6d8841c510edcc41
"src/causaflux/resources/validation/htan_macrophage_barrier.yaml",678,97a5d1c55e9c313be4dfafa9d7d33da371bfcbcb3b45bc496da48faaae4f797e
"src/causaflux/resources/validation/registry.yaml",267,a364ce6cdd55fa98f6e553d3da0dcfd4d9d4cca11a657112a8aa487798258641
"src/causaflux/resources/validation/sea_ad_adnc_cps.yaml",658,eedf9b2eb123bf7ce28aa2d6c3262fe9b12f2b6bf3f068d348738d8bf80f01e6
"src/causaflux/resources/validation/sea_ad_apoe4_cps.yaml",615,91beddadce392580569487c15fb030fbaabbef4aa1f71d778cceee2c0dfd9ca5
"src/causaflux/resources/validation/sea_ad_dementia_cps.yaml",620,1822b5163aea0108d86d2ae0f6ef9799d365aed3339630d846e5d8225f6a896e
"src/causaflux/resources/validation/sea_ad_glial_stress.yaml",696,ff2a87d14a44199a80ef3a4b6c7c2c64b1a16703827e88b05237823bb10319f9
"src/causaflux/shift_calibration.py",2802,b26f525c6275aa387f51c3e0d3273f8a23597561ea382afa2a24f20c65c1921d
"src/causaflux/simulation.py",9872,047a8ffce2395839154b8f9c68a59db651eb79adbdfe8ae193442f465e666d7f
"src/causaflux/spatial.py",41629,0f1352982dc54f0a9129faea0c94629dce7c8604a352131e6013c6175f2253ba
"src/causaflux/spatiotemporal_tissue.py",49715,e68a5280bb798fc2bd3b2f3c031b905bc0f11074b67ad89da7b94950b91e1241
"src/causaflux/staged_workflow.py",26885,352eec2b5057f72eebee1907298a4ffbcb4bacf663bbe4bac822b3ca3d2f8949
"src/causaflux/synthetic.py",7840,35fbc9d5beaaa261def2653bdc5d1169a8aa084c4a9c910fb05d164762ffa41a
"src/causaflux/therapeutics.py",48872,44f68850e8cfc75769adc9a6a7272ec0d8c394ad97509c938909d2ce7bcc8b14
"src/causaflux/training.py",10386,db1a6ef5cc206b27d8b0aae3101be334f5647dfb7c726fc5120d94980a281c19
"src/causaflux/ui_app.py",6372,68cf7390c450b8dbab301d7b5106e9eef53bd3a2adb42f6efe166d0ccab2b0ff
"src/causaflux/uncertainty.py",30819,bf4ed9ca0ad43fbfc4d2c2b8a49132b61a388328cc3a1968655a2b97fb9f5376
"src/causaflux/utils.py",1098,2c7ddbcdb499ae2be6e850f095dba27e31e38c70b97811c0149e810a6995efe5
"src/causaflux/v2_release.py",4702,26ffcfa40c2e76b879bbde98c0a3b19ee2996b75b1ac6230b06add72bab75c5a
"src/causaflux/v2_release_gate.py",5794,37ed28925b08e803f1f0444dce542d6ff039528757f6729ba1f55849e137bfd5
"src/causaflux/v2_report.py",12520,3607db1d941618c1edd5040550298a15e71dcdff2ab6461d0bffd5acc5b9187c
"src/causaflux/virtual_cell.py",14954,9548f5d9a2fa4d2149fbf7a09a13a184222e3c2036b2804df19a1acd0ad1ce90
"src/causaflux/virtual_cell_release.py",3247,e61d3d1e660cee40b70abd5c8ab6d62e185131980dbe035d642f479fa833df2a
"src/causaflux/virtual_cell_report.py",19116,bc94580b2d5202244902a8c3e1ce542bc06027f9814e3ed8f8f643a89a742fbe
"src/causaflux/virtual_cell_validation.py",7292,6264ce0c452135fd48f83a52372638faf5191c99512f93073f9d069e49f24a5f
"src/causaflux/visualization/__init__.py",492,247a3d2f06975a56ac8fa7275d11c2b685fdd9914108161a393827bd16714f53
"src/causaflux/visualization/publication.py",53124,d31b5e4d58f5b84cd2f7a9827350fae477224804337060666faf5a3d319b15a2
"src/causaflux/workflow.py",9848,94267fab3a7d094eca2b4d8a07bb9fc0fbb94b557237a4f5b7d5a230a2996fa6
"templates/v2_evidence/distribution_shift_predictions.csv",77,c943af35088efd27a584a5d6d82661e4a25f6839982243df51e903eb98d8dd59
"templates/v2_evidence/evidence_ledger.csv",2197,36c56d76f28dbfbb62f61416f41c8991d0ef7d2786ab05d85dad2ba4d817a6e5
"templates/v2_evidence/negative_and_failed_results.csv",250,4ddfc241aa4b77b2a45172bf206d6d5503c3402fa3970932ec9b77b4824e8dc0
"tests/test_active_learning.py",2838,00a94a5757fbe44cd7fb172da1f3f0471343ec28b786f48f64e938c5db61d22d
"tests/test_biological_validation.py",1963,d9bfabb720ac4bd236fe29ba01a63f9e3bcd4f4857a2c7e6e75a6fcaa767b629
"tests/test_biomarkers.py",3455,aa979832040787c7cc36f0420f26056af0efbc611cc0b7f3b3323b7548a1a447
"tests/test_causal_data.py",600,e30bec6b5376eaab049d284d57068814318d818ae9369b73a893fd1ff8ef61a7
"tests/test_causal_workflow.py",1955,2c70c98fde64137c602ad7a690daa1fda6663af5c2f77d9173c7b62bc8a166ba
"tests/test_data.py",1827,14e08d11e7eda9ec59e8ac0515a0c639ac897140c74e0f435a6902b41e8f9e4b
"tests/test_dynamic_benchmark.py",4371,6da15d3b629149c3c313f81c69d5be066cbdf76051f17e563a1aa4ac6acd41f3
"tests/test_foundation_pretraining.py",1868,16422c4e2737d1de33ce635538902cce8b02e275d4c7f052f8d1ab739f7f01a8
"tests/test_intervention_generalization.py",2900,d5d1ea5e9095a0220203fa95e1456db2d634e5e91fc15d096c3c4976ef8523cd
"tests/test_model.py",1273,be8ccc5ac97131cd47ecfa12aa4676d689b27c0caa51541486c4117599a7a1a7
"tests/test_multimodal.py",2195,854dfdfd92c51fa2ed45225f9ba3f910727d249826e6ecc27299daae521be7f4
"tests/test_multimodal_dynamic.py",3767,9de8dad602a4bf8c15cd73d9d5dafb321e3d5be7097d93e0c01eba9e837a4941
"tests/test_neurobiology.py",2452,4f20a99a255b968697ca34322441757cec41b484a179030d78dae405032fb88f
"tests/test_platform.py",3667,2a93857e8757250d3a06db7f749981dd443c64dac1004611622cf38f78589b19
"tests/test_prospective_loop.py",3255,ea46a4685b72c8a46179e1d5d6fa89361a568f261a33e1dc1f4a48baf777a2e5
"tests/test_publication_graphics.py",2202,afa90a4ded541a6187400bc8c9a5d6a4708b3136d08a064a8d857c95b8613406
"tests/test_realdata.py",2078,f60f8b44f699e83073838790bd7d94a68180a3893c867b5d6c31370835a11254
"tests/test_realdata_adapters.py",1365,eb67cc621962cddfe0c7882110648a49f669a69faa4ab4bd644a835456ab2191
"tests/test_simulation.py",1602,c20f22c5e938cf57b5322570bd8c513fe4cfa69ae6b2b84e3d60c5adbf2ae37a
"tests/test_spatial.py",3171,82b8dbad26a77608c7401c8026dd8e4ec30352dd7ded86637b31f11ea37c44d0
"tests/test_spatiotemporal_tissue.py",2520,b5a5fa347fb71e4302fd91893a6e84ce61aa9d78e0cbfc01eae14c360711470a
"tests/test_therapeutics.py",3850,8cf746f7497432140383743bc738aa04989edc94e04fcfceae56c22ce13ebd1f
"tests/test_uncertainty.py",1573,d3a74d10d138a53dcd7b6d4252d8672809a79b6c0724c21002e9452a692aa565
"tests/test_v2_cli.py",500,803a45ccc0df1df6b60d10fb9b5034eb929147eee458644da9dce42065667233
"tests/test_v2_release.py",4682,bf474a4c3809dd12b722dd00f12c4316f486f2bd2c2c7a84fc890061142772ec
"tests/test_virtual_cell_v1_9.py",2951,01e3d5be0bbdd214bd79f0c1367a8b8b6d58acbee87610b33eafa23e5e5c7cdd
"tests/test_workflow.py",1355,c64b3d15c316864a54287ead2dc5424f33bd24873520c9953f5e3dfd796ccc66
"ui.sh",612,16700d0836e288913e7f9e9b91282f25df4ec3d2f3238edd2440d6c84c222cc0
"v2_release_reference/ai/ai_guided_intervention_ranking.csv",1749,00c97a41f94ae884b0b9084cf7f5e66ed7a8ad9fbc902b6ae1bd6dba9babad4e
"v2_release_reference/ai/ai_model_router.csv",1577,9556d61e46a72d9fcee1abad089c48dd17a5906c7ef157932d6e5a2f01c42d04
"v2_release_reference/ai/module_component_trajectories.csv",205719,52cfe1a6cc876e21a63f7d84b1d25c52db22501e6d3aa3dc3606fa8f1945b05b
"v2_release_reference/ai/virtual_cell_card.json",762,52310fda302802bd67bdea5957ffd22e1c2d239ddfdf7bdb7f2e0656988a9536
"v2_release_reference/ai/virtual_cell_trajectories.csv",108602,e0ee5cf189eb71e3147e3d3f4e6c3b3b611f5e0dcd3a6b7f854b2895845ffb15
"v2_release_reference/evidence/claim_registry.csv",1019,3b625cda7d3bb89581fb3fef0162dbdb5ff2a64f57649f1485b28f16a99540ab
"v2_release_reference/evidence/evidence_ledger.csv",3341,e786bdc6de0b5c6730488978b7d70ab4bb906dcd122a88f89ae50428095d5919
"v2_release_reference/figures/Figure1_v2_release_evidence_ladder.pdf",21259,69a59d2e2e212a00d902b6e91b6ebf60a1fd7cd56fc82cd348cde79fa8c8be1c
"v2_release_reference/figures/Figure1_v2_release_evidence_ladder.png",327098,087cd59b1940d5ed53088ab30c5e28aaf753710d55ac90acef71b0b128df6d4a
"v2_release_reference/figures/Figure1_v2_release_evidence_ladder.svg",13803,7d0024b83c32688e31aa95b68e3ad8275a280728548ac022b89473b28cf09b99
"v2_release_reference/figures/Figure1_v2_release_evidence_ladder.tiff",620270,251e4016300192ca0cec4841b1f577a5a849e120122dcb355322999a26909e45
"v2_release_reference/figures/Figure2_claim_evidence_matrix.pdf",22358,25e0cb5d3eac76f005528b2a05af5d5d96f91a49e39268061ac8b401ff482f56
"v2_release_reference/figures/Figure2_claim_evidence_matrix.png",567088,114a4eb233e3f6fcd03605c01a40c89b11e8a141e2c355b09d4860161385623a
"v2_release_reference/figures/Figure2_claim_evidence_matrix.svg",18142,5b042ef3b0177270e7ee9a668ba9451caf3a74aa6208a58b08d570768ab80904
"v2_release_reference/figures/Figure2_claim_evidence_matrix.tiff",1472216,dda1c6ddc3a405e2bafb771ec66f8b8289798a07166b3123f054ec6fa3cbf5cd
"v2_release_reference/figures/Figure3_prospective_cycle_evidence.pdf",18193,c62b088d4e7fb8702f16eb21727a46fb39999a18c6ba1a3d44894f8695f38219
"v2_release_reference/figures/Figure3_prospective_cycle_evidence.png",144626,e620349438180b39613091bf0296369ae3d85a40d44132f8acb5fb81f7bda48f
"v2_release_reference/figures/Figure3_prospective_cycle_evidence.svg",8451,054ebe3a6f4ffe266e2fb3e069610a3e9670b6c2bbb5c899d43514b4837eafbf
"v2_release_reference/figures/Figure3_prospective_cycle_evidence.tiff",419866,b53de4937d97fc002ebbd798d960470429f381d21a74b2fb48369c891753f8a8
"v2_release_reference/figures/Figure4_evidence_ledger_composition.pdf",18013,f08a0fcf76eb8f22ff6459796a1a83ed02b2a1549093f2899c386f0d6bec0bd6
"v2_release_reference/figures/Figure4_evidence_ledger_composition.png",97368,f23869e97ed33ab952776de898c087cd4fd9165b5c96d8ab57e62832917d7cc5
"v2_release_reference/figures/Figure4_evidence_ledger_composition.svg",9767,8b4f4d6ad9790b70d89dec765b97bb16eec3bee817bbde56cfd4a376775ce535
"v2_release_reference/figures/Figure4_evidence_ledger_composition.tiff",224056,181bdd63f590c7256b428f19391bec317c35ba88f5cd008c14eceb73d1d3e6f8
"v2_release_reference/figures/GraphicalAbstract_v2_prospectively_validated_virtual_cell.pdf",11430,15a211236ab21b9bff034f4878a954627d868b41eef2603de367b16f2d50d55f
"v2_release_reference/figures/GraphicalAbstract_v2_prospectively_validated_virtual_cell.png",228815,f936eb786b5b9ea65706264aea229f058468d1613aff82f7e521c57d9fc344e6
"v2_release_reference/figures/GraphicalAbstract_v2_prospectively_validated_virtual_cell.svg",9435,869b63a93511b9f8d907b3e44be714a93c9830186589589e733a8960ef032acb
"v2_release_reference/figures/GraphicalAbstract_v2_prospectively_validated_virtual_cell.tiff",585928,33a998e7a66023754447b48be395b4526e9b33ea415dfd9dca1a4623f0cc18a5
"v2_release_reference/figures/figure_inventory.csv",1186,06e43d20dae07e75b241205a51803063cdab7a0801b95673d2a72eb910e3f498
"v2_release_reference/figures/figure_manifests/Figure1_v2_release_evidence_ladder.json",1023,73b143adacb15af9aab528a8e40082c8b86184911cdae1bbc0c155ddb99218bb
"v2_release_reference/figures/figure_manifests/Figure2_claim_evidence_matrix.json",993,ca84021e44f2583a4edf2b8495f2aa2ada5a44c9d61f65e0064129f645eebd2e
"v2_release_reference/figures/figure_manifests/Figure3_prospective_cycle_evidence.json",1023,e567ea5773b492f6a2f1fac7abd9ae95e818d4ec0a91de10ba1cbf9a6bb7c692
"v2_release_reference/figures/figure_manifests/Figure4_evidence_ledger_composition.json",1027,83cd395d5f76eaf9c0ccaf6ed2ec5cdbc028a7508ec2d2c1105c045ea0d6f3bc
"v2_release_reference/figures/figure_manifests/GraphicalAbstract_v2_prospectively_validated_virtual_cell.json",1159,55defd6d84cc9ab6bb9ccf378427f89c142e0aa35601b465790a6d8f5dd98c3f
"v2_release_reference/figures/source_data/Figure1_v2_release_evidence_ladder__panel_a.csv",1613,998f901d97fad1e7ff87579608a2b9065833979a5d703e1ac8027841d84b0ea9
"v2_release_reference/figures/source_data/Figure2_claim_evidence_matrix__panel_a.csv",760,f6514507f0821c8b0878602fa112dce29af15651ad385edebb1de35b4f64d065
"v2_release_reference/figures/source_data/Figure3_prospective_cycle_evidence__panel_a.csv",79,02c277ddc0efd704a7db36ec913cb85e47d9b75c9488d85dafad5307d64498ef
"v2_release_reference/figures/source_data/Figure4_evidence_ledger_composition__panel_a.csv",99,45b3aaa76a5fdafda04214921cf3656e2d9e752003afd343566df3a247c4f500
"v2_release_reference/figures/source_data/GraphicalAbstract_v2_prospectively_validated_virtual_cell__panel_a.csv",268,14b9928a604a6f014980fa2c8293f233b505af4d1921433a98857be5f57f8576
"v2_release_reference/prospective/all_experimental_qc.csv",797,50a1ffe675de3c8a9007755fff0fd151586271f8510fd231a8ba8b30d291824c
"v2_release_reference/prospective/all_locked_outcomes.csv",905,b851d622c67c0b9222de92bbab7047d7983de20b8b07e69a9847ded47ecdae62
"v2_release_reference/prospective/all_preregistered_predictions.csv",12140,4727b89d1d6f770f79863101dec38932e4467b43eb4fedb3c46f7f8df1a7d3de
"v2_release_reference/prospective/contracts/ELN_TEMPLATE.md",381,a859657fb2dc0e0bb4bb1902b356899ed34af6410a13c0cde2153ddef014ccd7
"v2_release_reference/prospective/contracts/experiment_contract.schema.json",2957,dffec145074035b125d3c120ce77cecf35010fc82e70d285767d2ca2cb4841e5
"v2_release_reference/prospective/contracts/experiment_contract_template.csv",599,b11e97e564f55ea2065e8ad200cf1a5a7669950f4923979a83d2d752f46b1dcf
"v2_release_reference/prospective/contracts/experimental_qc.schema.json",1061,a466ffe0483b5ba2e8c399cd3a1e93cbb14b4fc35a3e04576099c6a92a4affba
"v2_release_reference/prospective/contracts/experimental_qc_template.csv",215,a988af03b6142353b2c3bd3ad92aa95b35fabe673f08dd892440ca7477a84ba4
"v2_release_reference/prospective/contracts/outcome_contract.schema.json",990,db1d3860bb50c2ec0cbe933776a8192de301f7424b265cb781354dd2b4bf2094
"v2_release_reference/prospective/contracts/outcome_template.csv",219,16ad5de64d4f5207f7070ada02a80fec739dd07f18f11832b3bb23bd1cd54d0e
"v2_release_reference/prospective/cycle_calibration.csv",415,c6cbc4e65da77e1df6240cc0388554ba4d3c179fb54dace760b2baab08ff985e
"v2_release_reference/prospective/experiment_cost_ledger.csv",534,50a13f516b68a797187bf16df8a6745e490f5ce99a32357bef93cfc7c5c599ec
"v2_release_reference/prospective/posterior_history.csv",575,a0725e7655f6b591e1f3c1d14d280eeb75c2f8ac4e31cd007efcc14ae78e9b36
"v2_release_reference/prospective/prospective_exit_gate.json",1014,e5c45d5bab77950bbdcb3e6097f248c5252239d14d98bfe6a22390c99fe06593
"v2_release_reference/prospective/strategy_comparison.csv",373,75ed09acc30d2bd24546cd72476fda5cdbdb989a2d6e37fc15b3d297e7555032
"v2_release_reference/real_longitudinal/download_and_ingestion_plan.csv",948,d1c1de00d7390944fcee1cf51dbaa9ab402f266ad3323b5fdc681cc0803fe959
"v2_release_reference/real_longitudinal/gse8057_curated_design_metadata.csv",1209,1f858838fe6f0ffe082e3efba6e6efeb0dfa9248ca260db8274964b9a06adde6
"v2_release_reference/real_longitudinal/longitudinal_perturbation_registry.csv",1297,3cbd17f402422bd8eb4e5f7f634b9f05dbf5c280082aed44cb611c9e5723d61d
"v2_release_reference/real_longitudinal/longitudinal_table_contract.json",879,b86601ab9a5207ea905ae833c307dacb1675766e03068892f603148e41ae2707
"v2_release_reference/real_longitudinal/longitudinal_table_template.csv",411,b0241fb6aaead4a9abd755e55b652e8e0e5851eee11ab4f3a53b68da8c71cdc7
"v2_release_reference/real_world/real_world_accession_manifest.csv",14542,899fa45a008493a11566dcd733c1d10026b1eb1bc7273b6b974e90696510d285
"v2_release_reference/real_world/real_world_benchmark_matrix.csv",1133,17cce189bacac34da2268c9d4e4935b62ac707140b2700faca49e0da7dd76e53
"v2_release_reference/real_world/real_world_evidence_ledger.csv",1009,c7836f2cf72db234b8906cdb13ca2d6c2fb134511ab3093e0a5067fad5886a0d
"v2_release_reference/real_world/real_world_hub_status.json",443,237fb7ca52f14220dfb9367b000fab117c9ba8a4b8a8832b3691a551a9364e4f
"v2_release_reference/real_world/real_world_primary_validation.csv",1871,6e474cf9e9ae77c6f0b97ee7699843b5754fff624670d0957eac38b57d15b5f0
"v2_release_reference/release_artifact_manifest.csv",7933,d8aa9855782bacc0e7de1ad538bc93a9d9e911d2285a73b3fa8aee5efadf0ab1
"v2_release_reference/report/index.html",13205,ca5725bd64af778fd98d99e35a7c8d9e5307a6c738dac89605ad871f9ce14209
"v2_release_reference/run_manifest.json",1435,2379a34ba8b67616d8bf49842fb35ed5f7506b73d57a651bc98b456e1ae0ea53
"v2_release_reference/validation/software_readiness.json",266,01e682898d4f7bb081d3d7dbd96ccb58dde5e02b721bf0bb1b83e0f82d6796cb
"v2_release_reference/validation/v2_release_gate.json",611,74a74a8baeafe2ae8e6ab195ee5567cbefe06bb1510c493199958b954e08bf81
"v2_release_reference/validation/v2_release_matrix.csv",1444,b3d3c355fd1df169a13cbd2e2049a19d0bdef3645ece6154e995b5fe8d9235a0
"validate_prospective_v2.sh",320,fd6ca9c049367600be78367976f9ec69ca2fc21cff8fd00e527d9239ddec8374
"virtual_cell_reference/ai/ai_guided_intervention_ranking.csv",1749,00c97a41f94ae884b0b9084cf7f5e66ed7a8ad9fbc902b6ae1bd6dba9babad4e
"virtual_cell_reference/ai/ai_model_router.csv",1577,9556d61e46a72d9fcee1abad089c48dd17a5906c7ef157932d6e5a2f01c42d04
"virtual_cell_reference/ai/module_component_trajectories.csv",205719,52cfe1a6cc876e21a63f7d84b1d25c52db22501e6d3aa3dc3606fa8f1945b05b
"virtual_cell_reference/ai/virtual_cell_card.json",762,52310fda302802bd67bdea5957ffd22e1c2d239ddfdf7bdb7f2e0656988a9536
"virtual_cell_reference/ai/virtual_cell_trajectories.csv",108602,e0ee5cf189eb71e3147e3d3f4e6c3b3b611f5e0dcd3a6b7f854b2895845ffb15
"virtual_cell_reference/figures/Figure1_virtual_cell_trajectory.pdf",25679,2e3469c633d6b4f6533c9925747590e2fb9198a262d88e1fed1b1e29ab8479dd
"virtual_cell_reference/figures/Figure1_virtual_cell_trajectory.png",440087,85f8d69bdcd179653b7f58fb1e654e075d1793feb5382b513564a0fcc1e9944a
"virtual_cell_reference/figures/Figure1_virtual_cell_trajectory.svg",35471,8c86a2c481809ae4ecd967defae4fbad651e1c941392258a67c6229feaacb095
"virtual_cell_reference/figures/Figure1_virtual_cell_trajectory.tiff",1036704,ea81dc7b94b99aa25f0ab7de5543fd6eb06c23639113b4d940534411fa301066
"virtual_cell_reference/figures/Figure2_ai_intervention_ranking.pdf",26729,7a02cc59683bb51ed57cad2d8eeced54ea919117b73d512c3e4b69fb9cccabe3
"virtual_cell_reference/figures/Figure2_ai_intervention_ranking.png",360185,4d1f4172c018573edea9766d6b3aab200be5cf7b35a2514b9b7ef7a13b743305
"virtual_cell_reference/figures/Figure2_ai_intervention_ranking.svg",29504,714bab0691a4891e8f1a684a5c66e4faea6fd7bb32b8c9821d343db30cd9a7bf
"virtual_cell_reference/figures/Figure2_ai_intervention_ranking.tiff",880244,61e5de8687ba532f22c5678c609b37d4e31931a8ebdcf96b37dc914d0921e40f
"virtual_cell_reference/figures/Figure3_ai_model_router.pdf",20750,8b2a4cc5fc641ab86adad0421ff1d15334b9349805cfd1fd8b1c133e7b3633a3
"virtual_cell_reference/figures/Figure3_ai_model_router.png",384315,db26abef56a8f0abe3d86d42bd846c845206dd10fff0cdd30e179e27d84ce836
"virtual_cell_reference/figures/Figure3_ai_model_router.svg",18934,ad64be7ec05dc81bed6ec0ccf046846f4488e8974d02eba776844c0f72b0c100
"virtual_cell_reference/figures/Figure3_ai_model_router.tiff",1099174,fee793329df0ca87acbef08480032685d26eb15daeb0ee088df5d557f594aacd
"virtual_cell_reference/figures/Figure4_prospective_calibration.pdf",21149,bf13899c8fdbe961e9a740e2331274aa34018580c0aadfb6d434b775a52f3fb4
"virtual_cell_reference/figures/Figure4_prospective_calibration.png",359986,ad940e85864b6002dfcbbdd2af60812d05bb3aee411a8bb2594ce2ce3c4e7792
"virtual_cell_reference/figures/Figure4_prospective_calibration.svg",26784,863b2d22646532240fbc05e2ef5bbb3ca3427036570d940b0f5239b24683394a
"virtual_cell_reference/figures/Figure4_prospective_calibration.tiff",751024,6c514124e0944352425d5f1bbbf1f09ed402e47c5aeb89f73ba51950e3b3a1c3
"virtual_cell_reference/figures/Figure5_real_world_evidence.pdf",19606,e39c61feaf72b5659d4c055337eabbdb69258d6df1a9e3d40b4514d839f8fd45
"virtual_cell_reference/figures/Figure5_real_world_evidence.png",268184,b244b241f3e1072aed3e905d3fdcb714cafc3f44c221758beb2a044ba70ec587
"virtual_cell_reference/figures/Figure5_real_world_evidence.svg",18715,5aa05f7aeb4e6dbfe3402b2504dab84ada2c9815fec4879d4b641508ead89329
"virtual_cell_reference/figures/Figure5_real_world_evidence.tiff",1052468,8ca04b04b9e3b914accb508ae68ec7db22f2fdf825ac83d6f1a91dfb41e3e3fd
"virtual_cell_reference/figures/GraphicalAbstract_virtual_cell.pdf",23741,1c93c20d6b80bd019842ba66f849dc96edf568502347ce100536581812f9ebb9
"virtual_cell_reference/figures/GraphicalAbstract_virtual_cell.png",254441,f27cd6c2fa7ba68db857872fab94b1697f931d488f8114471ba475820317b502
"virtual_cell_reference/figures/GraphicalAbstract_virtual_cell.svg",9946,61cbbf5434f2d9f3e1e2d2621388eaf7e2aba6e752dbbf1f3119f1eb4c21c21d
"virtual_cell_reference/figures/GraphicalAbstract_virtual_cell.tiff",765412,c1a695c251d97a1c09be1a12c9484ccbdaaa5bdc83a7866acd2778006f63bad1
"virtual_cell_reference/figures/figure_inventory.csv",1258,95a5d88b0ff8461011043038d89ca34017a2d937bbdf0e5db9ed3051e0ccd811
"virtual_cell_reference/figures/figure_manifests/Figure1_virtual_cell_trajectory.json",1102,b4decacd9e0de530db5055861e96c477e5b794dba0bdab53d8d70ef735a40e38
"virtual_cell_reference/figures/figure_manifests/Figure2_ai_intervention_ranking.json",949,fe512cff32f4dd1cb77b68f84e9ac3986570aeae425d7d06dc8a2f5f12ea482e
"virtual_cell_reference/figures/figure_manifests/Figure3_ai_model_router.json",900,12a97de97f41008aa72bb25d7872834232d39956bdbb56352caf7e0015e8c937
"virtual_cell_reference/figures/figure_manifests/Figure4_prospective_calibration.json",953,d24125473bf2a58a951393d433af1a6a0f2b898421999853970ddd283571e185
"virtual_cell_reference/figures/figure_manifests/Figure5_real_world_evidence.json",978,295e46d964a2d56b591d5462634e501d5dfc019f386b0c3ad1612afa793473a3
"virtual_cell_reference/figures/figure_manifests/GraphicalAbstract_virtual_cell.json",983,83069654bc4a2093a8335dd5cf9c5d4c202083c933eddbd45c61297dbfc071a0
"virtual_cell_reference/figures/source_data/Figure1_virtual_cell_trajectory__baseline.csv",14772,139554f5e1df5ab71f5a1a217c364900fba00acca5711aef454ce97d66621c99
"virtual_cell_reference/figures/source_data/Figure1_virtual_cell_trajectory__ranking.csv",479,811a6f530a5d5e249f571eb5ec1c880c52bd9b027afb51b1479ecfa6c098fb13
"virtual_cell_reference/figures/source_data/Figure1_virtual_cell_trajectory__trajectory.csv",16261,c2ecc11662706ca5d0debbf13647b8f67b64f72a2e0d51c9a0354621dd0581bb
"virtual_cell_reference/figures/source_data/Figure2_ai_intervention_ranking__ranking.csv",1723,bc323c5178657f5fa511a5baa3d6a5982d2047fba5b08a6acebe51eeafd6e956
"virtual_cell_reference/figures/source_data/Figure3_ai_model_router__router.csv",1582,7bb96c18c6cf416881ff69d93cd3b858d83f5024196d76a75a38d7ea3c639a8e
"virtual_cell_reference/figures/source_data/Figure4_prospective_calibration__calibration.csv",415,64d42efd55773a20c34a93318cac0c520983b1c88a0bf7f318d9d5c3d32ffecc
"virtual_cell_reference/figures/source_data/Figure5_real_world_evidence__benchmarks.csv",1146,a9a67810df8ca086f89efa8325d1e2254cf4a3d17d619d68be35493d5576bb44
"virtual_cell_reference/figures/source_data/Figure5_real_world_evidence__evidence.csv",1022,6b5f2cb2b6ab490a495e955b7efaa39fed0454375a8ae6ece16024cac6433b5c
"virtual_cell_reference/figures/source_data/GraphicalAbstract_virtual_cell__ranking.csv",479,811a6f530a5d5e249f571eb5ec1c880c52bd9b027afb51b1479ecfa6c098fb13
"virtual_cell_reference/prospective/all_experimental_qc.csv",797,50a1ffe675de3c8a9007755fff0fd151586271f8510fd231a8ba8b30d291824c
"virtual_cell_reference/prospective/all_locked_outcomes.csv",905,b851d622c67c0b9222de92bbab7047d7983de20b8b07e69a9847ded47ecdae62
"virtual_cell_reference/prospective/all_preregistered_predictions.csv",12140,4727b89d1d6f770f79863101dec38932e4467b43eb4fedb3c46f7f8df1a7d3de
"virtual_cell_reference/prospective/contracts/ELN_TEMPLATE.md",381,a859657fb2dc0e0bb4bb1902b356899ed34af6410a13c0cde2153ddef014ccd7
"virtual_cell_reference/prospective/contracts/experiment_contract.schema.json",2957,dffec145074035b125d3c120ce77cecf35010fc82e70d285767d2ca2cb4841e5
"virtual_cell_reference/prospective/contracts/experiment_contract_template.csv",599,b11e97e564f55ea2065e8ad200cf1a5a7669950f4923979a83d2d752f46b1dcf
"virtual_cell_reference/prospective/contracts/experimental_qc.schema.json",1061,a466ffe0483b5ba2e8c399cd3a1e93cbb14b4fc35a3e04576099c6a92a4affba
"virtual_cell_reference/prospective/contracts/experimental_qc_template.csv",215,a988af03b6142353b2c3bd3ad92aa95b35fabe673f08dd892440ca7477a84ba4
"virtual_cell_reference/prospective/contracts/outcome_contract.schema.json",990,db1d3860bb50c2ec0cbe933776a8192de301f7424b265cb781354dd2b4bf2094
"virtual_cell_reference/prospective/contracts/outcome_template.csv",219,16ad5de64d4f5207f7070ada02a80fec739dd07f18f11832b3bb23bd1cd54d0e
"virtual_cell_reference/prospective/cycle_calibration.csv",415,c6cbc4e65da77e1df6240cc0388554ba4d3c179fb54dace760b2baab08ff985e
"virtual_cell_reference/prospective/experiment_cost_ledger.csv",534,50a13f516b68a797187bf16df8a6745e490f5ce99a32357bef93cfc7c5c599ec
"virtual_cell_reference/prospective/posterior_history.csv",575,a0725e7655f6b591e1f3c1d14d280eeb75c2f8ac4e31cd007efcc14ae78e9b36
"virtual_cell_reference/prospective/prospective_exit_gate.json",1014,e5c45d5bab77950bbdcb3e6097f248c5252239d14d98bfe6a22390c99fe06593
"virtual_cell_reference/prospective/strategy_comparison.csv",373,75ed09acc30d2bd24546cd72476fda5cdbdb989a2d6e37fc15b3d297e7555032
"virtual_cell_reference/real_world/real_world_accession_manifest.csv",14542,899fa45a008493a11566dcd733c1d10026b1eb1bc7273b6b974e90696510d285
"virtual_cell_reference/real_world/real_world_benchmark_matrix.csv",1133,17cce189bacac34da2268c9d4e4935b62ac707140b2700faca49e0da7dd76e53
"virtual_cell_reference/real_world/real_world_evidence_ledger.csv",1009,c7836f2cf72db234b8906cdb13ca2d6c2fb134511ab3093e0a5067fad5886a0d
"virtual_cell_reference/real_world/real_world_hub_status.json",443,237fb7ca52f14220dfb9367b000fab117c9ba8a4b8a8832b3691a551a9364e4f
"virtual_cell_reference/real_world/real_world_primary_validation.csv",1871,6e474cf9e9ae77c6f0b97ee7699843b5754fff624670d0957eac38b57d15b5f0
"virtual_cell_reference/release_artifact_manifest.csv",7929,8041cb0937c01b64683dac38c98964b62d13cc8a0fb31a26dc3e9c2239f8fbb1
"virtual_cell_reference/report/index.html",10299,9476a0351aff9f4332a3320192b5b01aae5ce424623aa3c67211923c0b559b89
"virtual_cell_reference/run_manifest.json",1969,9c12d415c965f4afe4aaaf55385e510f074335e528ed62b735654a3ad421ffa9
"virtual_cell_reference/validation/prospective_virtual_cell_status.json",752,27c631227ad0e81c763e2d05554558c2e3bb4c4b86684efb5c3667c3b14806d5
"virtual_cell_reference/validation/prospective_virtual_cell_validation_matrix.csv",967,e6ba26150757ab28d7af353c386c07cc5e552816fc10389e6b19ec9859f71a9a
