row_id,donor_id,section_id,cell_type,time,split,full_prediction,intrinsic_prediction,neighborhood_contribution,split_regime
D00_S0_C000_T000,D00,D00_S0,tumor,0.0,train,0.8177801803021604,0.8302824456978604,-0.012502265395699985,heldout_section
D00_S0_C000_T012,D00,D00_S0,tumor,12.0,train,1.297476649866348,1.3139155669433835,-0.016438917077035597,heldout_section
D00_S0_C000_T024,D00,D00_S0,tumor,24.0,train,2.5203493644753325,2.5773493949772748,-0.057000030501942245,heldout_section
D00_S0_C001_T000,D00,D00_S0,macrophage,0.0,train,0.7616991133026944,0.7542663478690127,0.007432765433681654,heldout_section
D00_S0_C001_T012,D00,D00_S0,macrophage,12.0,train,1.2920468647860515,1.2848795578057877,0.007167306980263799,heldout_section
D00_S0_C001_T024,D00,D00_S0,macrophage,24.0,train,2.560956524714349,2.55644242740562,0.0045140973087289815,heldout_section
D00_S0_C002_T000,D00,D00_S0,macrophage,0.0,train,0.6528735253111931,0.6480363263468452,0.004837198964347977,heldout_section
D00_S0_C002_T012,D00,D00_S0,macrophage,12.0,train,1.0843253732318008,1.0843233605990223,2.0126327784364406e-06,heldout_section
D00_S0_C002_T024,D00,D00_S0,macrophage,24.0,train,2.3782390456614486,2.388307594168191,-0.010068548506742214,heldout_section
D00_S0_C003_T000,D00,D00_S0,macrophage,0.0,train,0.8094230148931432,0.8044642809263968,0.004958733966746398,heldout_section
D00_S0_C003_T012,D00,D00_S0,macrophage,12.0,train,1.3859123872758625,1.385684870400887,0.00022751687497546413,heldout_section
D00_S0_C003_T024,D00,D00_S0,macrophage,24.0,train,2.5954391255679226,2.6181623697885796,-0.02272324422065708,heldout_section
D00_S0_C004_T000,D00,D00_S0,tumor,0.0,train,0.937092400246919,0.9395985544005105,-0.0025061541535915666,heldout_section
D00_S0_C004_T012,D00,D00_S0,tumor,12.0,train,1.5209712736132321,1.5258941745892831,-0.00492290097605097,heldout_section
D00_S0_C004_T024,D00,D00_S0,tumor,24.0,train,2.6409059247545863,2.695060393333295,-0.05415446857870876,heldout_section
D00_S0_C005_T000,D00,D00_S0,tumor,0.0,train,0.8376662312273085,0.8401190152473164,-0.0024527840200078144,heldout_section
D00_S0_C005_T012,D00,D00_S0,tumor,12.0,train,1.3559923397245677,1.355207442068698,0.000784897655869754,heldout_section
D00_S0_C005_T024,D00,D00_S0,tumor,24.0,train,2.5918502628589946,2.5710187446007127,0.02083151825828189,heldout_section
D00_S0_C006_T000,D00,D00_S0,macrophage,0.0,train,0.7242486134075594,0.7074873912036088,0.0167612222039506,heldout_section
D00_S0_C006_T012,D00,D00_S0,macrophage,12.0,train,1.2851052798286724,1.2720819207643215,0.013023359064350926,heldout_section
D00_S0_C006_T024,D00,D00_S0,macrophage,24.0,train,2.580566333649706,2.535513111591812,0.04505322205789364,heldout_section
D00_S0_C007_T000,D00,D00_S0,macrophage,0.0,train,0.6592095499312085,0.6547201470558454,0.0044894028753631465,heldout_section
D00_S0_C007_T012,D00,D00_S0,macrophage,12.0,train,1.1321347704835159,1.1346368642916835,-0.0025020938081676825,heldout_section
D00_S0_C007_T024,D00,D00_S0,macrophage,24.0,train,2.4631540291856213,2.4641080868772187,-0.0009540576915973986,heldout_section
D00_S0_C008_T000,D00,D00_S0,tumor,0.0,train,0.7784278468594555,0.7843227292298919,-0.0058948823704363384,heldout_section
D00_S0_C008_T012,D00,D00_S0,tumor,12.0,train,1.2980896329396332,1.2981630700955797,-7.343715594654299e-05,heldout_section
D00_S0_C008_T024,D00,D00_S0,tumor,24.0,train,2.577309534096915,2.587414399708179,-0.01010486561126367,heldout_section
D00_S0_C009_T000,D00,D00_S0,vascular,0.0,train,0.5440388366875504,0.5395727495658349,0.0044660871217154785,heldout_section
D00_S0_C009_T012,D00,D00_S0,vascular,12.0,train,1.0388232695244146,1.0431360908679743,-0.004312821343559703,heldout_section
D00_S0_C009_T024,D00,D00_S0,vascular,24.0,train,2.399816266066321,2.4017641119585362,-0.0019478458922153052,heldout_section
D00_S0_C010_T000,D00,D00_S0,tumor,0.0,train,0.7254468340166055,0.7356718207445817,-0.010224986727976226,heldout_section
D00_S0_C010_T012,D00,D00_S0,tumor,12.0,train,1.185576828535205,1.193771509337516,-0.008194680802311005,heldout_section
D00_S0_C010_T024,D00,D00_S0,tumor,24.0,train,2.497469129033144,2.4998500446625083,-0.0023809156293643774,heldout_section
D00_S0_C011_T000,D00,D00_S0,macrophage,0.0,train,0.7564147238695499,0.7371654567060383,0.019249267163511607,heldout_section
D00_S0_C011_T012,D00,D00_S0,macrophage,12.0,train,1.3340730312627138,1.3216811042940766,0.012391926968637224,heldout_section
D00_S0_C011_T024,D00,D00_S0,macrophage,24.0,train,2.611239499863531,2.58116737198861,0.030072127874920973,heldout_section
D00_S0_C012_T000,D00,D00_S0,tumor,0.0,train,0.889331802694629,0.8922192740431408,-0.002887471348511861,heldout_section
D00_S0_C012_T012,D00,D00_S0,tumor,12.0,train,1.4460130699337677,1.451580211572293,-0.005567141638525452,heldout_section
D00_S0_C012_T024,D00,D00_S0,tumor,24.0,train,2.6443188800261517,2.680435559914068,-0.03611667988791645,heldout_section
D00_S0_C013_T000,D00,D00_S0,t_cell,0.0,train,0.5839732032496883,0.5819376791879225,0.00203552406176577,heldout_section
D00_S0_C013_T012,D00,D00_S0,t_cell,12.0,train,1.0777153996736475,1.0797743940891409,-0.002058994415493398,heldout_section
D00_S0_C013_T024,D00,D00_S0,t_cell,24.0,train,2.4721680089303364,2.4621584502009775,0.010009558729358936,heldout_section
D00_S0_C014_T000,D00,D00_S0,fibroblast,0.0,train,0.6858138981226157,0.6801370026191047,0.005676895503511026,heldout_section
D00_S0_C014_T012,D00,D00_S0,fibroblast,12.0,train,1.166763576340961,1.1652959042347901,0.0014676721061708253,heldout_section
D00_S0_C014_T024,D00,D00_S0,fibroblast,24.0,train,2.5230219622411667,2.5338235694296047,-0.010801607188438034,heldout_section
D00_S0_C015_T000,D00,D00_S0,tumor,0.0,train,0.9046075046715913,0.910575314206537,-0.0059678095349456894,heldout_section
D00_S0_C015_T012,D00,D00_S0,tumor,12.0,train,1.4506055400231481,1.4587043262987547,-0.008098786275606562,heldout_section
D00_S0_C015_T024,D00,D00_S0,tumor,24.0,train,2.615613503652693,2.6659245865995476,-0.05031108294685449,heldout_section
D00_S0_C016_T000,D00,D00_S0,fibroblast,0.0,train,0.6225147851292756,0.6208561945154615,0.001658590613814126,heldout_section
D00_S0_C016_T012,D00,D00_S0,fibroblast,12.0,train,1.1059174864558996,1.1076811817716492,-0.0017636953157496027,heldout_section
D00_S0_C016_T024,D00,D00_S0,fibroblast,24.0,train,2.416323158308962,2.4011632697333094,0.015159888575652758,heldout_section
D00_S0_C017_T000,D00,D00_S0,vascular,0.0,train,0.5619528008454889,0.5503365181829134,0.011616282662575528,heldout_section
D00_S0_C017_T012,D00,D00_S0,vascular,12.0,train,1.0722458128480743,1.070076772177056,0.0021690406710181964,heldout_section
D00_S0_C017_T024,D00,D00_S0,vascular,24.0,train,2.4980900905246988,2.485178983739305,0.012911106785393756,heldout_section
D00_S0_C018_T000,D00,D00_S0,tumor,0.0,train,0.8738267920315588,0.8823056813981354,-0.008478889366576592,heldout_section
D00_S0_C018_T012,D00,D00_S0,tumor,12.0,train,1.3837874878186758,1.394146626310562,-0.010359138491886188,heldout_section
D00_S0_C018_T024,D00,D00_S0,tumor,24.0,train,2.605459233710136,2.6044503735466242,0.001008860163511649,heldout_section
D00_S0_C019_T000,D00,D00_S0,tumor,0.0,train,0.7486708526377643,0.7586032194689061,-0.009932366831141737,heldout_section
D00_S0_C019_T012,D00,D00_S0,tumor,12.0,train,1.2110896047852298,1.2232949476958859,-0.012205342910656114,heldout_section
D00_S0_C019_T024,D00,D00_S0,tumor,24.0,train,2.485835305796016,2.5177610978786906,-0.031925792082674764,heldout_section
D00_S0_C020_T000,D00,D00_S0,t_cell,0.0,train,0.539498349463883,0.5286263622635544,0.010871987200328559,heldout_section
D00_S0_C020_T012,D00,D00_S0,t_cell,12.0,train,1.0781948070099485,1.0718730119887967,0.0063217950211518215,heldout_section
D00_S0_C020_T024,D00,D00_S0,t_cell,24.0,train,2.5320197608319575,2.4783457693223596,0.05367399150959784,heldout_section
D00_S0_C021_T000,D00,D00_S0,macrophage,0.0,train,0.8577721886268929,0.8430015777215176,0.014770610905375237,heldout_section
D00_S0_C021_T012,D00,D00_S0,macrophage,12.0,train,1.4055910190589573,1.39232994355172,0.013261075507237319,heldout_section
D00_S0_C021_T024,D00,D00_S0,macrophage,24.0,train,2.6291098951599365,2.6351466643794272,-0.006036769219490701,heldout_section
D00_S0_C022_T000,D00,D00_S0,tumor,0.0,train,0.8900071348252153,0.9004550862503362,-0.010447951425120894,heldout_section
D00_S0_C022_T012,D00,D00_S0,tumor,12.0,train,1.4162204963494804,1.4299841985344348,-0.013763702184954374,heldout_section
D00_S0_C022_T024,D00,D00_S0,tumor,24.0,train,2.5574489898302075,2.605973595317297,-0.04852460548708937,heldout_section
D00_S0_C023_T000,D00,D00_S0,macrophage,0.0,train,0.6660921688309754,0.6687591486051976,-0.0026669797742221446,heldout_section
D00_S0_C023_T012,D00,D00_S0,macrophage,12.0,train,1.0678970955193825,1.0673946491267787,0.0005024463926037726,heldout_section
D00_S0_C023_T024,D00,D00_S0,macrophage,24.0,train,2.3484708169732365,2.3457945480182394,0.002676268954997063,heldout_section
D00_S0_C024_T000,D00,D00_S0,vascular,0.0,train,0.5127865248958168,0.5151517007616435,-0.0023651758658267408,heldout_section
D00_S0_C024_T012,D00,D00_S0,vascular,12.0,train,0.9822200292290781,0.9882381468683271,-0.006018117639248977,heldout_section
D00_S0_C024_T024,D00,D00_S0,vascular,24.0,train,2.3183315710726657,2.3122168709737663,0.006114700098899473,heldout_section
D00_S0_C025_T000,D00,D00_S0,t_cell,0.0,train,0.576465340733974,0.577108657402192,-0.0006433166682179303,heldout_section
D00_S0_C025_T012,D00,D00_S0,t_cell,12.0,train,1.114367827711326,1.123205200284882,-0.00883737257355599,heldout_section
D00_S0_C025_T024,D00,D00_S0,t_cell,24.0,train,2.491736365303982,2.4851335641480374,0.006602801155944693,heldout_section
D00_S0_C026_T000,D00,D00_S0,fibroblast,0.0,train,0.7015338939935275,0.702253424577324,-0.0007195305837964794,heldout_section
D00_S0_C026_T012,D00,D00_S0,fibroblast,12.0,train,1.1817180456508343,1.1887459036350974,-0.007027857984263086,heldout_section
D00_S0_C026_T024,D00,D00_S0,fibroblast,24.0,train,2.5062323466207466,2.5238554648884697,-0.017623118267723115,heldout_section
D00_S0_C027_T000,D00,D00_S0,fibroblast,0.0,train,0.6975066816556384,0.6935400102322979,0.0039666714233405065,heldout_section
D00_S0_C027_T012,D00,D00_S0,fibroblast,12.0,train,1.16694129020443,1.161721062480401,0.00522022772402897,heldout_section
D00_S0_C027_T024,D00,D00_S0,fibroblast,24.0,train,2.5850652847748417,2.5548589594511784,0.030206325323663297,heldout_section
D00_S0_C028_T000,D00,D00_S0,fibroblast,0.0,train,0.7099906334270365,0.7056873917864005,0.004303241640636002,heldout_section
D00_S0_C028_T012,D00,D00_S0,fibroblast,12.0,train,1.2049349005062313,1.2097716460291967,-0.004836745522965424,heldout_section
D00_S0_C028_T024,D00,D00_S0,fibroblast,24.0,train,2.5104939913040165,2.5288810985405052,-0.01838710723648873,heldout_section
D00_S0_C029_T000,D00,D00_S0,fibroblast,0.0,train,0.6926733233965362,0.6915099560906911,0.0011633673058450977,heldout_section
D00_S0_C029_T012,D00,D00_S0,fibroblast,12.0,train,1.1455150113445596,1.147137424723685,-0.001622413379125387,heldout_section
D00_S0_C029_T024,D00,D00_S0,fibroblast,24.0,train,2.5017594628945354,2.515813724017183,-0.014054261122647738,heldout_section
D00_S0_C030_T000,D00,D00_S0,t_cell,0.0,train,0.6290389734074289,0.6239377323079093,0.005101241099519593,heldout_section
D00_S0_C030_T012,D00,D00_S0,t_cell,12.0,train,1.1731454351776585,1.1745543901133169,-0.001408954935658402,heldout_section
D00_S0_C030_T024,D00,D00_S0,t_cell,24.0,train,2.5685656594821196,2.5370427254682353,0.031522934013884285,heldout_section
D00_S0_C031_T000,D00,D00_S0,tumor,0.0,train,0.9209914659230829,0.9267661014600256,-0.005774635536942685,heldout_section
D00_S0_C031_T012,D00,D00_S0,tumor,12.0,train,1.5269965124327425,1.5348195136245526,-0.00782300119181012,heldout_section
D00_S0_C031_T024,D00,D00_S0,tumor,24.0,train,2.6360039040480894,2.659910106774429,-0.023906202726339476,heldout_section
D00_S0_C032_T000,D00,D00_S0,fibroblast,0.0,train,0.7383308033553906,0.7242217776161248,0.014109025739265757,heldout_section
D00_S0_C032_T012,D00,D00_S0,fibroblast,12.0,train,1.3027244636228217,1.3011644218559881,0.0015600417668335531,heldout_section
D00_S0_C032_T024,D00,D00_S0,fibroblast,24.0,train,2.6241737317089857,2.626199722208685,-0.002025990499699315,heldout_section
D00_S0_C033_T000,D00,D00_S0,macrophage,0.0,train,0.6272272445352434,0.620935243758182,0.0062920007770613795,heldout_section
D00_S0_C033_T012,D00,D00_S0,macrophage,12.0,train,1.0627710533382866,1.0608023880313604,0.0019686653069261872,heldout_section
D00_S0_C033_T024,D00,D00_S0,macrophage,24.0,train,2.3994649691124104,2.4075477932663643,-0.008082824153953894,heldout_section
D00_S0_C034_T000,D00,D00_S0,t_cell,0.0,train,0.6453760263434908,0.6437418479878815,0.001634178355609306,heldout_section
D00_S0_C034_T012,D00,D00_S0,t_cell,12.0,train,1.1578735116769001,1.15873701148847,-0.0008634998115699677,heldout_section
D00_S0_C034_T024,D00,D00_S0,t_cell,24.0,train,2.5676420948888237,2.542960910591639,0.0246811842971848,heldout_section
D00_S0_C035_T000,D00,D00_S0,tumor,0.0,train,0.7466312660668563,0.7571505328146444,-0.010519266747788136,heldout_section
D00_S0_C035_T012,D00,D00_S0,tumor,12.0,train,1.204868129252547,1.2169943632901408,-0.01212623403759383,heldout_section
D00_S0_C035_T024,D00,D00_S0,tumor,24.0,train,2.440910513149904,2.481904335012598,-0.04099382186269418,heldout_section
D00_S1_C000_T000,D00,D00_S1,fibroblast,0.0,test,0.5470306060844663,0.5413046027639359,0.005726003320530415,heldout_section
D00_S1_C000_T012,D00,D00_S1,fibroblast,12.0,test,1.000158466242682,0.9987753924230626,0.0013830738196193293,heldout_section
D00_S1_C000_T024,D00,D00_S1,fibroblast,24.0,test,2.3410997542021863,2.3343978148567275,0.006701939345458818,heldout_section
D00_S1_C001_T000,D00,D00_S1,fibroblast,0.0,test,0.7098620117052209,0.7111846862905221,-0.00132267458530122,heldout_section
D00_S1_C001_T012,D00,D00_S1,fibroblast,12.0,test,1.1665408035912055,1.1707127061446054,-0.004171902553399942,heldout_section
D00_S1_C001_T024,D00,D00_S1,fibroblast,24.0,test,2.436241475219056,2.4615334286638695,-0.025291953444813497,heldout_section
D00_S1_C002_T000,D00,D00_S1,vascular,0.0,test,0.646552630986973,0.647024448240773,-0.00047181725379996653,heldout_section
D00_S1_C002_T012,D00,D00_S1,vascular,12.0,test,1.1213525347538724,1.1296423332495205,-0.008289798495648038,heldout_section
D00_S1_C002_T024,D00,D00_S1,vascular,24.0,test,2.455615584897518,2.4885114095692478,-0.03289582467172991,heldout_section
D00_S1_C003_T000,D00,D00_S1,t_cell,0.0,test,0.6430031268707376,0.6414712656093313,0.0015318612614062532,heldout_section
D00_S1_C003_T012,D00,D00_S1,t_cell,12.0,test,1.1754866066622551,1.1774024873231592,-0.0019158806609040901,heldout_section
D00_S1_C003_T024,D00,D00_S1,t_cell,24.0,test,2.488242419225821,2.514432211779218,-0.02618979255339715,heldout_section
D00_S1_C004_T000,D00,D00_S1,fibroblast,0.0,test,0.7486598957141134,0.7444890501831392,0.004170845530974243,heldout_section
D00_S1_C004_T012,D00,D00_S1,fibroblast,12.0,test,1.2323461613012314,1.2302152704152445,0.002130890885986947,heldout_section
D00_S1_C004_T024,D00,D00_S1,fibroblast,24.0,test,2.5269558111286488,2.5479417226124954,-0.020985911483846653,heldout_section
D00_S1_C005_T000,D00,D00_S1,t_cell,0.0,test,0.5385589201992457,0.5405948608473294,-0.002035940648083767,heldout_section
D00_S1_C005_T012,D00,D00_S1,t_cell,12.0,test,1.0154701139499007,1.0228104091115375,-0.007340295161636812,heldout_section
D00_S1_C005_T024,D00,D00_S1,t_cell,24.0,test,2.312972231169286,2.3270470455621926,-0.014074814392906365,heldout_section
D00_S1_C006_T000,D00,D00_S1,fibroblast,0.0,test,0.7314804335526495,0.7250047447695862,0.00647568878306326,heldout_section
D00_S1_C006_T012,D00,D00_S1,fibroblast,12.0,test,1.2312933393987875,1.231141457838887,0.00015188155990042418,heldout_section
D00_S1_C006_T024,D00,D00_S1,fibroblast,24.0,test,2.547782770264864,2.559163559725668,-0.011380789460803786,heldout_section
D00_S1_C007_T000,D00,D00_S1,macrophage,0.0,test,0.7327001478629429,0.7308870653350465,0.0018130825278963592,heldout_section
D00_S1_C007_T012,D00,D00_S1,macrophage,12.0,test,1.2210284596080365,1.226700234947638,-0.005671775339601393,heldout_section
D00_S1_C007_T024,D00,D00_S1,macrophage,24.0,test,2.480565347005306,2.513790767736816,-0.033225420731509914,heldout_section
D00_S1_C008_T000,D00,D00_S1,t_cell,0.0,test,0.6055731313195429,0.5906828303773783,0.014890300942164592,heldout_section
D00_S1_C008_T012,D00,D00_S1,t_cell,12.0,test,1.1671448567854235,1.1575648609529885,0.009579995832434962,heldout_section
D00_S1_C008_T024,D00,D00_S1,t_cell,24.0,test,2.5509512399417544,2.527761553744629,0.023189686197125248,heldout_section
D00_S1_C009_T000,D00,D00_S1,tumor,0.0,test,0.7658720611883251,0.7702531777423687,-0.004381116554043607,heldout_section
D00_S1_C009_T012,D00,D00_S1,tumor,12.0,test,1.2580619464345086,1.2607371636915097,-0.002675217257001039,heldout_section
D00_S1_C009_T024,D00,D00_S1,tumor,24.0,test,2.56569992469588,2.5677902421041603,-0.002090317408280473,heldout_section
D00_S1_C010_T000,D00,D00_S1,fibroblast,0.0,test,0.6544912534421796,0.6518962452677008,0.0025950081744787745,heldout_section
D00_S1_C010_T012,D00,D00_S1,fibroblast,12.0,test,1.1037653923558826,1.1016108199500318,0.0021545724058507076,heldout_section
D00_S1_C010_T024,D00,D00_S1,fibroblast,24.0,test,2.474165449074217,2.4897664740176975,-0.015601024943480368,heldout_section
D00_S1_C011_T000,D00,D00_S1,macrophage,0.0,test,0.7977734629154967,0.793639643968836,0.00413381894666065,heldout_section
D00_S1_C011_T012,D00,D00_S1,macrophage,12.0,test,1.3027417116259015,1.302841853174131,-0.00010014154822957089,heldout_section
D00_S1_C011_T024,D00,D00_S1,macrophage,24.0,test,2.5906628220840915,2.596114553203457,-0.005451731119365366,heldout_section
D00_S1_C012_T000,D00,D00_S1,tumor,0.0,test,0.8714885724833855,0.8699924439914901,0.0014961284918953988,heldout_section
D00_S1_C012_T012,D00,D00_S1,tumor,12.0,test,1.3952225087976704,1.3959418820909772,-0.0007193732933068464,heldout_section
D00_S1_C012_T024,D00,D00_S1,tumor,24.0,test,2.6022088346661376,2.617804753113384,-0.015595918447246504,heldout_section
D00_S1_C013_T000,D00,D00_S1,fibroblast,0.0,test,0.7505477793721251,0.7494625609529639,0.0010852184191612047,heldout_section
D00_S1_C013_T012,D00,D00_S1,fibroblast,12.0,test,1.2552481210367725,1.260554345029982,-0.005306223993209569,heldout_section
D00_S1_C013_T024,D00,D00_S1,fibroblast,24.0,test,2.4681248432759357,2.5040902710981863,-0.03596542782225054,heldout_section
D00_S1_C014_T000,D00,D00_S1,vascular,0.0,test,0.5254630902451047,0.5252706817729024,0.00019240847220236557,heldout_section
D00_S1_C014_T012,D00,D00_S1,vascular,12.0,test,1.0257781484214927,1.0292220151536022,-0.0034438667321095018,heldout_section
D00_S1_C014_T024,D00,D00_S1,vascular,24.0,test,2.415300259281111,2.4211070927367055,-0.005806833455594518,heldout_section
D00_S1_C015_T000,D00,D00_S1,t_cell,0.0,test,0.5917945657320183,0.5879756869798692,0.0038188787521490353,heldout_section
D00_S1_C015_T012,D00,D00_S1,t_cell,12.0,test,1.1145126942109131,1.1142476619800352,0.00026503223087792627,heldout_section
D00_S1_C015_T024,D00,D00_S1,t_cell,24.0,test,2.4682828756462536,2.472687558844544,-0.00440468319829046,heldout_section
D00_S1_C016_T000,D00,D00_S1,t_cell,0.0,test,0.6672957455023016,0.6682230383754104,-0.000927292873108776,heldout_section
D00_S1_C016_T012,D00,D00_S1,t_cell,12.0,test,1.1745870348814764,1.179072082876496,-0.0044850479950195865,heldout_section
D00_S1_C016_T024,D00,D00_S1,t_cell,24.0,test,2.4985938348322607,2.501280720249079,-0.0026868854168182743,heldout_section
D00_S1_C017_T000,D00,D00_S1,tumor,0.0,test,0.7766444565803431,0.7763450509771648,0.00029940560317831544,heldout_section
D00_S1_C017_T012,D00,D00_S1,tumor,12.0,test,1.3341158453512487,1.3370628243392726,-0.002946978988023874,heldout_section
D00_S1_C017_T024,D00,D00_S1,tumor,24.0,test,2.557575158375744,2.615474415027259,-0.057899256651515074,heldout_section
D00_S1_C018_T000,D00,D00_S1,t_cell,0.0,test,0.6480335399958621,0.6435809025671354,0.004452637428726702,heldout_section
D00_S1_C018_T012,D00,D00_S1,t_cell,12.0,test,1.1864507617596334,1.1870382805101791,-0.0005875187505457458,heldout_section
D00_S1_C018_T024,D00,D00_S1,t_cell,24.0,test,2.5318988340177353,2.555606046345099,-0.023707212327363614,heldout_section
D00_S1_C019_T000,D00,D00_S1,tumor,0.0,test,0.7758932405888959,0.7766635346332564,-0.0007702940443605755,heldout_section
D00_S1_C019_T012,D00,D00_S1,tumor,12.0,test,1.2874219079494698,1.2891810961757921,-0.0017591882263223724,heldout_section
D00_S1_C019_T024,D00,D00_S1,tumor,24.0,test,2.579748412572773,2.582026596959242,-0.0022781843864687623,heldout_section
D00_S1_C020_T000,D00,D00_S1,fibroblast,0.0,test,0.7958756990633904,0.7912194232715282,0.00465627579186223,heldout_section
D00_S1_C020_T012,D00,D00_S1,fibroblast,12.0,test,1.334808622094395,1.3358399515791963,-0.0010313294848012244,heldout_section
D00_S1_C020_T024,D00,D00_S1,fibroblast,24.0,test,2.6021327045909883,2.628279632032545,-0.026146927441556667,heldout_section
D00_S1_C021_T000,D00,D00_S1,tumor,0.0,test,0.8107902617451014,0.8172390163922438,-0.006448754647142452,heldout_section
D00_S1_C021_T012,D00,D00_S1,tumor,12.0,test,1.2990518356080611,1.3092689201020338,-0.010217084493972628,heldout_section
D00_S1_C021_T024,D00,D00_S1,tumor,24.0,test,2.5177337266753788,2.5520558197605876,-0.03432209308520884,heldout_section
D00_S1_C022_T000,D00,D00_S1,t_cell,0.0,test,0.6674872424636322,0.6683706214519473,-0.0008833789883150311,heldout_section
D00_S1_C022_T012,D00,D00_S1,t_cell,12.0,test,1.1516335043422816,1.1564297125314535,-0.004796208189171924,heldout_section
D00_S1_C022_T024,D00,D00_S1,t_cell,24.0,test,2.5112387223941357,2.5220663641487464,-0.010827641754610706,heldout_section
D00_S1_C023_T000,D00,D00_S1,fibroblast,0.0,test,0.7489629988702813,0.7379286630836319,0.011034335786649363,heldout_section
D00_S1_C023_T012,D00,D00_S1,fibroblast,12.0,test,1.310123586073835,1.3078390587976474,0.0022845272761875535,heldout_section
D00_S1_C023_T024,D00,D00_S1,fibroblast,24.0,test,2.630660851495866,2.628502069687355,0.0021587818085109234,heldout_section
D00_S1_C024_T000,D00,D00_S1,t_cell,0.0,test,0.6132705303893669,0.6074461606005732,0.005824369788793637,heldout_section
D00_S1_C024_T012,D00,D00_S1,t_cell,12.0,test,1.1033652600954644,1.1016311299838186,0.001734130111645804,heldout_section
D00_S1_C024_T024,D00,D00_S1,t_cell,24.0,test,2.4586733560167935,2.442490855069138,0.016182500947655498,heldout_section
D00_S1_C025_T000,D00,D00_S1,tumor,0.0,test,0.8224425323484758,0.8270971426960059,-0.004654610347530119,heldout_section
D00_S1_C025_T012,D00,D00_S1,tumor,12.0,test,1.3120361985326823,1.3126535445230698,-0.0006173459903875411,heldout_section
D00_S1_C025_T024,D00,D00_S1,tumor,24.0,test,2.5985046952842112,2.5982760919352583,0.000228603348952916,heldout_section
D00_S1_C026_T000,D00,D00_S1,fibroblast,0.0,test,0.7352763958657113,0.7340024208727096,0.0012739749930016364,heldout_section
D00_S1_C026_T012,D00,D00_S1,fibroblast,12.0,test,1.22117240729051,1.2220609412404184,-0.0008885339499085099,heldout_section
D00_S1_C026_T024,D00,D00_S1,fibroblast,24.0,test,2.489185036764467,2.4955149892720945,-0.006329952507627468,heldout_section
D00_S1_C027_T000,D00,D00_S1,t_cell,0.0,test,0.7188006483840892,0.7073394033636681,0.011461245020421118,heldout_section
D00_S1_C027_T012,D00,D00_S1,t_cell,12.0,test,1.322995399566394,1.3207380772235713,0.0022573223428226097,heldout_section
D00_S1_C027_T024,D00,D00_S1,t_cell,24.0,test,2.6242553390279135,2.641324806480464,-0.01706946745255067,heldout_section
D00_S1_C028_T000,D00,D00_S1,macrophage,0.0,test,0.7780009532997143,0.7679417737925599,0.010059179507154403,heldout_section
D00_S1_C028_T012,D00,D00_S1,macrophage,12.0,test,1.28776856887819,1.2834821725028807,0.004286396375309254,heldout_section
D00_S1_C028_T024,D00,D00_S1,macrophage,24.0,test,2.5224703416629506,2.552451164016093,-0.02998082235314259,heldout_section
D00_S1_C029_T000,D00,D00_S1,t_cell,0.0,test,0.6082778858926481,0.6090287966828435,-0.0007509107901954026,heldout_section
D00_S1_C029_T012,D00,D00_S1,t_cell,12.0,test,1.139234030145241,1.1414896855137002,-0.002255655368459175,heldout_section
D00_S1_C029_T024,D00,D00_S1,t_cell,24.0,test,2.48879290691801,2.4725230597393026,0.016269847178707497,heldout_section
D00_S1_C030_T000,D00,D00_S1,tumor,0.0,test,0.8686180598828551,0.8696230902222157,-0.001005030339360613,heldout_section
D00_S1_C030_T012,D00,D00_S1,tumor,12.0,test,1.4273376383309133,1.430972471129964,-0.0036348327990507467,heldout_section
D00_S1_C030_T024,D00,D00_S1,tumor,24.0,test,2.589336663395213,2.615587540914614,-0.02625087751940125,heldout_section
D00_S1_C031_T000,D00,D00_S1,fibroblast,0.0,test,0.6711414109675367,0.6732636791057197,-0.002122268138183059,heldout_section
D00_S1_C031_T012,D00,D00_S1,fibroblast,12.0,test,1.095775170309361,1.1003424775334278,-0.004567307224066841,heldout_section
D00_S1_C031_T024,D00,D00_S1,fibroblast,24.0,test,2.3852094920293947,2.394671006997947,-0.009461514968552187,heldout_section
D00_S1_C032_T000,D00,D00_S1,macrophage,0.0,test,0.7039463716378707,0.7038618036256807,8.456801218992283e-05,heldout_section
D00_S1_C032_T012,D00,D00_S1,macrophage,12.0,test,1.1224205530460618,1.1247570990235576,-0.002336545977495774,heldout_section
D00_S1_C032_T024,D00,D00_S1,macrophage,24.0,test,2.3946032413350196,2.4040287864952012,-0.009425545160181681,heldout_section
D00_S1_C033_T000,D00,D00_S1,t_cell,0.0,test,0.6077913660849066,0.6106073466377235,-0.0028159805528169546,heldout_section
D00_S1_C033_T012,D00,D00_S1,t_cell,12.0,test,1.0535079298988261,1.062679959307481,-0.009172029408654803,heldout_section
D00_S1_C033_T024,D00,D00_S1,t_cell,24.0,test,2.4062700312005525,2.4514530818696976,-0.045183050669145075,heldout_section
D00_S1_C034_T000,D00,D00_S1,vascular,0.0,test,0.4869181670119456,0.48122699261279056,0.005691174399155063,heldout_section
D00_S1_C034_T012,D00,D00_S1,vascular,12.0,test,0.969654710795874,0.9647885145820532,0.004866196213820784,heldout_section
D00_S1_C034_T024,D00,D00_S1,vascular,24.0,test,2.3880990341716606,2.3642925839094913,0.02380645026216932,heldout_section
D00_S1_C035_T000,D00,D00_S1,tumor,0.0,test,0.8182153598106088,0.8281329812216305,-0.009917621411021704,heldout_section
D00_S1_C035_T012,D00,D00_S1,tumor,12.0,test,1.3066573309651903,1.3163407853732785,-0.009683454408088155,heldout_section
D00_S1_C035_T024,D00,D00_S1,tumor,24.0,test,2.504195732164301,2.560645801263164,-0.056450069098862965,heldout_section
D01_S0_C000_T000,D01,D01_S0,fibroblast,0.0,train,0.7055652199806441,0.7012896963281785,0.00427552365246564,heldout_section
D01_S0_C000_T012,D01,D01_S0,fibroblast,12.0,train,1.2979229084155441,1.295024060235519,0.002898848180025171,heldout_section
D01_S0_C000_T024,D01,D01_S0,fibroblast,24.0,train,2.712804850576023,2.6861735376843563,0.02663131289166687,heldout_section
D01_S0_C001_T000,D01,D01_S0,tumor,0.0,train,0.9189165487736222,0.923023806522567,-0.004107257748944826,heldout_section
D01_S0_C001_T012,D01,D01_S0,tumor,12.0,train,1.541684242790354,1.5488155404903665,-0.007131297700012418,heldout_section
D01_S0_C001_T024,D01,D01_S0,tumor,24.0,train,2.7313512250361924,2.751190054116789,-0.019838829080596643,heldout_section
D01_S0_C002_T000,D01,D01_S0,fibroblast,0.0,train,0.7589545737565876,0.7519549148121275,0.006999658944460085,heldout_section
D01_S0_C002_T012,D01,D01_S0,fibroblast,12.0,train,1.3373083437415711,1.3337098969044965,0.0035984468370746647,heldout_section
D01_S0_C002_T024,D01,D01_S0,fibroblast,24.0,train,2.640967578357174,2.6671773461926334,-0.026209767835459363,heldout_section
D01_S0_C003_T000,D01,D01_S0,tumor,0.0,train,0.8343550079570028,0.8325712359125425,0.001783772044460341,heldout_section
D01_S0_C003_T012,D01,D01_S0,tumor,12.0,train,1.4689968228590455,1.4649515044180135,0.004045318441032064,heldout_section
D01_S0_C003_T024,D01,D01_S0,tumor,24.0,train,2.7349011284558564,2.7317841579898707,0.003116970465985691,heldout_section
D01_S0_C004_T000,D01,D01_S0,t_cell,0.0,train,0.6379215449647612,0.6406867272798882,-0.0027651823151270127,heldout_section
D01_S0_C004_T012,D01,D01_S0,t_cell,12.0,train,1.1480419844103926,1.1519512262472758,-0.003909241836883126,heldout_section
D01_S0_C004_T024,D01,D01_S0,t_cell,24.0,train,2.5370523109659144,2.577574283738843,-0.04052197277292846,heldout_section
D01_S0_C005_T000,D01,D01_S0,tumor,0.0,train,0.8967354268462117,0.9094240840946022,-0.012688657248390522,heldout_section
D01_S0_C005_T012,D01,D01_S0,tumor,12.0,train,1.5017235539240847,1.5176841894097164,-0.015960635485631647,heldout_section
D01_S0_C005_T024,D01,D01_S0,tumor,24.0,train,2.6100761962580026,2.674955764830297,-0.06487956857229449,heldout_section
D01_S0_C006_T000,D01,D01_S0,macrophage,0.0,train,0.6683979503863601,0.6639121276576245,0.0044858227287355446,heldout_section
D01_S0_C006_T012,D01,D01_S0,macrophage,12.0,train,1.2639468239035,1.2643410683426375,-0.00039424443913738116,heldout_section
D01_S0_C006_T024,D01,D01_S0,macrophage,24.0,train,2.696906422892164,2.707749519551086,-0.010843096658921691,heldout_section
D01_S0_C007_T000,D01,D01_S0,tumor,0.0,train,0.8489712609348722,0.8523643975214389,-0.003393136586566703,heldout_section
D01_S0_C007_T012,D01,D01_S0,tumor,12.0,train,1.4842310301609998,1.4895364876025519,-0.005305457441552086,heldout_section
D01_S0_C007_T024,D01,D01_S0,tumor,24.0,train,2.7014142219313637,2.711952916771008,-0.010538694839644425,heldout_section
D01_S0_C008_T000,D01,D01_S0,fibroblast,0.0,train,0.6801165820771589,0.6759801175902496,0.004136464486909297,heldout_section
D01_S0_C008_T012,D01,D01_S0,fibroblast,12.0,train,1.2976803675001258,1.2943157098995466,0.003364657600579246,heldout_section
D01_S0_C008_T024,D01,D01_S0,fibroblast,24.0,train,2.708529525299567,2.6862055791852097,0.022323946114357174,heldout_section
D01_S0_C009_T000,D01,D01_S0,tumor,0.0,train,0.8388084755603186,0.8475091141690495,-0.008700638608730937,heldout_section
D01_S0_C009_T012,D01,D01_S0,tumor,12.0,train,1.496416890873208,1.5003365514294493,-0.003919660556241267,heldout_section
D01_S0_C009_T024,D01,D01_S0,tumor,24.0,train,2.7128182041433235,2.689940951526,0.022877252617323318,heldout_section
D01_S0_C010_T000,D01,D01_S0,t_cell,0.0,train,0.6412233739862263,0.6413969888867048,-0.0001736149004785137,heldout_section
D01_S0_C010_T012,D01,D01_S0,t_cell,12.0,train,1.2464846098787017,1.2466779464483926,-0.00019333656969089397,heldout_section
D01_S0_C010_T024,D01,D01_S0,t_cell,24.0,train,2.659380301542096,2.641156244761925,0.018224056780170805,heldout_section
D01_S0_C011_T000,D01,D01_S0,tumor,0.0,train,0.8192877237301973,0.8293832154186952,-0.010095491688497882,heldout_section
D01_S0_C011_T012,D01,D01_S0,tumor,12.0,train,1.4036817751014132,1.415005512944859,-0.011323737843445869,heldout_section
D01_S0_C011_T024,D01,D01_S0,tumor,24.0,train,2.63186797396618,2.6442683692577416,-0.012400395291561672,heldout_section
D01_S0_C012_T000,D01,D01_S0,fibroblast,0.0,train,0.6479417395539414,0.6484617031326914,-0.000519963578749949,heldout_section
D01_S0_C012_T012,D01,D01_S0,fibroblast,12.0,train,1.1081912122303923,1.1079719984003193,0.0002192138300729507,heldout_section
D01_S0_C012_T024,D01,D01_S0,fibroblast,24.0,train,2.50475486948331,2.5172951657464973,-0.012540296263187312,heldout_section
D01_S0_C013_T000,D01,D01_S0,fibroblast,0.0,train,0.8157388975163128,0.8126769968045995,0.0030619007117133057,heldout_section
D01_S0_C013_T012,D01,D01_S0,fibroblast,12.0,train,1.423134107339262,1.4194979503681293,0.0036361569711327313,heldout_section
D01_S0_C013_T024,D01,D01_S0,fibroblast,24.0,train,2.749840185690969,2.7285308898425185,0.02130929584845065,heldout_section
D01_S0_C014_T000,D01,D01_S0,tumor,0.0,train,0.8796855107211276,0.8895903519489994,-0.00990484122787183,heldout_section
D01_S0_C014_T012,D01,D01_S0,tumor,12.0,train,1.505621853743022,1.514337503756733,-0.008715650013711107,heldout_section
D01_S0_C014_T024,D01,D01_S0,tumor,24.0,train,2.6885770579790402,2.726341544017231,-0.037764486038190714,heldout_section
D01_S0_C015_T000,D01,D01_S0,t_cell,0.0,train,0.6818433750431412,0.6826172514393444,-0.000773876396203188,heldout_section
D01_S0_C015_T012,D01,D01_S0,t_cell,12.0,train,1.2166448267149201,1.2179373064798167,-0.001292479764896548,heldout_section
D01_S0_C015_T024,D01,D01_S0,t_cell,24.0,train,2.579300633755997,2.593537939783459,-0.014237306027462093,heldout_section
D01_S0_C016_T000,D01,D01_S0,fibroblast,0.0,train,0.7656235180204628,0.7565897149792764,0.009033803041186395,heldout_section
D01_S0_C016_T012,D01,D01_S0,fibroblast,12.0,train,1.4139835449758587,1.4132996673411486,0.0006838776347100062,heldout_section
D01_S0_C016_T024,D01,D01_S0,fibroblast,24.0,train,2.7665551160977717,2.759189719147169,0.007365396950602676,heldout_section
D01_S0_C017_T000,D01,D01_S0,vascular,0.0,train,0.5771929153842168,0.5769153616320538,0.0002775537521629845,heldout_section
D01_S0_C017_T012,D01,D01_S0,vascular,12.0,train,1.101319758043126,1.1044188272388291,-0.0030990691957031302,heldout_section
D01_S0_C017_T024,D01,D01_S0,vascular,24.0,train,2.5258980921627563,2.5648774554934266,-0.038979363330670314,heldout_section
D01_S0_C018_T000,D01,D01_S0,vascular,0.0,train,0.5999201396242599,0.5995647781308528,0.00035536149340709144,heldout_section
D01_S0_C018_T012,D01,D01_S0,vascular,12.0,train,1.1710783642083813,1.1687929989375772,0.0022853652708041405,heldout_section
D01_S0_C018_T024,D01,D01_S0,vascular,24.0,train,2.58501748283866,2.5872805972512367,-0.002263114412576872,heldout_section
D01_S0_C019_T000,D01,D01_S0,tumor,0.0,train,0.7691666350254407,0.7759421110467453,-0.006775476021304572,heldout_section
D01_S0_C019_T012,D01,D01_S0,tumor,12.0,train,1.335182235885679,1.3380648585852408,-0.0028826226995617432,heldout_section
D01_S0_C019_T024,D01,D01_S0,tumor,24.0,train,2.717890340362125,2.685890917629125,0.03199942273300005,heldout_section
D01_S0_C020_T000,D01,D01_S0,macrophage,0.0,train,0.8009774461306481,0.7966379830238506,0.004339463106797559,heldout_section
D01_S0_C020_T012,D01,D01_S0,macrophage,12.0,train,1.3972385997065337,1.392129782579329,0.005108817127204679,heldout_section
D01_S0_C020_T024,D01,D01_S0,macrophage,24.0,train,2.7598387989821114,2.7368090719892497,0.023029726992861654,heldout_section
D01_S0_C021_T000,D01,D01_S0,vascular,0.0,train,0.6637061426548445,0.6657628955874473,-0.002056752932602768,heldout_section
D01_S0_C021_T012,D01,D01_S0,vascular,12.0,train,1.2269478307425548,1.2282237847658792,-0.001275954023324477,heldout_section
D01_S0_C021_T024,D01,D01_S0,vascular,24.0,train,2.699167318431726,2.6582562717885057,0.04091104664322032,heldout_section
D01_S0_C022_T000,D01,D01_S0,tumor,0.0,train,0.8672918224964513,0.8745012432042385,-0.007209420707787184,heldout_section
D01_S0_C022_T012,D01,D01_S0,tumor,12.0,train,1.497268634734622,1.505802414634702,-0.008533779900079974,heldout_section
D01_S0_C022_T024,D01,D01_S0,tumor,24.0,train,2.7478021233027703,2.755007706936189,-0.007205583633418833,heldout_section
D01_S0_C023_T000,D01,D01_S0,tumor,0.0,train,0.7925357477023944,0.7997611257430661,-0.007225378040671693,heldout_section
D01_S0_C023_T012,D01,D01_S0,tumor,12.0,train,1.3587389008165167,1.3635858735268231,-0.00484697271030643,heldout_section
D01_S0_C023_T024,D01,D01_S0,tumor,24.0,train,2.7071948420558223,2.6859790899911333,0.021215752064688953,heldout_section
D01_S0_C024_T000,D01,D01_S0,t_cell,0.0,train,0.6714323588185735,0.6645448671318324,0.006887491686741187,heldout_section
D01_S0_C024_T012,D01,D01_S0,t_cell,12.0,train,1.3092890553757375,1.302322334215595,0.006966721160142519,heldout_section
D01_S0_C024_T024,D01,D01_S0,t_cell,24.0,train,2.714756671509631,2.6853082207406294,0.0294484507690016,heldout_section
D01_S0_C025_T000,D01,D01_S0,tumor,0.0,train,0.7799212832175506,0.7886631953325918,-0.008741912115041162,heldout_section
D01_S0_C025_T012,D01,D01_S0,tumor,12.0,train,1.37589041831086,1.389124278758501,-0.013233860447640966,heldout_section
D01_S0_C025_T024,D01,D01_S0,tumor,24.0,train,2.5431228027951156,2.577294823211186,-0.03417202041607048,heldout_section
D01_S0_C026_T000,D01,D01_S0,tumor,0.0,train,0.7365212120446164,0.7404974207744215,-0.003976208729805086,heldout_section
D01_S0_C026_T012,D01,D01_S0,tumor,12.0,train,1.3380223054326985,1.3392823892004284,-0.0012600837677299026,heldout_section
D01_S0_C026_T024,D01,D01_S0,tumor,24.0,train,2.6571171756959817,2.649819683211881,0.0072974924841004984,heldout_section
D01_S0_C027_T000,D01,D01_S0,tumor,0.0,train,0.9130183859285549,0.9263416264613171,-0.013323240532762237,heldout_section
D01_S0_C027_T012,D01,D01_S0,tumor,12.0,train,1.487296672757617,1.4995935235286026,-0.012296850770985746,heldout_section
D01_S0_C027_T024,D01,D01_S0,tumor,24.0,train,2.75582483204947,2.7745976080784773,-0.01877277602900751,heldout_section
D01_S0_C028_T000,D01,D01_S0,vascular,0.0,train,0.5343845962293261,0.5336745573673585,0.0007100388619676323,heldout_section
D01_S0_C028_T012,D01,D01_S0,vascular,12.0,train,1.090760288490218,1.0904194288643778,0.00034085962584029517,heldout_section
D01_S0_C028_T024,D01,D01_S0,vascular,24.0,train,2.587364185679257,2.5773833275090756,0.00998085817018124,heldout_section
D01_S0_C029_T000,D01,D01_S0,tumor,0.0,train,0.8863402164988021,0.8938383164348854,-0.007498099936083302,heldout_section
D01_S0_C029_T012,D01,D01_S0,tumor,12.0,train,1.5360100867754194,1.5448481967627667,-0.008838109987347353,heldout_section
D01_S0_C029_T024,D01,D01_S0,tumor,24.0,train,2.7577392040563575,2.7709483134219064,-0.013209109365548866,heldout_section
D01_S0_C030_T000,D01,D01_S0,tumor,0.0,train,0.8586000064770127,0.867664912186554,-0.009064905709541216,heldout_section
D01_S0_C030_T012,D01,D01_S0,tumor,12.0,train,1.4801462104496965,1.4873139204015475,-0.007167709951851009,heldout_section
D01_S0_C030_T024,D01,D01_S0,tumor,24.0,train,2.7343448000829422,2.7359194485092235,-0.0015746484262812999,heldout_section
D01_S0_C031_T000,D01,D01_S0,tumor,0.0,train,0.8658084095030361,0.8755625405439615,-0.009754131040925484,heldout_section
D01_S0_C031_T012,D01,D01_S0,tumor,12.0,train,1.504148486441929,1.5147541270568072,-0.010605640614878231,heldout_section
D01_S0_C031_T024,D01,D01_S0,tumor,24.0,train,2.7714960632376724,2.7756000000000003,-0.004103936762327898,heldout_section
D01_S0_C032_T000,D01,D01_S0,macrophage,0.0,train,0.6397290630603181,0.630673607409474,0.009055455650844091,heldout_section
D01_S0_C032_T012,D01,D01_S0,macrophage,12.0,train,1.2057277780019933,1.1992641074557409,0.006463670546252409,heldout_section
D01_S0_C032_T024,D01,D01_S0,macrophage,24.0,train,2.6630862356728016,2.6515524444908256,0.01153379118197595,heldout_section
D01_S0_C033_T000,D01,D01_S0,fibroblast,0.0,train,0.7528660200969006,0.7469379878072411,0.005928032289659546,heldout_section
D01_S0_C033_T012,D01,D01_S0,fibroblast,12.0,train,1.371245365806218,1.3681609091724858,0.0030844566337322465,heldout_section
D01_S0_C033_T024,D01,D01_S0,fibroblast,24.0,train,2.724084110621658,2.699222425155637,0.024861685466020855,heldout_section
D01_S0_C034_T000,D01,D01_S0,tumor,0.0,train,0.9425491397854112,0.9568926924253138,-0.014343552639902613,heldout_section
D01_S0_C034_T012,D01,D01_S0,tumor,12.0,train,1.5641946984925283,1.5809860732386771,-0.01679137474614878,heldout_section
D01_S0_C034_T024,D01,D01_S0,tumor,24.0,train,2.698677795795791,2.751723093917818,-0.053045298122027074,heldout_section
D01_S0_C035_T000,D01,D01_S0,tumor,0.0,train,0.7918500168145206,0.8002526448960545,-0.008402628081533914,heldout_section
D01_S0_C035_T012,D01,D01_S0,tumor,12.0,train,1.356326419015494,1.36329032629895,-0.006963907283455972,heldout_section
D01_S0_C035_T024,D01,D01_S0,tumor,24.0,train,2.6532515058286315,2.636538171163533,0.0167133346650985,heldout_section
D01_S1_C000_T000,D01,D01_S1,tumor,0.0,validation,0.8163076115515127,0.8228986342656344,-0.006591022714121708,heldout_section
D01_S1_C000_T012,D01,D01_S1,tumor,12.0,validation,1.3841646867438282,1.395315192999446,-0.011150506255617865,heldout_section
D01_S1_C000_T024,D01,D01_S1,tumor,24.0,validation,2.6156350622755355,2.646211580537673,-0.030576518262137586,heldout_section
D01_S1_C001_T000,D01,D01_S1,t_cell,0.0,validation,0.6279530858399793,0.6337595155988318,-0.005806429758852483,heldout_section
D01_S1_C001_T012,D01,D01_S1,t_cell,12.0,validation,1.128607399005394,1.135033788393405,-0.006426389388010989,heldout_section
D01_S1_C001_T024,D01,D01_S1,t_cell,24.0,validation,2.4801684104722006,2.4902602015411976,-0.010091791068997047,heldout_section
D01_S1_C002_T000,D01,D01_S1,fibroblast,0.0,validation,0.648069556728144,0.6574066111931951,-0.009337054465051065,heldout_section
D01_S1_C002_T012,D01,D01_S1,fibroblast,12.0,validation,1.1526457015234226,1.1640085792218073,-0.011362877698384732,heldout_section
D01_S1_C002_T024,D01,D01_S1,fibroblast,24.0,validation,2.4564333962473066,2.4522230334880386,0.004210362759268005,heldout_section
D01_S1_C003_T000,D01,D01_S1,t_cell,0.0,validation,0.5657645805711773,0.570635217070169,-0.004870636498991665,heldout_section
D01_S1_C003_T012,D01,D01_S1,t_cell,12.0,validation,1.048086587923411,1.0543849449668778,-0.006298357043466929,heldout_section
D01_S1_C003_T024,D01,D01_S1,t_cell,24.0,validation,2.4009009611252163,2.4306167280800204,-0.029715766954804046,heldout_section
D01_S1_C004_T000,D01,D01_S1,tumor,0.0,validation,0.9036350270949977,0.917430639791758,-0.013795612696760329,heldout_section
D01_S1_C004_T012,D01,D01_S1,tumor,12.0,validation,1.468207308795929,1.4809589201692746,-0.012751611373345462,heldout_section
D01_S1_C004_T024,D01,D01_S1,tumor,24.0,validation,2.685933946295741,2.7171211304913196,-0.031187184195578865,heldout_section
D01_S1_C005_T000,D01,D01_S1,vascular,0.0,validation,0.6341941718089066,0.6311883848588905,0.003005786950016076,heldout_section
D01_S1_C005_T012,D01,D01_S1,vascular,12.0,validation,1.2195055764269234,1.222496838608678,-0.002991262181754717,heldout_section
D01_S1_C005_T024,D01,D01_S1,vascular,24.0,validation,2.608666707352905,2.5944138707716022,0.01425283658130283,heldout_section
D01_S1_C006_T000,D01,D01_S1,tumor,0.0,validation,0.8279100840958277,0.8413428614354358,-0.013432777339608126,heldout_section
D01_S1_C006_T012,D01,D01_S1,tumor,12.0,validation,1.3778665569097137,1.3916411467530008,-0.013774589843287055,heldout_section
D01_S1_C006_T024,D01,D01_S1,tumor,24.0,validation,2.561459970630606,2.622920667615515,-0.06146069698490919,heldout_section
D01_S1_C007_T000,D01,D01_S1,macrophage,0.0,validation,0.7526795177464447,0.7455511115902629,0.007128406156181821,heldout_section
D01_S1_C007_T012,D01,D01_S1,macrophage,12.0,validation,1.340246735918442,1.3381517678268087,0.0020949680916333424,heldout_section
D01_S1_C007_T024,D01,D01_S1,macrophage,24.0,validation,2.6423504506650994,2.640412385742417,0.0019380649226823365,heldout_section
D01_S1_C008_T000,D01,D01_S1,tumor,0.0,validation,0.7397540503865125,0.7554942537786451,-0.015740203392132557,heldout_section
D01_S1_C008_T012,D01,D01_S1,tumor,12.0,validation,1.2696241432855724,1.2837057971539365,-0.01408165386836413,heldout_section
D01_S1_C008_T024,D01,D01_S1,tumor,24.0,validation,2.5677693099640084,2.6027538130485324,-0.034984503084523944,heldout_section
D01_S1_C009_T000,D01,D01_S1,t_cell,0.0,validation,0.6216236396147611,0.6175622645565346,0.004061375058226457,heldout_section
D01_S1_C009_T012,D01,D01_S1,t_cell,12.0,validation,1.2616590174056879,1.264220308217987,-0.0025612908122991662,heldout_section
D01_S1_C009_T024,D01,D01_S1,t_cell,24.0,validation,2.581620822575196,2.596254956608617,-0.014634134033420843,heldout_section
D01_S1_C010_T000,D01,D01_S1,fibroblast,0.0,validation,0.6464940723621072,0.6388859824298118,0.007608089932295448,heldout_section
D01_S1_C010_T012,D01,D01_S1,fibroblast,12.0,validation,1.1513604925310965,1.145411484934867,0.005949007596229405,heldout_section
D01_S1_C010_T024,D01,D01_S1,fibroblast,24.0,validation,2.6232987326351367,2.621927255819015,0.0013714768161214863,heldout_section
D01_S1_C011_T000,D01,D01_S1,macrophage,0.0,validation,0.6906800211673129,0.6887859193085116,0.0018941018588012337,heldout_section
D01_S1_C011_T012,D01,D01_S1,macrophage,12.0,validation,1.2419005944730803,1.243830209450515,-0.0019296149774346016,heldout_section
D01_S1_C011_T024,D01,D01_S1,macrophage,24.0,validation,2.5360454334817555,2.5872950799017995,-0.05124964642004404,heldout_section
D01_S1_C012_T000,D01,D01_S1,tumor,0.0,validation,0.7641542740848256,0.7826189361718823,-0.01846466208705666,heldout_section
D01_S1_C012_T012,D01,D01_S1,tumor,12.0,validation,1.2356593223706123,1.249546570222093,-0.013887247851480655,heldout_section
D01_S1_C012_T024,D01,D01_S1,tumor,24.0,validation,2.5582278622213757,2.572428538743642,-0.01420067652226642,heldout_section
D01_S1_C013_T000,D01,D01_S1,vascular,0.0,validation,0.5606748625310216,0.5678799792176678,-0.00720511668664614,heldout_section
D01_S1_C013_T012,D01,D01_S1,vascular,12.0,validation,1.0157608620384708,1.025516143563085,-0.009755281524614245,heldout_section
D01_S1_C013_T024,D01,D01_S1,vascular,24.0,validation,2.4112809334975362,2.46150471993544,-0.050223786437903595,heldout_section
D01_S1_C014_T000,D01,D01_S1,tumor,0.0,validation,0.9329490711671853,0.9403846101724048,-0.007435539005219538,heldout_section
D01_S1_C014_T012,D01,D01_S1,tumor,12.0,validation,1.5485890127060404,1.5559694063425593,-0.007380393636518878,heldout_section
D01_S1_C014_T024,D01,D01_S1,tumor,24.0,validation,2.686278381152503,2.7284588288942726,-0.042180447741769544,heldout_section
D01_S1_C015_T000,D01,D01_S1,t_cell,0.0,validation,0.5660964560306134,0.5689187572067875,-0.0028223011761741024,heldout_section
D01_S1_C015_T012,D01,D01_S1,t_cell,12.0,validation,1.070123787083584,1.0719171487006691,-0.0017933616170850986,heldout_section
D01_S1_C015_T024,D01,D01_S1,t_cell,24.0,validation,2.4843307435321216,2.4862862046648084,-0.001955461132686853,heldout_section
D01_S1_C016_T000,D01,D01_S1,tumor,0.0,validation,0.7513881301489196,0.7638590608946217,-0.012470930745702158,heldout_section
D01_S1_C016_T012,D01,D01_S1,tumor,12.0,validation,1.3200561593789661,1.330799470665699,-0.010743311286732782,heldout_section
D01_S1_C016_T024,D01,D01_S1,tumor,24.0,validation,2.536728229245271,2.572209551158333,-0.0354813219130623,heldout_section
D01_S1_C017_T000,D01,D01_S1,fibroblast,0.0,validation,0.7379754340053377,0.74601244980698,-0.008037015801642289,heldout_section
D01_S1_C017_T012,D01,D01_S1,fibroblast,12.0,validation,1.1880328637634048,1.1985036103546207,-0.01047074659121594,heldout_section
D01_S1_C017_T024,D01,D01_S1,fibroblast,24.0,validation,2.482033918854784,2.5353360427568057,-0.05330212390202149,heldout_section
D01_S1_C018_T000,D01,D01_S1,t_cell,0.0,validation,0.4504990585043615,0.4492742459252299,0.0012248125791315956,heldout_section
D01_S1_C018_T012,D01,D01_S1,t_cell,12.0,validation,0.9586906044793493,0.9523709911881169,0.006319613291232429,heldout_section
D01_S1_C018_T024,D01,D01_S1,t_cell,24.0,validation,2.4433321226066402,2.425740984143678,0.01759113846296234,heldout_section
D01_S1_C019_T000,D01,D01_S1,t_cell,0.0,validation,0.6054462502422009,0.6091793037266896,-0.003733053484488713,heldout_section
D01_S1_C019_T012,D01,D01_S1,t_cell,12.0,validation,1.1196830723972333,1.1278054842586192,-0.008122411861385848,heldout_section
D01_S1_C019_T024,D01,D01_S1,t_cell,24.0,validation,2.445362379297069,2.476899863305817,-0.031537484008747896,heldout_section
D01_S1_C020_T000,D01,D01_S1,t_cell,0.0,validation,0.6668277446654041,0.6692423570519297,-0.0024146123865256275,heldout_section
D01_S1_C020_T012,D01,D01_S1,t_cell,12.0,validation,1.1998421351990476,1.205779962995491,-0.005937827796443473,heldout_section
D01_S1_C020_T024,D01,D01_S1,t_cell,24.0,validation,2.471836470006722,2.522119670131642,-0.05028320012492005,heldout_section
D01_S1_C021_T000,D01,D01_S1,macrophage,0.0,validation,0.697452611512784,0.6998277486028244,-0.0023751370900403357,heldout_section
D01_S1_C021_T012,D01,D01_S1,macrophage,12.0,validation,1.2136290659956204,1.2182527569669308,-0.004623690971310435,heldout_section
D01_S1_C021_T024,D01,D01_S1,macrophage,24.0,validation,2.506701003256908,2.510918148544771,-0.004217145287862767,heldout_section
D01_S1_C022_T000,D01,D01_S1,t_cell,0.0,validation,0.49913174164360574,0.5034179852879713,-0.004286243644365584,heldout_section
D01_S1_C022_T012,D01,D01_S1,t_cell,12.0,validation,1.0110552485475743,1.0181769586505662,-0.007121710102991896,heldout_section
D01_S1_C022_T024,D01,D01_S1,t_cell,24.0,validation,2.360420440593394,2.3690189064968252,-0.008598465903431052,heldout_section
D01_S1_C023_T000,D01,D01_S1,tumor,0.0,validation,0.7696529003206227,0.7804550949102115,-0.010802194589588754,heldout_section
D01_S1_C023_T012,D01,D01_S1,tumor,12.0,validation,1.319338732446825,1.3317666199016596,-0.012427887454834474,heldout_section
D01_S1_C023_T024,D01,D01_S1,tumor,24.0,validation,2.592539607124486,2.6274115920592074,-0.03487198493472121,heldout_section
D01_S1_C024_T000,D01,D01_S1,tumor,0.0,validation,0.8487194745647895,0.8581694644081034,-0.00944998984331391,heldout_section
D01_S1_C024_T012,D01,D01_S1,tumor,12.0,validation,1.4497256122805648,1.4615310025774306,-0.011805390296865781,heldout_section
D01_S1_C024_T024,D01,D01_S1,tumor,24.0,validation,2.6040698787796797,2.647306497664725,-0.043236618885045264,heldout_section
D01_S1_C025_T000,D01,D01_S1,t_cell,0.0,validation,0.7713881740874582,0.7737558147114034,-0.002367640623945233,heldout_section
D01_S1_C025_T012,D01,D01_S1,t_cell,12.0,validation,1.362659499931772,1.370875606976618,-0.008216107044845877,heldout_section
D01_S1_C025_T024,D01,D01_S1,t_cell,24.0,validation,2.668063074855272,2.679043693586331,-0.010980618731059266,heldout_section
D01_S1_C026_T000,D01,D01_S1,fibroblast,0.0,validation,0.6615583704245448,0.6607030768118093,0.0008552936127355082,heldout_section
D01_S1_C026_T012,D01,D01_S1,fibroblast,12.0,validation,1.2106481198544168,1.2138263456639378,-0.0031782258095209848,heldout_section
D01_S1_C026_T024,D01,D01_S1,fibroblast,24.0,validation,2.57455452447638,2.5870299303562,-0.012475405879819768,heldout_section
D01_S1_C027_T000,D01,D01_S1,fibroblast,0.0,validation,0.7241146559754817,0.7242937499488458,-0.00017909397336401955,heldout_section
D01_S1_C027_T012,D01,D01_S1,fibroblast,12.0,validation,1.2321780066828654,1.2390563358525917,-0.006878329169726305,heldout_section
D01_S1_C027_T024,D01,D01_S1,fibroblast,24.0,validation,2.58827203557514,2.603190101057067,-0.014918065481926757,heldout_section
D01_S1_C028_T000,D01,D01_S1,fibroblast,0.0,validation,0.7509686601959505,0.7499380338645182,0.0010306263314323605,heldout_section
D01_S1_C028_T012,D01,D01_S1,fibroblast,12.0,validation,1.3412338645370598,1.341084468939663,0.0001493955973967953,heldout_section
D01_S1_C028_T024,D01,D01_S1,fibroblast,24.0,validation,2.644775910322104,2.645922248055046,-0.0011463377329419266,heldout_section
D01_S1_C029_T000,D01,D01_S1,macrophage,0.0,validation,0.7294832234346513,0.7261511135767444,0.003332109857906884,heldout_section
D01_S1_C029_T012,D01,D01_S1,macrophage,12.0,validation,1.2870777386565435,1.2898256188036148,-0.00274788014707128,heldout_section
D01_S1_C029_T024,D01,D01_S1,macrophage,24.0,validation,2.595461103623457,2.61117216406075,-0.01571106043729298,heldout_section
D01_S1_C030_T000,D01,D01_S1,macrophage,0.0,validation,0.7854925262627488,0.7790381782001954,0.0064543480625534055,heldout_section
D01_S1_C030_T012,D01,D01_S1,macrophage,12.0,validation,1.341969109187205,1.339345639477975,0.0026234697092299974,heldout_section
D01_S1_C030_T024,D01,D01_S1,macrophage,24.0,validation,2.644831109567074,2.639955756529636,0.004875353037438135,heldout_section
D01_S1_C031_T000,D01,D01_S1,macrophage,0.0,validation,0.7623788751349232,0.7577950960303537,0.00458377910456953,heldout_section
D01_S1_C031_T012,D01,D01_S1,macrophage,12.0,validation,1.308952090753813,1.3108078591277985,-0.001855768373985489,heldout_section
D01_S1_C031_T024,D01,D01_S1,macrophage,24.0,validation,2.577777582979198,2.5984195548093143,-0.02064197183011629,heldout_section
D01_S1_C032_T000,D01,D01_S1,vascular,0.0,validation,0.592367679609577,0.6010430665764788,-0.008675386966901732,heldout_section
D01_S1_C032_T012,D01,D01_S1,vascular,12.0,validation,1.0720640930995242,1.0802819606489236,-0.00821786754939935,heldout_section
D01_S1_C032_T024,D01,D01_S1,vascular,24.0,validation,2.4224929756844613,2.4727007066409348,-0.05020773095647346,heldout_section
D01_S1_C033_T000,D01,D01_S1,fibroblast,0.0,validation,0.7536230074363894,0.7582923226233942,-0.004669315187004752,heldout_section
D01_S1_C033_T012,D01,D01_S1,fibroblast,12.0,validation,1.3392080900737324,1.349400254221748,-0.010192164148015603,heldout_section
D01_S1_C033_T024,D01,D01_S1,fibroblast,24.0,validation,2.5315149529088106,2.5814550647734715,-0.04994011186466096,heldout_section
D01_S1_C034_T000,D01,D01_S1,tumor,0.0,validation,0.8845858748894706,0.8978318881712466,-0.013246013281775992,heldout_section
D01_S1_C034_T012,D01,D01_S1,tumor,12.0,validation,1.4188074093111236,1.4325868532808232,-0.013779443969699656,heldout_section
D01_S1_C034_T024,D01,D01_S1,tumor,24.0,validation,2.640784233669338,2.67049699401645,-0.0297127603471119,heldout_section
D01_S1_C035_T000,D01,D01_S1,tumor,0.0,validation,0.775200965927175,0.7879295751278192,-0.012728609200644225,heldout_section
D01_S1_C035_T012,D01,D01_S1,tumor,12.0,validation,1.35884548394715,1.3705606159604686,-0.011715132013318641,heldout_section
D01_S1_C035_T024,D01,D01_S1,tumor,24.0,validation,2.556428952944609,2.5920556894481055,-0.03562673650349657,heldout_section
D02_S0_C000_T000,D02,D02_S0,fibroblast,0.0,train,0.5992221629250672,0.595793624241735,0.0034285386833322606,heldout_section
D02_S0_C000_T012,D02,D02_S0,fibroblast,12.0,train,1.0040787199781127,1.0049590383900964,-0.0008803184119836605,heldout_section
D02_S0_C000_T024,D02,D02_S0,fibroblast,24.0,train,2.326735333297371,2.331643924608632,-0.004908591311261201,heldout_section
D02_S0_C001_T000,D02,D02_S0,t_cell,0.0,train,0.5044868325350832,0.504619761165995,-0.00013292863091185492,heldout_section
D02_S0_C001_T012,D02,D02_S0,t_cell,12.0,train,0.8938688800470591,0.900861285723507,-0.006992405676447877,heldout_section
D02_S0_C001_T024,D02,D02_S0,t_cell,24.0,train,2.242787179685069,2.2555015711607123,-0.01271439147564335,heldout_section
D02_S0_C002_T000,D02,D02_S0,macrophage,0.0,train,0.6416108120163596,0.6395904152395034,0.0020203967768561704,heldout_section
D02_S0_C002_T012,D02,D02_S0,macrophage,12.0,train,1.0438702873486676,1.0501555883196376,-0.00628530097097002,heldout_section
D02_S0_C002_T024,D02,D02_S0,macrophage,24.0,train,2.3593637310776976,2.383607587104708,-0.024243856027010402,heldout_section
D02_S0_C003_T000,D02,D02_S0,fibroblast,0.0,train,0.6013313531872845,0.5901614139178292,0.011169939269455309,heldout_section
D02_S0_C003_T012,D02,D02_S0,fibroblast,12.0,train,1.094416376439815,1.0954393532316173,-0.0010229767918024102,heldout_section
D02_S0_C003_T024,D02,D02_S0,fibroblast,24.0,train,2.4571616694831455,2.479327969188726,-0.022166299705580705,heldout_section
D02_S0_C004_T000,D02,D02_S0,fibroblast,0.0,train,0.6204359583429787,0.6099600029893039,0.010475955353674848,heldout_section
D02_S0_C004_T012,D02,D02_S0,fibroblast,12.0,train,1.0951957854072294,1.0923146610024992,0.0028811244047302065,heldout_section
D02_S0_C004_T024,D02,D02_S0,fibroblast,24.0,train,2.5145276380580825,2.508306784168784,0.006220853889298716,heldout_section
D02_S0_C005_T000,D02,D02_S0,vascular,0.0,train,0.5450092038502906,0.5458961281861145,-0.0008869243358239354,heldout_section
D02_S0_C005_T012,D02,D02_S0,vascular,12.0,train,0.974894322689809,0.9848247289078306,-0.009930406218021548,heldout_section
D02_S0_C005_T024,D02,D02_S0,vascular,24.0,train,2.3116267490719986,2.3407070294764005,-0.029080280404401915,heldout_section
D02_S0_C006_T000,D02,D02_S0,macrophage,0.0,train,0.5900606918310423,0.5855363155966984,0.004524376234343874,heldout_section
D02_S0_C006_T012,D02,D02_S0,macrophage,12.0,train,1.0170595127189828,1.0148994895758823,0.002160023143100487,heldout_section
D02_S0_C006_T024,D02,D02_S0,macrophage,24.0,train,2.2701140930244743,2.3076769292503037,-0.037562836225829344,heldout_section
D02_S0_C007_T000,D02,D02_S0,tumor,0.0,train,0.7574372578650925,0.7597614132844854,-0.0023241554193929037,heldout_section
D02_S0_C007_T012,D02,D02_S0,tumor,12.0,train,1.253087442246404,1.2606291362076512,-0.007541693961247153,heldout_section
D02_S0_C007_T024,D02,D02_S0,tumor,24.0,train,2.614710610292646,2.630552933842869,-0.015842323550223192,heldout_section
D02_S0_C008_T000,D02,D02_S0,t_cell,0.0,train,0.41498953938582195,0.4204025711497874,-0.005413031763965459,heldout_section
D02_S0_C008_T012,D02,D02_S0,t_cell,12.0,train,0.7204070429864653,0.7235939915527068,-0.0031869485662414654,heldout_section
D02_S0_C008_T024,D02,D02_S0,t_cell,24.0,train,1.9545391195353838,1.956632850878417,-0.002093731343033145,heldout_section
D02_S0_C009_T000,D02,D02_S0,tumor,0.0,train,0.7611510228874918,0.7688622477803205,-0.007711224892828716,heldout_section
D02_S0_C009_T012,D02,D02_S0,tumor,12.0,train,1.2287958544144983,1.240228460238129,-0.011432605823630704,heldout_section
D02_S0_C009_T024,D02,D02_S0,tumor,24.0,train,2.5681892909494994,2.6045062509790764,-0.03631696002957696,heldout_section
D02_S0_C010_T000,D02,D02_S0,tumor,0.0,train,0.8001417598285554,0.8024511992292094,-0.0023094394006539787,heldout_section
D02_S0_C010_T012,D02,D02_S0,tumor,12.0,train,1.2689502149367327,1.276012645558932,-0.007062430622199356,heldout_section
D02_S0_C010_T024,D02,D02_S0,tumor,24.0,train,2.5426432053073977,2.5810898993352844,-0.038446694027886696,heldout_section
D02_S0_C011_T000,D02,D02_S0,tumor,0.0,train,0.6906687232243235,0.7021245179203679,-0.011455794696044408,heldout_section
D02_S0_C011_T012,D02,D02_S0,tumor,12.0,train,1.130776085645159,1.1424873896198395,-0.011711303974680565,heldout_section
D02_S0_C011_T024,D02,D02_S0,tumor,24.0,train,2.420744550416909,2.454790960216271,-0.03404640979936202,heldout_section
D02_S0_C012_T000,D02,D02_S0,macrophage,0.0,train,0.7165268694465403,0.7074350096636056,0.009091859782934697,heldout_section
D02_S0_C012_T012,D02,D02_S0,macrophage,12.0,train,1.1877757127775794,1.1894071896478076,-0.0016314768702281324,heldout_section
D02_S0_C012_T024,D02,D02_S0,macrophage,24.0,train,2.4973475220457497,2.526565219305732,-0.029217697259982245,heldout_section
D02_S0_C013_T000,D02,D02_S0,tumor,0.0,train,0.6260289753991126,0.6332377489449357,-0.007208773545823055,heldout_section
D02_S0_C013_T012,D02,D02_S0,tumor,12.0,train,1.0507591491973085,1.0560546420007475,-0.005295492803438995,heldout_section
D02_S0_C013_T024,D02,D02_S0,tumor,24.0,train,2.349716665203046,2.3543594395247003,-0.004642774321654386,heldout_section
D02_S0_C014_T000,D02,D02_S0,t_cell,0.0,train,0.4835470200380602,0.4840753320424031,-0.0005283120043428902,heldout_section
D02_S0_C014_T012,D02,D02_S0,t_cell,12.0,train,0.8608231615560645,0.869485885527118,-0.008662723971053499,heldout_section
D02_S0_C014_T024,D02,D02_S0,t_cell,24.0,train,2.1562047726537585,2.167939918012246,-0.011735145358487298,heldout_section
D02_S0_C015_T000,D02,D02_S0,tumor,0.0,train,0.8622011456019426,0.8643878750262014,-0.002186729424258793,heldout_section
D02_S0_C015_T012,D02,D02_S0,tumor,12.0,train,1.367976040690528,1.3713959401332225,-0.003419899442694607,heldout_section
D02_S0_C015_T024,D02,D02_S0,tumor,24.0,train,2.6349657763439382,2.6523355626582363,-0.017369786314298086,heldout_section
D02_S0_C016_T000,D02,D02_S0,macrophage,0.0,train,0.7237019775342726,0.7176955408444998,0.006006436689772743,heldout_section
D02_S0_C016_T012,D02,D02_S0,macrophage,12.0,train,1.185428054177414,1.1904116195538257,-0.004983565376411647,heldout_section
D02_S0_C016_T024,D02,D02_S0,macrophage,24.0,train,2.528284265273291,2.5595840880623655,-0.031299822789074394,heldout_section
D02_S0_C017_T000,D02,D02_S0,macrophage,0.0,train,0.8364061327818034,0.8382554114054134,-0.0018492786236099512,heldout_section
D02_S0_C017_T012,D02,D02_S0,macrophage,12.0,train,1.3334207017123019,1.3470373586528384,-0.013616656940536487,heldout_section
D02_S0_C017_T024,D02,D02_S0,macrophage,24.0,train,2.5539222681949143,2.616143989840075,-0.0622217216451606,heldout_section
D02_S0_C018_T000,D02,D02_S0,macrophage,0.0,train,0.753766682617073,0.7448767895922241,0.008889893024848883,heldout_section
D02_S0_C018_T012,D02,D02_S0,macrophage,12.0,train,1.2414979535139852,1.24260221689105,-0.001104263377064818,heldout_section
D02_S0_C018_T024,D02,D02_S0,macrophage,24.0,train,2.5790149503212247,2.596290087407865,-0.017275137086640413,heldout_section
D02_S0_C019_T000,D02,D02_S0,tumor,0.0,train,0.6633746347026224,0.6670126538546008,-0.0036380191519784777,heldout_section
D02_S0_C019_T012,D02,D02_S0,tumor,12.0,train,1.050339432483197,1.0529364429806995,-0.0025970104975026054,heldout_section
D02_S0_C019_T024,D02,D02_S0,tumor,24.0,train,2.366952945512637,2.3633214556041655,0.003631489908471508,heldout_section
D02_S0_C020_T000,D02,D02_S0,fibroblast,0.0,train,0.6632768016639575,0.6610511432208023,0.002225658443155254,heldout_section
D02_S0_C020_T012,D02,D02_S0,fibroblast,12.0,train,1.0635628702041973,1.0653522240584605,-0.0017893538542632648,heldout_section
D02_S0_C020_T024,D02,D02_S0,fibroblast,24.0,train,2.436482819525035,2.447399508848612,-0.010916689323576811,heldout_section
D02_S0_C021_T000,D02,D02_S0,vascular,0.0,train,0.5752949697167078,0.572533823068318,0.0027611466483897784,heldout_section
D02_S0_C021_T012,D02,D02_S0,vascular,12.0,train,0.9744746894495802,0.9769463376076226,-0.002471648158042461,heldout_section
D02_S0_C021_T024,D02,D02_S0,vascular,24.0,train,2.3836864400017075,2.408551061219219,-0.02486462121751165,heldout_section
D02_S0_C022_T000,D02,D02_S0,tumor,0.0,train,0.7242629874441832,0.7191171380092214,0.005145849434961769,heldout_section
D02_S0_C022_T012,D02,D02_S0,tumor,12.0,train,1.2090331324771524,1.206073555439516,0.002959577037636274,heldout_section
D02_S0_C022_T024,D02,D02_S0,tumor,24.0,train,2.5630722042970704,2.5632762383391605,-0.00020403404209012876,heldout_section
D02_S0_C023_T000,D02,D02_S0,macrophage,0.0,train,0.5879001567252643,0.592285502214769,-0.004385345489504755,heldout_section
D02_S0_C023_T012,D02,D02_S0,macrophage,12.0,train,0.964909005914152,0.9667284998164867,-0.0018194939023347123,heldout_section
D02_S0_C023_T024,D02,D02_S0,macrophage,24.0,train,2.1502106190982038,2.168894833765335,-0.018684214667131105,heldout_section
D02_S0_C024_T000,D02,D02_S0,tumor,0.0,train,0.7581012576304009,0.7626231169482383,-0.004521859317837329,heldout_section
D02_S0_C024_T012,D02,D02_S0,tumor,12.0,train,1.1938458537714143,1.1967276056721525,-0.0028817519007382497,heldout_section
D02_S0_C024_T024,D02,D02_S0,tumor,24.0,train,2.474535781048599,2.489551165628898,-0.015015384580299163,heldout_section
D02_S0_C025_T000,D02,D02_S0,fibroblast,0.0,train,0.6295450692234972,0.6366706835757922,-0.007125614352294973,heldout_section
D02_S0_C025_T012,D02,D02_S0,fibroblast,12.0,train,0.9339687249916282,0.9396712984707256,-0.005702573479097417,heldout_section
D02_S0_C025_T024,D02,D02_S0,fibroblast,24.0,train,2.1991136803381943,2.213536174025155,-0.014422493686960802,heldout_section
D02_S0_C026_T000,D02,D02_S0,macrophage,0.0,train,0.632175364620718,0.6299400055504814,0.002235359070236642,heldout_section
D02_S0_C026_T012,D02,D02_S0,macrophage,12.0,train,1.0676341377709195,1.075461464584537,-0.00782732681361753,heldout_section
D02_S0_C026_T024,D02,D02_S0,macrophage,24.0,train,2.299137391750023,2.3544139958681662,-0.05527660411814317,heldout_section
D02_S0_C027_T000,D02,D02_S0,tumor,0.0,train,0.7987929880309858,0.802347849730881,-0.003554861699895273,heldout_section
D02_S0_C027_T012,D02,D02_S0,tumor,12.0,train,1.256049939196884,1.2620803974191723,-0.006030458222288315,heldout_section
D02_S0_C027_T024,D02,D02_S0,tumor,24.0,train,2.544300808607419,2.5627588330883886,-0.01845802448096956,heldout_section
D02_S0_C028_T000,D02,D02_S0,macrophage,0.0,train,0.6584115919894385,0.6542570062692801,0.004154585720158477,heldout_section
D02_S0_C028_T012,D02,D02_S0,macrophage,12.0,train,1.096199063529842,1.0995632843456404,-0.0033642208157984577,heldout_section
D02_S0_C028_T024,D02,D02_S0,macrophage,24.0,train,2.401294924248357,2.410202781057983,-0.008907856809626136,heldout_section
D02_S0_C029_T000,D02,D02_S0,tumor,0.0,train,0.7342048375153427,0.739055781290767,-0.004850943775424277,heldout_section
D02_S0_C029_T012,D02,D02_S0,tumor,12.0,train,1.1679131601165715,1.1728178504018887,-0.004904690285317148,heldout_section
D02_S0_C029_T024,D02,D02_S0,tumor,24.0,train,2.5184262630219063,2.5244155192114075,-0.005989256189501191,heldout_section
D02_S0_C030_T000,D02,D02_S0,tumor,0.0,train,0.7604038573449498,0.763184581925624,-0.002780724580674243,heldout_section
D02_S0_C030_T012,D02,D02_S0,tumor,12.0,train,1.200755669592198,1.2004550706166925,0.00030059897550538395,heldout_section
D02_S0_C030_T024,D02,D02_S0,tumor,24.0,train,2.563762714484445,2.590020737215309,-0.02625802273086375,heldout_section
D02_S0_C031_T000,D02,D02_S0,t_cell,0.0,train,0.5689909411728379,0.5620498732990487,0.006941067873789231,heldout_section
D02_S0_C031_T012,D02,D02_S0,t_cell,12.0,train,1.0382316451029598,1.03794578269364,0.00028586240931982587,heldout_section
D02_S0_C031_T024,D02,D02_S0,t_cell,24.0,train,2.527038219722832,2.532336427838886,-0.005298208116053971,heldout_section
D02_S0_C032_T000,D02,D02_S0,tumor,0.0,train,0.8114805966438176,0.8241658844881028,-0.012685287844285242,heldout_section
D02_S0_C032_T012,D02,D02_S0,tumor,12.0,train,1.2301623828304729,1.2443363099055618,-0.01417392707508891,heldout_section
D02_S0_C032_T024,D02,D02_S0,tumor,24.0,train,2.5226582008721996,2.5532132596750228,-0.030555058802823165,heldout_section
D02_S0_C033_T000,D02,D02_S0,fibroblast,0.0,train,0.6092244037326778,0.5989250024936434,0.01029940123903439,heldout_section
D02_S0_C033_T012,D02,D02_S0,fibroblast,12.0,train,1.06513883892096,1.0639630910709275,0.0011757478500324936,heldout_section
D02_S0_C033_T024,D02,D02_S0,fibroblast,24.0,train,2.4238660367514107,2.4318125050274237,-0.007946468276013086,heldout_section
D02_S0_C034_T000,D02,D02_S0,fibroblast,0.0,train,0.617673508317064,0.6187583413575886,-0.0010848330405245354,heldout_section
D02_S0_C034_T012,D02,D02_S0,fibroblast,12.0,train,1.0398437608363054,1.0484938189095496,-0.00865005807324426,heldout_section
D02_S0_C034_T024,D02,D02_S0,fibroblast,24.0,train,2.3075040485870444,2.3759095125722225,-0.0684054639851781,heldout_section
D02_S0_C035_T000,D02,D02_S0,macrophage,0.0,train,0.6489624720810003,0.6340883359623242,0.014874136118676162,heldout_section
D02_S0_C035_T012,D02,D02_S0,macrophage,12.0,train,1.1437718825175969,1.1423524655659267,0.0014194169516701383,heldout_section
D02_S0_C035_T024,D02,D02_S0,macrophage,24.0,train,2.5220294197022874,2.536644016465576,-0.014614596763288468,heldout_section
D02_S1_C000_T000,D02,D02_S1,tumor,0.0,train,0.7467353808604892,0.7494031986217421,-0.002667817761252911,heldout_section
D02_S1_C000_T012,D02,D02_S1,tumor,12.0,train,1.1998867942794587,1.2053475996879945,-0.005460805408535885,heldout_section
D02_S1_C000_T024,D02,D02_S1,tumor,24.0,train,2.5251677722749903,2.5509398998304715,-0.025772127555481195,heldout_section
D02_S1_C001_T000,D02,D02_S1,fibroblast,0.0,train,0.7238883056501129,0.7180856202048762,0.005802685445236655,heldout_section
D02_S1_C001_T012,D02,D02_S1,fibroblast,12.0,train,1.1924814332735756,1.1940495915005753,-0.0015681582269997385,heldout_section
D02_S1_C001_T024,D02,D02_S1,fibroblast,24.0,train,2.5488162970344646,2.5607066636233786,-0.01189036658891407,heldout_section
D02_S1_C002_T000,D02,D02_S1,vascular,0.0,train,0.5555165622865638,0.5552890750565234,0.00022748723004040183,heldout_section
D02_S1_C002_T012,D02,D02_S1,vascular,12.0,train,0.9597722473074336,0.9614485703281066,-0.0016763230206729984,heldout_section
D02_S1_C002_T024,D02,D02_S1,vascular,24.0,train,2.3706310676262725,2.378189349754589,-0.007558282128316662,heldout_section
D02_S1_C003_T000,D02,D02_S1,tumor,0.0,train,0.6457592718854007,0.6497566546255317,-0.00399738274013095,heldout_section
D02_S1_C003_T012,D02,D02_S1,tumor,12.0,train,1.0962221231514482,1.0984562650923368,-0.0022341419408886676,heldout_section
D02_S1_C003_T024,D02,D02_S1,tumor,24.0,train,2.415183623637016,2.407587003433066,0.007596620203949911,heldout_section
D02_S1_C004_T000,D02,D02_S1,fibroblast,0.0,train,0.612151508926734,0.6066905124883151,0.005460996438418908,heldout_section
D02_S1_C004_T012,D02,D02_S1,fibroblast,12.0,train,1.046238310953738,1.04416188865554,0.002076422298198155,heldout_section
D02_S1_C004_T024,D02,D02_S1,fibroblast,24.0,train,2.4243876650986906,2.4152176860367063,0.009169979061984357,heldout_section
D02_S1_C005_T000,D02,D02_S1,tumor,0.0,train,0.6322081232903066,0.6364154768917889,-0.004207353601482278,heldout_section
D02_S1_C005_T012,D02,D02_S1,tumor,12.0,train,1.0907750765251318,1.098049442448709,-0.0072743659235772196,heldout_section
D02_S1_C005_T024,D02,D02_S1,tumor,24.0,train,2.3981493085699337,2.4230774340934875,-0.024928125523553835,heldout_section
D02_S1_C006_T000,D02,D02_S1,tumor,0.0,train,0.7464220723333637,0.7514116681913008,-0.004989595857937124,heldout_section
D02_S1_C006_T012,D02,D02_S1,tumor,12.0,train,1.2141109450728218,1.2223237789971433,-0.008212833924321483,heldout_section
D02_S1_C006_T024,D02,D02_S1,tumor,24.0,train,2.509098997938528,2.5163237001580407,-0.0072247022195126576,heldout_section
D02_S1_C007_T000,D02,D02_S1,macrophage,0.0,train,0.7152676349797971,0.7033730598184545,0.011894575161342513,heldout_section
D02_S1_C007_T012,D02,D02_S1,macrophage,12.0,train,1.177742366701702,1.1741086210823415,0.0036337456193604734,heldout_section
D02_S1_C007_T024,D02,D02_S1,macrophage,24.0,train,2.5541297788439414,2.544279551626414,0.009850227217527596,heldout_section
D02_S1_C008_T000,D02,D02_S1,fibroblast,0.0,train,0.6419783564931267,0.6407396801381873,0.0012386763549394608,heldout_section
D02_S1_C008_T012,D02,D02_S1,fibroblast,12.0,train,0.982124512301118,0.9859467697053275,-0.0038222574042094948,heldout_section
D02_S1_C008_T024,D02,D02_S1,fibroblast,24.0,train,2.30724436975259,2.3280659897224827,-0.020821619969892513,heldout_section
D02_S1_C009_T000,D02,D02_S1,tumor,0.0,train,0.7408161215106007,0.7512999123409884,-0.01048379083038764,heldout_section
D02_S1_C009_T012,D02,D02_S1,tumor,12.0,train,1.1878064212212907,1.2011799471208175,-0.013373525899526895,heldout_section
D02_S1_C009_T024,D02,D02_S1,tumor,24.0,train,2.46910009387466,2.497585318860768,-0.028485224986107838,heldout_section
D02_S1_C010_T000,D02,D02_S1,t_cell,0.0,train,0.5444888262863059,0.5456288870846663,-0.001140060798360376,heldout_section
D02_S1_C010_T012,D02,D02_S1,t_cell,12.0,train,0.9300091328344451,0.9311695894519749,-0.001160456617529837,heldout_section
D02_S1_C010_T024,D02,D02_S1,t_cell,24.0,train,2.312159450178147,2.3141434343591265,-0.001983984180979448,heldout_section
D02_S1_C011_T000,D02,D02_S1,vascular,0.0,train,0.4746562817841463,0.4777073115908306,-0.003051029806684258,heldout_section
D02_S1_C011_T012,D02,D02_S1,vascular,12.0,train,0.8514730372756499,0.8574055201326375,-0.005932482856987553,heldout_section
D02_S1_C011_T024,D02,D02_S1,vascular,24.0,train,2.170290231532337,2.1844094160295997,-0.014119184497262793,heldout_section
D02_S1_C012_T000,D02,D02_S1,tumor,0.0,train,0.7867169707035618,0.7898397857529214,-0.0031228150493595175,heldout_section
D02_S1_C012_T012,D02,D02_S1,tumor,12.0,train,1.2615031696960306,1.2683490808422013,-0.0068459111461707245,heldout_section
D02_S1_C012_T024,D02,D02_S1,tumor,24.0,train,2.551993888679823,2.5982098173418913,-0.04621592866206825,heldout_section
D02_S1_C013_T000,D02,D02_S1,macrophage,0.0,train,0.6700752540933589,0.6613590030111481,0.008716251082210746,heldout_section
D02_S1_C013_T012,D02,D02_S1,macrophage,12.0,train,1.1277223180792295,1.126751503942843,0.0009708141363864442,heldout_section
D02_S1_C013_T024,D02,D02_S1,macrophage,24.0,train,2.5033468372969607,2.5015140267322016,0.0018328105647591464,heldout_section
D02_S1_C014_T000,D02,D02_S1,t_cell,0.0,train,0.48916866727966346,0.4848896938903058,0.0042789733893576765,heldout_section
D02_S1_C014_T012,D02,D02_S1,t_cell,12.0,train,0.8663025258810659,0.865390589323727,0.0009119365573388993,heldout_section
D02_S1_C014_T024,D02,D02_S1,t_cell,24.0,train,2.2332806611557126,2.2244823044705995,0.008798356685113085,heldout_section
D02_S1_C015_T000,D02,D02_S1,tumor,0.0,train,0.7285914964750969,0.7362590464979283,-0.007667550022831371,heldout_section
D02_S1_C015_T012,D02,D02_S1,tumor,12.0,train,1.1297376989736296,1.1360062430852789,-0.006268544111649232,heldout_section
D02_S1_C015_T024,D02,D02_S1,tumor,24.0,train,2.4175576126889773,2.4355146523938203,-0.01795703970484297,heldout_section
D02_S1_C016_T000,D02,D02_S1,t_cell,0.0,train,0.5683910108303643,0.56736858522602,0.0010224256043442903,heldout_section
D02_S1_C016_T012,D02,D02_S1,t_cell,12.0,train,0.9951807147366125,0.999224187409235,-0.004043472672622506,heldout_section
D02_S1_C016_T024,D02,D02_S1,t_cell,24.0,train,2.378427010058632,2.3804512601087224,-0.002024250050090437,heldout_section
D02_S1_C017_T000,D02,D02_S1,macrophage,0.0,train,0.6511477822544117,0.6420831157283344,0.009064666526077292,heldout_section
D02_S1_C017_T012,D02,D02_S1,macrophage,12.0,train,1.082544330184354,1.0836475330052062,-0.0011032028208521893,heldout_section
D02_S1_C017_T024,D02,D02_S1,macrophage,24.0,train,2.4009886722912115,2.400655926955094,0.00033274533611749035,heldout_section
D02_S1_C018_T000,D02,D02_S1,vascular,0.0,train,0.5124838690135305,0.5174705221681604,-0.004986653154629872,heldout_section
D02_S1_C018_T012,D02,D02_S1,vascular,12.0,train,0.878765682085445,0.8838988708116045,-0.005133188726159421,heldout_section
D02_S1_C018_T024,D02,D02_S1,vascular,24.0,train,2.197160922029091,2.2002884691723703,-0.00312754714327923,heldout_section
D02_S1_C019_T000,D02,D02_S1,tumor,0.0,train,0.7911214517852472,0.797817009219342,-0.006695557434094779,heldout_section
D02_S1_C019_T012,D02,D02_S1,tumor,12.0,train,1.2736950062474461,1.2851929112496472,-0.011497905002201048,heldout_section
D02_S1_C019_T024,D02,D02_S1,tumor,24.0,train,2.545470099307017,2.5810589294638624,-0.03558883015684522,heldout_section
D02_S1_C020_T000,D02,D02_S1,tumor,0.0,train,0.6524742069142829,0.6562915090956499,-0.0038173021813669994,heldout_section
D02_S1_C020_T012,D02,D02_S1,tumor,12.0,train,1.0459110457446152,1.0541977927478627,-0.008286747003247497,heldout_section
D02_S1_C020_T024,D02,D02_S1,tumor,24.0,train,2.330704969779275,2.358783006917077,-0.028078037137801992,heldout_section
D02_S1_C021_T000,D02,D02_S1,tumor,0.0,train,0.718828760854388,0.7267866500193083,-0.007957889164920351,heldout_section
D02_S1_C021_T012,D02,D02_S1,tumor,12.0,train,1.164586127491691,1.1768427990413393,-0.012256671549648157,heldout_section
D02_S1_C021_T024,D02,D02_S1,tumor,24.0,train,2.47312421859049,2.5138637385473106,-0.04073951995682057,heldout_section
D02_S1_C022_T000,D02,D02_S1,vascular,0.0,train,0.5552589873959938,0.553029160719157,0.002229826676836799,heldout_section
D02_S1_C022_T012,D02,D02_S1,vascular,12.0,train,0.9961351188013554,0.997852990970018,-0.001717872168662593,heldout_section
D02_S1_C022_T024,D02,D02_S1,vascular,24.0,train,2.4109711152745192,2.415507775505194,-0.004536660230674894,heldout_section
D02_S1_C023_T000,D02,D02_S1,tumor,0.0,train,0.6757320672872008,0.6813613408429782,-0.005629273555777359,heldout_section
D02_S1_C023_T012,D02,D02_S1,tumor,12.0,train,1.1155500827029636,1.1234993884605642,-0.007949305757600555,heldout_section
D02_S1_C023_T024,D02,D02_S1,tumor,24.0,train,2.394355288614902,2.3994510421127426,-0.005095753497840416,heldout_section
D02_S1_C024_T000,D02,D02_S1,t_cell,0.0,train,0.43540488931832677,0.439373996957891,-0.003969107639564207,heldout_section
D02_S1_C024_T012,D02,D02_S1,t_cell,12.0,train,0.7729245819194999,0.7767648429985561,-0.0038402610790562175,heldout_section
D02_S1_C024_T024,D02,D02_S1,t_cell,24.0,train,2.0775663280440466,2.0875914948226666,-0.010025166778619976,heldout_section
D02_S1_C025_T000,D02,D02_S1,vascular,0.0,train,0.6266392719295184,0.6263916313549069,0.00024764057461146294,heldout_section
D02_S1_C025_T012,D02,D02_S1,vascular,12.0,train,1.0443542250558648,1.0510273046341323,-0.00667307957826746,heldout_section
D02_S1_C025_T024,D02,D02_S1,vascular,24.0,train,2.4145702662430946,2.4232464697225065,-0.008676203479411893,heldout_section
D02_S1_C026_T000,D02,D02_S1,vascular,0.0,train,0.5283299011761248,0.5257744226068288,0.0025554785692959436,heldout_section
D02_S1_C026_T012,D02,D02_S1,vascular,12.0,train,0.9584346886776226,0.9647115533169133,-0.006276864639290669,heldout_section
D02_S1_C026_T024,D02,D02_S1,vascular,24.0,train,2.34002084953585,2.3641383015028734,-0.024117451967023307,heldout_section
D02_S1_C027_T000,D02,D02_S1,t_cell,0.0,train,0.5892147519604936,0.5892827266825488,-6.79747220552196e-05,heldout_section
D02_S1_C027_T012,D02,D02_S1,t_cell,12.0,train,0.9623089280313001,0.9649699274996719,-0.0026609994683718385,heldout_section
D02_S1_C027_T024,D02,D02_S1,t_cell,24.0,train,2.324715528868754,2.3286376349674454,-0.003922106098691369,heldout_section
D02_S1_C028_T000,D02,D02_S1,tumor,0.0,train,0.7338586821148347,0.7306733359592406,0.003185346155594182,heldout_section
D02_S1_C028_T012,D02,D02_S1,tumor,12.0,train,1.2396631354086391,1.243985971871332,-0.004322836462692825,heldout_section
D02_S1_C028_T024,D02,D02_S1,tumor,24.0,train,2.5332072994820116,2.561292532660279,-0.028085233178267277,heldout_section
D02_S1_C029_T000,D02,D02_S1,tumor,0.0,train,0.8475146175393052,0.8567784228268741,-0.009263805287568871,heldout_section
D02_S1_C029_T012,D02,D02_S1,tumor,12.0,train,1.2930212873589657,1.3038857044295,-0.010864417070534316,heldout_section
D02_S1_C029_T024,D02,D02_S1,tumor,24.0,train,2.570075580374684,2.614083171879722,-0.04400759150503797,heldout_section
D02_S1_C030_T000,D02,D02_S1,t_cell,0.0,train,0.562123602390183,0.5623806444588186,-0.00025704206863563783,heldout_section
D02_S1_C030_T012,D02,D02_S1,t_cell,12.0,train,1.021932438446576,1.0311102708483848,-0.009177832401808805,heldout_section
D02_S1_C030_T024,D02,D02_S1,t_cell,24.0,train,2.3812891741744218,2.378977713953366,0.002311460221055661,heldout_section
D02_S1_C031_T000,D02,D02_S1,fibroblast,0.0,train,0.5449633396818854,0.536026403217632,0.00893693646425342,heldout_section
D02_S1_C031_T012,D02,D02_S1,fibroblast,12.0,train,0.9614496064039818,0.9625289686644163,-0.00107936226043448,heldout_section
D02_S1_C031_T024,D02,D02_S1,fibroblast,24.0,train,2.3109856076584534,2.3228219672422443,-0.011836359583790923,heldout_section
D02_S1_C032_T000,D02,D02_S1,t_cell,0.0,train,0.5151231019053737,0.5085191021830421,0.0066039997223316105,heldout_section
D02_S1_C032_T012,D02,D02_S1,t_cell,12.0,train,0.928308547252648,0.9250670056394198,0.003241541613228205,heldout_section
D02_S1_C032_T024,D02,D02_S1,t_cell,24.0,train,2.377046051544666,2.3802930903090753,-0.00324703876440946,heldout_section
D02_S1_C033_T000,D02,D02_S1,tumor,0.0,train,0.755517165937359,0.7523411739618932,0.0031759919754658084,heldout_section
D02_S1_C033_T012,D02,D02_S1,tumor,12.0,train,1.2509473868360401,1.2531876678605856,-0.002240281024545432,heldout_section
D02_S1_C033_T024,D02,D02_S1,tumor,24.0,train,2.5631470379519286,2.5834090136153476,-0.02026197566341903,heldout_section
D02_S1_C034_T000,D02,D02_S1,t_cell,0.0,train,0.6330112928957485,0.6307207988573182,0.0022904940384302908,heldout_section
D02_S1_C034_T012,D02,D02_S1,t_cell,12.0,train,1.1282868454636992,1.132032103717267,-0.0037452582535677514,heldout_section
D02_S1_C034_T024,D02,D02_S1,t_cell,24.0,train,2.5615001379306803,2.5698154874105965,-0.00831534947991619,heldout_section
D02_S1_C035_T000,D02,D02_S1,vascular,0.0,train,0.5121717143982413,0.5116143803012362,0.0005573340970050911,heldout_section
D02_S1_C035_T012,D02,D02_S1,vascular,12.0,train,0.879496718877227,0.8840033099525351,-0.004506591075308042,heldout_section
D02_S1_C035_T024,D02,D02_S1,vascular,24.0,train,2.2551604856282155,2.26119344699336,-0.00603296136514464,heldout_section
D03_S0_C000_T000,D03,D03_S0,fibroblast,0.0,train,0.758884654078257,0.7537016823728542,0.005182971705402828,heldout_section
D03_S0_C000_T012,D03,D03_S0,fibroblast,12.0,train,1.2857179429759105,1.281075917858661,0.0046420251172494265,heldout_section
D03_S0_C000_T024,D03,D03_S0,fibroblast,24.0,train,2.660411879964116,2.6454249092656714,0.01498697069844468,heldout_section
D03_S0_C001_T000,D03,D03_S0,t_cell,0.0,train,0.6105913444460105,0.6028023870973384,0.007788957348672132,heldout_section
D03_S0_C001_T012,D03,D03_S0,t_cell,12.0,train,1.1649701771046364,1.1577514971711527,0.007218679933483685,heldout_section
D03_S0_C001_T024,D03,D03_S0,t_cell,24.0,train,2.573885822395818,2.5304848651015255,0.043400957294292386,heldout_section
D03_S0_C002_T000,D03,D03_S0,fibroblast,0.0,train,0.7311404094530796,0.7240330395974092,0.007107369855670398,heldout_section
D03_S0_C002_T012,D03,D03_S0,fibroblast,12.0,train,1.284686686786118,1.281785034668305,0.002901652117812903,heldout_section
D03_S0_C002_T024,D03,D03_S0,fibroblast,24.0,train,2.6347494319828715,2.631039242844299,0.0037101891385726837,heldout_section
D03_S0_C003_T000,D03,D03_S0,macrophage,0.0,train,0.6626299307534438,0.6569347328815066,0.005695197871937174,heldout_section
D03_S0_C003_T012,D03,D03_S0,macrophage,12.0,train,1.1312889288298784,1.12762878503888,0.003660143790998438,heldout_section
D03_S0_C003_T024,D03,D03_S0,macrophage,24.0,train,2.5789564936687497,2.577468875680737,0.0014876179880127793,heldout_section
D03_S0_C004_T000,D03,D03_S0,t_cell,0.0,train,0.640689982883783,0.6364770420903513,0.004212940793431708,heldout_section
D03_S0_C004_T012,D03,D03_S0,t_cell,12.0,train,1.214114151150521,1.2142277856768904,-0.00011363452636947713,heldout_section
D03_S0_C004_T024,D03,D03_S0,t_cell,24.0,train,2.5923172443883176,2.572012886584371,0.02030435780394635,heldout_section
D03_S0_C005_T000,D03,D03_S0,macrophage,0.0,train,0.6371413245234289,0.6443305886916989,-0.0071892641682700376,heldout_section
D03_S0_C005_T012,D03,D03_S0,macrophage,12.0,train,1.0747837528838124,1.0835936899764638,-0.008809937092651321,heldout_section
D03_S0_C005_T024,D03,D03_S0,macrophage,24.0,train,2.346382668840392,2.340307395708075,0.00607527313231726,heldout_section
D03_S0_C006_T000,D03,D03_S0,tumor,0.0,train,0.845287174703166,0.8504985420807949,-0.005211367377628839,heldout_section
D03_S0_C006_T012,D03,D03_S0,tumor,12.0,train,1.4100565151758708,1.4131473133562702,-0.003090798180399368,heldout_section
D03_S0_C006_T024,D03,D03_S0,tumor,24.0,train,2.6697860857495535,2.69286811643502,-0.02308203068546666,heldout_section
D03_S0_C007_T000,D03,D03_S0,tumor,0.0,train,0.7816141127550743,0.7891204906124487,-0.007506377857374402,heldout_section
D03_S0_C007_T012,D03,D03_S0,tumor,12.0,train,1.3223002677749556,1.3319252701627926,-0.009625002387837034,heldout_section
D03_S0_C007_T024,D03,D03_S0,tumor,24.0,train,2.6138449699612925,2.6129269935433213,0.0009179764179712002,heldout_section
D03_S0_C008_T000,D03,D03_S0,fibroblast,0.0,train,0.666039190683271,0.6562832942616239,0.009755896421647092,heldout_section
D03_S0_C008_T012,D03,D03_S0,fibroblast,12.0,train,1.2173593682977428,1.2128490528798093,0.004510315417933564,heldout_section
D03_S0_C008_T024,D03,D03_S0,fibroblast,24.0,train,2.6127599392287175,2.590546191538536,0.022213747690181584,heldout_section
D03_S0_C009_T000,D03,D03_S0,macrophage,0.0,train,0.8232785654407953,0.8271313367429223,-0.0038527713021270227,heldout_section
D03_S0_C009_T012,D03,D03_S0,macrophage,12.0,train,1.3156589839571786,1.3198939986974074,-0.004235014740228804,heldout_section
D03_S0_C009_T024,D03,D03_S0,macrophage,24.0,train,2.635365371522718,2.63802502530277,-0.0026596537800518405,heldout_section
D03_S0_C010_T000,D03,D03_S0,t_cell,0.0,train,0.5527575647258686,0.550633134350545,0.002124430375323616,heldout_section
D03_S0_C010_T012,D03,D03_S0,t_cell,12.0,train,1.0897135460012222,1.0851315376975412,0.00458200830368094,heldout_section
D03_S0_C010_T024,D03,D03_S0,t_cell,24.0,train,2.5601620463438888,2.5095233440427296,0.05063870230115919,heldout_section
D03_S0_C011_T000,D03,D03_S0,tumor,0.0,train,0.8247283329028062,0.8286688955486603,-0.003940562645854073,heldout_section
D03_S0_C011_T012,D03,D03_S0,tumor,12.0,train,1.379643239270232,1.3856188389487734,-0.005975599678541332,heldout_section
D03_S0_C011_T024,D03,D03_S0,tumor,24.0,train,2.655836002959632,2.6791952207421756,-0.023359217782543684,heldout_section
D03_S0_C012_T000,D03,D03_S0,tumor,0.0,train,0.8490637820378777,0.8591030541443178,-0.010039272106440067,heldout_section
D03_S0_C012_T012,D03,D03_S0,tumor,12.0,train,1.4078044416293733,1.416577635899934,-0.00877319427056067,heldout_section
D03_S0_C012_T024,D03,D03_S0,tumor,24.0,train,2.6573457791684487,2.6694079429791286,-0.012062163810679927,heldout_section
D03_S0_C013_T000,D03,D03_S0,t_cell,0.0,train,0.725249688190758,0.729252611254356,-0.004002923063598063,heldout_section
D03_S0_C013_T012,D03,D03_S0,t_cell,12.0,train,1.31643972990061,1.3225540824429154,-0.006114352542305301,heldout_section
D03_S0_C013_T024,D03,D03_S0,t_cell,24.0,train,2.64879337118602,2.632233500700895,0.016559870485125305,heldout_section
D03_S0_C014_T000,D03,D03_S0,tumor,0.0,train,0.7858523125798408,0.7976111366152058,-0.01175882403536499,heldout_section
D03_S0_C014_T012,D03,D03_S0,tumor,12.0,train,1.2710482790823143,1.2813599334681662,-0.01031165438585191,heldout_section
D03_S0_C014_T024,D03,D03_S0,tumor,24.0,train,2.596911056168249,2.594308942520781,0.002602113647468318,heldout_section
D03_S0_C015_T000,D03,D03_S0,macrophage,0.0,train,0.7737239981466091,0.7773787630594775,-0.0036547649128684245,heldout_section
D03_S0_C015_T012,D03,D03_S0,macrophage,12.0,train,1.2820129844480903,1.2943540102386393,-0.012341025790548965,heldout_section
D03_S0_C015_T024,D03,D03_S0,macrophage,24.0,train,2.550051427318028,2.6059710679992723,-0.05591964068124433,heldout_section
D03_S0_C016_T000,D03,D03_S0,t_cell,0.0,train,0.5439000562438512,0.5473381482906992,-0.0034380920468479736,heldout_section
D03_S0_C016_T012,D03,D03_S0,t_cell,12.0,train,1.0263764185751987,1.0294353179856781,-0.003058899410479432,heldout_section
D03_S0_C016_T024,D03,D03_S0,t_cell,24.0,train,2.4322391361812437,2.4215044527455225,0.010734683435721148,heldout_section
D03_S0_C017_T000,D03,D03_S0,macrophage,0.0,train,0.7477204900822291,0.7410287582268451,0.006691731855383964,heldout_section
D03_S0_C017_T012,D03,D03_S0,macrophage,12.0,train,1.2987893245411903,1.2966189429238317,0.0021703816173586077,heldout_section
D03_S0_C017_T024,D03,D03_S0,macrophage,24.0,train,2.6215703771068943,2.61867230331731,0.002898073789584288,heldout_section
D03_S0_C018_T000,D03,D03_S0,vascular,0.0,train,0.6388596673321624,0.6457931142428242,-0.006933446910661778,heldout_section
D03_S0_C018_T012,D03,D03_S0,vascular,12.0,train,1.1391820481991823,1.1528762715131124,-0.01369422331393011,heldout_section
D03_S0_C018_T024,D03,D03_S0,vascular,24.0,train,2.510329491726994,2.5489257453500422,-0.038596253623048415,heldout_section
D03_S0_C019_T000,D03,D03_S0,fibroblast,0.0,train,0.6722497098308584,0.6694636886369051,0.0027860211939533253,heldout_section
D03_S0_C019_T012,D03,D03_S0,fibroblast,12.0,train,1.2116771876752728,1.21587560832492,-0.004198420649647261,heldout_section
D03_S0_C019_T024,D03,D03_S0,fibroblast,24.0,train,2.64842561126899,2.652181592884559,-0.003755981615568782,heldout_section
D03_S0_C020_T000,D03,D03_S0,fibroblast,0.0,train,0.7347856040006727,0.7277213350946233,0.007064268906049387,heldout_section
D03_S0_C020_T012,D03,D03_S0,fibroblast,12.0,train,1.3066813622243452,1.3022519046955567,0.0044294575287884275,heldout_section
D03_S0_C020_T024,D03,D03_S0,fibroblast,24.0,train,2.6703594501291157,2.6681731911248656,0.0021862590042500685,heldout_section
D03_S0_C021_T000,D03,D03_S0,tumor,0.0,train,0.8144380152619713,0.8189314207724376,-0.004493405510466286,heldout_section
D03_S0_C021_T012,D03,D03_S0,tumor,12.0,train,1.4364767524826152,1.4428521934012402,-0.006375440918624964,heldout_section
D03_S0_C021_T024,D03,D03_S0,tumor,24.0,train,2.634167346958741,2.6634043678927073,-0.029237020933966296,heldout_section
D03_S0_C022_T000,D03,D03_S0,fibroblast,0.0,train,0.5864725817929246,0.5931062280784711,-0.006633646285546524,heldout_section
D03_S0_C022_T012,D03,D03_S0,fibroblast,12.0,train,1.006816001694071,1.0142085535680334,-0.007392551873962372,heldout_section
D03_S0_C022_T024,D03,D03_S0,fibroblast,24.0,train,2.2945591601614,2.3096356582614384,-0.015076498100038194,heldout_section
D03_S0_C023_T000,D03,D03_S0,t_cell,0.0,train,0.6330395084110375,0.6360066031694489,-0.0029670947584113927,heldout_section
D03_S0_C023_T012,D03,D03_S0,t_cell,12.0,train,1.1577531899791285,1.1632619387943268,-0.005508748815198361,heldout_section
D03_S0_C023_T024,D03,D03_S0,t_cell,24.0,train,2.5657565956642414,2.555575784649839,0.01018081101440238,heldout_section
D03_S0_C024_T000,D03,D03_S0,tumor,0.0,train,0.8337342593229645,0.8411672334521403,-0.007432974129175762,heldout_section
D03_S0_C024_T012,D03,D03_S0,tumor,12.0,train,1.3977489181685638,1.404636455940377,-0.006887537771813168,heldout_section
D03_S0_C024_T024,D03,D03_S0,tumor,24.0,train,2.652545919869107,2.6877450521085584,-0.03519913223945137,heldout_section
D03_S0_C025_T000,D03,D03_S0,t_cell,0.0,train,0.6075425005352602,0.6110143920673529,-0.003471891532092708,heldout_section
D03_S0_C025_T012,D03,D03_S0,t_cell,12.0,train,1.1215664011356459,1.1266635347125524,-0.005097133576906554,heldout_section
D03_S0_C025_T024,D03,D03_S0,t_cell,24.0,train,2.538168742555827,2.5229768246381257,0.015191917917701137,heldout_section
D03_S0_C026_T000,D03,D03_S0,tumor,0.0,train,0.8069804751591251,0.818326994016313,-0.01134651885718796,heldout_section
D03_S0_C026_T012,D03,D03_S0,tumor,12.0,train,1.396832306897334,1.410287608146107,-0.013455301248773033,heldout_section
D03_S0_C026_T024,D03,D03_S0,tumor,24.0,train,2.609347407499257,2.65006354272466,-0.04071613522540307,heldout_section
D03_S0_C027_T000,D03,D03_S0,tumor,0.0,train,0.8721845580219597,0.8721794275276028,5.130494356908599e-06,heldout_section
D03_S0_C027_T012,D03,D03_S0,tumor,12.0,train,1.4461725218835573,1.4482146128546025,-0.0020420909710452406,heldout_section
D03_S0_C027_T024,D03,D03_S0,tumor,24.0,train,2.6765344153645176,2.7168736785153658,-0.040339263150848126,heldout_section
D03_S0_C028_T000,D03,D03_S0,macrophage,0.0,train,0.7122407965740019,0.7073590649985658,0.004881731575436032,heldout_section
D03_S0_C028_T012,D03,D03_S0,macrophage,12.0,train,1.220926470616764,1.2175445396515072,0.003381930965256741,heldout_section
D03_S0_C028_T024,D03,D03_S0,macrophage,24.0,train,2.6236399355838484,2.5887069213076,0.034933014276248286,heldout_section
D03_S0_C029_T000,D03,D03_S0,tumor,0.0,train,0.8427433057814898,0.8569882703879846,-0.014244964606494825,heldout_section
D03_S0_C029_T012,D03,D03_S0,tumor,12.0,train,1.384803521506638,1.4022643276632312,-0.017460806156593067,heldout_section
D03_S0_C029_T024,D03,D03_S0,tumor,24.0,train,2.60513373698222,2.634970725060297,-0.02983698807807711,heldout_section
D03_S0_C030_T000,D03,D03_S0,fibroblast,0.0,train,0.7156460963016915,0.7080951018469567,0.0075509944547348384,heldout_section
D03_S0_C030_T012,D03,D03_S0,fibroblast,12.0,train,1.287994803905812,1.2845400580275381,0.0034547458782738794,heldout_section
D03_S0_C030_T024,D03,D03_S0,fibroblast,24.0,train,2.6336775143799933,2.610635236004225,0.023042278375768444,heldout_section
D03_S0_C031_T000,D03,D03_S0,tumor,0.0,train,0.8533716441019504,0.8628528639861902,-0.009481219884239778,heldout_section
D03_S0_C031_T012,D03,D03_S0,tumor,12.0,train,1.4151205017178645,1.426657031464871,-0.011536529747006474,heldout_section
D03_S0_C031_T024,D03,D03_S0,tumor,24.0,train,2.660362942256123,2.6991392740907005,-0.038776331834577515,heldout_section
D03_S0_C032_T000,D03,D03_S0,macrophage,0.0,train,0.7884505616358068,0.7818908840318943,0.006559677603912517,heldout_section
D03_S0_C032_T012,D03,D03_S0,macrophage,12.0,train,1.3651238628437168,1.3607663773479322,0.00435748549578463,heldout_section
D03_S0_C032_T024,D03,D03_S0,macrophage,24.0,train,2.6345741081295513,2.6078037513762005,0.02677035675335082,heldout_section
D03_S0_C033_T000,D03,D03_S0,tumor,0.0,train,0.8521081506471279,0.8625024778265113,-0.010394327179383489,heldout_section
D03_S0_C033_T012,D03,D03_S0,tumor,12.0,train,1.4033470344882055,1.4125300586776628,-0.009183024189457267,heldout_section
D03_S0_C033_T024,D03,D03_S0,tumor,24.0,train,2.6877860264068523,2.7294195912158803,-0.04163356480902802,heldout_section
D03_S0_C034_T000,D03,D03_S0,tumor,0.0,train,0.8224112355495334,0.8363965116948939,-0.013985276145360492,heldout_section
D03_S0_C034_T012,D03,D03_S0,tumor,12.0,train,1.3967514787418047,1.4107498345599632,-0.013998355818158448,heldout_section
D03_S0_C034_T024,D03,D03_S0,tumor,24.0,train,2.629449575349753,2.6750215164106894,-0.04557194106093654,heldout_section
D03_S0_C035_T000,D03,D03_S0,fibroblast,0.0,train,0.6449078837913431,0.6389227937554228,0.005985090035920293,heldout_section
D03_S0_C035_T012,D03,D03_S0,fibroblast,12.0,train,1.2006718700887669,1.1951307058180038,0.0055411642707630104,heldout_section
D03_S0_C035_T024,D03,D03_S0,fibroblast,24.0,train,2.6162636648122737,2.584013220807576,0.03225044400469779,heldout_section
D03_S1_C000_T000,D03,D03_S1,t_cell,0.0,train,0.619716568326373,0.6211223490948178,-0.0014057807684447754,heldout_section
D03_S1_C000_T012,D03,D03_S1,t_cell,12.0,train,1.1364405634493902,1.1413725919001414,-0.004932028450751247,heldout_section
D03_S1_C000_T024,D03,D03_S1,t_cell,24.0,train,2.5968126064873545,2.5754946202892652,0.021317986198089223,heldout_section
D03_S1_C001_T000,D03,D03_S1,tumor,0.0,train,0.875521679884616,0.8800430522361338,-0.004521372351517727,heldout_section
D03_S1_C001_T012,D03,D03_S1,tumor,12.0,train,1.4797707070044233,1.487126035776757,-0.007355328772333802,heldout_section
D03_S1_C001_T024,D03,D03_S1,tumor,24.0,train,2.726618020921072,2.733000442733153,-0.0063824218120807075,heldout_section
D03_S1_C002_T000,D03,D03_S1,t_cell,0.0,train,0.6740424894959213,0.6759342710893288,-0.0018917815934075266,heldout_section
D03_S1_C002_T012,D03,D03_S1,t_cell,12.0,train,1.1559628923590375,1.1557890334842302,0.00017385887480725337,heldout_section
D03_S1_C002_T024,D03,D03_S1,t_cell,24.0,train,2.551390081623681,2.5380516944139884,0.013338387209692826,heldout_section
D03_S1_C003_T000,D03,D03_S1,t_cell,0.0,train,0.5596917718137959,0.5609773420351305,-0.0012855702213345754,heldout_section
D03_S1_C003_T012,D03,D03_S1,t_cell,12.0,train,1.0561884936545463,1.0600413182245974,-0.0038528245700510944,heldout_section
D03_S1_C003_T024,D03,D03_S1,t_cell,24.0,train,2.493581684710215,2.5137565544114473,-0.02017486970123228,heldout_section
D03_S1_C004_T000,D03,D03_S1,tumor,0.0,train,0.8457468745553562,0.8526586477819081,-0.006911773226551898,heldout_section
D03_S1_C004_T012,D03,D03_S1,tumor,12.0,train,1.393933437763071,1.3977231768466107,-0.003789739083539745,heldout_section
D03_S1_C004_T024,D03,D03_S1,tumor,24.0,train,2.69916943096498,2.7028905266382495,-0.0037210956732693923,heldout_section
D03_S1_C005_T000,D03,D03_S1,vascular,0.0,train,0.5602939657246838,0.5618750469362247,-0.00158108121154088,heldout_section
D03_S1_C005_T012,D03,D03_S1,vascular,12.0,train,1.0367909046050123,1.0402486514138891,-0.0034577468088767827,heldout_section
D03_S1_C005_T024,D03,D03_S1,vascular,24.0,train,2.537442570546358,2.525387766313071,0.012054804233287086,heldout_section
D03_S1_C006_T000,D03,D03_S1,tumor,0.0,train,0.8217299261083673,0.8262025005526986,-0.004472574444331356,heldout_section
D03_S1_C006_T012,D03,D03_S1,tumor,12.0,train,1.3553345745902852,1.358622403229318,-0.003287828639032764,heldout_section
D03_S1_C006_T024,D03,D03_S1,tumor,24.0,train,2.6297405813504136,2.624243409721141,0.005497171629272657,heldout_section
D03_S1_C007_T000,D03,D03_S1,t_cell,0.0,train,0.5851078445733144,0.5888366114375314,-0.0037287668642169702,heldout_section
D03_S1_C007_T012,D03,D03_S1,t_cell,12.0,train,1.0511459604100413,1.0565065625624237,-0.005360602152382432,heldout_section
D03_S1_C007_T024,D03,D03_S1,t_cell,24.0,train,2.524051435213948,2.5179985280137425,0.006052907200205571,heldout_section
D03_S1_C008_T000,D03,D03_S1,vascular,0.0,train,0.564044307543947,0.5620954645591452,0.0019488429848018018,heldout_section
D03_S1_C008_T012,D03,D03_S1,vascular,12.0,train,1.0714212327909478,1.074622313017123,-0.003201080226175268,heldout_section
D03_S1_C008_T024,D03,D03_S1,vascular,24.0,train,2.543965456034735,2.541170931468678,0.0027945245660569995,heldout_section
D03_S1_C009_T000,D03,D03_S1,fibroblast,0.0,train,0.763068577413945,0.7579527660360358,0.005115811377909174,heldout_section
D03_S1_C009_T012,D03,D03_S1,fibroblast,12.0,train,1.322447761244994,1.3204760455673341,0.0019717156776599687,heldout_section
D03_S1_C009_T024,D03,D03_S1,fibroblast,24.0,train,2.674796684547481,2.69770387988433,-0.02290719533684893,heldout_section
D03_S1_C010_T000,D03,D03_S1,fibroblast,0.0,train,0.6804932873202633,0.6839701558558183,-0.0034768685355550666,heldout_section
D03_S1_C010_T012,D03,D03_S1,fibroblast,12.0,train,1.1376866989962218,1.141992246366659,-0.004305547370437202,heldout_section
D03_S1_C010_T024,D03,D03_S1,fibroblast,24.0,train,2.5325207654451116,2.5392246488373433,-0.006703883392231713,heldout_section
D03_S1_C011_T000,D03,D03_S1,tumor,0.0,train,0.8332695410306542,0.8417289435420652,-0.008459402511410974,heldout_section
D03_S1_C011_T012,D03,D03_S1,tumor,12.0,train,1.425407028298024,1.4291711429566225,-0.003764114658598494,heldout_section
D03_S1_C011_T024,D03,D03_S1,tumor,24.0,train,2.6676781335284825,2.6583751614934132,0.009302972035069246,heldout_section
D03_S1_C012_T000,D03,D03_S1,tumor,0.0,train,0.8731013486742917,0.8825054711063047,-0.009404122432013051,heldout_section
D03_S1_C012_T012,D03,D03_S1,tumor,12.0,train,1.4588544006817707,1.4703194544138343,-0.011465053732063524,heldout_section
D03_S1_C012_T024,D03,D03_S1,tumor,24.0,train,2.734683445865685,2.759640769844839,-0.02495732397915429,heldout_section
D03_S1_C013_T000,D03,D03_S1,fibroblast,0.0,train,0.7346331766540587,0.7289329108613779,0.005700265792680792,heldout_section
D03_S1_C013_T012,D03,D03_S1,fibroblast,12.0,train,1.2668403433334712,1.2656124996209646,0.0012278437125066155,heldout_section
D03_S1_C013_T024,D03,D03_S1,fibroblast,24.0,train,2.6129825934185296,2.6302952177824706,-0.017312624363940987,heldout_section
D03_S1_C014_T000,D03,D03_S1,fibroblast,0.0,train,0.7848605492951882,0.7790531034385011,0.005807445856687132,heldout_section
D03_S1_C014_T012,D03,D03_S1,fibroblast,12.0,train,1.3462630758617775,1.3420311408203984,0.004231935041379087,heldout_section
D03_S1_C014_T024,D03,D03_S1,fibroblast,24.0,train,2.6971650383157613,2.694672623528207,0.0024924147875542424,heldout_section
D03_S1_C015_T000,D03,D03_S1,tumor,0.0,train,0.8220083440597876,0.8319141626663641,-0.009905818606576466,heldout_section
D03_S1_C015_T012,D03,D03_S1,tumor,12.0,train,1.3569285051413909,1.3676573064290014,-0.010728801287610557,heldout_section
D03_S1_C015_T024,D03,D03_S1,tumor,24.0,train,2.602259300364599,2.627109108991583,-0.024849808626983716,heldout_section
D03_S1_C016_T000,D03,D03_S1,fibroblast,0.0,train,0.7349878509430443,0.7268951797366436,0.00809267120640067,heldout_section
D03_S1_C016_T012,D03,D03_S1,fibroblast,12.0,train,1.3671844428891125,1.3630631937017068,0.00412124918740564,heldout_section
D03_S1_C016_T024,D03,D03_S1,fibroblast,24.0,train,2.6436674653235044,2.6332255912370552,0.010441874086449143,heldout_section
D03_S1_C017_T000,D03,D03_S1,tumor,0.0,train,0.8667887222126891,0.872871094575033,-0.00608237236234388,heldout_section
D03_S1_C017_T012,D03,D03_S1,tumor,12.0,train,1.4526774013455477,1.461370788461609,-0.008693387116061269,heldout_section
D03_S1_C017_T024,D03,D03_S1,tumor,24.0,train,2.641803523875685,2.6581652653853145,-0.016361741509629546,heldout_section
D03_S1_C018_T000,D03,D03_S1,fibroblast,0.0,train,0.6759603660295984,0.6751500439951625,0.000810322034435873,heldout_section
D03_S1_C018_T012,D03,D03_S1,fibroblast,12.0,train,1.135268039467845,1.1367654771726636,-0.0014974377048186938,heldout_section
D03_S1_C018_T024,D03,D03_S1,fibroblast,24.0,train,2.511354811169771,2.5298018658630723,-0.0184470546933011,heldout_section
D03_S1_C019_T000,D03,D03_S1,vascular,0.0,train,0.5637138167559734,0.5703928347014344,-0.006679017945460997,heldout_section
D03_S1_C019_T012,D03,D03_S1,vascular,12.0,train,1.0730023025745337,1.082013972043621,-0.00901166946908738,heldout_section
D03_S1_C019_T024,D03,D03_S1,vascular,24.0,train,2.4975530240607458,2.501251647314398,-0.0036986232536522223,heldout_section
D03_S1_C020_T000,D03,D03_S1,tumor,0.0,train,0.7730613852007899,0.7829605811994188,-0.009899195998628874,heldout_section
D03_S1_C020_T012,D03,D03_S1,tumor,12.0,train,1.3248800414567117,1.3378331111189696,-0.012953069662257954,heldout_section
D03_S1_C020_T024,D03,D03_S1,tumor,24.0,train,2.6220925664069656,2.615661242037056,0.0064313243699096745,heldout_section
D03_S1_C021_T000,D03,D03_S1,macrophage,0.0,train,0.8088139194671041,0.8072087291124381,0.0016051903546659974,heldout_section
D03_S1_C021_T012,D03,D03_S1,macrophage,12.0,train,1.3703779758386725,1.3731852487154217,-0.0028072728767492006,heldout_section
D03_S1_C021_T024,D03,D03_S1,macrophage,24.0,train,2.658745310177967,2.6743305284062555,-0.015585218228288511,heldout_section
D03_S1_C022_T000,D03,D03_S1,macrophage,0.0,train,0.8389958952981397,0.8424520441129352,-0.003456148814795501,heldout_section
D03_S1_C022_T012,D03,D03_S1,macrophage,12.0,train,1.3296289042303702,1.3366847663142423,-0.0070558620838721,heldout_section
D03_S1_C022_T024,D03,D03_S1,macrophage,24.0,train,2.638394514199876,2.6569300249204826,-0.018535510720606663,heldout_section
D03_S1_C023_T000,D03,D03_S1,fibroblast,0.0,train,0.7377871086396022,0.7310378231330495,0.006749285506552627,heldout_section
D03_S1_C023_T012,D03,D03_S1,fibroblast,12.0,train,1.3001401547704703,1.2977592699899672,0.002380884780503134,heldout_section
D03_S1_C023_T024,D03,D03_S1,fibroblast,24.0,train,2.701925773659315,2.7056452520724745,-0.0037194784131595604,heldout_section
D03_S1_C024_T000,D03,D03_S1,fibroblast,0.0,train,0.6290879288398815,0.6372150816258002,-0.00812715278591869,heldout_section
D03_S1_C024_T012,D03,D03_S1,fibroblast,12.0,train,1.0902603883174462,1.1025712970322141,-0.01231090871476792,heldout_section
D03_S1_C024_T024,D03,D03_S1,fibroblast,24.0,train,2.4256950655206237,2.454028213997138,-0.028333148476514136,heldout_section
D03_S1_C025_T000,D03,D03_S1,macrophage,0.0,train,0.6274692200876729,0.6220067710322821,0.005462449055390839,heldout_section
D03_S1_C025_T012,D03,D03_S1,macrophage,12.0,train,1.1270569972802702,1.1250706505836467,0.0019863466966234533,heldout_section
D03_S1_C025_T024,D03,D03_S1,macrophage,24.0,train,2.553407753688744,2.542660576115462,0.010747177573281697,heldout_section
D03_S1_C026_T000,D03,D03_S1,t_cell,0.0,train,0.6153824620050239,0.6178816815287188,-0.0024992195236949177,heldout_section
D03_S1_C026_T012,D03,D03_S1,t_cell,12.0,train,1.130552693512459,1.1368301447221754,-0.006277451209716345,heldout_section
D03_S1_C026_T024,D03,D03_S1,t_cell,24.0,train,2.5125941133232534,2.508105252706237,0.004488860617016588,heldout_section
D03_S1_C027_T000,D03,D03_S1,tumor,0.0,train,0.8508645154066549,0.854668510222624,-0.0038039948159691583,heldout_section
D03_S1_C027_T012,D03,D03_S1,tumor,12.0,train,1.435720380706907,1.4397062420984632,-0.003985861391556211,heldout_section
D03_S1_C027_T024,D03,D03_S1,tumor,24.0,train,2.6993459303267557,2.7101659683188406,-0.010820037992084863,heldout_section
D03_S1_C028_T000,D03,D03_S1,t_cell,0.0,train,0.6790749203769315,0.6773661311271387,0.001708789249792786,heldout_section
D03_S1_C028_T012,D03,D03_S1,t_cell,12.0,train,1.2519028407286097,1.252807624714097,-0.000904783985487212,heldout_section
D03_S1_C028_T024,D03,D03_S1,t_cell,24.0,train,2.631412021185459,2.6254486567913724,0.005963364394086401,heldout_section
D03_S1_C029_T000,D03,D03_S1,tumor,0.0,train,0.8019751242818159,0.811344629269164,-0.00936950498734801,heldout_section
D03_S1_C029_T012,D03,D03_S1,tumor,12.0,train,1.3402707726923673,1.349957809926425,-0.009687037234057616,heldout_section
D03_S1_C029_T024,D03,D03_S1,tumor,24.0,train,2.6278726828871863,2.6507602103685732,-0.022887527481386893,heldout_section
D03_S1_C030_T000,D03,D03_S1,fibroblast,0.0,train,0.6015475197348821,0.5890906077652602,0.012456911969621842,heldout_section
D03_S1_C030_T012,D03,D03_S1,fibroblast,12.0,train,1.1822476738825027,1.1706484783606053,0.011599195521897476,heldout_section
D03_S1_C030_T024,D03,D03_S1,fibroblast,24.0,train,2.6611632658324305,2.6117120699884966,0.04945119584393387,heldout_section
D03_S1_C031_T000,D03,D03_S1,vascular,0.0,train,0.5318238672145402,0.5321442770583222,-0.0003204098437820102,heldout_section
D03_S1_C031_T012,D03,D03_S1,vascular,12.0,train,1.035202942068718,1.036985482733797,-0.00178254066507888,heldout_section
D03_S1_C031_T024,D03,D03_S1,vascular,24.0,train,2.501758620841289,2.499577536830961,0.002181084010328238,heldout_section
D03_S1_C032_T000,D03,D03_S1,tumor,0.0,train,0.8818811848493661,0.8854134417739391,-0.0035322569245730406,heldout_section
D03_S1_C032_T012,D03,D03_S1,tumor,12.0,train,1.434513639287508,1.4429213590690475,-0.008407719781539535,heldout_section
D03_S1_C032_T024,D03,D03_S1,tumor,24.0,train,2.632518533210589,2.6939023881900765,-0.061383854979487396,heldout_section
D03_S1_C033_T000,D03,D03_S1,t_cell,0.0,train,0.5913329398915999,0.5953132190100209,-0.003980279118421026,heldout_section
D03_S1_C033_T012,D03,D03_S1,t_cell,12.0,train,1.1332101150430582,1.1398417603404662,-0.0066316452974080065,heldout_section
D03_S1_C033_T024,D03,D03_S1,t_cell,24.0,train,2.590125876622057,2.5620023881205025,0.02812348850155466,heldout_section
D03_S1_C034_T000,D03,D03_S1,macrophage,0.0,train,0.6514943499183895,0.6495162175829695,0.001978132335419991,heldout_section
D03_S1_C034_T012,D03,D03_S1,macrophage,12.0,train,1.1186161077663466,1.117076691500313,0.0015394162660335997,heldout_section
D03_S1_C034_T024,D03,D03_S1,macrophage,24.0,train,2.506230435771998,2.5033509075382785,0.0028795282337195083,heldout_section
D03_S1_C035_T000,D03,D03_S1,fibroblast,0.0,train,0.7018161896739159,0.6946778357234896,0.007138353950426279,heldout_section
D03_S1_C035_T012,D03,D03_S1,fibroblast,12.0,train,1.2467531716074742,1.2438133286736068,0.002939842933867398,heldout_section
D03_S1_C035_T024,D03,D03_S1,fibroblast,24.0,train,2.641822744354702,2.6232113398718515,0.018611404482850702,heldout_section
D04_S0_C000_T000,D04,D04_S0,vascular,0.0,train,0.48655216069063567,0.4807277480706383,0.005824412619997388,heldout_section
D04_S0_C000_T012,D04,D04_S0,vascular,12.0,train,1.037136371005564,1.031284659945156,0.00585171106040816,heldout_section
D04_S0_C000_T024,D04,D04_S0,vascular,24.0,train,2.498892199613554,2.4776956887206696,0.021196510892884213,heldout_section
D04_S0_C001_T000,D04,D04_S0,t_cell,0.0,train,0.6150134640256302,0.6144314321367625,0.000582031888867629,heldout_section
D04_S0_C001_T012,D04,D04_S0,t_cell,12.0,train,1.1702462455724787,1.1666659364999024,0.0035803090725763376,heldout_section
D04_S0_C001_T024,D04,D04_S0,t_cell,24.0,train,2.6283847377234006,2.6189610874894513,0.00942365023394931,heldout_section
D04_S0_C002_T000,D04,D04_S0,t_cell,0.0,train,0.6100125816914023,0.6112411096328455,-0.001228527941443236,heldout_section
D04_S0_C002_T012,D04,D04_S0,t_cell,12.0,train,1.1613729374009711,1.1598647872503858,0.0015081501505853634,heldout_section
D04_S0_C002_T024,D04,D04_S0,t_cell,24.0,train,2.6430025927427483,2.600392957992615,0.04260963475013346,heldout_section
D04_S0_C003_T000,D04,D04_S0,tumor,0.0,train,0.8194327499949495,0.827223986531586,-0.007791236536636492,heldout_section
D04_S0_C003_T012,D04,D04_S0,tumor,12.0,train,1.3614973418698588,1.3713001750671305,-0.00980283319727171,heldout_section
D04_S0_C003_T024,D04,D04_S0,tumor,24.0,train,2.6174008490604836,2.650424480666062,-0.03302363160557853,heldout_section
D04_S0_C004_T000,D04,D04_S0,macrophage,0.0,train,0.8055882416920648,0.7951698432575806,0.010418398434484222,heldout_section
D04_S0_C004_T012,D04,D04_S0,macrophage,12.0,train,1.419574861064025,1.415019594606255,0.004555266457770157,heldout_section
D04_S0_C004_T024,D04,D04_S0,macrophage,24.0,train,2.686349605353037,2.680016307201789,0.006333298151247835,heldout_section
D04_S0_C005_T000,D04,D04_S0,tumor,0.0,train,0.9251958175239733,0.9355881874748386,-0.010392369950865343,heldout_section
D04_S0_C005_T012,D04,D04_S0,tumor,12.0,train,1.5355883025700157,1.5449661623511144,-0.00937785978109873,heldout_section
D04_S0_C005_T024,D04,D04_S0,tumor,24.0,train,2.6714301016073168,2.697594162989714,-0.026164061382397463,heldout_section
D04_S0_C006_T000,D04,D04_S0,t_cell,0.0,train,0.6578254935924639,0.6489205213134763,0.008904972278987566,heldout_section
D04_S0_C006_T012,D04,D04_S0,t_cell,12.0,train,1.2188374336531909,1.210025600717705,0.00881183293548582,heldout_section
D04_S0_C006_T024,D04,D04_S0,t_cell,24.0,train,2.723083602932801,2.6861089368588402,0.036974666073960716,heldout_section
D04_S0_C007_T000,D04,D04_S0,tumor,0.0,train,0.8251834249854322,0.8362215311905095,-0.01103810620507728,heldout_section
D04_S0_C007_T012,D04,D04_S0,tumor,12.0,train,1.3743240675054527,1.3820262432255086,-0.007702175720055937,heldout_section
D04_S0_C007_T024,D04,D04_S0,tumor,24.0,train,2.6716400782175236,2.6619971486792022,0.009642929538321354,heldout_section
D04_S0_C008_T000,D04,D04_S0,macrophage,0.0,train,0.8620663689314498,0.8544894122025058,0.007576956728943984,heldout_section
D04_S0_C008_T012,D04,D04_S0,macrophage,12.0,train,1.4161303972297556,1.4108569957195665,0.00527340151018918,heldout_section
D04_S0_C008_T024,D04,D04_S0,macrophage,24.0,train,2.7612322867161927,2.763426972686251,-0.002194685970058341,heldout_section
D04_S0_C009_T000,D04,D04_S0,tumor,0.0,train,0.9311961265910222,0.9242759539118985,0.006920172679123704,heldout_section
D04_S0_C009_T012,D04,D04_S0,tumor,12.0,train,1.5719472356654798,1.5678233677906228,0.004123867874856968,heldout_section
D04_S0_C009_T024,D04,D04_S0,tumor,24.0,train,2.744205699832687,2.7395748025237805,0.004630897308906423,heldout_section
D04_S0_C010_T000,D04,D04_S0,tumor,0.0,train,0.7993067740322847,0.8133519547611169,-0.014045180728832207,heldout_section
D04_S0_C010_T012,D04,D04_S0,tumor,12.0,train,1.3231470438733617,1.3380848978607953,-0.014937853987433636,heldout_section
D04_S0_C010_T024,D04,D04_S0,tumor,24.0,train,2.535407444326051,2.583843815536637,-0.04843637121058597,heldout_section
D04_S0_C011_T000,D04,D04_S0,tumor,0.0,train,0.8360392607045477,0.8394861064307609,-0.0034468457262132324,heldout_section
D04_S0_C011_T012,D04,D04_S0,tumor,12.0,train,1.4376859653912952,1.4467359711662986,-0.009050005775003367,heldout_section
D04_S0_C011_T024,D04,D04_S0,tumor,24.0,train,2.663939481896355,2.670408373152227,-0.006468891255872133,heldout_section
D04_S0_C012_T000,D04,D04_S0,fibroblast,0.0,train,0.8758132949699269,0.8738144685818049,0.001998826388121988,heldout_section
D04_S0_C012_T012,D04,D04_S0,fibroblast,12.0,train,1.4506781769515076,1.452209570761511,-0.0015313938100034452,heldout_section
D04_S0_C012_T024,D04,D04_S0,fibroblast,24.0,train,2.691449816477596,2.6930741630871737,-0.0016243466095775538,heldout_section
D04_S0_C013_T000,D04,D04_S0,macrophage,0.0,train,0.6547277274694386,0.6509165149495271,0.0038112125199115665,heldout_section
D04_S0_C013_T012,D04,D04_S0,macrophage,12.0,train,1.1558737346681258,1.1527182211166902,0.003155513551435618,heldout_section
D04_S0_C013_T024,D04,D04_S0,macrophage,24.0,train,2.46365137043819,2.4756103783118166,-0.011959007873626692,heldout_section
D04_S0_C014_T000,D04,D04_S0,fibroblast,0.0,train,0.662062117702442,0.657755479026375,0.004306638676067065,heldout_section
D04_S0_C014_T012,D04,D04_S0,fibroblast,12.0,train,1.2264493042865494,1.227815542037078,-0.001366237750528576,heldout_section
D04_S0_C014_T024,D04,D04_S0,fibroblast,24.0,train,2.5790775954477354,2.598186356803644,-0.019108761355908666,heldout_section
D04_S0_C015_T000,D04,D04_S0,t_cell,0.0,train,0.669208103058562,0.6656475347755404,0.003560568283021648,heldout_section
D04_S0_C015_T012,D04,D04_S0,t_cell,12.0,train,1.2888564978430708,1.2902667489067905,-0.0014102510637197252,heldout_section
D04_S0_C015_T024,D04,D04_S0,t_cell,24.0,train,2.7132984074818385,2.6767402502869655,0.03655815719487299,heldout_section
D04_S0_C016_T000,D04,D04_S0,macrophage,0.0,train,0.7362458429943292,0.7266051891274219,0.009640653866907267,heldout_section
D04_S0_C016_T012,D04,D04_S0,macrophage,12.0,train,1.2975257075640183,1.2895422405803556,0.007983466983662701,heldout_section
D04_S0_C016_T024,D04,D04_S0,macrophage,24.0,train,2.6518539370028433,2.6422507491145186,0.009603187888324705,heldout_section
D04_S0_C017_T000,D04,D04_S0,tumor,0.0,train,0.8962848582825986,0.9001406520296509,-0.0038557937470522496,heldout_section
D04_S0_C017_T012,D04,D04_S0,tumor,12.0,train,1.4881375204215659,1.4953461666414907,-0.007208646219924786,heldout_section
D04_S0_C017_T024,D04,D04_S0,tumor,24.0,train,2.7360613249259385,2.727321269987817,0.008740054938121578,heldout_section
D04_S0_C018_T000,D04,D04_S0,tumor,0.0,train,0.8611215683844127,0.8730213864848684,-0.011899818100455706,heldout_section
D04_S0_C018_T012,D04,D04_S0,tumor,12.0,train,1.413346775183536,1.426493285933416,-0.013146510749880047,heldout_section
D04_S0_C018_T024,D04,D04_S0,tumor,24.0,train,2.658444068290216,2.683979182797978,-0.025535114507762025,heldout_section
D04_S0_C019_T000,D04,D04_S0,tumor,0.0,train,0.8863928003685996,0.8863576876649317,3.511270366785002e-05,heldout_section
D04_S0_C019_T012,D04,D04_S0,tumor,12.0,train,1.4882515541150212,1.488690422988772,-0.0004388688737508861,heldout_section
D04_S0_C019_T024,D04,D04_S0,tumor,24.0,train,2.708273503512563,2.7248312580153726,-0.01655775450280972,heldout_section
D04_S0_C020_T000,D04,D04_S0,vascular,0.0,train,0.5931041638388354,0.5940144608650809,-0.0009102970262455656,heldout_section
D04_S0_C020_T012,D04,D04_S0,vascular,12.0,train,1.109038906779819,1.1088325587690744,0.00020634801074459475,heldout_section
D04_S0_C020_T024,D04,D04_S0,vascular,24.0,train,2.6214791056728988,2.5935630760703154,0.027916029602583325,heldout_section
D04_S0_C021_T000,D04,D04_S0,tumor,0.0,train,0.7924561257635987,0.802531175617118,-0.010075049853519258,heldout_section
D04_S0_C021_T012,D04,D04_S0,tumor,12.0,train,1.3914636273851702,1.4068742199149329,-0.015410592529762734,heldout_section
D04_S0_C021_T024,D04,D04_S0,tumor,24.0,train,2.5831193336553944,2.6167841692379747,-0.03366483558258038,heldout_section
D04_S0_C022_T000,D04,D04_S0,vascular,0.0,train,0.6671531038296542,0.6585563451923115,0.00859675863734266,heldout_section
D04_S0_C022_T012,D04,D04_S0,vascular,12.0,train,1.2687940564001698,1.2673359221571614,0.0014581342430084465,heldout_section
D04_S0_C022_T024,D04,D04_S0,vascular,24.0,train,2.7022839833817507,2.6726955159783223,0.029588467403428353,heldout_section
D04_S0_C023_T000,D04,D04_S0,t_cell,0.0,train,0.5572941754455472,0.5587433186952631,-0.0014491432497159007,heldout_section
D04_S0_C023_T012,D04,D04_S0,t_cell,12.0,train,1.0838091406679098,1.0876759006886174,-0.003866760020707627,heldout_section
D04_S0_C023_T024,D04,D04_S0,t_cell,24.0,train,2.4869845458854423,2.538462987068224,-0.051478441182781776,heldout_section
D04_S0_C024_T000,D04,D04_S0,tumor,0.0,train,0.9064911754624136,0.9118396862073322,-0.0053485107449186,heldout_section
D04_S0_C024_T012,D04,D04_S0,tumor,12.0,train,1.5105031132820472,1.5177472787519817,-0.007244165469934449,heldout_section
D04_S0_C024_T024,D04,D04_S0,tumor,24.0,train,2.665873171582201,2.6873713012526528,-0.02149812967045195,heldout_section
D04_S0_C025_T000,D04,D04_S0,fibroblast,0.0,train,0.6339984574590148,0.6307440717351522,0.0032543857238626073,heldout_section
D04_S0_C025_T012,D04,D04_S0,fibroblast,12.0,train,1.121634421606031,1.1182738500276868,0.0033605715783442403,heldout_section
D04_S0_C025_T024,D04,D04_S0,fibroblast,24.0,train,2.4302111982858725,2.441055125212427,-0.010843926926554559,heldout_section
D04_S0_C026_T000,D04,D04_S0,macrophage,0.0,train,0.7184846029647752,0.7151182144557051,0.0033663885090701173,heldout_section
D04_S0_C026_T012,D04,D04_S0,macrophage,12.0,train,1.2317102073523392,1.228207820002317,0.0035023873500221736,heldout_section
D04_S0_C026_T024,D04,D04_S0,macrophage,24.0,train,2.5314229575641662,2.532168159658069,-0.0007452020939027193,heldout_section
D04_S0_C027_T000,D04,D04_S0,tumor,0.0,train,0.8144556695586876,0.8199092168834045,-0.005453547324716812,heldout_section
D04_S0_C027_T012,D04,D04_S0,tumor,12.0,train,1.378614601573036,1.3865536046353397,-0.007939003062303662,heldout_section
D04_S0_C027_T024,D04,D04_S0,tumor,24.0,train,2.608261829573484,2.6177990872316554,-0.009537257658171594,heldout_section
D04_S0_C028_T000,D04,D04_S0,tumor,0.0,train,0.8782123561339594,0.8871650702475473,-0.00895271411358789,heldout_section
D04_S0_C028_T012,D04,D04_S0,tumor,12.0,train,1.460009145961615,1.4688898010127203,-0.008880655051105357,heldout_section
D04_S0_C028_T024,D04,D04_S0,tumor,24.0,train,2.6462749336083804,2.663499686637453,-0.01722475302907256,heldout_section
D04_S0_C029_T000,D04,D04_S0,macrophage,0.0,train,0.7945057074481205,0.7938131923099675,0.0006925151381530492,heldout_section
D04_S0_C029_T012,D04,D04_S0,macrophage,12.0,train,1.3478291291298556,1.3513300613194867,-0.0035009321896311008,heldout_section
D04_S0_C029_T024,D04,D04_S0,macrophage,24.0,train,2.6370642185484203,2.6353015652644234,0.00176265328399694,heldout_section
D04_S0_C030_T000,D04,D04_S0,macrophage,0.0,train,0.7486172102096376,0.7408808552082835,0.007736355001354056,heldout_section
D04_S0_C030_T012,D04,D04_S0,macrophage,12.0,train,1.2540103613459894,1.2535531785899836,0.00045718275600581393,heldout_section
D04_S0_C030_T024,D04,D04_S0,macrophage,24.0,train,2.567120994245283,2.586956851144202,-0.01983585689891898,heldout_section
D04_S0_C031_T000,D04,D04_S0,t_cell,0.0,train,0.5584133778999419,0.5562951165365594,0.0021182613633825564,heldout_section
D04_S0_C031_T012,D04,D04_S0,t_cell,12.0,train,1.1078708654989629,1.1012064342775416,0.006664431221421241,heldout_section
D04_S0_C031_T024,D04,D04_S0,t_cell,24.0,train,2.562233478570584,2.5749053452284105,-0.012671866657826492,heldout_section
D04_S0_C032_T000,D04,D04_S0,fibroblast,0.0,train,0.7327652365779298,0.7285127091813239,0.004252527396605865,heldout_section
D04_S0_C032_T012,D04,D04_S0,fibroblast,12.0,train,1.2733742529121967,1.2679397521172768,0.0054345007949199164,heldout_section
D04_S0_C032_T024,D04,D04_S0,fibroblast,24.0,train,2.6431338990417443,2.6623297595611444,-0.019195860519400032,heldout_section
D04_S0_C033_T000,D04,D04_S0,macrophage,0.0,train,0.7177695903021702,0.7104888447325258,0.00728074556964442,heldout_section
D04_S0_C033_T012,D04,D04_S0,macrophage,12.0,train,1.2302869582455154,1.228171240702139,0.002115717543376361,heldout_section
D04_S0_C033_T024,D04,D04_S0,macrophage,24.0,train,2.5487017532663954,2.5471395734505147,0.0015621798158806932,heldout_section
D04_S0_C034_T000,D04,D04_S0,tumor,0.0,train,0.7922564798863074,0.8023763532704267,-0.010119873384119238,heldout_section
D04_S0_C034_T012,D04,D04_S0,tumor,12.0,train,1.346741175514719,1.3516442788517806,-0.004903103337061676,heldout_section
D04_S0_C034_T024,D04,D04_S0,tumor,24.0,train,2.6248505523824894,2.610538929639831,0.014311622742658514,heldout_section
D04_S0_C035_T000,D04,D04_S0,tumor,0.0,train,0.8684671770797721,0.8716459019114604,-0.003178724831688351,heldout_section
D04_S0_C035_T012,D04,D04_S0,tumor,12.0,train,1.4718557963254517,1.4820555467385417,-0.010199750413089959,heldout_section
D04_S0_C035_T024,D04,D04_S0,tumor,24.0,train,2.6204185100837907,2.6314536219047073,-0.011035111820916654,heldout_section
D04_S1_C000_T000,D04,D04_S1,tumor,0.0,test,0.8764006716576831,0.8843206776043012,-0.007920005946618125,heldout_section
D04_S1_C000_T012,D04,D04_S1,tumor,12.0,test,1.4464186777822257,1.4507462670883269,-0.0043275893061012205,heldout_section
D04_S1_C000_T024,D04,D04_S1,tumor,24.0,test,2.6751770369123364,2.6824646726161308,-0.007287635703794315,heldout_section
D04_S1_C001_T000,D04,D04_S1,vascular,0.0,test,0.6245571389388602,0.6204960322855543,0.004061106653305946,heldout_section
D04_S1_C001_T012,D04,D04_S1,vascular,12.0,test,1.154276030777328,1.1486193412899157,0.005656689487412381,heldout_section
D04_S1_C001_T024,D04,D04_S1,vascular,24.0,test,2.662069995675465,2.6126326038232883,0.04943739185217666,heldout_section
D04_S1_C002_T000,D04,D04_S1,tumor,0.0,test,0.8813326049209956,0.8844579670927106,-0.003125362171714996,heldout_section
D04_S1_C002_T012,D04,D04_S1,tumor,12.0,test,1.5332933436279195,1.5410424698409664,-0.0077491262130469085,heldout_section
D04_S1_C002_T024,D04,D04_S1,tumor,24.0,test,2.7294417003896956,2.74162568205251,-0.012183981662814425,heldout_section
D04_S1_C003_T000,D04,D04_S1,fibroblast,0.0,test,0.5779354878305736,0.5830382179576704,-0.005102730127096833,heldout_section
D04_S1_C003_T012,D04,D04_S1,fibroblast,12.0,test,1.00989947140141,1.0141303174365432,-0.00423084603513324,heldout_section
D04_S1_C003_T024,D04,D04_S1,fibroblast,24.0,test,2.295005090087108,2.309902935634707,-0.014897845547598987,heldout_section
D04_S1_C004_T000,D04,D04_S1,fibroblast,0.0,test,0.7439630458940832,0.7468617830754892,-0.002898737181405986,heldout_section
D04_S1_C004_T012,D04,D04_S1,fibroblast,12.0,test,1.2808985344108725,1.2933991715599167,-0.012500637149044147,heldout_section
D04_S1_C004_T024,D04,D04_S1,fibroblast,24.0,test,2.554226453339434,2.594976055835957,-0.04074960249652326,heldout_section
D04_S1_C005_T000,D04,D04_S1,fibroblast,0.0,test,0.7520249178797047,0.7419986811631407,0.010026236716563997,heldout_section
D04_S1_C005_T012,D04,D04_S1,fibroblast,12.0,test,1.3496365457378163,1.3434333857976855,0.006203159940130876,heldout_section
D04_S1_C005_T024,D04,D04_S1,fibroblast,24.0,test,2.679665484444803,2.654087733208335,0.025577751236467883,heldout_section
D04_S1_C006_T000,D04,D04_S1,macrophage,0.0,test,0.7384424916611052,0.7403159964025222,-0.0018735047414170092,heldout_section
D04_S1_C006_T012,D04,D04_S1,macrophage,12.0,test,1.1941631242481652,1.1969533735296924,-0.0027902492815272684,heldout_section
D04_S1_C006_T024,D04,D04_S1,macrophage,24.0,test,2.435891532102101,2.463659434772061,-0.027767902669959987,heldout_section
D04_S1_C007_T000,D04,D04_S1,vascular,0.0,test,0.6706877319282624,0.671202195652357,-0.0005144637240945826,heldout_section
D04_S1_C007_T012,D04,D04_S1,vascular,12.0,test,1.1419492343140711,1.1428004635813238,-0.0008512292672526733,heldout_section
D04_S1_C007_T024,D04,D04_S1,vascular,24.0,test,2.6066317380342885,2.559699682452868,0.04693205558142033,heldout_section
D04_S1_C008_T000,D04,D04_S1,tumor,0.0,test,0.944073020803518,0.951309542144937,-0.0072365213414190555,heldout_section
D04_S1_C008_T012,D04,D04_S1,tumor,12.0,test,1.5449346114645326,1.5513217810560302,-0.0063871695914976545,heldout_section
D04_S1_C008_T024,D04,D04_S1,tumor,24.0,test,2.72520984180966,2.7381418877020436,-0.012932045892383393,heldout_section
D04_S1_C009_T000,D04,D04_S1,tumor,0.0,test,0.8177863881473738,0.8217531245934286,-0.0039667364460548304,heldout_section
D04_S1_C009_T012,D04,D04_S1,tumor,12.0,test,1.3817976541993982,1.3807021724058541,0.0010954817935440175,heldout_section
D04_S1_C009_T024,D04,D04_S1,tumor,24.0,test,2.7173364944946097,2.6947481384994556,0.022588355995154075,heldout_section
D04_S1_C010_T000,D04,D04_S1,macrophage,0.0,test,0.7952996376236594,0.7871385207638992,0.008161116859760176,heldout_section
D04_S1_C010_T012,D04,D04_S1,macrophage,12.0,test,1.3756135320298881,1.371391172813445,0.0042223592164432056,heldout_section
D04_S1_C010_T024,D04,D04_S1,macrophage,24.0,test,2.6622654165627004,2.636151820355272,0.02611359620742837,heldout_section
D04_S1_C011_T000,D04,D04_S1,fibroblast,0.0,test,0.7364722825363164,0.7246251676629807,0.011847114873335673,heldout_section
D04_S1_C011_T012,D04,D04_S1,fibroblast,12.0,test,1.342626289139852,1.3352818834137863,0.00734440572606565,heldout_section
D04_S1_C011_T024,D04,D04_S1,fibroblast,24.0,test,2.7418156277632826,2.688933949775389,0.05288167798789356,heldout_section
D04_S1_C012_T000,D04,D04_S1,vascular,0.0,test,0.5813360912545366,0.58414881331364,-0.002812722059103434,heldout_section
D04_S1_C012_T012,D04,D04_S1,vascular,12.0,test,1.1077947065616387,1.1093254666007666,-0.0015307600391278875,heldout_section
D04_S1_C012_T024,D04,D04_S1,vascular,24.0,test,2.5409803992986864,2.546408978082979,-0.005428578784292704,heldout_section
D04_S1_C013_T000,D04,D04_S1,macrophage,0.0,test,0.85588564280095,0.8449414467449088,0.010944196056041244,heldout_section
D04_S1_C013_T012,D04,D04_S1,macrophage,12.0,test,1.408278335296977,1.4054114729254539,0.0028668623715231156,heldout_section
D04_S1_C013_T024,D04,D04_S1,macrophage,24.0,test,2.73472001863995,2.711276348753881,0.02344366988606872,heldout_section
D04_S1_C014_T000,D04,D04_S1,fibroblast,0.0,test,0.764864660873594,0.7495267514609378,0.015337909412656114,heldout_section
D04_S1_C014_T012,D04,D04_S1,fibroblast,12.0,test,1.3704556979258862,1.3566927082506934,0.013762989675192738,heldout_section
D04_S1_C014_T024,D04,D04_S1,fibroblast,24.0,test,2.7582852394146644,2.710914154837146,0.047371084577518374,heldout_section
D04_S1_C015_T000,D04,D04_S1,t_cell,0.0,test,0.7102313285052199,0.7049774839446711,0.005253844560548782,heldout_section
D04_S1_C015_T012,D04,D04_S1,t_cell,12.0,test,1.2688073032044889,1.2682393528985383,0.0005679503059505819,heldout_section
D04_S1_C015_T024,D04,D04_S1,t_cell,24.0,test,2.6639619007531845,2.6299905355274746,0.03397136522570987,heldout_section
D04_S1_C016_T000,D04,D04_S1,tumor,0.0,test,0.830102793577071,0.8339435825744983,-0.003840788997427347,heldout_section
D04_S1_C016_T012,D04,D04_S1,tumor,12.0,test,1.414799409642087,1.4194869239043466,-0.004687514262259551,heldout_section
D04_S1_C016_T024,D04,D04_S1,tumor,24.0,test,2.7256063360261145,2.7363141560320945,-0.010707820005980029,heldout_section
D04_S1_C017_T000,D04,D04_S1,fibroblast,0.0,test,0.7933784033822407,0.7882586491620432,0.005119754220197503,heldout_section
D04_S1_C017_T012,D04,D04_S1,fibroblast,12.0,test,1.3876040361552784,1.388870842354731,-0.0012668061994525193,heldout_section
D04_S1_C017_T024,D04,D04_S1,fibroblast,24.0,test,2.7433379625226326,2.7411251132212495,0.002212849301383102,heldout_section
D04_S1_C018_T000,D04,D04_S1,t_cell,0.0,test,0.5832514531572854,0.5853623677985611,-0.002110914641275663,heldout_section
D04_S1_C018_T012,D04,D04_S1,t_cell,12.0,test,1.0551182880244232,1.0619149447941203,-0.006796656769697096,heldout_section
D04_S1_C018_T024,D04,D04_S1,t_cell,24.0,test,2.4207489275211236,2.4656330095438572,-0.04488408202273364,heldout_section
D04_S1_C019_T000,D04,D04_S1,macrophage,0.0,test,0.7815589972613315,0.7807861080180585,0.0007728892432730117,heldout_section
D04_S1_C019_T012,D04,D04_S1,macrophage,12.0,test,1.2681282331558095,1.27613714205815,-0.008008908902340517,heldout_section
D04_S1_C019_T024,D04,D04_S1,macrophage,24.0,test,2.5964756439042054,2.6139855191125245,-0.017509875208319148,heldout_section
D04_S1_C020_T000,D04,D04_S1,fibroblast,0.0,test,0.750181186852016,0.7409071544614925,0.00927403239052349,heldout_section
D04_S1_C020_T012,D04,D04_S1,fibroblast,12.0,test,1.330508968940415,1.3267167943006508,0.003792174639764223,heldout_section
D04_S1_C020_T024,D04,D04_S1,fibroblast,24.0,test,2.6537053950352605,2.6313555664225263,0.022349828612734157,heldout_section
D04_S1_C021_T000,D04,D04_S1,tumor,0.0,test,0.7582244168827177,0.7652472564313755,-0.007022839548657789,heldout_section
D04_S1_C021_T012,D04,D04_S1,tumor,12.0,test,1.262594767886399,1.2608331783950402,0.0017615894913587393,heldout_section
D04_S1_C021_T024,D04,D04_S1,tumor,24.0,test,2.599493189998373,2.5826179059884398,0.0168752840099331,heldout_section
D04_S1_C022_T000,D04,D04_S1,t_cell,0.0,test,0.586314520262201,0.5879750592107549,-0.0016605389485538913,heldout_section
D04_S1_C022_T012,D04,D04_S1,t_cell,12.0,test,1.0418383349758846,1.04764807059165,-0.005809735615765366,heldout_section
D04_S1_C022_T024,D04,D04_S1,t_cell,24.0,test,2.4417191494788617,2.4630658074891163,-0.021346658010254593,heldout_section
D04_S1_C023_T000,D04,D04_S1,tumor,0.0,test,0.9438287651266766,0.9436712479539684,0.000157517172708177,heldout_section
D04_S1_C023_T012,D04,D04_S1,tumor,12.0,test,1.5697093573099217,1.5721518260395335,-0.0024424687296118464,heldout_section
D04_S1_C023_T024,D04,D04_S1,tumor,24.0,test,2.7423346531878567,2.7614783714535807,-0.01914371826572392,heldout_section
D04_S1_C024_T000,D04,D04_S1,tumor,0.0,test,0.8590294256614145,0.8708523407669589,-0.011822915105544451,heldout_section
D04_S1_C024_T012,D04,D04_S1,tumor,12.0,test,1.3491566412609697,1.3570435287844098,-0.007886887523440134,heldout_section
D04_S1_C024_T024,D04,D04_S1,tumor,24.0,test,2.668034206927073,2.653676021364411,0.014358185562661774,heldout_section
D04_S1_C025_T000,D04,D04_S1,tumor,0.0,test,0.8042490551911167,0.8089145631271313,-0.004665507936014612,heldout_section
D04_S1_C025_T012,D04,D04_S1,tumor,12.0,test,1.3998302880970963,1.4056983487976036,-0.005868060700507272,heldout_section
D04_S1_C025_T024,D04,D04_S1,tumor,24.0,test,2.626011943007648,2.630755348920315,-0.004743405912666976,heldout_section
D04_S1_C026_T000,D04,D04_S1,t_cell,0.0,test,0.5292557410588152,0.536000800979149,-0.006745059920333807,heldout_section
D04_S1_C026_T012,D04,D04_S1,t_cell,12.0,test,1.0388268807403285,1.0495880240219642,-0.010761143281635688,heldout_section
D04_S1_C026_T024,D04,D04_S1,t_cell,24.0,test,2.318138968053456,2.3679592281737913,-0.04982026012033547,heldout_section
D04_S1_C027_T000,D04,D04_S1,t_cell,0.0,test,0.5622040352781718,0.5597899846524357,0.002414050625736075,heldout_section
D04_S1_C027_T012,D04,D04_S1,t_cell,12.0,test,1.1033223565641503,1.1081544459608648,-0.004832089396714423,heldout_section
D04_S1_C027_T024,D04,D04_S1,t_cell,24.0,test,2.5463847838664018,2.5710429999535216,-0.024658216087119822,heldout_section
D04_S1_C028_T000,D04,D04_S1,vascular,0.0,test,0.5717827259061226,0.5654886093213881,0.006294116584734444,heldout_section
D04_S1_C028_T012,D04,D04_S1,vascular,12.0,test,1.0785026534127105,1.0759934884659923,0.0025091649467181565,heldout_section
D04_S1_C028_T024,D04,D04_S1,vascular,24.0,test,2.5844910809760786,2.592110539316434,-0.007619458340355489,heldout_section
D04_S1_C029_T000,D04,D04_S1,tumor,0.0,test,0.8365486110936503,0.8377847610905412,-0.0012361499968909229,heldout_section
D04_S1_C029_T012,D04,D04_S1,tumor,12.0,test,1.401177774863931,1.402912992132734,-0.001735217268802991,heldout_section
D04_S1_C029_T024,D04,D04_S1,tumor,24.0,test,2.723919588217505,2.677963616710244,0.04595597150726105,heldout_section
D04_S1_C030_T000,D04,D04_S1,tumor,0.0,test,0.9044007022377221,0.9092822459541069,-0.0048815437163848285,heldout_section
D04_S1_C030_T012,D04,D04_S1,tumor,12.0,test,1.4912116302470007,1.4954321159487967,-0.004220485701796006,heldout_section
D04_S1_C030_T024,D04,D04_S1,tumor,24.0,test,2.7454049870249393,2.748048290517095,-0.002643303492155802,heldout_section
D04_S1_C031_T000,D04,D04_S1,fibroblast,0.0,test,0.560572436860574,0.5664544684423076,-0.0058820315817336155,heldout_section
D04_S1_C031_T012,D04,D04_S1,fibroblast,12.0,test,1.0315019426690082,1.0423206747328533,-0.010818732063845093,heldout_section
D04_S1_C031_T024,D04,D04_S1,fibroblast,24.0,test,2.2431400601800826,2.2673928766621354,-0.024252816482052797,heldout_section
D04_S1_C032_T000,D04,D04_S1,t_cell,0.0,test,0.5667695688657208,0.5582012535492671,0.008568315316453745,heldout_section
D04_S1_C032_T012,D04,D04_S1,t_cell,12.0,test,1.109210757791622,1.1087691888801146,0.0004415689115073729,heldout_section
D04_S1_C032_T024,D04,D04_S1,t_cell,24.0,test,2.574005904116994,2.5536097522573593,0.020396151859634504,heldout_section
D04_S1_C033_T000,D04,D04_S1,tumor,0.0,test,0.7628430309249494,0.7663395946510583,-0.003496563726108848,heldout_section
D04_S1_C033_T012,D04,D04_S1,tumor,12.0,test,1.3353807272597513,1.3378925894408753,-0.0025118621811239805,heldout_section
D04_S1_C033_T024,D04,D04_S1,tumor,24.0,test,2.7004007705776782,2.6872829251317985,0.013117845445879794,heldout_section
D04_S1_C034_T000,D04,D04_S1,fibroblast,0.0,test,0.7013220429529735,0.7065675847298797,-0.005245541776906171,heldout_section
D04_S1_C034_T012,D04,D04_S1,fibroblast,12.0,test,1.1285555010738588,1.1354013311250117,-0.006845830051152912,heldout_section
D04_S1_C034_T024,D04,D04_S1,fibroblast,24.0,test,2.4380731071522463,2.439007225974167,-0.0009341188219207375,heldout_section
D04_S1_C035_T000,D04,D04_S1,fibroblast,0.0,test,0.7590941349069867,0.76642868548189,-0.007334550574903287,heldout_section
D04_S1_C035_T012,D04,D04_S1,fibroblast,12.0,test,1.2268203077455377,1.2359477446370888,-0.009127436891551044,heldout_section
D04_S1_C035_T024,D04,D04_S1,fibroblast,24.0,test,2.484816691688462,2.5414587695897155,-0.05664207790125353,heldout_section
D05_S0_C000_T000,D05,D05_S0,vascular,0.0,train,0.6393867218107233,0.6292517621692519,0.010134959641471375,heldout_section
D05_S0_C000_T012,D05,D05_S0,vascular,12.0,train,1.287343777481603,1.2824159582441108,0.0049278192374921925,heldout_section
D05_S0_C000_T024,D05,D05_S0,vascular,24.0,train,2.6352564725202687,2.6100994781987352,0.02515699432153351,heldout_section
D05_S0_C001_T000,D05,D05_S0,tumor,0.0,train,0.9532238299711826,0.9627959541218609,-0.009572124150678318,heldout_section
D05_S0_C001_T012,D05,D05_S0,tumor,12.0,train,1.5402512592345117,1.5511740593490704,-0.010922800114558706,heldout_section
D05_S0_C001_T024,D05,D05_S0,tumor,24.0,train,2.565075098164729,2.6246979683779545,-0.05962287021322554,heldout_section
D05_S0_C002_T000,D05,D05_S0,macrophage,0.0,train,0.6912472577205476,0.6851080160801704,0.006139241640377269,heldout_section
D05_S0_C002_T012,D05,D05_S0,macrophage,12.0,train,1.2070793864929108,1.2035121844496353,0.0035672020432755414,heldout_section
D05_S0_C002_T024,D05,D05_S0,macrophage,24.0,train,2.531466934674245,2.5068870719853678,0.024579862688877352,heldout_section
D05_S0_C003_T000,D05,D05_S0,tumor,0.0,train,0.8735149887362479,0.8842923953243926,-0.010777406588144745,heldout_section
D05_S0_C003_T012,D05,D05_S0,tumor,12.0,train,1.4601539254643268,1.4676231607062409,-0.007469235241914118,heldout_section
D05_S0_C003_T024,D05,D05_S0,tumor,24.0,train,2.5531208186920025,2.5636424215816844,-0.010521602889681958,heldout_section
D05_S0_C004_T000,D05,D05_S0,vascular,0.0,train,0.6090962430437544,0.6089518605538915,0.00014438248986292646,heldout_section
D05_S0_C004_T012,D05,D05_S0,vascular,12.0,train,1.198646500226768,1.2017193317635375,-0.003072831536769405,heldout_section
D05_S0_C004_T024,D05,D05_S0,vascular,24.0,train,2.555519686756976,2.5340595584050756,0.021460128351900476,heldout_section
D05_S0_C005_T000,D05,D05_S0,t_cell,0.0,train,0.6539343525919747,0.6562072355592986,-0.0022728829673238637,heldout_section
D05_S0_C005_T012,D05,D05_S0,t_cell,12.0,train,1.1848826982697014,1.1859670482570137,-0.0010843499873123275,heldout_section
D05_S0_C005_T024,D05,D05_S0,t_cell,24.0,train,2.559489515381081,2.5278940262888354,0.03159548909224563,heldout_section
D05_S0_C006_T000,D05,D05_S0,tumor,0.0,train,0.9806034042083107,0.9810996986593958,-0.0004962944510851219,heldout_section
D05_S0_C006_T012,D05,D05_S0,tumor,12.0,train,1.6293382512564736,1.640260404663628,-0.010922153407154411,heldout_section
D05_S0_C006_T024,D05,D05_S0,tumor,24.0,train,2.7173882527774165,2.7756000000000003,-0.05821174722258382,heldout_section
D05_S0_C007_T000,D05,D05_S0,fibroblast,0.0,train,0.6980814427537434,0.7032639109908811,-0.0051824682371377495,heldout_section
D05_S0_C007_T012,D05,D05_S0,fibroblast,12.0,train,1.2108168482481227,1.2137622826722834,-0.00294543442416062,heldout_section
D05_S0_C007_T024,D05,D05_S0,fibroblast,24.0,train,2.494563316644414,2.479236523646355,0.015326792998059169,heldout_section
D05_S0_C008_T000,D05,D05_S0,macrophage,0.0,train,0.7724519036358888,0.7810176667600734,-0.008565763124184667,heldout_section
D05_S0_C008_T012,D05,D05_S0,macrophage,12.0,train,1.265336504025565,1.2761276544038656,-0.010791150378300474,heldout_section
D05_S0_C008_T024,D05,D05_S0,macrophage,24.0,train,2.481256851700297,2.4968825776290915,-0.01562572592879441,heldout_section
D05_S0_C009_T000,D05,D05_S0,fibroblast,0.0,train,0.8487979462596991,0.8498213783439496,-0.0010234320842504863,heldout_section
D05_S0_C009_T012,D05,D05_S0,fibroblast,12.0,train,1.4016880530140043,1.4044799665623808,-0.00279191354837649,heldout_section
D05_S0_C009_T024,D05,D05_S0,fibroblast,24.0,train,2.608134300277937,2.621811963193473,-0.013677662915536182,heldout_section
D05_S0_C010_T000,D05,D05_S0,t_cell,0.0,train,0.5724638836547982,0.5695859209662619,0.0028779626885362397,heldout_section
D05_S0_C010_T012,D05,D05_S0,t_cell,12.0,train,1.1559961709631916,1.1533988851336763,0.00259728582951535,heldout_section
D05_S0_C010_T024,D05,D05_S0,t_cell,24.0,train,2.5074612778070686,2.4742851193876167,0.03317615841945187,heldout_section
D05_S0_C011_T000,D05,D05_S0,tumor,0.0,train,0.8401520860649735,0.8512545274059552,-0.011102441340981706,heldout_section
D05_S0_C011_T012,D05,D05_S0,tumor,12.0,train,1.3534300297400648,1.361875352483763,-0.008445322743698247,heldout_section
D05_S0_C011_T024,D05,D05_S0,tumor,24.0,train,2.5808628971654586,2.6022637556162533,-0.021400858450794757,heldout_section
D05_S0_C012_T000,D05,D05_S0,t_cell,0.0,train,0.7016783040538693,0.7031817831143117,-0.0015034790604423476,heldout_section
D05_S0_C012_T012,D05,D05_S0,t_cell,12.0,train,1.2493122499324434,1.2535003481308247,-0.004188098198381285,heldout_section
D05_S0_C012_T024,D05,D05_S0,t_cell,24.0,train,2.5346340836267887,2.5424066509839474,-0.0077725673571586995,heldout_section
D05_S0_C013_T000,D05,D05_S0,macrophage,0.0,train,0.848525067913799,0.8398920539765601,0.00863301393723892,heldout_section
D05_S0_C013_T012,D05,D05_S0,macrophage,12.0,train,1.4272730168234293,1.4198978605867218,0.007375156236707481,heldout_section
D05_S0_C013_T024,D05,D05_S0,macrophage,24.0,train,2.6570770274937234,2.6425657455099816,0.014511281983741853,heldout_section
D05_S0_C014_T000,D05,D05_S0,t_cell,0.0,train,0.6306664088561715,0.6260011857834016,0.004665223072769953,heldout_section
D05_S0_C014_T012,D05,D05_S0,t_cell,12.0,train,1.1730094282478631,1.1678460447347823,0.005163383513080877,heldout_section
D05_S0_C014_T024,D05,D05_S0,t_cell,24.0,train,2.511508907499715,2.515086946730328,-0.0035780392306130615,heldout_section
D05_S0_C015_T000,D05,D05_S0,tumor,0.0,train,0.9120658546732261,0.9170905352210599,-0.005024680547833782,heldout_section
D05_S0_C015_T012,D05,D05_S0,tumor,12.0,train,1.473467094424079,1.4793500021866384,-0.005882907762559286,heldout_section
D05_S0_C015_T024,D05,D05_S0,tumor,24.0,train,2.5301610969342625,2.571806739374088,-0.041645642439825714,heldout_section
D05_S0_C016_T000,D05,D05_S0,t_cell,0.0,train,0.6409689592252523,0.6430112708437319,-0.0020423116184795642,heldout_section
D05_S0_C016_T012,D05,D05_S0,t_cell,12.0,train,1.2173773924914435,1.2235150286103713,-0.006137636118927814,heldout_section
D05_S0_C016_T024,D05,D05_S0,t_cell,24.0,train,2.583293590793054,2.602923055371392,-0.01962946457833814,heldout_section
D05_S0_C017_T000,D05,D05_S0,vascular,0.0,train,0.5507145316962792,0.5547146786538862,-0.004000146957607087,heldout_section
D05_S0_C017_T012,D05,D05_S0,vascular,12.0,train,1.0768215238177714,1.0861458666986645,-0.009324342880893122,heldout_section
D05_S0_C017_T024,D05,D05_S0,vascular,24.0,train,2.42923654290024,2.44507019570228,-0.015833652802040188,heldout_section
D05_S0_C018_T000,D05,D05_S0,tumor,0.0,train,0.7716873739828393,0.7719887990856916,-0.00030142510285235957,heldout_section
D05_S0_C018_T012,D05,D05_S0,tumor,12.0,train,1.3442035490742497,1.336202199030354,0.008001350043895572,heldout_section
D05_S0_C018_T024,D05,D05_S0,tumor,24.0,train,2.6169847301283586,2.605724001909836,0.01126072821852242,heldout_section
D05_S0_C019_T000,D05,D05_S0,tumor,0.0,train,0.8489268637312322,0.8598417060728075,-0.01091484234157536,heldout_section
D05_S0_C019_T012,D05,D05_S0,tumor,12.0,train,1.420544933731152,1.4340210453453928,-0.013476111614240782,heldout_section
D05_S0_C019_T024,D05,D05_S0,tumor,24.0,train,2.541449536640768,2.5740103423049474,-0.032560805664179515,heldout_section
D05_S0_C020_T000,D05,D05_S0,macrophage,0.0,train,0.6590594163480692,0.6501136366679319,0.008945779680137322,heldout_section
D05_S0_C020_T012,D05,D05_S0,macrophage,12.0,train,1.180555300894333,1.1775338039086363,0.003021496985696759,heldout_section
D05_S0_C020_T024,D05,D05_S0,macrophage,24.0,train,2.5352482848977504,2.512020715811293,0.0232275690864574,heldout_section
D05_S0_C021_T000,D05,D05_S0,tumor,0.0,train,0.7444759049312543,0.7387108254855996,0.005765079445654631,heldout_section
D05_S0_C021_T012,D05,D05_S0,tumor,12.0,train,1.3544497900022547,1.3485950233814084,0.0058547666208463855,heldout_section
D05_S0_C021_T024,D05,D05_S0,tumor,24.0,train,2.6311555149745702,2.617833971351711,0.013321543622859089,heldout_section
D05_S0_C022_T000,D05,D05_S0,tumor,0.0,train,0.8639790419443182,0.8633933558655807,0.0005856860787374352,heldout_section
D05_S0_C022_T012,D05,D05_S0,tumor,12.0,train,1.4996846355053237,1.4993247518363069,0.0003598836690168472,heldout_section
D05_S0_C022_T024,D05,D05_S0,tumor,24.0,train,2.6396639839783447,2.659630180596074,-0.01996619661772936,heldout_section
D05_S0_C023_T000,D05,D05_S0,macrophage,0.0,train,0.7610399413844283,0.754125797678614,0.006914143705814335,heldout_section
D05_S0_C023_T012,D05,D05_S0,macrophage,12.0,train,1.3139223225224665,1.3072613065448315,0.006661015977635021,heldout_section
D05_S0_C023_T024,D05,D05_S0,macrophage,24.0,train,2.601343024034715,2.587257066148251,0.014085957886464051,heldout_section
D05_S0_C024_T000,D05,D05_S0,t_cell,0.0,train,0.6994808741267716,0.6912487944179312,0.008232079708840434,heldout_section
D05_S0_C024_T012,D05,D05_S0,t_cell,12.0,train,1.311248433891852,1.3049506630773897,0.006297770814462256,heldout_section
D05_S0_C024_T024,D05,D05_S0,t_cell,24.0,train,2.610031051783915,2.591508082331517,0.018522969452398286,heldout_section
D05_S0_C025_T000,D05,D05_S0,macrophage,0.0,train,0.6557690065557834,0.65419422420991,0.0015747823458733823,heldout_section
D05_S0_C025_T012,D05,D05_S0,macrophage,12.0,train,1.0752774263680973,1.074343431696876,0.0009339946712212388,heldout_section
D05_S0_C025_T024,D05,D05_S0,macrophage,24.0,train,2.3329194115377563,2.28635991789896,0.0465594936387963,heldout_section
D05_S0_C026_T000,D05,D05_S0,tumor,0.0,train,0.9020681549362245,0.9017720150177677,0.00029613991845678367,heldout_section
D05_S0_C026_T012,D05,D05_S0,tumor,12.0,train,1.5614255909772976,1.5639802089960166,-0.002554618018719035,heldout_section
D05_S0_C026_T024,D05,D05_S0,tumor,24.0,train,2.6717067026123904,2.670648387624321,0.0010583149880694087,heldout_section
D05_S0_C027_T000,D05,D05_S0,t_cell,0.0,train,0.6358893828871688,0.6302996254953683,0.005589757391800454,heldout_section
D05_S0_C027_T012,D05,D05_S0,t_cell,12.0,train,1.2111015643414702,1.2112808181126449,-0.00017925377117467,heldout_section
D05_S0_C027_T024,D05,D05_S0,t_cell,24.0,train,2.50849915175788,2.5167735300022707,-0.00827437824439059,heldout_section
D05_S0_C028_T000,D05,D05_S0,tumor,0.0,train,0.7981350468716273,0.7920112718628527,0.00612377500877459,heldout_section
D05_S0_C028_T012,D05,D05_S0,tumor,12.0,train,1.4350494276154353,1.431097159903308,0.003952267712127311,heldout_section
D05_S0_C028_T024,D05,D05_S0,tumor,24.0,train,2.6694411805827376,2.689691661335972,-0.020250480753234434,heldout_section
D05_S0_C029_T000,D05,D05_S0,vascular,0.0,train,0.6722026939009722,0.6725767687320231,-0.0003740748310508968,heldout_section
D05_S0_C029_T012,D05,D05_S0,vascular,12.0,train,1.2173125204398376,1.2156475224043788,0.0016649980354588312,heldout_section
D05_S0_C029_T024,D05,D05_S0,vascular,24.0,train,2.626474682407264,2.6082273204512534,0.01824736195601062,heldout_section
D05_S0_C030_T000,D05,D05_S0,fibroblast,0.0,train,0.6982659962493704,0.6944809073416831,0.0037850889076872507,heldout_section
D05_S0_C030_T012,D05,D05_S0,fibroblast,12.0,train,1.2291777225621185,1.2283862125239169,0.0007915100382016593,heldout_section
D05_S0_C030_T024,D05,D05_S0,fibroblast,24.0,train,2.526183270895145,2.51778859418593,0.008394676709214899,heldout_section
D05_S0_C031_T000,D05,D05_S0,tumor,0.0,train,0.8900377399714015,0.9019929025570235,-0.011955162585622015,heldout_section
D05_S0_C031_T012,D05,D05_S0,tumor,12.0,train,1.5063647136966967,1.519852385370436,-0.013487671673739321,heldout_section
D05_S0_C031_T024,D05,D05_S0,tumor,24.0,train,2.5869898858658558,2.6622793730299166,-0.07528948716406081,heldout_section
D05_S0_C032_T000,D05,D05_S0,macrophage,0.0,train,0.7810312836635868,0.769034063832426,0.011997219831160755,heldout_section
D05_S0_C032_T012,D05,D05_S0,macrophage,12.0,train,1.3336535988927603,1.3266314334233065,0.007022165469453778,heldout_section
D05_S0_C032_T024,D05,D05_S0,macrophage,24.0,train,2.578149952817999,2.566693395119701,0.01145655769829812,heldout_section
D05_S0_C033_T000,D05,D05_S0,tumor,0.0,train,0.9530334584072426,0.9505573625847226,0.0024760958225200635,heldout_section
D05_S0_C033_T012,D05,D05_S0,tumor,12.0,train,1.571425873058773,1.5626176594301617,0.008808213628611172,heldout_section
D05_S0_C033_T024,D05,D05_S0,tumor,24.0,train,2.697161116654161,2.713813825741817,-0.01665270908765626,heldout_section
D05_S0_C034_T000,D05,D05_S0,tumor,0.0,train,0.7975200057417223,0.8050634194197401,-0.007543413678017807,heldout_section
D05_S0_C034_T012,D05,D05_S0,tumor,12.0,train,1.3758985264459593,1.3826378068174758,-0.006739280371516498,heldout_section
D05_S0_C034_T024,D05,D05_S0,tumor,24.0,train,2.583183905809269,2.587199034698174,-0.004015128888905206,heldout_section
D05_S0_C035_T000,D05,D05_S0,t_cell,0.0,train,0.6917192262057361,0.6843777050151465,0.007341521190589617,heldout_section
D05_S0_C035_T012,D05,D05_S0,t_cell,12.0,train,1.302648153744895,1.3003107633603863,0.002337390384508753,heldout_section
D05_S0_C035_T024,D05,D05_S0,t_cell,24.0,train,2.5602997499026743,2.5848672606033625,-0.02456751070068819,heldout_section
D05_S1_C000_T000,D05,D05_S1,t_cell,0.0,validation,0.5859567520293487,0.5915532379588656,-0.005596485929516892,heldout_section
D05_S1_C000_T012,D05,D05_S1,t_cell,12.0,validation,1.0390813000036168,1.0415000161296362,-0.0024187161260194046,heldout_section
D05_S1_C000_T024,D05,D05_S1,t_cell,24.0,validation,2.3603300712673305,2.363206360870304,-0.0028762896029732588,heldout_section
D05_S1_C001_T000,D05,D05_S1,tumor,0.0,validation,0.9115395754277303,0.9107344415951708,0.0008051338325595347,heldout_section
D05_S1_C001_T012,D05,D05_S1,tumor,12.0,validation,1.5719007050544789,1.5719163428291192,-1.5637774640309132e-05,heldout_section
D05_S1_C001_T024,D05,D05_S1,tumor,24.0,validation,2.64019453036353,2.6577304799286052,-0.017535949565075093,heldout_section
D05_S1_C002_T000,D05,D05_S1,t_cell,0.0,validation,0.7480520966178055,0.7499956188873114,-0.001943522269505893,heldout_section
D05_S1_C002_T012,D05,D05_S1,t_cell,12.0,validation,1.322838034329805,1.328987204344285,-0.00614917001448001,heldout_section
D05_S1_C002_T024,D05,D05_S1,t_cell,24.0,validation,2.568221264286513,2.584925272759756,-0.016704008473242826,heldout_section
D05_S1_C003_T000,D05,D05_S1,macrophage,0.0,validation,0.8641253285481562,0.8538393682493496,0.010285960298806573,heldout_section
D05_S1_C003_T012,D05,D05_S1,macrophage,12.0,validation,1.4456768177167234,1.433000521093129,0.012676296623594485,heldout_section
D05_S1_C003_T024,D05,D05_S1,macrophage,24.0,validation,2.621674226027035,2.607436143254385,0.014238082772649818,heldout_section
D05_S1_C004_T000,D05,D05_S1,tumor,0.0,validation,0.9146550060212045,0.9161759448133395,-0.001520938792134996,heldout_section
D05_S1_C004_T012,D05,D05_S1,tumor,12.0,validation,1.518643053320534,1.5182931891068732,0.0003498642136607888,heldout_section
D05_S1_C004_T024,D05,D05_S1,tumor,24.0,validation,2.665470751117025,2.6877284747257844,-0.022257723608759328,heldout_section
D05_S1_C005_T000,D05,D05_S1,fibroblast,0.0,validation,0.7316789348622257,0.7279101706017708,0.0037687642604549154,heldout_section
D05_S1_C005_T012,D05,D05_S1,fibroblast,12.0,validation,1.309734940627236,1.3078743491627618,0.0018605914644742594,heldout_section
D05_S1_C005_T024,D05,D05_S1,fibroblast,24.0,validation,2.572300963100465,2.556753629058712,0.015547334041753125,heldout_section
D05_S1_C006_T000,D05,D05_S1,vascular,0.0,validation,0.6827882078445052,0.6776453015459943,0.005142906298510885,heldout_section
D05_S1_C006_T012,D05,D05_S1,vascular,12.0,validation,1.2772826652284837,1.274450550268055,0.0028321149604286777,heldout_section
D05_S1_C006_T024,D05,D05_S1,vascular,24.0,validation,2.56466906494168,2.560445151995233,0.004223912946446973,heldout_section
D05_S1_C007_T000,D05,D05_S1,macrophage,0.0,validation,0.6987524197335994,0.6942274171162988,0.0045250026173006,heldout_section
D05_S1_C007_T012,D05,D05_S1,macrophage,12.0,validation,1.2119817733855989,1.2116017446131515,0.00038002877244736055,heldout_section
D05_S1_C007_T024,D05,D05_S1,macrophage,24.0,validation,2.493585915266018,2.489021934554699,0.004563980711318916,heldout_section
D05_S1_C008_T000,D05,D05_S1,t_cell,0.0,validation,0.6334416321261143,0.6295017240087338,0.003939908117380431,heldout_section
D05_S1_C008_T012,D05,D05_S1,t_cell,12.0,validation,1.1989731630384626,1.1954111832069994,0.0035619798314632245,heldout_section
D05_S1_C008_T024,D05,D05_S1,t_cell,24.0,validation,2.4900439619789,2.4838768026486697,0.006167159330230376,heldout_section
D05_S1_C009_T000,D05,D05_S1,macrophage,0.0,validation,0.7912489004324395,0.7807772778787315,0.010471622553707927,heldout_section
D05_S1_C009_T012,D05,D05_S1,macrophage,12.0,validation,1.3727765003874324,1.3648856532446856,0.007890847142746793,heldout_section
D05_S1_C009_T024,D05,D05_S1,macrophage,24.0,validation,2.5925700576519257,2.5830572180907008,0.00951283956122495,heldout_section
D05_S1_C010_T000,D05,D05_S1,fibroblast,0.0,validation,0.8271963526800465,0.8188321379404861,0.008364214739560394,heldout_section
D05_S1_C010_T012,D05,D05_S1,fibroblast,12.0,validation,1.455544282988392,1.45390267983281,0.0016416031555819277,heldout_section
D05_S1_C010_T024,D05,D05_S1,fibroblast,24.0,validation,2.614991739398907,2.654813418692626,-0.03982167929371938,heldout_section
D05_S1_C011_T000,D05,D05_S1,tumor,0.0,validation,0.880110104643953,0.8877641575173797,-0.007654052873426687,heldout_section
D05_S1_C011_T012,D05,D05_S1,tumor,12.0,validation,1.4880662206442257,1.4953693300912645,-0.007303109447038825,heldout_section
D05_S1_C011_T024,D05,D05_S1,tumor,24.0,validation,2.634138531302876,2.6528982706514657,-0.018759739348589655,heldout_section
D05_S1_C012_T000,D05,D05_S1,fibroblast,0.0,validation,0.7993874771762532,0.7985781932870453,0.000809283889207979,heldout_section
D05_S1_C012_T012,D05,D05_S1,fibroblast,12.0,validation,1.3651816908941747,1.3656624128623795,-0.0004807219682048114,heldout_section
D05_S1_C012_T024,D05,D05_S1,fibroblast,24.0,validation,2.6408737525744908,2.637493366731693,0.0033803858427976508,heldout_section
D05_S1_C013_T000,D05,D05_S1,tumor,0.0,validation,0.8585959246975126,0.8574579437789143,0.0011379809185982914,heldout_section
D05_S1_C013_T012,D05,D05_S1,tumor,12.0,validation,1.487170735326893,1.485403639238833,0.0017670960880600273,heldout_section
D05_S1_C013_T024,D05,D05_S1,tumor,24.0,validation,2.622626974119825,2.6114253458002277,0.011201628319597479,heldout_section
D05_S1_C014_T000,D05,D05_S1,vascular,0.0,validation,0.6951918920955106,0.6922774668421856,0.0029144252533249704,heldout_section
D05_S1_C014_T012,D05,D05_S1,vascular,12.0,validation,1.2415422638558666,1.2430012035998668,-0.0014589397440001317,heldout_section
D05_S1_C014_T024,D05,D05_S1,vascular,24.0,validation,2.564371758298336,2.5732896188257732,-0.00891786052743715,heldout_section
D05_S1_C015_T000,D05,D05_S1,macrophage,0.0,validation,0.7108215844034839,0.7056857994625125,0.005135784940971333,heldout_section
D05_S1_C015_T012,D05,D05_S1,macrophage,12.0,validation,1.2780911333351932,1.27700236499723,0.0010887683379632307,heldout_section
D05_S1_C015_T024,D05,D05_S1,macrophage,24.0,validation,2.5901706277278005,2.5921118765973006,-0.0019412488695000896,heldout_section
D05_S1_C016_T000,D05,D05_S1,tumor,0.0,validation,0.8133835336730433,0.82143483795101,-0.008051304277966742,heldout_section
D05_S1_C016_T012,D05,D05_S1,tumor,12.0,validation,1.3901284544061594,1.3946764877829505,-0.004548033376791105,heldout_section
D05_S1_C016_T024,D05,D05_S1,tumor,24.0,validation,2.56234912315257,2.580931773594006,-0.0185826504414357,heldout_section
D05_S1_C017_T000,D05,D05_S1,tumor,0.0,validation,0.916220436839005,0.9181575186351104,-0.001937081796105411,heldout_section
D05_S1_C017_T012,D05,D05_S1,tumor,12.0,validation,1.5413781452395048,1.5451176033462617,-0.00373945810675691,heldout_section
D05_S1_C017_T024,D05,D05_S1,tumor,24.0,validation,2.6352733282483536,2.6580239661843796,-0.022750637936026052,heldout_section
D05_S1_C018_T000,D05,D05_S1,tumor,0.0,validation,0.859792829964983,0.8661936973427462,-0.006400867377763242,heldout_section
D05_S1_C018_T012,D05,D05_S1,tumor,12.0,validation,1.4443580261236681,1.4485059166034682,-0.0041478904798000205,heldout_section
D05_S1_C018_T024,D05,D05_S1,tumor,24.0,validation,2.6021663567660047,2.6283607249461975,-0.02619436818019283,heldout_section
D05_S1_C019_T000,D05,D05_S1,macrophage,0.0,validation,0.875834972683439,0.8657089730550914,0.010125999628347593,heldout_section
D05_S1_C019_T012,D05,D05_S1,macrophage,12.0,validation,1.5248067853232459,1.5221392394594593,0.002667545863786591,heldout_section
D05_S1_C019_T024,D05,D05_S1,macrophage,24.0,validation,2.6633681167075975,2.6629505669415163,0.0004175497660812155,heldout_section
D05_S1_C020_T000,D05,D05_S1,macrophage,0.0,validation,0.8549847079377524,0.8407913145755532,0.014193393362199158,heldout_section
D05_S1_C020_T012,D05,D05_S1,macrophage,12.0,validation,1.4627413976840873,1.4504821164167878,0.012259281267299471,heldout_section
D05_S1_C020_T024,D05,D05_S1,macrophage,24.0,validation,2.673943831291701,2.670751808859324,0.0031920224323771507,heldout_section
D05_S1_C021_T000,D05,D05_S1,fibroblast,0.0,validation,0.7586413350377906,0.7482337712382823,0.010407563799508357,heldout_section
D05_S1_C021_T012,D05,D05_S1,fibroblast,12.0,validation,1.3904988690106201,1.3891189621559616,0.001379906854658497,heldout_section
D05_S1_C021_T024,D05,D05_S1,fibroblast,24.0,validation,2.5970194230498715,2.5839227060736976,0.013096716976173983,heldout_section
D05_S1_C022_T000,D05,D05_S1,t_cell,0.0,validation,0.603906025665049,0.5939802595947333,0.0099257660703157,heldout_section
D05_S1_C022_T012,D05,D05_S1,t_cell,12.0,validation,1.1461373162605495,1.134720403566389,0.011416912694160564,heldout_section
D05_S1_C022_T024,D05,D05_S1,t_cell,24.0,validation,2.5300901613156537,2.494671617579092,0.0354185437365615,heldout_section
D05_S1_C023_T000,D05,D05_S1,macrophage,0.0,validation,0.7432118303232279,0.7359715745435664,0.007240255779661475,heldout_section
D05_S1_C023_T012,D05,D05_S1,macrophage,12.0,validation,1.3143371839260425,1.309739768805962,0.004597415120080495,heldout_section
D05_S1_C023_T024,D05,D05_S1,macrophage,24.0,validation,2.63144068926495,2.6211062621740693,0.010334427090880727,heldout_section
D05_S1_C024_T000,D05,D05_S1,tumor,0.0,validation,0.8412052348090068,0.8509665765898433,-0.009761341780836541,heldout_section
D05_S1_C024_T012,D05,D05_S1,tumor,12.0,validation,1.4170776684505246,1.4209890373716345,-0.003911368921109881,heldout_section
D05_S1_C024_T024,D05,D05_S1,tumor,24.0,validation,2.5851082261810805,2.59765311085054,-0.012544884669459577,heldout_section
D05_S1_C025_T000,D05,D05_S1,t_cell,0.0,validation,0.6507425066719228,0.6547912514717856,-0.004048744799862836,heldout_section
D05_S1_C025_T012,D05,D05_S1,t_cell,12.0,validation,1.1600309755917169,1.1701344266387852,-0.010103451047068335,heldout_section
D05_S1_C025_T024,D05,D05_S1,t_cell,24.0,validation,2.394203156639663,2.4300066098279918,-0.03580345318832867,heldout_section
D05_S1_C026_T000,D05,D05_S1,tumor,0.0,validation,0.7764376196161336,0.7878445474538318,-0.011406927837698255,heldout_section
D05_S1_C026_T012,D05,D05_S1,tumor,12.0,validation,1.3299984192303014,1.3375867498267573,-0.007588330596455917,heldout_section
D05_S1_C026_T024,D05,D05_S1,tumor,24.0,validation,2.495939832412382,2.5096629618396635,-0.013723129427281489,heldout_section
D05_S1_C027_T000,D05,D05_S1,macrophage,0.0,validation,0.7351953936741862,0.735452626435199,-0.00025723276101285997,heldout_section
D05_S1_C027_T012,D05,D05_S1,macrophage,12.0,validation,1.2293484261685421,1.2284852001323727,0.0008632260361693955,heldout_section
D05_S1_C027_T024,D05,D05_S1,macrophage,24.0,validation,2.5873875495174175,2.574799072792716,0.012588476724701536,heldout_section
D05_S1_C028_T000,D05,D05_S1,tumor,0.0,validation,0.8825427504810553,0.895306378769993,-0.012763628288937623,heldout_section
D05_S1_C028_T012,D05,D05_S1,tumor,12.0,validation,1.4716296819588155,1.4809235643228138,-0.009293882363998307,heldout_section
D05_S1_C028_T024,D05,D05_S1,tumor,24.0,validation,2.5873536806682713,2.610009339552271,-0.022655658883999674,heldout_section
D05_S1_C029_T000,D05,D05_S1,tumor,0.0,validation,0.8288606938496457,0.8313296609946846,-0.0024689671450389694,heldout_section
D05_S1_C029_T012,D05,D05_S1,tumor,12.0,validation,1.4400483510010704,1.4422180776049074,-0.0021697266038369634,heldout_section
D05_S1_C029_T024,D05,D05_S1,tumor,24.0,validation,2.6372811030264267,2.657539130054191,-0.020258027027764136,heldout_section
D05_S1_C030_T000,D05,D05_S1,t_cell,0.0,validation,0.6726294251250329,0.6712999664884922,0.001329458636540659,heldout_section
D05_S1_C030_T012,D05,D05_S1,t_cell,12.0,validation,1.2564480366158444,1.258040407120478,-0.0015923705046336778,heldout_section
D05_S1_C030_T024,D05,D05_S1,t_cell,24.0,validation,2.6199507212165036,2.579778346905436,0.04017237431106757,heldout_section
D05_S1_C031_T000,D05,D05_S1,tumor,0.0,validation,0.8284676141917792,0.8291477266044758,-0.0006801124126966096,heldout_section
D05_S1_C031_T012,D05,D05_S1,tumor,12.0,validation,1.4598200685561975,1.4589492476171364,0.000870820939061101,heldout_section
D05_S1_C031_T024,D05,D05_S1,tumor,24.0,validation,2.609470520530102,2.6141811057763658,-0.0047105852462636655,heldout_section
D05_S1_C032_T000,D05,D05_S1,macrophage,0.0,validation,0.7757462471405474,0.7696325965644679,0.006113650576079488,heldout_section
D05_S1_C032_T012,D05,D05_S1,macrophage,12.0,validation,1.3537598310871226,1.3499766896263579,0.0037831414607647496,heldout_section
D05_S1_C032_T024,D05,D05_S1,macrophage,24.0,validation,2.6127747027522608,2.612206348160821,0.0005683545914396682,heldout_section
D05_S1_C033_T000,D05,D05_S1,vascular,0.0,validation,0.592763014029592,0.5815940596857396,0.011168954343852344,heldout_section
D05_S1_C033_T012,D05,D05_S1,vascular,12.0,validation,1.1681447474188589,1.1576308744745092,0.01051387294434969,heldout_section
D05_S1_C033_T024,D05,D05_S1,vascular,24.0,validation,2.634810732087412,2.572307104745015,0.06250362734239712,heldout_section
D05_S1_C034_T000,D05,D05_S1,tumor,0.0,validation,0.931623808624671,0.9392528752656895,-0.007629066641018478,heldout_section
D05_S1_C034_T012,D05,D05_S1,tumor,12.0,validation,1.5135122743694491,1.521195717224412,-0.0076834428549628075,heldout_section
D05_S1_C034_T024,D05,D05_S1,tumor,24.0,validation,2.661664140875876,2.700757314744541,-0.039093173868665065,heldout_section
D05_S1_C035_T000,D05,D05_S1,fibroblast,0.0,validation,0.6739916575456424,0.6705545814669537,0.0034370760786887056,heldout_section
D05_S1_C035_T012,D05,D05_S1,fibroblast,12.0,validation,1.2299136195100222,1.2217650983730979,0.008148521136924325,heldout_section
D05_S1_C035_T024,D05,D05_S1,fibroblast,24.0,validation,2.5864268402566197,2.56622875101843,0.020198089238189887,heldout_section
D06_S0_C000_T000,D06,D06_S0,tumor,0.0,train,0.8841020963958784,0.8765780743459397,0.007524022049938739,heldout_section
D06_S0_C000_T012,D06,D06_S0,tumor,12.0,train,1.5624311683816798,1.5516809518086891,0.01075021657299069,heldout_section
D06_S0_C000_T024,D06,D06_S0,tumor,24.0,train,2.7756000000000003,2.7756000000000003,0.0,heldout_section
D06_S0_C001_T000,D06,D06_S0,tumor,0.0,train,0.9258592643786864,0.9212953752804957,0.004563889098190721,heldout_section
D06_S0_C001_T012,D06,D06_S0,tumor,12.0,train,1.5578364858819067,1.5533279820197898,0.004508503862116875,heldout_section
D06_S0_C001_T024,D06,D06_S0,tumor,24.0,train,2.7304354579316237,2.7462091752279165,-0.015773717296292844,heldout_section
D06_S0_C002_T000,D06,D06_S0,tumor,0.0,train,0.9698447555760903,0.9692706261619952,0.0005741294140950703,heldout_section
D06_S0_C002_T012,D06,D06_S0,tumor,12.0,train,1.6733773375252563,1.6747396154863305,-0.001362277961074243,heldout_section
D06_S0_C002_T024,D06,D06_S0,tumor,24.0,train,2.7756000000000003,2.7756000000000003,0.0,heldout_section
D06_S0_C003_T000,D06,D06_S0,tumor,0.0,train,1.0384962580732795,1.0330396515321594,0.005456606541120124,heldout_section
D06_S0_C003_T012,D06,D06_S0,tumor,12.0,train,1.714539001513911,1.7040630171290567,0.010475984384854309,heldout_section
D06_S0_C003_T024,D06,D06_S0,tumor,24.0,train,2.7756000000000003,2.7756000000000003,0.0,heldout_section
D06_S0_C004_T000,D06,D06_S0,tumor,0.0,train,0.8353747228981709,0.8379195430010611,-0.002544820102890144,heldout_section
D06_S0_C004_T012,D06,D06_S0,tumor,12.0,train,1.4394611955101733,1.4377223408788642,0.0017388546313090725,heldout_section
D06_S0_C004_T024,D06,D06_S0,tumor,24.0,train,2.7571943559800385,2.75807116767469,-0.0008768116946513693,heldout_section
D06_S0_C005_T000,D06,D06_S0,tumor,0.0,train,0.8474286989565674,0.8509428558757876,-0.0035141569192201905,heldout_section
D06_S0_C005_T012,D06,D06_S0,tumor,12.0,train,1.4597047273635297,1.4596265133206783,7.821404285146549e-05,heldout_section
D06_S0_C005_T024,D06,D06_S0,tumor,24.0,train,2.765893864886941,2.7242422951442116,0.04165156974272932,heldout_section
D06_S0_C006_T000,D06,D06_S0,t_cell,0.0,train,0.6174490915992173,0.6057856941475431,0.011663397451674218,heldout_section
D06_S0_C006_T012,D06,D06_S0,t_cell,12.0,train,1.2382675628071953,1.2225457466122318,0.01572181619496349,heldout_section
D06_S0_C006_T024,D06,D06_S0,t_cell,24.0,train,2.682397207905284,2.596747484929301,0.08564972297598317,heldout_section
D06_S0_C007_T000,D06,D06_S0,tumor,0.0,train,0.88713941053126,0.8924898476139225,-0.005350437082662474,heldout_section
D06_S0_C007_T012,D06,D06_S0,tumor,12.0,train,1.5003531979419205,1.5016004073177978,-0.0012472093758773006,heldout_section
D06_S0_C007_T024,D06,D06_S0,tumor,24.0,train,2.686438250329243,2.7121794257931184,-0.025741175463875443,heldout_section
D06_S0_C008_T000,D06,D06_S0,macrophage,0.0,train,0.7321968508811648,0.7227443965951222,0.009452454286042578,heldout_section
D06_S0_C008_T012,D06,D06_S0,macrophage,12.0,train,1.3044869202907097,1.2957720812654483,0.008714839025261378,heldout_section
D06_S0_C008_T024,D06,D06_S0,macrophage,24.0,train,2.6242743930707015,2.5817234347803337,0.04255095829036781,heldout_section
D06_S0_C009_T000,D06,D06_S0,macrophage,0.0,train,0.919325480316171,0.9073159073817041,0.012009572934466917,heldout_section
D06_S0_C009_T012,D06,D06_S0,macrophage,12.0,train,1.590281118148783,1.5838610906866437,0.006420027462139322,heldout_section
D06_S0_C009_T024,D06,D06_S0,macrophage,24.0,train,2.7756000000000003,2.7756000000000003,0.0,heldout_section
D06_S0_C010_T000,D06,D06_S0,t_cell,0.0,train,0.5165820003421042,0.517814978689805,-0.0012329783477007528,heldout_section
D06_S0_C010_T012,D06,D06_S0,t_cell,12.0,train,1.0021516407993125,0.9958470777304357,0.006304563068876834,heldout_section
D06_S0_C010_T024,D06,D06_S0,t_cell,24.0,train,2.4758436901801444,2.4191357007587744,0.05670798942137001,heldout_section
D06_S0_C011_T000,D06,D06_S0,fibroblast,0.0,train,0.7184458583841625,0.7091811503593723,0.00926470802479018,heldout_section
D06_S0_C011_T012,D06,D06_S0,fibroblast,12.0,train,1.3504610711181524,1.343187266753403,0.007273804364749337,heldout_section
D06_S0_C011_T024,D06,D06_S0,fibroblast,24.0,train,2.6671704099587137,2.662221365229413,0.004949044729300578,heldout_section
D06_S0_C012_T000,D06,D06_S0,macrophage,0.0,train,0.8360875055476747,0.8244056746076901,0.01168183093998465,heldout_section
D06_S0_C012_T012,D06,D06_S0,macrophage,12.0,train,1.47323978145148,1.465912274958134,0.007327506493346014,heldout_section
D06_S0_C012_T024,D06,D06_S0,macrophage,24.0,train,2.723693714675419,2.687209055794096,0.03648465888132302,heldout_section
D06_S0_C013_T000,D06,D06_S0,vascular,0.0,train,0.5928661869456152,0.5877036605133321,0.005162526432283099,heldout_section
D06_S0_C013_T012,D06,D06_S0,vascular,12.0,train,1.175370396184395,1.1693741902256394,0.005996205958755718,heldout_section
D06_S0_C013_T024,D06,D06_S0,vascular,24.0,train,2.6087563338627597,2.563350902566254,0.04540543129650576,heldout_section
D06_S0_C014_T000,D06,D06_S0,tumor,0.0,train,0.8725033750265812,0.8766628824952933,-0.004159507468712187,heldout_section
D06_S0_C014_T012,D06,D06_S0,tumor,12.0,train,1.509633304669854,1.514519629091926,-0.004886324422072041,heldout_section
D06_S0_C014_T024,D06,D06_S0,tumor,24.0,train,2.7586098528034766,2.7562307045388077,0.0023791482646688955,heldout_section
D06_S0_C015_T000,D06,D06_S0,t_cell,0.0,train,0.6671547051803817,0.6575094782960441,0.009645226884337554,heldout_section
D06_S0_C015_T012,D06,D06_S0,t_cell,12.0,train,1.3149272908876863,1.3096451100911815,0.005282180796504887,heldout_section
D06_S0_C015_T024,D06,D06_S0,t_cell,24.0,train,2.6637071089610074,2.6490152258210773,0.014691883139930084,heldout_section
D06_S0_C016_T000,D06,D06_S0,fibroblast,0.0,train,0.7990352975692492,0.7897451243884306,0.009290173180818595,heldout_section
D06_S0_C016_T012,D06,D06_S0,fibroblast,12.0,train,1.379657651800441,1.3685292474815207,0.01112840431892037,heldout_section
D06_S0_C016_T024,D06,D06_S0,fibroblast,24.0,train,2.6819245633882596,2.6644553413470446,0.017469222041214927,heldout_section
D06_S0_C017_T000,D06,D06_S0,tumor,0.0,train,0.8829488344848901,0.8786169256532664,0.00433190883162371,heldout_section
D06_S0_C017_T012,D06,D06_S0,tumor,12.0,train,1.4808797049645976,1.4780862066432114,0.002793498321386201,heldout_section
D06_S0_C017_T024,D06,D06_S0,tumor,24.0,train,2.7158463870989022,2.720431718862202,-0.0045853317632995605,heldout_section
D06_S0_C018_T000,D06,D06_S0,tumor,0.0,train,0.9805167673663624,0.979030465257363,0.00148630210899936,heldout_section
D06_S0_C018_T012,D06,D06_S0,tumor,12.0,train,1.702996244064552,1.6968952269584932,0.006101017106058926,heldout_section
D06_S0_C018_T024,D06,D06_S0,tumor,24.0,train,2.7756000000000003,2.7756000000000003,0.0,heldout_section
D06_S0_C019_T000,D06,D06_S0,tumor,0.0,train,0.8615683919050035,0.8659443754716156,-0.004375983566612174,heldout_section
D06_S0_C019_T012,D06,D06_S0,tumor,12.0,train,1.4507265561290112,1.4496600963077093,0.001066459821301935,heldout_section
D06_S0_C019_T024,D06,D06_S0,tumor,24.0,train,2.6991556841307305,2.714800133279991,-0.015644449149260442,heldout_section
D06_S0_C020_T000,D06,D06_S0,macrophage,0.0,train,0.8592228312369832,0.8469563505801101,0.01226648065687308,heldout_section
D06_S0_C020_T012,D06,D06_S0,macrophage,12.0,train,1.483377508196456,1.4719366671818221,0.011440841014633829,heldout_section
D06_S0_C020_T024,D06,D06_S0,macrophage,24.0,train,2.774188281025112,2.754289717260912,0.019898563764200183,heldout_section
D06_S0_C021_T000,D06,D06_S0,t_cell,0.0,train,0.6739628452363517,0.6722446221671985,0.0017182230691532574,heldout_section
D06_S0_C021_T012,D06,D06_S0,t_cell,12.0,train,1.2404952768464144,1.2403214492385841,0.00017382760783024587,heldout_section
D06_S0_C021_T024,D06,D06_S0,t_cell,24.0,train,2.6132577352853836,2.5822271483812456,0.03103058690413807,heldout_section
D06_S0_C022_T000,D06,D06_S0,t_cell,0.0,train,0.6003155532475386,0.6025344045415851,-0.002218851294046531,heldout_section
D06_S0_C022_T012,D06,D06_S0,t_cell,12.0,train,1.1407324843232767,1.1427759555365344,-0.0020434712132577637,heldout_section
D06_S0_C022_T024,D06,D06_S0,t_cell,24.0,train,2.5954952258780364,2.536284015898565,0.05921120997947149,heldout_section
D06_S0_C023_T000,D06,D06_S0,macrophage,0.0,train,0.8331150240065683,0.8235615606133855,0.00955346339318286,heldout_section
D06_S0_C023_T012,D06,D06_S0,macrophage,12.0,train,1.4662227225125681,1.4632152957869422,0.003007426725625928,heldout_section
D06_S0_C023_T024,D06,D06_S0,macrophage,24.0,train,2.7251699348397342,2.6904694658971295,0.0347004689426047,heldout_section
D06_S0_C024_T000,D06,D06_S0,tumor,0.0,train,0.8745303290324109,0.870571918579629,0.003958410452781891,heldout_section
D06_S0_C024_T012,D06,D06_S0,tumor,12.0,train,1.5392266563811379,1.5272691929257929,0.011957463455344985,heldout_section
D06_S0_C024_T024,D06,D06_S0,tumor,24.0,train,2.7181557405447077,2.6948617423863817,0.023293998158326,heldout_section
D06_S0_C025_T000,D06,D06_S0,tumor,0.0,train,0.868276587650559,0.8750607157789781,-0.006784128128419109,heldout_section
D06_S0_C025_T012,D06,D06_S0,tumor,12.0,train,1.495037957750019,1.5034721362854246,-0.008434178535405623,heldout_section
D06_S0_C025_T024,D06,D06_S0,tumor,24.0,train,2.6471611246307014,2.671935126343548,-0.024774001712846605,heldout_section
D06_S0_C026_T000,D06,D06_S0,macrophage,0.0,train,0.8041822979021324,0.7982540304516262,0.0059282674505061195,heldout_section
D06_S0_C026_T012,D06,D06_S0,macrophage,12.0,train,1.4033200432376844,1.3979845121184675,0.005335531119216919,heldout_section
D06_S0_C026_T024,D06,D06_S0,macrophage,24.0,train,2.6730657740733776,2.6355796438026284,0.03748613027074921,heldout_section
D06_S0_C027_T000,D06,D06_S0,tumor,0.0,train,1.0019939719788566,1.00117102224887,0.000822949729986755,heldout_section
D06_S0_C027_T012,D06,D06_S0,tumor,12.0,train,1.6637517379639557,1.6598217814126128,0.0039299565513428725,heldout_section
D06_S0_C027_T024,D06,D06_S0,tumor,24.0,train,2.7756000000000003,2.7756000000000003,0.0,heldout_section
D06_S0_C028_T000,D06,D06_S0,fibroblast,0.0,train,0.8403851677646719,0.8331003813474185,0.007284786417253386,heldout_section
D06_S0_C028_T012,D06,D06_S0,fibroblast,12.0,train,1.4583754633601331,1.4511935272148548,0.007181936145278289,heldout_section
D06_S0_C028_T024,D06,D06_S0,fibroblast,24.0,train,2.7756000000000003,2.7756000000000003,0.0,heldout_section
D06_S0_C029_T000,D06,D06_S0,t_cell,0.0,train,0.6668991024743439,0.662916465603554,0.003982636870789924,heldout_section
D06_S0_C029_T012,D06,D06_S0,t_cell,12.0,train,1.2868807786469627,1.279232330278787,0.0076484483681757975,heldout_section
D06_S0_C029_T024,D06,D06_S0,t_cell,24.0,train,2.6900669873421266,2.6542054366979624,0.035861550644164186,heldout_section
D06_S0_C030_T000,D06,D06_S0,tumor,0.0,train,0.8523400783538567,0.856023779517552,-0.0036837011636953187,heldout_section
D06_S0_C030_T012,D06,D06_S0,tumor,12.0,train,1.4471012582132345,1.4482754641137106,-0.0011742059004760108,heldout_section
D06_S0_C030_T024,D06,D06_S0,tumor,24.0,train,2.73542421940664,2.6989896874350707,0.03643453197156932,heldout_section
D06_S0_C031_T000,D06,D06_S0,tumor,0.0,train,0.8788389143810079,0.8858153140111635,-0.006976399630155616,heldout_section
D06_S0_C031_T012,D06,D06_S0,tumor,12.0,train,1.5329017751040372,1.5358207529522516,-0.002918977848214377,heldout_section
D06_S0_C031_T024,D06,D06_S0,tumor,24.0,train,2.7477267808188457,2.7332236650483943,0.01450311577045138,heldout_section
D06_S0_C032_T000,D06,D06_S0,vascular,0.0,train,0.7031939385061452,0.6946243722335379,0.008569566272607299,heldout_section
D06_S0_C032_T012,D06,D06_S0,vascular,12.0,train,1.3239670892730284,1.3124697341291358,0.011497355143892607,heldout_section
D06_S0_C032_T024,D06,D06_S0,vascular,24.0,train,2.7486306130915903,2.6999195181803253,0.04871109491126502,heldout_section
D06_S0_C033_T000,D06,D06_S0,tumor,0.0,train,0.9085324472906087,0.9142469020432448,-0.0057144547526361,heldout_section
D06_S0_C033_T012,D06,D06_S0,tumor,12.0,train,1.5443049236606812,1.5455893444872069,-0.0012844208265256896,heldout_section
D06_S0_C033_T024,D06,D06_S0,tumor,24.0,train,2.7054630710136536,2.712324043270635,-0.006860972256981235,heldout_section
D06_S0_C034_T000,D06,D06_S0,vascular,0.0,train,0.7832185967280322,0.7707972700426887,0.012421326685343459,heldout_section
D06_S0_C034_T012,D06,D06_S0,vascular,12.0,train,1.4723428420353295,1.465675655550274,0.006667186485055598,heldout_section
D06_S0_C034_T024,D06,D06_S0,vascular,24.0,train,2.7223691459591133,2.701060419015552,0.02130872694356123,heldout_section
D06_S0_C035_T000,D06,D06_S0,vascular,0.0,train,0.564710834676193,0.5578799296501366,0.006830905026056433,heldout_section
D06_S0_C035_T012,D06,D06_S0,vascular,12.0,train,1.163316662141261,1.1567893139185847,0.006527348222676199,heldout_section
D06_S0_C035_T024,D06,D06_S0,vascular,24.0,train,2.653708313681913,2.587748678212596,0.06595963546931705,heldout_section
D06_S1_C000_T000,D06,D06_S1,fibroblast,0.0,train,0.757030360727896,0.7634155816982392,-0.0063852209703432194,heldout_section
D06_S1_C000_T012,D06,D06_S1,fibroblast,12.0,train,1.2441797502392387,1.2505723362309547,-0.006392585991715993,heldout_section
D06_S1_C000_T024,D06,D06_S1,fibroblast,24.0,train,2.5907585526078494,2.593654985520349,-0.0028964329124994137,heldout_section
D06_S1_C001_T000,D06,D06_S1,tumor,0.0,train,0.9177030413553529,0.9240731491489566,-0.0063701077936036965,heldout_section
D06_S1_C001_T012,D06,D06_S1,tumor,12.0,train,1.5362095603686388,1.5383285521312133,-0.0021189917625745736,heldout_section
D06_S1_C001_T024,D06,D06_S1,tumor,24.0,train,2.7636021074993016,2.7756000000000003,-0.011997892500698715,heldout_section
D06_S1_C002_T000,D06,D06_S1,tumor,0.0,train,0.8750636870947042,0.8726966171641077,0.0023670699305964327,heldout_section
D06_S1_C002_T012,D06,D06_S1,tumor,12.0,train,1.5253330792539694,1.5222757079346403,0.0030573713193291496,heldout_section
D06_S1_C002_T024,D06,D06_S1,tumor,24.0,train,2.749660511954577,2.7588429608194582,-0.009182448864881287,heldout_section
D06_S1_C003_T000,D06,D06_S1,tumor,0.0,train,0.9490224677986476,0.9519125369942701,-0.0028900691956225133,heldout_section
D06_S1_C003_T012,D06,D06_S1,tumor,12.0,train,1.5618980525511652,1.5618054357464033,9.261680476191358e-05,heldout_section
D06_S1_C003_T024,D06,D06_S1,tumor,24.0,train,2.767289163049809,2.7675131259770627,-0.0002239629272535737,heldout_section
D06_S1_C004_T000,D06,D06_S1,tumor,0.0,train,0.8938887022732241,0.9027721975231752,-0.008883495249951023,heldout_section
D06_S1_C004_T012,D06,D06_S1,tumor,12.0,train,1.4842702774341965,1.4870604407778938,-0.002790163343697305,heldout_section
D06_S1_C004_T024,D06,D06_S1,tumor,24.0,train,2.7215706189344124,2.7062091580472427,0.01536146088716972,heldout_section
D06_S1_C005_T000,D06,D06_S1,macrophage,0.0,train,0.8436256670808093,0.8296621188471672,0.013963548233642098,heldout_section
D06_S1_C005_T012,D06,D06_S1,macrophage,12.0,train,1.47149204426987,1.4596234385250357,0.011868605744834282,heldout_section
D06_S1_C005_T024,D06,D06_S1,macrophage,24.0,train,2.7289137907437935,2.689065946843056,0.039847843900737256,heldout_section
D06_S1_C006_T000,D06,D06_S1,fibroblast,0.0,train,0.8074373139331075,0.8029343120408894,0.004503001892218084,heldout_section
D06_S1_C006_T012,D06,D06_S1,fibroblast,12.0,train,1.3942301407269295,1.3933642494073164,0.0008658913196131213,heldout_section
D06_S1_C006_T024,D06,D06_S1,fibroblast,24.0,train,2.6780039789929337,2.7015204466927143,-0.023516467699780552,heldout_section
D06_S1_C007_T000,D06,D06_S1,tumor,0.0,train,0.8819259374305022,0.8824135480578831,-0.00048761062738089667,heldout_section
D06_S1_C007_T012,D06,D06_S1,tumor,12.0,train,1.5665390060140436,1.5710228522989045,-0.004483846284860871,heldout_section
D06_S1_C007_T024,D06,D06_S1,tumor,24.0,train,2.7351878668457004,2.7374757555082643,-0.0022878886625639083,heldout_section
D06_S1_C008_T000,D06,D06_S1,tumor,0.0,train,0.9878027595599554,0.9911027548802892,-0.0032999953203337595,heldout_section
D06_S1_C008_T012,D06,D06_S1,tumor,12.0,train,1.6520868042335866,1.6522136098236513,-0.00012680559006472691,heldout_section
D06_S1_C008_T024,D06,D06_S1,tumor,24.0,train,2.760365376150056,2.7379137698890483,0.02245160626100784,heldout_section
D06_S1_C009_T000,D06,D06_S1,tumor,0.0,train,0.7876002432000777,0.7905854617341441,-0.002985218534066414,heldout_section
D06_S1_C009_T012,D06,D06_S1,tumor,12.0,train,1.330570409137429,1.3281388089136865,0.0024316002237425582,heldout_section
D06_S1_C009_T024,D06,D06_S1,tumor,24.0,train,2.6060632815531664,2.6078621625210237,-0.001798880967857297,heldout_section
D06_S1_C010_T000,D06,D06_S1,macrophage,0.0,train,0.8180662683663826,0.8026867231295055,0.015379545236877123,heldout_section
D06_S1_C010_T012,D06,D06_S1,macrophage,12.0,train,1.4573920950555526,1.444229911247259,0.013162183808293593,heldout_section
D06_S1_C010_T024,D06,D06_S1,macrophage,24.0,train,2.749047014664561,2.7496157285419103,-0.0005687138773491363,heldout_section
D06_S1_C011_T000,D06,D06_S1,t_cell,0.0,train,0.6814904328582916,0.6852985023432006,-0.0038080694849089713,heldout_section
D06_S1_C011_T012,D06,D06_S1,t_cell,12.0,train,1.2272599109474016,1.2314263671084682,-0.0041664561610665896,heldout_section
D06_S1_C011_T024,D06,D06_S1,t_cell,24.0,train,2.5668720421037072,2.5756667931895594,-0.008794751085852148,heldout_section
D06_S1_C012_T000,D06,D06_S1,tumor,0.0,train,0.8217380511322638,0.8246824114179112,-0.002944360285647374,heldout_section
D06_S1_C012_T012,D06,D06_S1,tumor,12.0,train,1.4479080699061342,1.4533477739960374,-0.005439704089903241,heldout_section
D06_S1_C012_T024,D06,D06_S1,tumor,24.0,train,2.636963756679319,2.649760627418721,-0.012796870739402166,heldout_section
D06_S1_C013_T000,D06,D06_S1,tumor,0.0,train,0.9605865194791033,0.971389351329758,-0.01080283185065467,heldout_section
D06_S1_C013_T012,D06,D06_S1,tumor,12.0,train,1.5358998278968674,1.5354060594198051,0.0004937684770622841,heldout_section
D06_S1_C013_T024,D06,D06_S1,tumor,24.0,train,2.7725431959591504,2.7756000000000003,-0.0030568040408498476,heldout_section
D06_S1_C014_T000,D06,D06_S1,vascular,0.0,train,0.7246532168361606,0.7230963613669038,0.0015568554692567682,heldout_section
D06_S1_C014_T012,D06,D06_S1,vascular,12.0,train,1.3378117093519988,1.337074933160625,0.0007367761913736892,heldout_section
D06_S1_C014_T024,D06,D06_S1,vascular,24.0,train,2.753856310008096,2.7021463771670025,0.05170993284109349,heldout_section
D06_S1_C015_T000,D06,D06_S1,vascular,0.0,train,0.6810933509911942,0.6774477010025935,0.003645649988600619,heldout_section
D06_S1_C015_T012,D06,D06_S1,vascular,12.0,train,1.327782681688187,1.3254199097227197,0.002362771965467303,heldout_section
D06_S1_C015_T024,D06,D06_S1,vascular,24.0,train,2.7253151283469053,2.70143333071439,0.02388179763251541,heldout_section
D06_S1_C016_T000,D06,D06_S1,tumor,0.0,train,0.9346000216471309,0.940820803365432,-0.006220781718301094,heldout_section
D06_S1_C016_T012,D06,D06_S1,tumor,12.0,train,1.525608136368437,1.5262129329632683,-0.0006047965948312584,heldout_section
D06_S1_C016_T024,D06,D06_S1,tumor,24.0,train,2.7358020392335316,2.737261829779001,-0.0014597905454691862,heldout_section
D06_S1_C017_T000,D06,D06_S1,tumor,0.0,train,0.9238256596159617,0.9276518731624931,-0.003826213546531343,heldout_section
D06_S1_C017_T012,D06,D06_S1,tumor,12.0,train,1.5400377797430076,1.5508706616751038,-0.010832881932096194,heldout_section
D06_S1_C017_T024,D06,D06_S1,tumor,24.0,train,2.6555808275185777,2.712552586347031,-0.05697175882845329,heldout_section
D06_S1_C018_T000,D06,D06_S1,macrophage,0.0,train,0.7719837125308588,0.7565549410416741,0.015428771489184756,heldout_section
D06_S1_C018_T012,D06,D06_S1,macrophage,12.0,train,1.3927455764005314,1.3787686364533007,0.013976939947230704,heldout_section
D06_S1_C018_T024,D06,D06_S1,macrophage,24.0,train,2.729887594790195,2.6958497942627093,0.03403780052748573,heldout_section
D06_S1_C019_T000,D06,D06_S1,fibroblast,0.0,train,0.818105477623116,0.8049506473869232,0.013154830236192794,heldout_section
D06_S1_C019_T012,D06,D06_S1,fibroblast,12.0,train,1.443579730853592,1.4362804527581512,0.007299278095440842,heldout_section
D06_S1_C019_T024,D06,D06_S1,fibroblast,24.0,train,2.7709561497046904,2.7576401962864403,0.013315953418250093,heldout_section
D06_S1_C020_T000,D06,D06_S1,vascular,0.0,train,0.61048847118655,0.6081833598374572,0.0023051113490928365,heldout_section
D06_S1_C020_T012,D06,D06_S1,vascular,12.0,train,1.1058994462971077,1.1029479270321476,0.0029515192649600674,heldout_section
D06_S1_C020_T024,D06,D06_S1,vascular,24.0,train,2.53139814196804,2.5077517698158664,0.023646372152173356,heldout_section
D06_S1_C021_T000,D06,D06_S1,fibroblast,0.0,train,0.7288425982484792,0.7148305915002557,0.014012006748223449,heldout_section
D06_S1_C021_T012,D06,D06_S1,fibroblast,12.0,train,1.4084055323125677,1.4059483008185456,0.002457231494022105,heldout_section
D06_S1_C021_T024,D06,D06_S1,fibroblast,24.0,train,2.738652863881289,2.715595256260509,0.02305760762078002,heldout_section
D06_S1_C022_T000,D06,D06_S1,tumor,0.0,train,0.8366457898520037,0.8332075141783671,0.003438275673636526,heldout_section
D06_S1_C022_T012,D06,D06_S1,tumor,12.0,train,1.4714707120954311,1.4696511746921628,0.0018195374032683453,heldout_section
D06_S1_C022_T024,D06,D06_S1,tumor,24.0,train,2.7625099046903188,2.7705255664236157,-0.00801566173329693,heldout_section
D06_S1_C023_T000,D06,D06_S1,macrophage,0.0,train,0.8266343447341912,0.8124074960038817,0.014226848730309438,heldout_section
D06_S1_C023_T012,D06,D06_S1,macrophage,12.0,train,1.468661842551378,1.4534065954092381,0.015255247142139883,heldout_section
D06_S1_C023_T024,D06,D06_S1,macrophage,24.0,train,2.711901751484592,2.680801251121141,0.031100500363451022,heldout_section
D06_S1_C024_T000,D06,D06_S1,tumor,0.0,train,0.8995374606076538,0.9024828278620285,-0.0029453672543746645,heldout_section
D06_S1_C024_T012,D06,D06_S1,tumor,12.0,train,1.5693811508113646,1.5700380394798623,-0.0006568886684976682,heldout_section
D06_S1_C024_T024,D06,D06_S1,tumor,24.0,train,2.7280814682720025,2.730619465193302,-0.0025379969212995235,heldout_section
D06_S1_C025_T000,D06,D06_S1,vascular,0.0,train,0.6172485860651886,0.6109257745098786,0.006322811555310004,heldout_section
D06_S1_C025_T012,D06,D06_S1,vascular,12.0,train,1.2371113749268556,1.2330406618442256,0.004070713082630073,heldout_section
D06_S1_C025_T024,D06,D06_S1,vascular,24.0,train,2.7422676468845206,2.708331766620766,0.033935880263754825,heldout_section
D06_S1_C026_T000,D06,D06_S1,tumor,0.0,train,0.8032210107927013,0.801449828063234,0.0017711827294673022,heldout_section
D06_S1_C026_T012,D06,D06_S1,tumor,12.0,train,1.4278066706877024,1.4301383676243449,-0.00233169693664248,heldout_section
D06_S1_C026_T024,D06,D06_S1,tumor,24.0,train,2.653327057482548,2.659438437299086,-0.006111379816537976,heldout_section
D06_S1_C027_T000,D06,D06_S1,fibroblast,0.0,train,0.726890907693387,0.7217355087782,0.005155398915187015,heldout_section
D06_S1_C027_T012,D06,D06_S1,fibroblast,12.0,train,1.2741891471475388,1.2700349793379315,0.004154167809607312,heldout_section
D06_S1_C027_T024,D06,D06_S1,fibroblast,24.0,train,2.608435622816056,2.6005907178797636,0.00784490493629253,heldout_section
D06_S1_C028_T000,D06,D06_S1,tumor,0.0,train,0.9109142568161094,0.9136562365649533,-0.002741979748843937,heldout_section
D06_S1_C028_T012,D06,D06_S1,tumor,12.0,train,1.560107132600302,1.5642881469816854,-0.004181014381383408,heldout_section
D06_S1_C028_T024,D06,D06_S1,tumor,24.0,train,2.7292434031753734,2.7568374888581886,-0.027594085682815184,heldout_section
D06_S1_C029_T000,D06,D06_S1,fibroblast,0.0,train,0.6142497930180494,0.612707422018056,0.0015423709999934365,heldout_section
D06_S1_C029_T012,D06,D06_S1,fibroblast,12.0,train,1.1386432859927436,1.138989066426272,-0.0003457804335285086,heldout_section
D06_S1_C029_T024,D06,D06_S1,fibroblast,24.0,train,2.549880985217684,2.53371368155994,0.01616730365774366,heldout_section
D06_S1_C030_T000,D06,D06_S1,tumor,0.0,train,0.9369487848501753,0.93842916715932,-0.0014803823091447121,heldout_section
D06_S1_C030_T012,D06,D06_S1,tumor,12.0,train,1.5748741727179716,1.5730568515880123,0.0018173211299592484,heldout_section
D06_S1_C030_T024,D06,D06_S1,tumor,24.0,train,2.739649456914685,2.7304860657573853,0.009163391157299916,heldout_section
D06_S1_C031_T000,D06,D06_S1,tumor,0.0,train,0.9447259121565132,0.9462205929374433,-0.0014946807809300688,heldout_section
D06_S1_C031_T012,D06,D06_S1,tumor,12.0,train,1.608186823025885,1.6109877675630597,-0.002800944537174832,heldout_section
D06_S1_C031_T024,D06,D06_S1,tumor,24.0,train,2.7756000000000003,2.7756000000000003,0.0,heldout_section
D06_S1_C032_T000,D06,D06_S1,tumor,0.0,train,0.8853564958325614,0.8910686304461741,-0.0057121346136127515,heldout_section
D06_S1_C032_T012,D06,D06_S1,tumor,12.0,train,1.4881379535941432,1.4919587589381276,-0.0038208053439843237,heldout_section
D06_S1_C032_T024,D06,D06_S1,tumor,24.0,train,2.66113208967812,2.6959087140391746,-0.034776624361054775,heldout_section
D06_S1_C033_T000,D06,D06_S1,vascular,0.0,train,0.6395443739887018,0.6325718094447291,0.006972564543972659,heldout_section
D06_S1_C033_T012,D06,D06_S1,vascular,12.0,train,1.2676746144655207,1.2647846018589486,0.0028900126065720677,heldout_section
D06_S1_C033_T024,D06,D06_S1,vascular,24.0,train,2.7172113271319236,2.6722654149799663,0.04494591215195731,heldout_section
D06_S1_C034_T000,D06,D06_S1,t_cell,0.0,train,0.6839516907960212,0.6763136549832004,0.007638035812820854,heldout_section
D06_S1_C034_T012,D06,D06_S1,t_cell,12.0,train,1.2634813128910132,1.2599352151912109,0.0035460976998022975,heldout_section
D06_S1_C034_T024,D06,D06_S1,t_cell,24.0,train,2.6630103143674364,2.6683900737927426,-0.005379759425306219,heldout_section
D06_S1_C035_T000,D06,D06_S1,t_cell,0.0,train,0.6381077141514061,0.6306620555579802,0.007445658593425941,heldout_section
D06_S1_C035_T012,D06,D06_S1,t_cell,12.0,train,1.2510856192556248,1.239384347888828,0.011701271366796773,heldout_section
D06_S1_C035_T024,D06,D06_S1,t_cell,24.0,train,2.726377420863758,2.670477631570871,0.05589978929288675,heldout_section
D07_S0_C000_T000,D07,D07_S0,macrophage,0.0,train,0.8478468959559542,0.8361153476554449,0.011731548300509265,heldout_section
D07_S0_C000_T012,D07,D07_S0,macrophage,12.0,train,1.523055392305671,1.5113869005628522,0.01166849174281892,heldout_section
D07_S0_C000_T024,D07,D07_S0,macrophage,24.0,train,2.7557249730062536,2.731249360961743,0.02447561204451043,heldout_section
D07_S0_C001_T000,D07,D07_S0,t_cell,0.0,train,0.7918830115396556,0.7884220668135076,0.0034609447261479964,heldout_section
D07_S0_C001_T012,D07,D07_S0,t_cell,12.0,train,1.4510100891903983,1.4507186921021964,0.0002913970882019168,heldout_section
D07_S0_C001_T024,D07,D07_S0,t_cell,24.0,train,2.7715542925238115,2.754058667401949,0.017495625121862535,heldout_section
D07_S0_C002_T000,D07,D07_S0,vascular,0.0,train,0.8061120244137097,0.8000795407215906,0.006032483692119062,heldout_section
D07_S0_C002_T012,D07,D07_S0,vascular,12.0,train,1.5789348517027788,1.574503524615496,0.004431327087282888,heldout_section
D07_S0_C002_T024,D07,D07_S0,vascular,24.0,train,2.7756000000000003,2.7756000000000003,0.0,heldout_section
D07_S0_C003_T000,D07,D07_S0,t_cell,0.0,train,0.8504572653442211,0.8506714779931244,-0.00021421264890331138,heldout_section
D07_S0_C003_T012,D07,D07_S0,t_cell,12.0,train,1.5587484914236345,1.5606657081793571,-0.0019172167557226505,heldout_section
D07_S0_C003_T024,D07,D07_S0,t_cell,24.0,train,2.743076031586228,2.7391226919761356,0.003953339610092588,heldout_section
D07_S0_C004_T000,D07,D07_S0,macrophage,0.0,train,0.8935178341658709,0.8897927499423538,0.003725084223517139,heldout_section
D07_S0_C004_T012,D07,D07_S0,macrophage,12.0,train,1.5097175122790303,1.5078076394463946,0.0019098728326356618,heldout_section
D07_S0_C004_T024,D07,D07_S0,macrophage,24.0,train,2.7731454035326575,2.759541042074274,0.013604361458383618,heldout_section
D07_S0_C005_T000,D07,D07_S0,fibroblast,0.0,train,0.9212721722496954,0.9111549760788966,0.010117196170798759,heldout_section
D07_S0_C005_T012,D07,D07_S0,fibroblast,12.0,train,1.6078576443568566,1.6009112101449052,0.006946434211951402,heldout_section
D07_S0_C005_T024,D07,D07_S0,fibroblast,24.0,train,2.7756000000000003,2.7756000000000003,0.0,heldout_section
D07_S0_C006_T000,D07,D07_S0,tumor,0.0,train,0.9104473015613631,0.9139116178059141,-0.0034643162445510134,heldout_section
D07_S0_C006_T012,D07,D07_S0,tumor,12.0,train,1.532612305633294,1.5288888990616754,0.003723406571618737,heldout_section
D07_S0_C006_T024,D07,D07_S0,tumor,24.0,train,2.7756000000000003,2.7756000000000003,0.0,heldout_section
D07_S0_C007_T000,D07,D07_S0,macrophage,0.0,train,0.8927209772808012,0.8921884988434218,0.0005324784373794689,heldout_section
D07_S0_C007_T012,D07,D07_S0,macrophage,12.0,train,1.5508363114611599,1.549737307767265,0.0010990036938949288,heldout_section
D07_S0_C007_T024,D07,D07_S0,macrophage,24.0,train,2.7756000000000003,2.7591095591581802,0.016490440841820053,heldout_section
D07_S0_C008_T000,D07,D07_S0,fibroblast,0.0,train,0.8046705372138672,0.8062756364388384,-0.001605099224971207,heldout_section
D07_S0_C008_T012,D07,D07_S0,fibroblast,12.0,train,1.3678704235682817,1.3652978524869461,0.002572571081335573,heldout_section
D07_S0_C008_T024,D07,D07_S0,fibroblast,24.0,train,2.720736420239766,2.6732042026584133,0.04753221758135284,heldout_section
D07_S0_C009_T000,D07,D07_S0,vascular,0.0,train,0.6615827645818925,0.6655547191734592,-0.00397195459156674,heldout_section
D07_S0_C009_T012,D07,D07_S0,vascular,12.0,train,1.274014877357937,1.2753431543822222,-0.0013282770242852848,heldout_section
D07_S0_C009_T024,D07,D07_S0,vascular,24.0,train,2.640116372817826,2.6169330070474746,0.023183365770351294,heldout_section
D07_S0_C010_T000,D07,D07_S0,macrophage,0.0,train,0.9002214159028153,0.8964556529882881,0.0037657629145272375,heldout_section
D07_S0_C010_T012,D07,D07_S0,macrophage,12.0,train,1.5636854072909327,1.5584302228705125,0.005255184420420278,heldout_section
D07_S0_C010_T024,D07,D07_S0,macrophage,24.0,train,2.752816089410968,2.7444455643791046,0.00837052503186353,heldout_section
D07_S0_C011_T000,D07,D07_S0,vascular,0.0,train,0.66273068677832,0.6621514475872989,0.000579239191021097,heldout_section
D07_S0_C011_T012,D07,D07_S0,vascular,12.0,train,1.2885971466369774,1.285535175360984,0.0030619712759933915,heldout_section
D07_S0_C011_T024,D07,D07_S0,vascular,24.0,train,2.7663041349370254,2.704642519115274,0.06166161582175134,heldout_section
D07_S0_C012_T000,D07,D07_S0,tumor,0.0,train,0.8932948989771908,0.9053452565037268,-0.012050357526535938,heldout_section
D07_S0_C012_T012,D07,D07_S0,tumor,12.0,train,1.4638313447406555,1.4690459902614927,-0.00521464552083728,heldout_section
D07_S0_C012_T024,D07,D07_S0,tumor,24.0,train,2.7131750785166417,2.70634737258652,0.00682770593012183,heldout_section
D07_S0_C013_T000,D07,D07_S0,macrophage,0.0,train,0.841038356693423,0.8443868011235597,-0.00334844443013671,heldout_section
D07_S0_C013_T012,D07,D07_S0,macrophage,12.0,train,1.4192809422826542,1.422021669206183,-0.002740726923528669,heldout_section
D07_S0_C013_T024,D07,D07_S0,macrophage,24.0,train,2.7046785895322807,2.7085961681496897,-0.0039175786174090454,heldout_section
D07_S0_C014_T000,D07,D07_S0,fibroblast,0.0,train,0.8327925014880386,0.8294634192435875,0.0033290822444511647,heldout_section
D07_S0_C014_T012,D07,D07_S0,fibroblast,12.0,train,1.4789767509901448,1.4791653757023902,-0.00018862471224534438,heldout_section
D07_S0_C014_T024,D07,D07_S0,fibroblast,24.0,train,2.715171392931257,2.720924485698666,-0.005753092767408763,heldout_section
D07_S0_C015_T000,D07,D07_S0,tumor,0.0,train,1.0100800900681397,1.0149298057184817,-0.004849715650341979,heldout_section
D07_S0_C015_T012,D07,D07_S0,tumor,12.0,train,1.7460289925132624,1.7516017715304295,-0.005572779017167129,heldout_section
D07_S0_C015_T024,D07,D07_S0,tumor,24.0,train,2.7756000000000003,2.7756000000000003,0.0,heldout_section
D07_S0_C016_T000,D07,D07_S0,tumor,0.0,train,0.8748993993371209,0.873948858967327,0.0009505403697939174,heldout_section
D07_S0_C016_T012,D07,D07_S0,tumor,12.0,train,1.6102272556527562,1.610326848750202,-9.959309744589362e-05,heldout_section
D07_S0_C016_T024,D07,D07_S0,tumor,24.0,train,2.7756000000000003,2.7753769602380856,0.00022303976191473396,heldout_section
D07_S0_C017_T000,D07,D07_S0,macrophage,0.0,train,0.8341757943813395,0.8274157911869972,0.006760003194342334,heldout_section
D07_S0_C017_T012,D07,D07_S0,macrophage,12.0,train,1.479965573320306,1.4769204203040607,0.0030451530162454166,heldout_section
D07_S0_C017_T024,D07,D07_S0,macrophage,24.0,train,2.704732043430263,2.691877291682204,0.012854751748058835,heldout_section
D07_S0_C018_T000,D07,D07_S0,fibroblast,0.0,train,0.8144001636584769,0.8057135496582589,0.008686614000217974,heldout_section
D07_S0_C018_T012,D07,D07_S0,fibroblast,12.0,train,1.49972026636043,1.489755262068769,0.009965004291661028,heldout_section
D07_S0_C018_T024,D07,D07_S0,fibroblast,24.0,train,2.7563193088726914,2.729667012394675,0.026652296478016257,heldout_section
D07_S0_C019_T000,D07,D07_S0,vascular,0.0,train,0.6761049621692976,0.6698533968565151,0.006251565312782481,heldout_section
D07_S0_C019_T012,D07,D07_S0,vascular,12.0,train,1.318567241912672,1.3076503771424186,0.010916864770253332,heldout_section
D07_S0_C019_T024,D07,D07_S0,vascular,24.0,train,2.753103728043868,2.682415036800482,0.07068869124338617,heldout_section
D07_S0_C020_T000,D07,D07_S0,macrophage,0.0,train,0.8297598183450965,0.8206442446267391,0.009115573718357362,heldout_section
D07_S0_C020_T012,D07,D07_S0,macrophage,12.0,train,1.4407440919782697,1.4313078487025876,0.009436243275682044,heldout_section
D07_S0_C020_T024,D07,D07_S0,macrophage,24.0,train,2.7756000000000003,2.7479779086528837,0.027622091347116573,heldout_section
D07_S0_C021_T000,D07,D07_S0,tumor,0.0,train,0.9756689819500161,0.9853189830720582,-0.009650001122042173,heldout_section
D07_S0_C021_T012,D07,D07_S0,tumor,12.0,train,1.6287434129100762,1.6297521766512464,-0.0010087637411702044,heldout_section
D07_S0_C021_T024,D07,D07_S0,tumor,24.0,train,2.7347933628288614,2.735543203746594,-0.0007498409177326693,heldout_section
D07_S0_C022_T000,D07,D07_S0,fibroblast,0.0,train,0.825467454424538,0.8229551810952906,0.0025122733292473054,heldout_section
D07_S0_C022_T012,D07,D07_S0,fibroblast,12.0,train,1.4685584633469086,1.4682239772120338,0.00033448613487485623,heldout_section
D07_S0_C022_T024,D07,D07_S0,fibroblast,24.0,train,2.7717713979154106,2.754749372331744,0.01702202558366661,heldout_section
D07_S0_C023_T000,D07,D07_S0,vascular,0.0,train,0.7858627403916821,0.7894079697929816,-0.003545229401299421,heldout_section
D07_S0_C023_T012,D07,D07_S0,vascular,12.0,train,1.4638920516483305,1.4690162734690815,-0.005124221820751007,heldout_section
D07_S0_C023_T024,D07,D07_S0,vascular,24.0,train,2.7756000000000003,2.7756000000000003,0.0,heldout_section
D07_S0_C024_T000,D07,D07_S0,macrophage,0.0,train,0.84452763068782,0.8384234932489522,0.0061041374388678404,heldout_section
D07_S0_C024_T012,D07,D07_S0,macrophage,12.0,train,1.489040844245663,1.486197232401495,0.002843611844168148,heldout_section
D07_S0_C024_T024,D07,D07_S0,macrophage,24.0,train,2.708931019910333,2.7299321869642146,-0.021001167053881442,heldout_section
D07_S0_C025_T000,D07,D07_S0,tumor,0.0,train,0.9344381916274735,0.9357504116496581,-0.0013122200221845626,heldout_section
D07_S0_C025_T012,D07,D07_S0,tumor,12.0,train,1.6358764393725076,1.6425715665085707,-0.006695127136063128,heldout_section
D07_S0_C025_T024,D07,D07_S0,tumor,24.0,train,2.7756000000000003,2.7756000000000003,0.0,heldout_section
D07_S0_C026_T000,D07,D07_S0,tumor,0.0,train,0.9749022998280281,0.9787878516116166,-0.0038855517835885145,heldout_section
D07_S0_C026_T012,D07,D07_S0,tumor,12.0,train,1.6693974929737956,1.6714363843405986,-0.0020388913668030195,heldout_section
D07_S0_C026_T024,D07,D07_S0,tumor,24.0,train,2.7756000000000003,2.7756000000000003,0.0,heldout_section
D07_S0_C027_T000,D07,D07_S0,tumor,0.0,train,1.0604386641784909,1.0565225038223063,0.003916160356184584,heldout_section
D07_S0_C027_T012,D07,D07_S0,tumor,12.0,train,1.77455694111611,1.7664615462166715,0.008095394899438446,heldout_section
D07_S0_C027_T024,D07,D07_S0,tumor,24.0,train,2.7756000000000003,2.7756000000000003,0.0,heldout_section
D07_S0_C028_T000,D07,D07_S0,tumor,0.0,train,0.9379472170361829,0.9381969484691807,-0.00024973143299777956,heldout_section
D07_S0_C028_T012,D07,D07_S0,tumor,12.0,train,1.6224035407349728,1.618001671604667,0.004401869130305824,heldout_section
D07_S0_C028_T024,D07,D07_S0,tumor,24.0,train,2.7756000000000003,2.7756000000000003,0.0,heldout_section
D07_S0_C029_T000,D07,D07_S0,vascular,0.0,train,0.6486402224856539,0.6500288677911458,-0.0013886453054918757,heldout_section
D07_S0_C029_T012,D07,D07_S0,vascular,12.0,train,1.2378313027988717,1.2384808205483977,-0.0006495177495260407,heldout_section
D07_S0_C029_T024,D07,D07_S0,vascular,24.0,train,2.656143331751162,2.609557876354429,0.046585455396732645,heldout_section
D07_S0_C030_T000,D07,D07_S0,fibroblast,0.0,train,0.8570077781219019,0.8558011256373858,0.0012066524845161242,heldout_section
D07_S0_C030_T012,D07,D07_S0,fibroblast,12.0,train,1.4671363729469913,1.4664302012348072,0.0007061717121841227,heldout_section
D07_S0_C030_T024,D07,D07_S0,fibroblast,24.0,train,2.766279880799568,2.774606348791218,-0.008326467991650155,heldout_section
D07_S0_C031_T000,D07,D07_S0,vascular,0.0,train,0.6889358461120979,0.6859067039634696,0.003029142148628261,heldout_section
D07_S0_C031_T012,D07,D07_S0,vascular,12.0,train,1.3330378950115278,1.3363065043513875,-0.0032686093398597293,heldout_section
D07_S0_C031_T024,D07,D07_S0,vascular,24.0,train,2.7581315973012104,2.766101917848005,-0.007970320546794696,heldout_section
D07_S0_C032_T000,D07,D07_S0,macrophage,0.0,train,0.9077034567563735,0.9068494216014329,0.0008540351549406466,heldout_section
D07_S0_C032_T012,D07,D07_S0,macrophage,12.0,train,1.5480303869189285,1.5477645059117604,0.0002658810071680673,heldout_section
D07_S0_C032_T024,D07,D07_S0,macrophage,24.0,train,2.7501023993705362,2.737870607916051,0.012231791454485386,heldout_section
D07_S0_C033_T000,D07,D07_S0,vascular,0.0,train,0.7575741520416719,0.7633898134280723,-0.005815661386400439,heldout_section
D07_S0_C033_T012,D07,D07_S0,vascular,12.0,train,1.3934960219693453,1.4004431559630368,-0.006947133993691512,heldout_section
D07_S0_C033_T024,D07,D07_S0,vascular,24.0,train,2.7342472115277916,2.747292608786386,-0.013045397258594438,heldout_section
D07_S0_C034_T000,D07,D07_S0,fibroblast,0.0,train,0.7840563108754951,0.7844415545423822,-0.00038524366688708067,heldout_section
D07_S0_C034_T012,D07,D07_S0,fibroblast,12.0,train,1.3395631194232427,1.3390065158096043,0.0005566036136384067,heldout_section
D07_S0_C034_T024,D07,D07_S0,fibroblast,24.0,train,2.669032857517182,2.6294154818468964,0.03961737567028534,heldout_section
D07_S0_C035_T000,D07,D07_S0,tumor,0.0,train,0.7974185939852183,0.8053902663583705,-0.007971672373152217,heldout_section
D07_S0_C035_T012,D07,D07_S0,tumor,12.0,train,1.3958133267274009,1.4005916859835414,-0.004778359256140563,heldout_section
D07_S0_C035_T024,D07,D07_S0,tumor,24.0,train,2.688412626899489,2.68027603279351,0.008136594105979,heldout_section
D07_S1_C000_T000,D07,D07_S1,macrophage,0.0,train,0.9509028930445514,0.9449864450946314,0.005916447949920078,heldout_section
D07_S1_C000_T012,D07,D07_S1,macrophage,12.0,train,1.6284825032878856,1.6236695332804194,0.004812970007466166,heldout_section
D07_S1_C000_T024,D07,D07_S1,macrophage,24.0,train,2.7756000000000003,2.7756000000000003,0.0,heldout_section
D07_S1_C001_T000,D07,D07_S1,fibroblast,0.0,train,0.8398625172023272,0.8373083310590709,0.0025541861432563095,heldout_section
D07_S1_C001_T012,D07,D07_S1,fibroblast,12.0,train,1.4364155740227784,1.4326381426703683,0.0037774313524101544,heldout_section
D07_S1_C001_T024,D07,D07_S1,fibroblast,24.0,train,2.7742979411572137,2.739186201531569,0.035111739625644844,heldout_section
D07_S1_C002_T000,D07,D07_S1,macrophage,0.0,train,0.9398364972161593,0.9350965620179852,0.004739935198174061,heldout_section
D07_S1_C002_T012,D07,D07_S1,macrophage,12.0,train,1.5530850534874177,1.5469149587886584,0.0061700946987592875,heldout_section
D07_S1_C002_T024,D07,D07_S1,macrophage,24.0,train,2.7559071822900716,2.746419085856338,0.009488096433733606,heldout_section
D07_S1_C003_T000,D07,D07_S1,macrophage,0.0,train,0.9220191077468969,0.9180288635159998,0.003990244230897111,heldout_section
D07_S1_C003_T012,D07,D07_S1,macrophage,12.0,train,1.5563641479036243,1.55111265185986,0.005251496043764403,heldout_section
D07_S1_C003_T024,D07,D07_S1,macrophage,24.0,train,2.7756000000000003,2.7756000000000003,0.0,heldout_section
D07_S1_C004_T000,D07,D07_S1,fibroblast,0.0,train,0.850161817804236,0.8485661495051922,0.0015956682990438953,heldout_section
D07_S1_C004_T012,D07,D07_S1,fibroblast,12.0,train,1.5115493286525208,1.5079249980030642,0.003624330649456553,heldout_section
D07_S1_C004_T024,D07,D07_S1,fibroblast,24.0,train,2.7638659745645575,2.73435327275579,0.029512701808767527,heldout_section
D07_S1_C005_T000,D07,D07_S1,fibroblast,0.0,train,0.9599545169095336,0.9486984209899451,0.011256095919588538,heldout_section
D07_S1_C005_T012,D07,D07_S1,fibroblast,12.0,train,1.6976618684970137,1.6856009712651152,0.012060897231898515,heldout_section
D07_S1_C005_T024,D07,D07_S1,fibroblast,24.0,train,2.7756000000000003,2.7756000000000003,0.0,heldout_section
D07_S1_C006_T000,D07,D07_S1,tumor,0.0,train,0.8790858192696115,0.8924325604357762,-0.013346741166164744,heldout_section
D07_S1_C006_T012,D07,D07_S1,tumor,12.0,train,1.4635837712331088,1.4750708624838185,-0.01148709125070968,heldout_section
D07_S1_C006_T024,D07,D07_S1,tumor,24.0,train,2.720443351729776,2.727641463679129,-0.007198111949353159,heldout_section
D07_S1_C007_T000,D07,D07_S1,tumor,0.0,train,1.0051183428382233,1.0116767489671117,-0.006558406128888361,heldout_section
D07_S1_C007_T012,D07,D07_S1,tumor,12.0,train,1.675968425746912,1.6709762352234006,0.004992190523511519,heldout_section
D07_S1_C007_T024,D07,D07_S1,tumor,24.0,train,2.7756000000000003,2.7756000000000003,0.0,heldout_section
D07_S1_C008_T000,D07,D07_S1,macrophage,0.0,train,0.8897143813110678,0.8869387179788626,0.002775663332205247,heldout_section
D07_S1_C008_T012,D07,D07_S1,macrophage,12.0,train,1.5249040270098615,1.520957998288751,0.003946028721110606,heldout_section
D07_S1_C008_T024,D07,D07_S1,macrophage,24.0,train,2.7437522947868818,2.728658214534273,0.015094080252608943,heldout_section
D07_S1_C009_T000,D07,D07_S1,macrophage,0.0,train,0.8159574451679675,0.8106237421290223,0.005333703038945203,heldout_section
D07_S1_C009_T012,D07,D07_S1,macrophage,12.0,train,1.4419656251900146,1.438350815310104,0.0036148098799106965,heldout_section
D07_S1_C009_T024,D07,D07_S1,macrophage,24.0,train,2.762330912593151,2.730851052777116,0.031479859816035294,heldout_section
D07_S1_C010_T000,D07,D07_S1,vascular,0.0,train,0.6658157788949561,0.6627437086190258,0.003072070275930372,heldout_section
D07_S1_C010_T012,D07,D07_S1,vascular,12.0,train,1.3069607434415484,1.303456880952883,0.00350386248866541,heldout_section
D07_S1_C010_T024,D07,D07_S1,vascular,24.0,train,2.7318766569074464,2.69474077239789,0.037135884509556405,heldout_section
D07_S1_C011_T000,D07,D07_S1,macrophage,0.0,train,0.7819161383106716,0.7752144893656914,0.006701648944980265,heldout_section
D07_S1_C011_T012,D07,D07_S1,macrophage,12.0,train,1.3803364039391297,1.3782376087428176,0.0020987951963120643,heldout_section
D07_S1_C011_T024,D07,D07_S1,macrophage,24.0,train,2.69187278699443,2.690841006242067,0.0010317807523629874,heldout_section
D07_S1_C012_T000,D07,D07_S1,vascular,0.0,train,0.7077766343470443,0.7032564591621054,0.004520175184938857,heldout_section
D07_S1_C012_T012,D07,D07_S1,vascular,12.0,train,1.3490566781869577,1.349016981192173,3.969699478467703e-05,heldout_section
D07_S1_C012_T024,D07,D07_S1,vascular,24.0,train,2.7417352946518765,2.7456554774230244,-0.003920182771147918,heldout_section
D07_S1_C013_T000,D07,D07_S1,tumor,0.0,train,0.9561369754664597,0.9525351630480694,0.0036018124183903044,heldout_section
D07_S1_C013_T012,D07,D07_S1,tumor,12.0,train,1.6806345435040164,1.6772100858542245,0.0034244576497919343,heldout_section
D07_S1_C013_T024,D07,D07_S1,tumor,24.0,train,2.7756000000000003,2.7756000000000003,0.0,heldout_section
D07_S1_C014_T000,D07,D07_S1,macrophage,0.0,train,0.9370637346276527,0.933675079818444,0.003388654809208691,heldout_section
D07_S1_C014_T012,D07,D07_S1,macrophage,12.0,train,1.619292687725814,1.6161879549160263,0.003104732809787736,heldout_section
D07_S1_C014_T024,D07,D07_S1,macrophage,24.0,train,2.7756000000000003,2.7756000000000003,0.0,heldout_section
D07_S1_C015_T000,D07,D07_S1,t_cell,0.0,train,0.7581193136075245,0.7571179659683932,0.0010013476391312892,heldout_section
D07_S1_C015_T012,D07,D07_S1,t_cell,12.0,train,1.4081749786587603,1.4094354194388075,-0.0012604407800471673,heldout_section
D07_S1_C015_T024,D07,D07_S1,t_cell,24.0,train,2.7756000000000003,2.7741644953868128,0.0014355046131875326,heldout_section
D07_S1_C016_T000,D07,D07_S1,macrophage,0.0,train,0.8106983207070352,0.8127105206440164,-0.002012199936981207,heldout_section
D07_S1_C016_T012,D07,D07_S1,macrophage,12.0,train,1.3560907785556802,1.3571295615372083,-0.0010387829815281524,heldout_section
D07_S1_C016_T024,D07,D07_S1,macrophage,24.0,train,2.6813873686165794,2.6624291283196717,0.018958240296907736,heldout_section
D07_S1_C017_T000,D07,D07_S1,tumor,0.0,train,1.0176939461356556,1.0220717395092285,-0.0043777933735729135,heldout_section
D07_S1_C017_T012,D07,D07_S1,tumor,12.0,train,1.7105948262458621,1.7117775844508814,-0.0011827582050192298,heldout_section
D07_S1_C017_T024,D07,D07_S1,tumor,24.0,train,2.7756000000000003,2.7756000000000003,0.0,heldout_section
D07_S1_C018_T000,D07,D07_S1,t_cell,0.0,train,0.6830259685397243,0.6831967542449159,-0.00017078570519157843,heldout_section
D07_S1_C018_T012,D07,D07_S1,t_cell,12.0,train,1.3074914338760244,1.307253896219661,0.00023753765636347346,heldout_section
D07_S1_C018_T024,D07,D07_S1,t_cell,24.0,train,2.7420368897045395,2.714339463660608,0.02769742604393155,heldout_section
D07_S1_C019_T000,D07,D07_S1,tumor,0.0,train,1.041420419030867,1.044791350069423,-0.003370931038556124,heldout_section
D07_S1_C019_T012,D07,D07_S1,tumor,12.0,train,1.7164716474400254,1.7179110260181902,-0.001439378578164785,heldout_section
D07_S1_C019_T024,D07,D07_S1,tumor,24.0,train,2.7756000000000003,2.7756000000000003,0.0,heldout_section
D07_S1_C020_T000,D07,D07_S1,t_cell,0.0,train,0.7083947225161801,0.7119054787952558,-0.0035107562790757108,heldout_section
D07_S1_C020_T012,D07,D07_S1,t_cell,12.0,train,1.2960902821264342,1.3003383457187798,-0.004248063592345641,heldout_section
D07_S1_C020_T024,D07,D07_S1,t_cell,24.0,train,2.675751009267934,2.6630098017540083,0.012741207513925712,heldout_section
D07_S1_C021_T000,D07,D07_S1,tumor,0.0,train,0.9922745984560589,0.9934561544685393,-0.0011815560124803781,heldout_section
D07_S1_C021_T012,D07,D07_S1,tumor,12.0,train,1.734806693246919,1.729220669880128,0.0055860233667910375,heldout_section
D07_S1_C021_T024,D07,D07_S1,tumor,24.0,train,2.7756000000000003,2.7756000000000003,0.0,heldout_section
D07_S1_C022_T000,D07,D07_S1,tumor,0.0,train,0.8225724472981949,0.8308435496660395,-0.008271102367844563,heldout_section
D07_S1_C022_T012,D07,D07_S1,tumor,12.0,train,1.4942923068359064,1.496009915464749,-0.0017176086288426262,heldout_section
D07_S1_C022_T024,D07,D07_S1,tumor,24.0,train,2.734979966927734,2.7183576867438517,0.016622280183882232,heldout_section
D07_S1_C023_T000,D07,D07_S1,t_cell,0.0,train,0.7354731718232245,0.7350538270125921,0.0004193448106323272,heldout_section
D07_S1_C023_T012,D07,D07_S1,t_cell,12.0,train,1.3788766734367757,1.3756978259539059,0.0031788474828697844,heldout_section
D07_S1_C023_T024,D07,D07_S1,t_cell,24.0,train,2.7642700975727696,2.7341447673811063,0.030125330191663302,heldout_section
D07_S1_C024_T000,D07,D07_S1,tumor,0.0,train,0.9353161141001788,0.9422300081678995,-0.006913894067720694,heldout_section
D07_S1_C024_T012,D07,D07_S1,tumor,12.0,train,1.609325530898759,1.6114233331794563,-0.002097802280697225,heldout_section
D07_S1_C024_T024,D07,D07_S1,tumor,24.0,train,2.7651488088441267,2.7580326152741503,0.007116193569976392,heldout_section
D07_S1_C025_T000,D07,D07_S1,macrophage,0.0,train,0.8321243346118312,0.827702594434816,0.004421740177015243,heldout_section
D07_S1_C025_T012,D07,D07_S1,macrophage,12.0,train,1.4314006514649928,1.4251479506313467,0.006252700833646152,heldout_section
D07_S1_C025_T024,D07,D07_S1,macrophage,24.0,train,2.7225491575456733,2.6914862693955053,0.031062888150168,heldout_section
D07_S1_C026_T000,D07,D07_S1,tumor,0.0,train,0.9826968717084602,0.9886628425207697,-0.00596597081230954,heldout_section
D07_S1_C026_T012,D07,D07_S1,tumor,12.0,train,1.7049845780992028,1.7098939760834686,-0.0049093979842658175,heldout_section
D07_S1_C026_T024,D07,D07_S1,tumor,24.0,train,2.7756000000000003,2.7756000000000003,0.0,heldout_section
D07_S1_C027_T000,D07,D07_S1,t_cell,0.0,train,0.7340199517177199,0.7294752982998263,0.004544653417893674,heldout_section
D07_S1_C027_T012,D07,D07_S1,t_cell,12.0,train,1.4432622186363036,1.4402778346628535,0.002984383973450022,heldout_section
D07_S1_C027_T024,D07,D07_S1,t_cell,24.0,train,2.7529389443240233,2.7319321444210516,0.021006799902971718,heldout_section
D07_S1_C028_T000,D07,D07_S1,macrophage,0.0,train,0.9211224146929242,0.9140309162021523,0.0070914984907719525,heldout_section
D07_S1_C028_T012,D07,D07_S1,macrophage,12.0,train,1.6314107346308746,1.6290269976329013,0.0023837369979733403,heldout_section
D07_S1_C028_T024,D07,D07_S1,macrophage,24.0,train,2.7756000000000003,2.7756000000000003,0.0,heldout_section
D07_S1_C029_T000,D07,D07_S1,tumor,0.0,train,0.9946454768016244,0.9960704272158406,-0.0014249504142161973,heldout_section
D07_S1_C029_T012,D07,D07_S1,tumor,12.0,train,1.7129112368130854,1.70849081808729,0.004420418725795461,heldout_section
D07_S1_C029_T024,D07,D07_S1,tumor,24.0,train,2.7756000000000003,2.7756000000000003,0.0,heldout_section
D07_S1_C030_T000,D07,D07_S1,tumor,0.0,train,0.9820550484336347,0.9804790621548714,0.0015759862787633194,heldout_section
D07_S1_C030_T012,D07,D07_S1,tumor,12.0,train,1.7255968564482496,1.7249048419465338,0.0006920145017157431,heldout_section
D07_S1_C030_T024,D07,D07_S1,tumor,24.0,train,2.7756000000000003,2.7756000000000003,0.0,heldout_section
D07_S1_C031_T000,D07,D07_S1,fibroblast,0.0,train,0.8637398208914012,0.864398436915708,-0.0006586160243067241,heldout_section
D07_S1_C031_T012,D07,D07_S1,fibroblast,12.0,train,1.5080890362359274,1.5121464073135695,-0.004057371077642147,heldout_section
D07_S1_C031_T024,D07,D07_S1,fibroblast,24.0,train,2.7190338791395496,2.7239527957921568,-0.00491891665260713,heldout_section
D07_S1_C032_T000,D07,D07_S1,tumor,0.0,train,0.8980594459854685,0.9007615812319452,-0.002702135246476667,heldout_section
D07_S1_C032_T012,D07,D07_S1,tumor,12.0,train,1.5813771772696044,1.5776214812910228,0.003755695978581608,heldout_section
D07_S1_C032_T024,D07,D07_S1,tumor,24.0,train,2.7631450126067856,2.769042206465804,-0.005897193859018213,heldout_section
D07_S1_C033_T000,D07,D07_S1,fibroblast,0.0,train,0.8091861827161391,0.7996390879796937,0.009547094736445327,heldout_section
D07_S1_C033_T012,D07,D07_S1,fibroblast,12.0,train,1.490271032160294,1.4845853643495863,0.005685667810707784,heldout_section
D07_S1_C033_T024,D07,D07_S1,fibroblast,24.0,train,2.7756000000000003,2.757899924613391,0.01770007538660945,heldout_section
D07_S1_C034_T000,D07,D07_S1,t_cell,0.0,train,0.7622112972671861,0.7674065045020781,-0.005195207234892085,heldout_section
D07_S1_C034_T012,D07,D07_S1,t_cell,12.0,train,1.3862603497450376,1.3890955293672136,-0.002835179622175943,heldout_section
D07_S1_C034_T024,D07,D07_S1,t_cell,24.0,train,2.7157934519907565,2.6896802458695537,0.026113206121202825,heldout_section
D07_S1_C035_T000,D07,D07_S1,fibroblast,0.0,train,0.7900664671281136,0.7850864179828743,0.004980049145239307,heldout_section
D07_S1_C035_T012,D07,D07_S1,fibroblast,12.0,train,1.4358122792825558,1.428850751239135,0.006961528043420762,heldout_section
D07_S1_C035_T024,D07,D07_S1,fibroblast,24.0,train,2.7733589615653904,2.7266055766527004,0.04675338491268999,heldout_section
D08_S0_C000_T000,D08,D08_S0,vascular,0.0,train,0.5333070455685112,0.5330093567275,0.00029768884101111226,heldout_section
D08_S0_C000_T012,D08,D08_S0,vascular,12.0,train,0.945511224596355,0.9540111099219928,-0.008499885325637835,heldout_section
D08_S0_C000_T024,D08,D08_S0,vascular,24.0,train,2.3436217556299916,2.3822957591418223,-0.0386740035118307,heldout_section
D08_S0_C001_T000,D08,D08_S0,t_cell,0.0,train,0.5512288514729835,0.5351289136030701,0.016099937869913372,heldout_section
D08_S0_C001_T012,D08,D08_S0,t_cell,12.0,train,1.0721006108268214,1.0630028492839452,0.009097761542876226,heldout_section
D08_S0_C001_T024,D08,D08_S0,t_cell,24.0,train,2.5612772452272896,2.5186465932719515,0.042630651955338106,heldout_section
D08_S0_C002_T000,D08,D08_S0,tumor,0.0,train,0.8242740462735488,0.8235366542313795,0.0007373920421693825,heldout_section
D08_S0_C002_T012,D08,D08_S0,tumor,12.0,train,1.295621418703388,1.2955459396359879,7.547906740024146e-05,heldout_section
D08_S0_C002_T024,D08,D08_S0,tumor,24.0,train,2.5902769453006305,2.609254180982213,-0.018977235681582716,heldout_section
D08_S0_C003_T000,D08,D08_S0,fibroblast,0.0,train,0.6673158681400482,0.6600665677862383,0.007249300353809884,heldout_section
D08_S0_C003_T012,D08,D08_S0,fibroblast,12.0,train,1.0997837616803663,1.1032371677047652,-0.0034534060243989195,heldout_section
D08_S0_C003_T024,D08,D08_S0,fibroblast,24.0,train,2.4349380871643858,2.45527172600167,-0.02033363883728434,heldout_section
D08_S0_C004_T000,D08,D08_S0,tumor,0.0,train,0.659921542962545,0.6652000832791846,-0.005278540316639546,heldout_section
D08_S0_C004_T012,D08,D08_S0,tumor,12.0,train,1.0722594460581891,1.0788919166360502,-0.006632470577861094,heldout_section
D08_S0_C004_T024,D08,D08_S0,tumor,24.0,train,2.374605583816329,2.4020574193865882,-0.02745183557025932,heldout_section
D08_S0_C005_T000,D08,D08_S0,tumor,0.0,train,0.718605681942749,0.7279865453617492,-0.00938086341900024,heldout_section
D08_S0_C005_T012,D08,D08_S0,tumor,12.0,train,1.1624108960438928,1.1674590076421754,-0.005048111598282556,heldout_section
D08_S0_C005_T024,D08,D08_S0,tumor,24.0,train,2.5150790812549353,2.5088613441768226,0.006217737078112684,heldout_section
D08_S0_C006_T000,D08,D08_S0,macrophage,0.0,train,0.7283416628812501,0.7143437661482338,0.013997896733016324,heldout_section
D08_S0_C006_T012,D08,D08_S0,macrophage,12.0,train,1.229380714601683,1.2221400494507302,0.007240665150952896,heldout_section
D08_S0_C006_T024,D08,D08_S0,macrophage,24.0,train,2.6068427276579738,2.6105194186725633,-0.0036766910145895615,heldout_section
D08_S0_C007_T000,D08,D08_S0,tumor,0.0,train,0.731964730716105,0.7329559565012586,-0.0009912257851535378,heldout_section
D08_S0_C007_T012,D08,D08_S0,tumor,12.0,train,1.223322065745178,1.2295564931817466,-0.006234427436568657,heldout_section
D08_S0_C007_T024,D08,D08_S0,tumor,24.0,train,2.5040531530809282,2.5454368857510694,-0.04138373267014117,heldout_section
D08_S0_C008_T000,D08,D08_S0,macrophage,0.0,train,0.6625293648630414,0.6539023895447477,0.008626975318293706,heldout_section
D08_S0_C008_T012,D08,D08_S0,macrophage,12.0,train,1.0660934653690548,1.0628324358648262,0.003261029504228574,heldout_section
D08_S0_C008_T024,D08,D08_S0,macrophage,24.0,train,2.4423853149998513,2.4360908423267733,0.006294472673078033,heldout_section
D08_S0_C009_T000,D08,D08_S0,fibroblast,0.0,train,0.6785242635037894,0.6728949347656988,0.005629328738090522,heldout_section
D08_S0_C009_T012,D08,D08_S0,fibroblast,12.0,train,1.101656068323899,1.107981182520954,-0.0063251141970550595,heldout_section
D08_S0_C009_T024,D08,D08_S0,fibroblast,24.0,train,2.413039538217677,2.4650706096730204,-0.05203107145534336,heldout_section
D08_S0_C010_T000,D08,D08_S0,vascular,0.0,train,0.47645337141489225,0.4789659025825315,-0.002512531167639276,heldout_section
D08_S0_C010_T012,D08,D08_S0,vascular,12.0,train,0.8671593284115038,0.8762731028323621,-0.009113774420858367,heldout_section
D08_S0_C010_T024,D08,D08_S0,vascular,24.0,train,2.194701790086453,2.227959771303954,-0.0332579812175009,heldout_section
D08_S0_C011_T000,D08,D08_S0,fibroblast,0.0,train,0.6056923050557049,0.6047056227097917,0.000986682345913259,heldout_section
D08_S0_C011_T012,D08,D08_S0,fibroblast,12.0,train,1.0346738054345193,1.0361459559585025,-0.0014721505239831956,heldout_section
D08_S0_C011_T024,D08,D08_S0,fibroblast,24.0,train,2.413907918553399,2.412154178076978,0.0017537404764209619,heldout_section
D08_S0_C012_T000,D08,D08_S0,tumor,0.0,train,0.7771759793781577,0.7799906307197954,-0.0028146513416376084,heldout_section
D08_S0_C012_T012,D08,D08_S0,tumor,12.0,train,1.2522581250129017,1.2611747552824233,-0.008916630269521608,heldout_section
D08_S0_C012_T024,D08,D08_S0,tumor,24.0,train,2.5317395276662364,2.550552022374791,-0.018812494708554617,heldout_section
D08_S0_C013_T000,D08,D08_S0,t_cell,0.0,train,0.5702000975732346,0.5633641739193371,0.006835923653897513,heldout_section
D08_S0_C013_T012,D08,D08_S0,t_cell,12.0,train,1.0366580158642387,1.0311148519760784,0.00554316388816023,heldout_section
D08_S0_C013_T024,D08,D08_S0,t_cell,24.0,train,2.5194936929604195,2.4659581457162156,0.05353554724420384,heldout_section
D08_S0_C014_T000,D08,D08_S0,t_cell,0.0,train,0.5461258774669938,0.5398088534964568,0.006317023970537017,heldout_section
D08_S0_C014_T012,D08,D08_S0,t_cell,12.0,train,1.0162432070406442,1.0177252454379706,-0.0014820383973264128,heldout_section
D08_S0_C014_T024,D08,D08_S0,t_cell,24.0,train,2.4400080074034833,2.4399304868802454,7.752052323795056e-05,heldout_section
D08_S0_C015_T000,D08,D08_S0,t_cell,0.0,train,0.5629461543377077,0.5602304861327997,0.002715668204907984,heldout_section
D08_S0_C015_T012,D08,D08_S0,t_cell,12.0,train,1.0607204600592028,1.0666929787749255,-0.0059725187157226856,heldout_section
D08_S0_C015_T024,D08,D08_S0,t_cell,24.0,train,2.5136176779186514,2.526475464773075,-0.012857786854423736,heldout_section
D08_S0_C016_T000,D08,D08_S0,tumor,0.0,train,0.828865351754164,0.8350783006835875,-0.0062129489294234785,heldout_section
D08_S0_C016_T012,D08,D08_S0,tumor,12.0,train,1.304293676313366,1.312243969221213,-0.00795029290784699,heldout_section
D08_S0_C016_T024,D08,D08_S0,tumor,24.0,train,2.494423903995859,2.5367832822095293,-0.04235937821367042,heldout_section
D08_S0_C017_T000,D08,D08_S0,fibroblast,0.0,train,0.5924627903932369,0.5777377533026514,0.01472503709058548,heldout_section
D08_S0_C017_T012,D08,D08_S0,fibroblast,12.0,train,1.053166931422324,1.0444716139825019,0.008695317439822103,heldout_section
D08_S0_C017_T024,D08,D08_S0,fibroblast,24.0,train,2.4775321381175903,2.4541097869882385,0.02342235112935187,heldout_section
D08_S0_C018_T000,D08,D08_S0,tumor,0.0,train,0.8278502020994551,0.8309520584848987,-0.00310185638544358,heldout_section
D08_S0_C018_T012,D08,D08_S0,tumor,12.0,train,1.3170004411700862,1.3242433075014692,-0.007242866331383047,heldout_section
D08_S0_C018_T024,D08,D08_S0,tumor,24.0,train,2.585008392912655,2.6322776763079534,-0.047269283395298345,heldout_section
D08_S0_C019_T000,D08,D08_S0,tumor,0.0,train,0.744102410744141,0.7566299969438371,-0.012527586199696183,heldout_section
D08_S0_C019_T012,D08,D08_S0,tumor,12.0,train,1.1484688431843155,1.1581098016601987,-0.009640958475883199,heldout_section
D08_S0_C019_T024,D08,D08_S0,tumor,24.0,train,2.3904229634902743,2.4583315835310824,-0.06790862004080811,heldout_section
D08_S0_C020_T000,D08,D08_S0,tumor,0.0,train,0.6673599261954261,0.6727917555675884,-0.005431829372162356,heldout_section
D08_S0_C020_T012,D08,D08_S0,tumor,12.0,train,1.0846399153466957,1.0899606858458766,-0.0053207704991808935,heldout_section
D08_S0_C020_T024,D08,D08_S0,tumor,24.0,train,2.3657816124354536,2.3764051285035013,-0.010623516068047678,heldout_section
D08_S0_C021_T000,D08,D08_S0,tumor,0.0,train,0.791259080024251,0.7978734578564108,-0.00661437783215979,heldout_section
D08_S0_C021_T012,D08,D08_S0,tumor,12.0,train,1.29410143588967,1.30394956127285,-0.009848125383179918,heldout_section
D08_S0_C021_T024,D08,D08_S0,tumor,24.0,train,2.6086972950314995,2.6127149226687116,-0.00401762763721214,heldout_section
D08_S0_C022_T000,D08,D08_S0,tumor,0.0,train,0.6665424534886121,0.666470394921142,7.20585674700569e-05,heldout_section
D08_S0_C022_T012,D08,D08_S0,tumor,12.0,train,1.124658297783472,1.1290973282605499,-0.004439030477077832,heldout_section
D08_S0_C022_T024,D08,D08_S0,tumor,24.0,train,2.4687293807453594,2.4919284172421947,-0.0231990364968353,heldout_section
D08_S0_C023_T000,D08,D08_S0,fibroblast,0.0,train,0.5744836286390287,0.5665983611782044,0.007885267460824297,heldout_section
D08_S0_C023_T012,D08,D08_S0,fibroblast,12.0,train,1.0380752956322534,1.0366961023527366,0.0013791932795168549,heldout_section
D08_S0_C023_T024,D08,D08_S0,fibroblast,24.0,train,2.402413273553217,2.4048621658852136,-0.0024488923319965217,heldout_section
D08_S0_C024_T000,D08,D08_S0,fibroblast,0.0,train,0.5820476325744437,0.5809254569218874,0.0011221756525563453,heldout_section
D08_S0_C024_T012,D08,D08_S0,fibroblast,12.0,train,0.975587327800787,0.9778508499111169,-0.002263522110329874,heldout_section
D08_S0_C024_T024,D08,D08_S0,fibroblast,24.0,train,2.288077406873073,2.306213433763688,-0.01813602689061522,heldout_section
D08_S0_C025_T000,D08,D08_S0,tumor,0.0,train,0.8007604487574921,0.8118808248179772,-0.011120376060485104,heldout_section
D08_S0_C025_T012,D08,D08_S0,tumor,12.0,train,1.226662677938612,1.2393079171466714,-0.012645239208059378,heldout_section
D08_S0_C025_T024,D08,D08_S0,tumor,24.0,train,2.524112981664483,2.52787702179781,-0.0037640401333267626,heldout_section
D08_S0_C026_T000,D08,D08_S0,tumor,0.0,train,0.8862163609238317,0.8892728576621112,-0.0030564967382794572,heldout_section
D08_S0_C026_T012,D08,D08_S0,tumor,12.0,train,1.3664286969823536,1.3756424637335136,-0.009213766751160035,heldout_section
D08_S0_C026_T024,D08,D08_S0,tumor,24.0,train,2.6263052700372396,2.6624317021102617,-0.03612643207302213,heldout_section
D08_S0_C027_T000,D08,D08_S0,t_cell,0.0,train,0.4657768783709676,0.46850848369188475,-0.002731605320917152,heldout_section
D08_S0_C027_T012,D08,D08_S0,t_cell,12.0,train,0.8772507758704304,0.8830073466484301,-0.005756570777999626,heldout_section
D08_S0_C027_T024,D08,D08_S0,t_cell,24.0,train,2.236718546165041,2.2335648773896652,0.0031536687753757064,heldout_section
D08_S0_C028_T000,D08,D08_S0,macrophage,0.0,train,0.6985678236629734,0.6870856863478898,0.01148213731508363,heldout_section
D08_S0_C028_T012,D08,D08_S0,macrophage,12.0,train,1.188222591377386,1.1842874204445548,0.0039351709328312445,heldout_section
D08_S0_C028_T024,D08,D08_S0,macrophage,24.0,train,2.570088967883788,2.5661592849260524,0.003929682957735547,heldout_section
D08_S0_C029_T000,D08,D08_S0,t_cell,0.0,train,0.5442449310405157,0.5433772565196694,0.000867674520846351,heldout_section
D08_S0_C029_T012,D08,D08_S0,t_cell,12.0,train,0.9666237963303203,0.969263399580276,-0.002639603249955713,heldout_section
D08_S0_C029_T024,D08,D08_S0,t_cell,24.0,train,2.3379686006102784,2.3570992037922145,-0.019130603181936046,heldout_section
D08_S0_C030_T000,D08,D08_S0,tumor,0.0,train,0.7277566034228021,0.7201422374017359,0.007614366021066243,heldout_section
D08_S0_C030_T012,D08,D08_S0,tumor,12.0,train,1.2533487303569226,1.2544331261562047,-0.0010843957992821007,heldout_section
D08_S0_C030_T024,D08,D08_S0,tumor,24.0,train,2.576908347167168,2.5911277794371843,-0.01421943227001643,heldout_section
D08_S0_C031_T000,D08,D08_S0,fibroblast,0.0,train,0.6811531959436363,0.6727645756966508,0.008388620246985501,heldout_section
D08_S0_C031_T012,D08,D08_S0,fibroblast,12.0,train,1.116137543818504,1.1142371014817638,0.001900442336740138,heldout_section
D08_S0_C031_T024,D08,D08_S0,fibroblast,24.0,train,2.4729203834719162,2.5201951484035434,-0.04727476493162719,heldout_section
D08_S0_C032_T000,D08,D08_S0,vascular,0.0,train,0.4003759152272395,0.3976842680415582,0.0026916471856812674,heldout_section
D08_S0_C032_T012,D08,D08_S0,vascular,12.0,train,0.7614499529619717,0.7661261794512672,-0.004676226489295443,heldout_section
D08_S0_C032_T024,D08,D08_S0,vascular,24.0,train,2.074857641502715,2.087466864874082,-0.012609223371367051,heldout_section
D08_S0_C033_T000,D08,D08_S0,tumor,0.0,train,0.751383715511723,0.7440009891817361,0.007382726329986933,heldout_section
D08_S0_C033_T012,D08,D08_S0,tumor,12.0,train,1.2748452279255849,1.2724155371268,0.002429690798784856,heldout_section
D08_S0_C033_T024,D08,D08_S0,tumor,24.0,train,2.592891738624352,2.602798952547852,-0.009907213923499913,heldout_section
D08_S0_C034_T000,D08,D08_S0,tumor,0.0,train,0.6574977443365585,0.6633048716400386,-0.005807127303480097,heldout_section
D08_S0_C034_T012,D08,D08_S0,tumor,12.0,train,1.0916614210973643,1.0992090598076953,-0.007547638710331039,heldout_section
D08_S0_C034_T024,D08,D08_S0,tumor,24.0,train,2.406321833015102,2.4236231855572004,-0.017301352542098414,heldout_section
D08_S0_C035_T000,D08,D08_S0,tumor,0.0,train,0.741092248165439,0.7445291011239936,-0.0034368529585546703,heldout_section
D08_S0_C035_T012,D08,D08_S0,tumor,12.0,train,1.2018703126782724,1.2084123578383263,-0.006542045160053966,heldout_section
D08_S0_C035_T024,D08,D08_S0,tumor,24.0,train,2.505497453839389,2.518270836200378,-0.012773382360989238,heldout_section
D08_S1_C000_T000,D08,D08_S1,macrophage,0.0,test,0.7196534908728329,0.7080304361603249,0.011623054712508019,heldout_section
D08_S1_C000_T012,D08,D08_S1,macrophage,12.0,test,1.198177103979346,1.194059762468902,0.0041173415104440725,heldout_section
D08_S1_C000_T024,D08,D08_S1,macrophage,24.0,test,2.561053649059357,2.5721536258025286,-0.011099976743171425,heldout_section
D08_S1_C001_T000,D08,D08_S1,vascular,0.0,test,0.5480907688987624,0.5443740233185899,0.0037167455801725424,heldout_section
D08_S1_C001_T012,D08,D08_S1,vascular,12.0,test,0.9975358535483653,1.003397796744574,-0.0058619431962086965,heldout_section
D08_S1_C001_T024,D08,D08_S1,vascular,24.0,test,2.384513832897277,2.4263049491541806,-0.04179111625690357,heldout_section
D08_S1_C002_T000,D08,D08_S1,tumor,0.0,test,0.8334502912134558,0.8391589504374788,-0.005708659224022972,heldout_section
D08_S1_C002_T012,D08,D08_S1,tumor,12.0,test,1.3583353042685287,1.3689636423127847,-0.010628338044256003,heldout_section
D08_S1_C002_T024,D08,D08_S1,tumor,24.0,test,2.602605760138372,2.6534612484598914,-0.05085548832151954,heldout_section
D08_S1_C003_T000,D08,D08_S1,t_cell,0.0,test,0.5198086275842522,0.5243239427760524,-0.004515315191800262,heldout_section
D08_S1_C003_T012,D08,D08_S1,t_cell,12.0,test,0.9222899828305497,0.9293973271528756,-0.007107344322325848,heldout_section
D08_S1_C003_T024,D08,D08_S1,t_cell,24.0,test,2.258836633682409,2.2656316242494703,-0.006794990567061454,heldout_section
D08_S1_C004_T000,D08,D08_S1,vascular,0.0,test,0.5297179388429384,0.525977462082588,0.0037404767603503863,heldout_section
D08_S1_C004_T012,D08,D08_S1,vascular,12.0,test,1.0044069779066036,1.0086329321970446,-0.004225954290441036,heldout_section
D08_S1_C004_T024,D08,D08_S1,vascular,24.0,test,2.4379885604716374,2.433869002950404,0.004119557521233386,heldout_section
D08_S1_C005_T000,D08,D08_S1,tumor,0.0,test,0.7780416741919863,0.7841260520145913,-0.006084377822604958,heldout_section
D08_S1_C005_T012,D08,D08_S1,tumor,12.0,test,1.3051055678604861,1.3116599649779805,-0.006554397117494393,heldout_section
D08_S1_C005_T024,D08,D08_S1,tumor,24.0,test,2.5305151109357245,2.5545378244423103,-0.024022713506585802,heldout_section
D08_S1_C006_T000,D08,D08_S1,fibroblast,0.0,test,0.5965280981639721,0.5897004704029739,0.006827627760998212,heldout_section
D08_S1_C006_T012,D08,D08_S1,fibroblast,12.0,test,1.0229424919100327,1.02044961477502,0.002492877135012783,heldout_section
D08_S1_C006_T024,D08,D08_S1,fibroblast,24.0,test,2.4264125821562925,2.454154875831216,-0.027742293674923424,heldout_section
D08_S1_C007_T000,D08,D08_S1,macrophage,0.0,test,0.6626636888712792,0.6531173618347612,0.009546327036518032,heldout_section
D08_S1_C007_T012,D08,D08_S1,macrophage,12.0,test,1.1378339149625263,1.1362083606592148,0.0016255543033114606,heldout_section
D08_S1_C007_T024,D08,D08_S1,macrophage,24.0,test,2.537158413977879,2.5441725112370728,-0.0070140972591938855,heldout_section
D08_S1_C008_T000,D08,D08_S1,t_cell,0.0,test,0.525429470014465,0.528760179718943,-0.0033307097044779077,heldout_section
D08_S1_C008_T012,D08,D08_S1,t_cell,12.0,test,0.9387805820039614,0.9430698998196873,-0.004289317815725835,heldout_section
D08_S1_C008_T024,D08,D08_S1,t_cell,24.0,test,2.2749784767063224,2.2681722655653886,0.006806211140933716,heldout_section
D08_S1_C009_T000,D08,D08_S1,tumor,0.0,test,0.7608388328156607,0.7710405937486959,-0.010201760933035264,heldout_section
D08_S1_C009_T012,D08,D08_S1,tumor,12.0,test,1.2284476703937854,1.2379644084063928,-0.009516738012607329,heldout_section
D08_S1_C009_T024,D08,D08_S1,tumor,24.0,test,2.512892883811816,2.5530410022972476,-0.04014811848543154,heldout_section
D08_S1_C010_T000,D08,D08_S1,tumor,0.0,test,0.7808844888755677,0.7860175357840499,-0.005133046908482153,heldout_section
D08_S1_C010_T012,D08,D08_S1,tumor,12.0,test,1.2076978478222147,1.2146958181180973,-0.006997970295882672,heldout_section
D08_S1_C010_T024,D08,D08_S1,tumor,24.0,test,2.5209515498315516,2.5547619748800563,-0.03381042504850473,heldout_section
D08_S1_C011_T000,D08,D08_S1,fibroblast,0.0,test,0.6269147564256693,0.6188465251640207,0.008068231261648573,heldout_section
D08_S1_C011_T012,D08,D08_S1,fibroblast,12.0,test,1.1044609402863494,1.1042923551595294,0.00016858512682005333,heldout_section
D08_S1_C011_T024,D08,D08_S1,fibroblast,24.0,test,2.506945656571599,2.5082994581798337,-0.0013538016082348392,heldout_section
D08_S1_C012_T000,D08,D08_S1,vascular,0.0,test,0.43802660515682235,0.43700517394499033,0.0010214312118320135,heldout_section
D08_S1_C012_T012,D08,D08_S1,vascular,12.0,test,0.774027969021867,0.7790843457218664,-0.005056376699999365,heldout_section
D08_S1_C012_T024,D08,D08_S1,vascular,24.0,test,2.1053427933924613,2.130520694882606,-0.02517790149014454,heldout_section
D08_S1_C013_T000,D08,D08_S1,t_cell,0.0,test,0.5874675445905724,0.5838114282746975,0.0036561163158749244,heldout_section
D08_S1_C013_T012,D08,D08_S1,t_cell,12.0,test,1.0798733686479718,1.0820819597322908,-0.0022085910843190337,heldout_section
D08_S1_C013_T024,D08,D08_S1,t_cell,24.0,test,2.497839370222593,2.4916393090361484,0.006200061186444561,heldout_section
D08_S1_C014_T000,D08,D08_S1,t_cell,0.0,test,0.5552323275762043,0.5578197924397519,-0.0025874648635475506,heldout_section
D08_S1_C014_T012,D08,D08_S1,t_cell,12.0,test,1.0282082553496827,1.0355941455764504,-0.007385890226767611,heldout_section
D08_S1_C014_T024,D08,D08_S1,t_cell,24.0,test,2.447115178890707,2.467541724305364,-0.02042654541465705,heldout_section
D08_S1_C015_T000,D08,D08_S1,t_cell,0.0,test,0.5636439592916593,0.5637131880218764,-6.922873021708575e-05,heldout_section
D08_S1_C015_T012,D08,D08_S1,t_cell,12.0,test,1.007099992850454,1.014332021066085,-0.00723202821563107,heldout_section
D08_S1_C015_T024,D08,D08_S1,t_cell,24.0,test,2.366356125826416,2.3848257505256947,-0.018469624699278597,heldout_section
D08_S1_C016_T000,D08,D08_S1,t_cell,0.0,test,0.6286299325576855,0.6261352517820414,0.002494680775644076,heldout_section
D08_S1_C016_T012,D08,D08_S1,t_cell,12.0,test,1.0946817130249977,1.096442714411416,-0.001761001386418215,heldout_section
D08_S1_C016_T024,D08,D08_S1,t_cell,24.0,test,2.4808832141007957,2.482700490867442,-0.0018172767666464473,heldout_section
D08_S1_C017_T000,D08,D08_S1,fibroblast,0.0,test,0.6363143988286261,0.6323043061281415,0.00401009270048458,heldout_section
D08_S1_C017_T012,D08,D08_S1,fibroblast,12.0,test,1.0700118040450777,1.0718979655976257,-0.0018861615525480602,heldout_section
D08_S1_C017_T024,D08,D08_S1,fibroblast,24.0,test,2.4430858768204557,2.4551566312555524,-0.012070754435096642,heldout_section
D08_S1_C018_T000,D08,D08_S1,vascular,0.0,test,0.5802434967569972,0.5753769603236998,0.004866536433297375,heldout_section
D08_S1_C018_T012,D08,D08_S1,vascular,12.0,test,1.0555265749560954,1.0626081201467394,-0.0070815451906440785,heldout_section
D08_S1_C018_T024,D08,D08_S1,vascular,24.0,test,2.479891446878593,2.517017867226071,-0.03712642034747793,heldout_section
D08_S1_C019_T000,D08,D08_S1,tumor,0.0,test,0.7185473760909324,0.7162896532191659,0.00225772287176651,heldout_section
D08_S1_C019_T012,D08,D08_S1,tumor,12.0,test,1.191043092932129,1.1951570615938938,-0.004113968661764833,heldout_section
D08_S1_C019_T024,D08,D08_S1,tumor,24.0,test,2.4999689553143956,2.511124194982184,-0.011155239667788308,heldout_section
D08_S1_C020_T000,D08,D08_S1,macrophage,0.0,test,0.6481542328034818,0.6397942313852285,0.008360001418253327,heldout_section
D08_S1_C020_T012,D08,D08_S1,macrophage,12.0,test,1.0588568379396255,1.0566786190014077,0.0021782189382177908,heldout_section
D08_S1_C020_T024,D08,D08_S1,macrophage,24.0,test,2.4518696366846435,2.456707238890806,-0.004837602206162472,heldout_section
D08_S1_C021_T000,D08,D08_S1,tumor,0.0,test,0.7825269622313274,0.7880256496852169,-0.005498687453889484,heldout_section
D08_S1_C021_T012,D08,D08_S1,tumor,12.0,test,1.248792235956141,1.2573785690562544,-0.008586333100113475,heldout_section
D08_S1_C021_T024,D08,D08_S1,tumor,24.0,test,2.564260324555701,2.586897032487905,-0.022636707932203848,heldout_section
D08_S1_C022_T000,D08,D08_S1,tumor,0.0,test,0.7353477268849299,0.7483277858349838,-0.012980058950053941,heldout_section
D08_S1_C022_T012,D08,D08_S1,tumor,12.0,test,1.1925942841717807,1.2102437584430845,-0.01764947427130381,heldout_section
D08_S1_C022_T024,D08,D08_S1,tumor,24.0,test,2.515408162260614,2.5371786384756607,-0.021770476215046575,heldout_section
D08_S1_C023_T000,D08,D08_S1,tumor,0.0,test,0.7123206857088673,0.7128298166132521,-0.000509130904384758,heldout_section
D08_S1_C023_T012,D08,D08_S1,tumor,12.0,test,1.151658994693221,1.1563795159703623,-0.0047205212771412874,heldout_section
D08_S1_C023_T024,D08,D08_S1,tumor,24.0,test,2.4982094460180195,2.523243745631416,-0.025034299613396538,heldout_section
D08_S1_C024_T000,D08,D08_S1,tumor,0.0,test,0.7061452709240305,0.7125975565561978,-0.006452285632167376,heldout_section
D08_S1_C024_T012,D08,D08_S1,tumor,12.0,test,1.1743855711350304,1.1793102931890052,-0.004924722053974762,heldout_section
D08_S1_C024_T024,D08,D08_S1,tumor,24.0,test,2.5312064128862253,2.5326778681349196,-0.0014714552486942978,heldout_section
D08_S1_C025_T000,D08,D08_S1,fibroblast,0.0,test,0.6210385399207242,0.6234024942885752,-0.0023639543678509733,heldout_section
D08_S1_C025_T012,D08,D08_S1,fibroblast,12.0,test,0.9672343374621373,0.9716868722329216,-0.004452534770784333,heldout_section
D08_S1_C025_T024,D08,D08_S1,fibroblast,24.0,test,2.276701131625556,2.2985406481145247,-0.02183951648896887,heldout_section
D08_S1_C026_T000,D08,D08_S1,fibroblast,0.0,test,0.6398408341895285,0.6327087251405833,0.007132109048945234,heldout_section
D08_S1_C026_T012,D08,D08_S1,fibroblast,12.0,test,1.125782280854197,1.1246132007284393,0.001169080125757782,heldout_section
D08_S1_C026_T024,D08,D08_S1,fibroblast,24.0,test,2.5117362905257994,2.5094951671307055,0.002241123395093858,heldout_section
D08_S1_C027_T000,D08,D08_S1,tumor,0.0,test,0.7894901715044871,0.7956485746567143,-0.006158403152227265,heldout_section
D08_S1_C027_T012,D08,D08_S1,tumor,12.0,test,1.2385254289468897,1.2484286899859853,-0.009903261039095668,heldout_section
D08_S1_C027_T024,D08,D08_S1,tumor,24.0,test,2.503094257109361,2.545101209459185,-0.0420069523498241,heldout_section
D08_S1_C028_T000,D08,D08_S1,tumor,0.0,test,0.7047603941894585,0.7097655227098254,-0.0050051285203669416,heldout_section
D08_S1_C028_T012,D08,D08_S1,tumor,12.0,test,1.082374296844514,1.086322194776344,-0.0039478979318299245,heldout_section
D08_S1_C028_T024,D08,D08_S1,tumor,24.0,test,2.4409493584598034,2.443515437120808,-0.002566078661004667,heldout_section
D08_S1_C029_T000,D08,D08_S1,macrophage,0.0,test,0.6986791426927282,0.6939290312554214,0.004750111437306859,heldout_section
D08_S1_C029_T012,D08,D08_S1,macrophage,12.0,test,1.1390097592557809,1.1414448604117347,-0.0024351011559538005,heldout_section
D08_S1_C029_T024,D08,D08_S1,macrophage,24.0,test,2.5111275014410257,2.5237054997181487,-0.012577998277123026,heldout_section
D08_S1_C030_T000,D08,D08_S1,t_cell,0.0,test,0.48418951648560415,0.48142286387478,0.0027666526108241496,heldout_section
D08_S1_C030_T012,D08,D08_S1,t_cell,12.0,test,0.9242704309238784,0.9258447862454513,-0.0015743553215729067,heldout_section
D08_S1_C030_T024,D08,D08_S1,t_cell,24.0,test,2.2852626229933435,2.272005113549877,0.013257509443466375,heldout_section
D08_S1_C031_T000,D08,D08_S1,t_cell,0.0,test,0.564122524674022,0.5651201929776366,-0.000997668303614585,heldout_section
D08_S1_C031_T012,D08,D08_S1,t_cell,12.0,test,0.952962464776493,0.9606768314811152,-0.007714366704622111,heldout_section
D08_S1_C031_T024,D08,D08_S1,t_cell,24.0,test,2.319453057395966,2.3489082652646416,-0.029455207868675615,heldout_section
D08_S1_C032_T000,D08,D08_S1,tumor,0.0,test,0.7359400428630067,0.7427471811520766,-0.0068071382890698695,heldout_section
D08_S1_C032_T012,D08,D08_S1,tumor,12.0,test,1.181646281844873,1.1916142437443535,-0.00996796189948057,heldout_section
D08_S1_C032_T024,D08,D08_S1,tumor,24.0,test,2.4816513431474125,2.512436150020516,-0.030784806873103587,heldout_section
D08_S1_C033_T000,D08,D08_S1,t_cell,0.0,test,0.45522154679312665,0.45174924127968075,0.0034723055134459058,heldout_section
D08_S1_C033_T012,D08,D08_S1,t_cell,12.0,test,0.8848811496179616,0.8819895026511105,0.002891646966851069,heldout_section
D08_S1_C033_T024,D08,D08_S1,t_cell,24.0,test,2.250272064514833,2.224142023234278,0.02613004128055474,heldout_section
D08_S1_C034_T000,D08,D08_S1,tumor,0.0,test,0.6408517201306918,0.6504551506000947,-0.00960343046940293,heldout_section
D08_S1_C034_T012,D08,D08_S1,tumor,12.0,test,0.9991256966172151,1.0051276019912396,-0.006001905374024563,heldout_section
D08_S1_C034_T024,D08,D08_S1,tumor,24.0,test,2.2371899612691073,2.2286583451291704,0.008531616139936915,heldout_section
D08_S1_C035_T000,D08,D08_S1,macrophage,0.0,test,0.6552477758211137,0.6444530634807766,0.010794712340337131,heldout_section
D08_S1_C035_T012,D08,D08_S1,macrophage,12.0,test,1.0772584147403306,1.0740843385876186,0.0031740761527119243,heldout_section
D08_S1_C035_T024,D08,D08_S1,macrophage,24.0,test,2.4656152354939973,2.478311821034052,-0.012696585540054706,heldout_section
D09_S0_C000_T000,D09,D09_S0,tumor,0.0,train,0.8144251687477855,0.830959808839729,-0.016534640091943498,heldout_section
D09_S0_C000_T012,D09,D09_S0,tumor,12.0,train,1.3121450875690606,1.3272594813779641,-0.015114393808903559,heldout_section
D09_S0_C000_T024,D09,D09_S0,tumor,24.0,train,2.6849255767219393,2.688439425567087,-0.0035138488451478267,heldout_section
D09_S0_C001_T000,D09,D09_S0,fibroblast,0.0,train,0.6660125600377944,0.6602724543948356,0.005740105642958793,heldout_section
D09_S0_C001_T012,D09,D09_S0,fibroblast,12.0,train,1.205960603884185,1.2069576191629017,-0.0009970152787166509,heldout_section
D09_S0_C001_T024,D09,D09_S0,fibroblast,24.0,train,2.6381424004182876,2.645777599862384,-0.007635199444096408,heldout_section
D09_S0_C002_T000,D09,D09_S0,tumor,0.0,train,0.8579326877806862,0.8697185972660098,-0.011785909485323542,heldout_section
D09_S0_C002_T012,D09,D09_S0,tumor,12.0,train,1.300487213360972,1.3107766061014692,-0.010289392740497227,heldout_section
D09_S0_C002_T024,D09,D09_S0,tumor,24.0,train,2.553026175176163,2.626776759546359,-0.07375058437019621,heldout_section
D09_S0_C003_T000,D09,D09_S0,macrophage,0.0,train,0.6851782294761516,0.6735119012742252,0.011666328201926368,heldout_section
D09_S0_C003_T012,D09,D09_S0,macrophage,12.0,train,1.2594692994159016,1.2576287446368042,0.001840554779097392,heldout_section
D09_S0_C003_T024,D09,D09_S0,macrophage,24.0,train,2.6735280277906592,2.681162549177009,-0.007634521386349569,heldout_section
D09_S0_C004_T000,D09,D09_S0,tumor,0.0,train,0.8141927389662469,0.8219576652112386,-0.007764926244991699,heldout_section
D09_S0_C004_T012,D09,D09_S0,tumor,12.0,train,1.3557807576109884,1.363686602411714,-0.007905844800725648,heldout_section
D09_S0_C004_T024,D09,D09_S0,tumor,24.0,train,2.7227286763696363,2.7362734195604124,-0.013544743190776032,heldout_section
D09_S0_C005_T000,D09,D09_S0,fibroblast,0.0,train,0.6364241160287758,0.6369286105659292,-0.0005044945371533993,heldout_section
D09_S0_C005_T012,D09,D09_S0,fibroblast,12.0,train,1.1235872169785972,1.1274102831583392,-0.0038230661797420407,heldout_section
D09_S0_C005_T024,D09,D09_S0,fibroblast,24.0,train,2.512565215587864,2.4999635840048793,0.012601631582984663,heldout_section
D09_S0_C006_T000,D09,D09_S0,t_cell,0.0,train,0.6406526005668349,0.6430046369965066,-0.0023520364296716334,heldout_section
D09_S0_C006_T012,D09,D09_S0,t_cell,12.0,train,1.137484088994878,1.1440157358706948,-0.0065316468758167545,heldout_section
D09_S0_C006_T024,D09,D09_S0,t_cell,24.0,train,2.498605784198315,2.5058332439677833,-0.0072274597694681475,heldout_section
D09_S0_C007_T000,D09,D09_S0,t_cell,0.0,train,0.6474878116757201,0.6508267111410363,-0.0033388994653161808,heldout_section
D09_S0_C007_T012,D09,D09_S0,t_cell,12.0,train,1.1638524984517324,1.1706322085218037,-0.0067797100700712765,heldout_section
D09_S0_C007_T024,D09,D09_S0,t_cell,24.0,train,2.504352371811542,2.534747068986835,-0.030394697175293306,heldout_section
D09_S0_C008_T000,D09,D09_S0,tumor,0.0,train,0.7349719388923435,0.7481405836824987,-0.013168644790155226,heldout_section
D09_S0_C008_T012,D09,D09_S0,tumor,12.0,train,1.253673131809713,1.2633082482467162,-0.00963511643700321,heldout_section
D09_S0_C008_T024,D09,D09_S0,tumor,24.0,train,2.5985384937919083,2.6040629331213516,-0.005524439329443354,heldout_section
D09_S0_C009_T000,D09,D09_S0,macrophage,0.0,train,0.7228039467222426,0.721452793077908,0.0013511536443345795,heldout_section
D09_S0_C009_T012,D09,D09_S0,macrophage,12.0,train,1.2399590366938391,1.2452953495728425,-0.00533631287900338,heldout_section
D09_S0_C009_T024,D09,D09_S0,macrophage,24.0,train,2.61396271625065,2.6282027979094322,-0.014240081658782433,heldout_section
D09_S0_C010_T000,D09,D09_S0,vascular,0.0,train,0.6194809570620761,0.6212145733998203,-0.0017336163377442704,heldout_section
D09_S0_C010_T012,D09,D09_S0,vascular,12.0,train,1.1174762172083188,1.117687044959011,-0.00021082775069225512,heldout_section
D09_S0_C010_T024,D09,D09_S0,vascular,24.0,train,2.615477085330515,2.6194654832262025,-0.003988397895687612,heldout_section
D09_S0_C011_T000,D09,D09_S0,fibroblast,0.0,train,0.6584866199800453,0.6598731109051239,-0.0013864909250785873,heldout_section
D09_S0_C011_T012,D09,D09_S0,fibroblast,12.0,train,1.1384581902316897,1.1414440920018256,-0.0029859017701359125,heldout_section
D09_S0_C011_T024,D09,D09_S0,fibroblast,24.0,train,2.5698468174867224,2.563386422125875,0.006460395360847304,heldout_section
D09_S0_C012_T000,D09,D09_S0,vascular,0.0,train,0.6229895930805441,0.6303366851423642,-0.007347092061820049,heldout_section
D09_S0_C012_T012,D09,D09_S0,vascular,12.0,train,1.095166375940393,1.1064230995363769,-0.011256723595983953,heldout_section
D09_S0_C012_T024,D09,D09_S0,vascular,24.0,train,2.5173424236037216,2.577474653724331,-0.06013223012060953,heldout_section
D09_S0_C013_T000,D09,D09_S0,t_cell,0.0,train,0.6207716980256214,0.6137269378022803,0.007044760223341107,heldout_section
D09_S0_C013_T012,D09,D09_S0,t_cell,12.0,train,1.2282251626581362,1.2332022939563543,-0.004977131298218085,heldout_section
D09_S0_C013_T024,D09,D09_S0,t_cell,24.0,train,2.6884953082390934,2.6594331850008803,0.02906212323821311,heldout_section
D09_S0_C014_T000,D09,D09_S0,tumor,0.0,train,0.8980549251507025,0.9065499032131743,-0.008494978062471792,heldout_section
D09_S0_C014_T012,D09,D09_S0,tumor,12.0,train,1.4759301461392673,1.4862161802500908,-0.010286034110823516,heldout_section
D09_S0_C014_T024,D09,D09_S0,tumor,24.0,train,2.7156654315819972,2.7248993571108016,-0.00923392552880431,heldout_section
D09_S0_C015_T000,D09,D09_S0,t_cell,0.0,train,0.6654198444630118,0.6591490707855934,0.006270773677418462,heldout_section
D09_S0_C015_T012,D09,D09_S0,t_cell,12.0,train,1.233880374717475,1.2369609050409442,-0.0030805303234693326,heldout_section
D09_S0_C015_T024,D09,D09_S0,t_cell,24.0,train,2.528531310366366,2.550914701840552,-0.022383391474186,heldout_section
D09_S0_C016_T000,D09,D09_S0,t_cell,0.0,train,0.6296502858590316,0.6308041033285205,-0.0011538174694889491,heldout_section
D09_S0_C016_T012,D09,D09_S0,t_cell,12.0,train,1.1698772176074173,1.1735459741493197,-0.0036687565419024626,heldout_section
D09_S0_C016_T024,D09,D09_S0,t_cell,24.0,train,2.610272763710686,2.607553884867509,0.0027188788431771194,heldout_section
D09_S0_C017_T000,D09,D09_S0,t_cell,0.0,train,0.5994010698928496,0.6025632061996441,-0.0031621363067945163,heldout_section
D09_S0_C017_T012,D09,D09_S0,t_cell,12.0,train,1.1169131630226026,1.1243991784727663,-0.007486015450163697,heldout_section
D09_S0_C017_T024,D09,D09_S0,t_cell,24.0,train,2.5360550025321293,2.554243059385187,-0.018188056853057688,heldout_section
D09_S0_C018_T000,D09,D09_S0,t_cell,0.0,train,0.6497722387856079,0.6460416978558978,0.0037305409297100356,heldout_section
D09_S0_C018_T012,D09,D09_S0,t_cell,12.0,train,1.1741031811376765,1.1784749700234307,-0.00437178888575418,heldout_section
D09_S0_C018_T024,D09,D09_S0,t_cell,24.0,train,2.5400359012425793,2.5600915082836386,-0.020055607041059353,heldout_section
D09_S0_C019_T000,D09,D09_S0,fibroblast,0.0,train,0.6288599107252513,0.628826166377625,3.374434762626333e-05,heldout_section
D09_S0_C019_T012,D09,D09_S0,fibroblast,12.0,train,1.1185523817911256,1.1243328037606952,-0.005780421969569627,heldout_section
D09_S0_C019_T024,D09,D09_S0,fibroblast,24.0,train,2.5246279325714824,2.562795675657747,-0.03816774308626458,heldout_section
D09_S0_C020_T000,D09,D09_S0,fibroblast,0.0,train,0.7529074852716501,0.7521594639996448,0.0007480212720052393,heldout_section
D09_S0_C020_T012,D09,D09_S0,fibroblast,12.0,train,1.2857171041345299,1.2911181086194712,-0.005401004484941296,heldout_section
D09_S0_C020_T024,D09,D09_S0,fibroblast,24.0,train,2.6493204960931407,2.6832975621954214,-0.033977066102280684,heldout_section
D09_S0_C021_T000,D09,D09_S0,tumor,0.0,train,0.7597499693507056,0.7715119578680488,-0.011761988517343225,heldout_section
D09_S0_C021_T012,D09,D09_S0,tumor,12.0,train,1.2392958264344789,1.2517450772851881,-0.012449250850709248,heldout_section
D09_S0_C021_T024,D09,D09_S0,tumor,24.0,train,2.513045600259018,2.5447583890792678,-0.03171278882024975,heldout_section
D09_S0_C022_T000,D09,D09_S0,macrophage,0.0,train,0.7443122632800084,0.7469013020340299,-0.0025890387540215,heldout_section
D09_S0_C022_T012,D09,D09_S0,macrophage,12.0,train,1.1478976866274093,1.152028386813189,-0.004130700185779768,heldout_section
D09_S0_C022_T024,D09,D09_S0,macrophage,24.0,train,2.554772155909803,2.5856753542795468,-0.030903198369743645,heldout_section
D09_S0_C023_T000,D09,D09_S0,macrophage,0.0,train,0.7565776745125747,0.7482813024133821,0.00829637209919265,heldout_section
D09_S0_C023_T012,D09,D09_S0,macrophage,12.0,train,1.369469349364141,1.3655688177660654,0.003900531598075574,heldout_section
D09_S0_C023_T024,D09,D09_S0,macrophage,24.0,train,2.7073177682400953,2.6974182597804326,0.009899508459662698,heldout_section
D09_S0_C024_T000,D09,D09_S0,tumor,0.0,train,0.8910873701734181,0.8973211082307166,-0.0062337380572985435,heldout_section
D09_S0_C024_T012,D09,D09_S0,tumor,12.0,train,1.5013287493124587,1.505571321664329,-0.0042425723518702,heldout_section
D09_S0_C024_T024,D09,D09_S0,tumor,24.0,train,2.7590676158308702,2.7756000000000003,-0.016532384169130054,heldout_section
D09_S0_C025_T000,D09,D09_S0,vascular,0.0,train,0.545236116399264,0.5481903959568812,-0.0029542795576172898,heldout_section
D09_S0_C025_T012,D09,D09_S0,vascular,12.0,train,1.0450185851078082,1.0547452474672534,-0.009726662359445193,heldout_section
D09_S0_C025_T024,D09,D09_S0,vascular,24.0,train,2.5092515354601512,2.5059663111266866,0.003285224333464676,heldout_section
D09_S0_C026_T000,D09,D09_S0,t_cell,0.0,train,0.5752576385846175,0.5780019326676169,-0.0027442940829993656,heldout_section
D09_S0_C026_T012,D09,D09_S0,t_cell,12.0,train,1.0798524437678036,1.0868848084312468,-0.007032364663443147,heldout_section
D09_S0_C026_T024,D09,D09_S0,t_cell,24.0,train,2.5653275127374204,2.5792890956410264,-0.01396158290360594,heldout_section
D09_S0_C027_T000,D09,D09_S0,t_cell,0.0,train,0.5799454084331507,0.5839059759851366,-0.003960567551985927,heldout_section
D09_S0_C027_T012,D09,D09_S0,t_cell,12.0,train,1.0479871513821035,1.0499489346193034,-0.0019617832371998656,heldout_section
D09_S0_C027_T024,D09,D09_S0,t_cell,24.0,train,2.5078544985072138,2.500221211408491,0.007633287098722796,heldout_section
D09_S0_C028_T000,D09,D09_S0,vascular,0.0,train,0.6263476807716315,0.6277093394310771,-0.001361658659445597,heldout_section
D09_S0_C028_T012,D09,D09_S0,vascular,12.0,train,1.2239172809608163,1.2261717177593878,-0.002254436798571513,heldout_section
D09_S0_C028_T024,D09,D09_S0,vascular,24.0,train,2.7019817026212145,2.6962820501778277,0.005699652443386771,heldout_section
D09_S0_C029_T000,D09,D09_S0,tumor,0.0,train,0.7772906780408328,0.7902391295497023,-0.012948451508869474,heldout_section
D09_S0_C029_T012,D09,D09_S0,tumor,12.0,train,1.3149591209449956,1.3247456689794888,-0.009786548034493192,heldout_section
D09_S0_C029_T024,D09,D09_S0,tumor,24.0,train,2.5932764667102046,2.6023087146016657,-0.009032247891461065,heldout_section
D09_S0_C030_T000,D09,D09_S0,fibroblast,0.0,train,0.8246132043600602,0.8228914213123606,0.0017217830476996543,heldout_section
D09_S0_C030_T012,D09,D09_S0,fibroblast,12.0,train,1.390188997230069,1.3916050794897838,-0.0014160822597149014,heldout_section
D09_S0_C030_T024,D09,D09_S0,fibroblast,24.0,train,2.7424978114224725,2.7343439408972605,0.008153870525211993,heldout_section
D09_S0_C031_T000,D09,D09_S0,macrophage,0.0,train,0.7513024758211682,0.7454104646302755,0.005892011190892665,heldout_section
D09_S0_C031_T012,D09,D09_S0,macrophage,12.0,train,1.3006984066778797,1.2942033516613205,0.006495055016559226,heldout_section
D09_S0_C031_T024,D09,D09_S0,macrophage,24.0,train,2.6513765194801775,2.622535065960189,0.02884145351998857,heldout_section
D09_S0_C032_T000,D09,D09_S0,vascular,0.0,train,0.5509919506634344,0.5504418007830629,0.0005501498803714977,heldout_section
D09_S0_C032_T012,D09,D09_S0,vascular,12.0,train,1.024334094794536,1.0260957021423338,-0.0017616073477977334,heldout_section
D09_S0_C032_T024,D09,D09_S0,vascular,24.0,train,2.4565502851341905,2.4766712405798805,-0.020120955445690036,heldout_section
D09_S0_C033_T000,D09,D09_S0,vascular,0.0,train,0.5570258759993499,0.5593167578581885,-0.0022908818588385227,heldout_section
D09_S0_C033_T012,D09,D09_S0,vascular,12.0,train,1.0452684016307032,1.0518605115499045,-0.006592109919201228,heldout_section
D09_S0_C033_T024,D09,D09_S0,vascular,24.0,train,2.5235846288746693,2.52628839483535,-0.0027037659606805597,heldout_section
D09_S0_C034_T000,D09,D09_S0,macrophage,0.0,train,0.6909372986905565,0.6860444029732564,0.004892895717300116,heldout_section
D09_S0_C034_T012,D09,D09_S0,macrophage,12.0,train,1.1636706468976794,1.158084029982731,0.005586616914948328,heldout_section
D09_S0_C034_T024,D09,D09_S0,macrophage,24.0,train,2.6162538969660907,2.614061890976363,0.0021920059897277966,heldout_section
D09_S0_C035_T000,D09,D09_S0,macrophage,0.0,train,0.8119010364259428,0.8054920778736254,0.006408958552317379,heldout_section
D09_S0_C035_T012,D09,D09_S0,macrophage,12.0,train,1.3946010744930313,1.3926814212988088,0.0019196531942224926,heldout_section
D09_S0_C035_T024,D09,D09_S0,macrophage,24.0,train,2.728987563281846,2.740216158893839,-0.011228595611993075,heldout_section
D09_S1_C000_T000,D09,D09_S1,fibroblast,0.0,validation,0.5925532288547597,0.5885752164701333,0.0039780123846263615,heldout_section
D09_S1_C000_T012,D09,D09_S1,fibroblast,12.0,validation,1.044804293625599,1.0422637739033576,0.002540519722241452,heldout_section
D09_S1_C000_T024,D09,D09_S1,fibroblast,24.0,validation,2.5422486530822557,2.537321616526999,0.004927036555256503,heldout_section
D09_S1_C001_T000,D09,D09_S1,tumor,0.0,validation,0.8675139637048142,0.877054532398091,-0.009540568693276796,heldout_section
D09_S1_C001_T012,D09,D09_S1,tumor,12.0,validation,1.39229883773951,1.400484080578301,-0.008185242838790963,heldout_section
D09_S1_C001_T024,D09,D09_S1,tumor,24.0,validation,2.7237313264248972,2.729509052197453,-0.005777725772555975,heldout_section
D09_S1_C002_T000,D09,D09_S1,macrophage,0.0,validation,0.7990758288074372,0.7940817496624317,0.004994079145005492,heldout_section
D09_S1_C002_T012,D09,D09_S1,macrophage,12.0,validation,1.3653072613979722,1.3612252410110668,0.004082020386905416,heldout_section
D09_S1_C002_T024,D09,D09_S1,macrophage,24.0,validation,2.693015890762707,2.686493984966356,0.006521905796351035,heldout_section
D09_S1_C003_T000,D09,D09_S1,fibroblast,0.0,validation,0.7299847570729571,0.727023575089031,0.002961181983926031,heldout_section
D09_S1_C003_T012,D09,D09_S1,fibroblast,12.0,validation,1.2340853801959215,1.2335132435194103,0.0005721366765112368,heldout_section
D09_S1_C003_T024,D09,D09_S1,fibroblast,24.0,validation,2.5938892382609784,2.6015511184802222,-0.007661880219243855,heldout_section
D09_S1_C004_T000,D09,D09_S1,fibroblast,0.0,validation,0.6707432429919475,0.6620720365390947,0.008671206452852798,heldout_section
D09_S1_C004_T012,D09,D09_S1,fibroblast,12.0,validation,1.1617697212014408,1.1563462312501407,0.005423489951300153,heldout_section
D09_S1_C004_T024,D09,D09_S1,fibroblast,24.0,validation,2.615037292840841,2.581848466011174,0.03318882682966695,heldout_section
D09_S1_C005_T000,D09,D09_S1,tumor,0.0,validation,0.9357060853699708,0.9404526825544527,-0.004746597184481893,heldout_section
D09_S1_C005_T012,D09,D09_S1,tumor,12.0,validation,1.5734987687983777,1.584521892970893,-0.011023124172515386,heldout_section
D09_S1_C005_T024,D09,D09_S1,tumor,24.0,validation,2.7059272161073538,2.756840038755447,-0.05091282264809305,heldout_section
D09_S1_C006_T000,D09,D09_S1,fibroblast,0.0,validation,0.6804698302360627,0.6758686819077618,0.00460114832830083,heldout_section
D09_S1_C006_T012,D09,D09_S1,fibroblast,12.0,validation,1.2113829715750406,1.2121998187831362,-0.0008168472080956057,heldout_section
D09_S1_C006_T024,D09,D09_S1,fibroblast,24.0,validation,2.652263219311586,2.6307752406190192,0.02148797869256658,heldout_section
D09_S1_C007_T000,D09,D09_S1,macrophage,0.0,validation,0.6516245450066785,0.6455249370046096,0.00609960800206899,heldout_section
D09_S1_C007_T012,D09,D09_S1,macrophage,12.0,validation,1.1349825792454675,1.1330853803242382,0.001897198921229304,heldout_section
D09_S1_C007_T024,D09,D09_S1,macrophage,24.0,validation,2.530184106143255,2.5258893190434852,0.004294787099769604,heldout_section
D09_S1_C008_T000,D09,D09_S1,tumor,0.0,validation,0.9181627019746201,0.9257734520319453,-0.007610750057325144,heldout_section
D09_S1_C008_T012,D09,D09_S1,tumor,12.0,validation,1.484569076603724,1.4954732809038964,-0.01090420430017236,heldout_section
D09_S1_C008_T024,D09,D09_S1,tumor,24.0,validation,2.6677542877617006,2.6928455667354925,-0.02509127897379182,heldout_section
D09_S1_C009_T000,D09,D09_S1,fibroblast,0.0,validation,0.6765362390553566,0.6677526972793357,0.00878354177602092,heldout_section
D09_S1_C009_T012,D09,D09_S1,fibroblast,12.0,validation,1.2631071212406229,1.2559700309536592,0.007137090286963632,heldout_section
D09_S1_C009_T024,D09,D09_S1,fibroblast,24.0,validation,2.665960863411228,2.669106150276312,-0.003145286865084085,heldout_section
D09_S1_C010_T000,D09,D09_S1,tumor,0.0,validation,0.9158650010492204,0.9184857348802156,-0.002620733830995148,heldout_section
D09_S1_C010_T012,D09,D09_S1,tumor,12.0,validation,1.536469184123452,1.5432779729480313,-0.006808788824579359,heldout_section
D09_S1_C010_T024,D09,D09_S1,tumor,24.0,validation,2.750698667970518,2.748836236478016,0.0018624314925017593,heldout_section
D09_S1_C011_T000,D09,D09_S1,vascular,0.0,validation,0.6342647728179894,0.627616759060418,0.006648013757571403,heldout_section
D09_S1_C011_T012,D09,D09_S1,vascular,12.0,validation,1.1966834487910984,1.1945040689303,0.002179379860798525,heldout_section
D09_S1_C011_T024,D09,D09_S1,vascular,24.0,validation,2.6751534647589996,2.6347099417274644,0.0404435230315352,heldout_section
D09_S1_C012_T000,D09,D09_S1,tumor,0.0,validation,0.9040804709960536,0.9134886629361532,-0.009408191940099564,heldout_section
D09_S1_C012_T012,D09,D09_S1,tumor,12.0,validation,1.4723430908322788,1.4849106914011507,-0.012567600568871962,heldout_section
D09_S1_C012_T024,D09,D09_S1,tumor,24.0,validation,2.7060801832436807,2.7159583855571867,-0.009878202313506002,heldout_section
D09_S1_C013_T000,D09,D09_S1,vascular,0.0,validation,0.4721412240087306,0.4693136454776265,0.0028275785311041024,heldout_section
D09_S1_C013_T012,D09,D09_S1,vascular,12.0,validation,1.005033616381001,1.005340929655632,-0.00030731327463096036,heldout_section
D09_S1_C013_T024,D09,D09_S1,vascular,24.0,validation,2.5212717611166218,2.5133205903904146,0.007951170726207213,heldout_section
D09_S1_C014_T000,D09,D09_S1,vascular,0.0,validation,0.6367938982655451,0.6419204928596417,-0.00512659459409659,heldout_section
D09_S1_C014_T012,D09,D09_S1,vascular,12.0,validation,1.1930885677441407,1.2052920750156124,-0.01220350727147168,heldout_section
D09_S1_C014_T024,D09,D09_S1,vascular,24.0,validation,2.5977470162764518,2.633695563939019,-0.035948547662567165,heldout_section
D09_S1_C015_T000,D09,D09_S1,tumor,0.0,validation,0.7902768244370938,0.8022252657300247,-0.011948441292930934,heldout_section
D09_S1_C015_T012,D09,D09_S1,tumor,12.0,validation,1.2941488630562261,1.3062988536079723,-0.012149990551746148,heldout_section
D09_S1_C015_T024,D09,D09_S1,tumor,24.0,validation,2.6211908914305013,2.649439643563603,-0.02824875213310163,heldout_section
D09_S1_C016_T000,D09,D09_S1,tumor,0.0,validation,0.7323969794895377,0.7512141250080988,-0.018817145518561063,heldout_section
D09_S1_C016_T012,D09,D09_S1,tumor,12.0,validation,1.2025490714001423,1.2212261088207443,-0.018677037420602005,heldout_section
D09_S1_C016_T024,D09,D09_S1,tumor,24.0,validation,2.5346712024791676,2.551871053269324,-0.01719985079015629,heldout_section
D09_S1_C017_T000,D09,D09_S1,tumor,0.0,validation,0.7513668339815367,0.7593371799692501,-0.0079703459877134,heldout_section
D09_S1_C017_T012,D09,D09_S1,tumor,12.0,validation,1.2821249889559527,1.289214688596757,-0.007089699640804303,heldout_section
D09_S1_C017_T024,D09,D09_S1,tumor,24.0,validation,2.6607870540730514,2.6600233449694097,0.0007637091036416521,heldout_section
D09_S1_C018_T000,D09,D09_S1,t_cell,0.0,validation,0.6464662784122096,0.6477259854812394,-0.0012597070690297807,heldout_section
D09_S1_C018_T012,D09,D09_S1,t_cell,12.0,validation,1.197144736166774,1.19913603186238,-0.0019912956956060768,heldout_section
D09_S1_C018_T024,D09,D09_S1,t_cell,24.0,validation,2.597930076353529,2.585334982678146,0.01259509367538314,heldout_section
D09_S1_C019_T000,D09,D09_S1,tumor,0.0,validation,0.8728029546895115,0.8787386423725407,-0.005935687683029212,heldout_section
D09_S1_C019_T012,D09,D09_S1,tumor,12.0,validation,1.4407060221839871,1.450616049104327,-0.00991002692033982,heldout_section
D09_S1_C019_T024,D09,D09_S1,tumor,24.0,validation,2.6711411457959446,2.683385578538239,-0.012244432742294364,heldout_section
D09_S1_C020_T000,D09,D09_S1,tumor,0.0,validation,0.822949481380353,0.8280212862747127,-0.005071804894359766,heldout_section
D09_S1_C020_T012,D09,D09_S1,tumor,12.0,validation,1.3867038940488468,1.390842115496589,-0.004138221447742341,heldout_section
D09_S1_C020_T024,D09,D09_S1,tumor,24.0,validation,2.650491933955563,2.6691186925829173,-0.018626758627354523,heldout_section
D09_S1_C021_T000,D09,D09_S1,t_cell,0.0,validation,0.7110604552076314,0.7088067305537746,0.002253724653856759,heldout_section
D09_S1_C021_T012,D09,D09_S1,t_cell,12.0,validation,1.3251316474805623,1.3262501617209335,-0.0011185142403711268,heldout_section
D09_S1_C021_T024,D09,D09_S1,t_cell,24.0,validation,2.698653077646592,2.679052883570481,0.0196001940761108,heldout_section
D09_S1_C022_T000,D09,D09_S1,macrophage,0.0,validation,0.7260698081894416,0.717184841304597,0.008884966884844525,heldout_section
D09_S1_C022_T012,D09,D09_S1,macrophage,12.0,validation,1.2490721955950561,1.2393844064410138,0.009687789154042337,heldout_section
D09_S1_C022_T024,D09,D09_S1,macrophage,24.0,validation,2.6507417571683494,2.6453791505675404,0.005362606600809006,heldout_section
D09_S1_C023_T000,D09,D09_S1,fibroblast,0.0,validation,0.6964047469498148,0.7003551768407603,-0.003950429890945517,heldout_section
D09_S1_C023_T012,D09,D09_S1,fibroblast,12.0,validation,1.1562234486652705,1.1577091692229466,-0.0014857205576761512,heldout_section
D09_S1_C023_T024,D09,D09_S1,fibroblast,24.0,validation,2.5630431361216868,2.557350244425276,0.00569289169641074,heldout_section
D09_S1_C024_T000,D09,D09_S1,vascular,0.0,validation,0.6154087180880514,0.623807099997452,-0.008398381909400565,heldout_section
D09_S1_C024_T012,D09,D09_S1,vascular,12.0,validation,1.132089952904674,1.139537820121143,-0.007447867216469062,heldout_section
D09_S1_C024_T024,D09,D09_S1,vascular,24.0,validation,2.549189065859658,2.546850525431838,0.0023385404278197797,heldout_section
D09_S1_C025_T000,D09,D09_S1,tumor,0.0,validation,0.8733165618154808,0.8825816424553445,-0.009265080639863754,heldout_section
D09_S1_C025_T012,D09,D09_S1,tumor,12.0,validation,1.4309370638166308,1.4425249535563125,-0.011587889739681723,heldout_section
D09_S1_C025_T024,D09,D09_S1,tumor,24.0,validation,2.680161821921323,2.7252630653168137,-0.04510124339549071,heldout_section
D09_S1_C026_T000,D09,D09_S1,tumor,0.0,validation,0.8303342482157224,0.84392014859953,-0.013585900383807581,heldout_section
D09_S1_C026_T012,D09,D09_S1,tumor,12.0,validation,1.3591863818137402,1.3694559760133402,-0.010269594199600052,heldout_section
D09_S1_C026_T024,D09,D09_S1,tumor,24.0,validation,2.648157059741694,2.653004343026446,-0.004847283284751924,heldout_section
D09_S1_C027_T000,D09,D09_S1,tumor,0.0,validation,0.8411983410770152,0.8464334532049687,-0.005235112127953467,heldout_section
D09_S1_C027_T012,D09,D09_S1,tumor,12.0,validation,1.3686673603283495,1.3761030696106955,-0.007435709282346048,heldout_section
D09_S1_C027_T024,D09,D09_S1,tumor,24.0,validation,2.6313708031871177,2.6399147492473554,-0.008543946060237673,heldout_section
D09_S1_C028_T000,D09,D09_S1,macrophage,0.0,validation,0.7356312468210274,0.7230639171400579,0.012567329680969519,heldout_section
D09_S1_C028_T012,D09,D09_S1,macrophage,12.0,validation,1.3079616863001828,1.2997785738913636,0.008183112408819193,heldout_section
D09_S1_C028_T024,D09,D09_S1,macrophage,24.0,validation,2.7110159188473157,2.712741655682072,-0.0017257368347562974,heldout_section
D09_S1_C029_T000,D09,D09_S1,macrophage,0.0,validation,0.66108611356017,0.6562827505402061,0.004803363019963869,heldout_section
D09_S1_C029_T012,D09,D09_S1,macrophage,12.0,validation,1.174020243970518,1.176260307239175,-0.002240063268657,heldout_section
D09_S1_C029_T024,D09,D09_S1,macrophage,24.0,validation,2.5687423209184455,2.5963163195275514,-0.02757399860910592,heldout_section
D09_S1_C030_T000,D09,D09_S1,tumor,0.0,validation,0.7787091876907445,0.7868014548161376,-0.008092267125393127,heldout_section
D09_S1_C030_T012,D09,D09_S1,tumor,12.0,validation,1.3393095162866975,1.342961818873783,-0.0036523025870855985,heldout_section
D09_S1_C030_T024,D09,D09_S1,tumor,24.0,validation,2.6426615667801103,2.626164303312185,0.01649726346792546,heldout_section
D09_S1_C031_T000,D09,D09_S1,tumor,0.0,validation,0.7956173436601701,0.7968552230546891,-0.0012378793945190258,heldout_section
D09_S1_C031_T012,D09,D09_S1,tumor,12.0,validation,1.387167566116042,1.3864391698184377,0.0007283962976043501,heldout_section
D09_S1_C031_T024,D09,D09_S1,tumor,24.0,validation,2.669536552360508,2.700058098854226,-0.030521546493718077,heldout_section
D09_S1_C032_T000,D09,D09_S1,tumor,0.0,validation,0.8359702359535292,0.8410649532183817,-0.005094717264852555,heldout_section
D09_S1_C032_T012,D09,D09_S1,tumor,12.0,validation,1.3926419780952761,1.396130324567145,-0.0034883464718689083,heldout_section
D09_S1_C032_T024,D09,D09_S1,tumor,24.0,validation,2.7522480636699296,2.7601555090605636,-0.007907445390634038,heldout_section
D09_S1_C033_T000,D09,D09_S1,macrophage,0.0,validation,0.7578608623024454,0.7510125388961567,0.006848323406288714,heldout_section
D09_S1_C033_T012,D09,D09_S1,macrophage,12.0,validation,1.3058084556065033,1.3080635195212753,-0.0022550639147720375,heldout_section
D09_S1_C033_T024,D09,D09_S1,macrophage,24.0,validation,2.6201103716895213,2.614233838162258,0.005876533527263472,heldout_section
D09_S1_C034_T000,D09,D09_S1,fibroblast,0.0,validation,0.6478515855208266,0.641500345877314,0.006351239643512585,heldout_section
D09_S1_C034_T012,D09,D09_S1,fibroblast,12.0,validation,1.156783468556836,1.1537335258813695,0.0030499426754664327,heldout_section
D09_S1_C034_T024,D09,D09_S1,fibroblast,24.0,validation,2.6158372536174017,2.600241792916038,0.015595460701363528,heldout_section
D09_S1_C035_T000,D09,D09_S1,fibroblast,0.0,validation,0.7014416921201122,0.6954204943576634,0.0060211977624488044,heldout_section
D09_S1_C035_T012,D09,D09_S1,fibroblast,12.0,validation,1.2467518313654669,1.2480139423983618,-0.0012621110328949747,heldout_section
D09_S1_C035_T024,D09,D09_S1,fibroblast,24.0,validation,2.6166726168450074,2.61581244842275,0.0008601684222573347,heldout_section
D10_S0_C000_T000,D10,D10_S0,tumor,0.0,train,0.9387458902936614,0.9305337619715619,0.008212128322099499,heldout_section
D10_S0_C000_T012,D10,D10_S0,tumor,12.0,train,1.553108398444587,1.5487543592250101,0.0043540392195768884,heldout_section
D10_S0_C000_T024,D10,D10_S0,tumor,24.0,train,2.6892087468047667,2.706752715066788,-0.017543968262021092,heldout_section
D10_S0_C001_T000,D10,D10_S0,t_cell,0.0,train,0.6325054454935086,0.6276728813313955,0.004832564162113084,heldout_section
D10_S0_C001_T012,D10,D10_S0,t_cell,12.0,train,1.133538880352094,1.1273501532631534,0.006188727088940693,heldout_section
D10_S0_C001_T024,D10,D10_S0,t_cell,24.0,train,2.5833103904139447,2.6050253382110093,-0.02171494779706462,heldout_section
D10_S0_C002_T000,D10,D10_S0,fibroblast,0.0,train,0.7020918999520882,0.6867064636963786,0.01538543625570965,heldout_section
D10_S0_C002_T012,D10,D10_S0,fibroblast,12.0,train,1.2670925549021173,1.257021132294816,0.010071422607301317,heldout_section
D10_S0_C002_T024,D10,D10_S0,fibroblast,24.0,train,2.691477436271484,2.6624333484414824,0.029044087830001786,heldout_section
D10_S0_C003_T000,D10,D10_S0,t_cell,0.0,train,0.6607443944182807,0.6613943490404776,-0.0006499546221968577,heldout_section
D10_S0_C003_T012,D10,D10_S0,t_cell,12.0,train,1.1540869433161032,1.1578677533069386,-0.00378080999083541,heldout_section
D10_S0_C003_T024,D10,D10_S0,t_cell,24.0,train,2.5296789188652347,2.5417210854636463,-0.012042166598411619,heldout_section
D10_S0_C004_T000,D10,D10_S0,vascular,0.0,train,0.65891622675565,0.6512432356885594,0.007672991067090629,heldout_section
D10_S0_C004_T012,D10,D10_S0,vascular,12.0,train,1.2082812132891458,1.2039463140491122,0.004334899240033607,heldout_section
D10_S0_C004_T024,D10,D10_S0,vascular,24.0,train,2.6622534036263095,2.646455540265754,0.015797863360555553,heldout_section
D10_S0_C005_T000,D10,D10_S0,t_cell,0.0,train,0.6183281662368569,0.616686661570318,0.0016415046665388955,heldout_section
D10_S0_C005_T012,D10,D10_S0,t_cell,12.0,train,1.0740084353940307,1.070542118520096,0.003466316873934616,heldout_section
D10_S0_C005_T024,D10,D10_S0,t_cell,24.0,train,2.5147314016139237,2.5223754688329922,-0.007644067219068518,heldout_section
D10_S0_C006_T000,D10,D10_S0,vascular,0.0,train,0.6629964770445916,0.6527399981119205,0.01025647893267112,heldout_section
D10_S0_C006_T012,D10,D10_S0,vascular,12.0,train,1.1713586787004593,1.160609238931864,0.010749439768595215,heldout_section
D10_S0_C006_T024,D10,D10_S0,vascular,24.0,train,2.5845223296378386,2.607296757634622,-0.02277442799678342,heldout_section
D10_S0_C007_T000,D10,D10_S0,tumor,0.0,train,0.9371973417407207,0.943731570635512,-0.006534228894791383,heldout_section
D10_S0_C007_T012,D10,D10_S0,tumor,12.0,train,1.48658496877978,1.4886363467915695,-0.002051378011789451,heldout_section
D10_S0_C007_T024,D10,D10_S0,tumor,24.0,train,2.7054566452645763,2.7133917310201405,-0.00793508575556423,heldout_section
D10_S0_C008_T000,D10,D10_S0,tumor,0.0,train,0.8299459277805654,0.8446398512581744,-0.014693923477609006,heldout_section
D10_S0_C008_T012,D10,D10_S0,tumor,12.0,train,1.254791344249515,1.260776176541925,-0.00598483229240987,heldout_section
D10_S0_C008_T024,D10,D10_S0,tumor,24.0,train,2.6058250220614076,2.609640669510527,-0.0038156474491195524,heldout_section
D10_S0_C009_T000,D10,D10_S0,tumor,0.0,train,0.8957836893333041,0.8995494672489074,-0.0037657779156032856,heldout_section
D10_S0_C009_T012,D10,D10_S0,tumor,12.0,train,1.4479740467166475,1.4468214098091117,0.0011526369075358645,heldout_section
D10_S0_C009_T024,D10,D10_S0,tumor,24.0,train,2.7492186770697513,2.743158617415917,0.006060059653834493,heldout_section
D10_S0_C010_T000,D10,D10_S0,t_cell,0.0,train,0.7281960358828236,0.721558249266511,0.006637786616312535,heldout_section
D10_S0_C010_T012,D10,D10_S0,t_cell,12.0,train,1.330382320054741,1.3287680603947964,0.0016142596599446613,heldout_section
D10_S0_C010_T024,D10,D10_S0,t_cell,24.0,train,2.6952266126439435,2.682929243353979,0.01229736928996461,heldout_section
D10_S0_C011_T000,D10,D10_S0,tumor,0.0,train,0.9439580625901517,0.9436442079818175,0.00031385460833421863,heldout_section
D10_S0_C011_T012,D10,D10_S0,tumor,12.0,train,1.5010651223940767,1.501617265783604,-0.0005521433895272487,heldout_section
D10_S0_C011_T024,D10,D10_S0,tumor,24.0,train,2.6536312556082313,2.675597305010651,-0.021966049402419863,heldout_section
D10_S0_C012_T000,D10,D10_S0,macrophage,0.0,train,0.8440456999167011,0.8337766191766571,0.010269080740043957,heldout_section
D10_S0_C012_T012,D10,D10_S0,macrophage,12.0,train,1.4139958929350949,1.4076385820596613,0.006357310875433564,heldout_section
D10_S0_C012_T024,D10,D10_S0,macrophage,24.0,train,2.7103681619981153,2.713782682021955,-0.0034145200238397955,heldout_section
D10_S0_C013_T000,D10,D10_S0,t_cell,0.0,train,0.7530262072316954,0.7459505539614915,0.007075653270203985,heldout_section
D10_S0_C013_T012,D10,D10_S0,t_cell,12.0,train,1.2241887272487761,1.217328106555911,0.006860620692865194,heldout_section
D10_S0_C013_T024,D10,D10_S0,t_cell,24.0,train,2.5491963760496357,2.563529757232726,-0.014333381183090133,heldout_section
D10_S0_C014_T000,D10,D10_S0,tumor,0.0,train,0.8879834289537357,0.8826238370276175,0.0053595919261182345,heldout_section
D10_S0_C014_T012,D10,D10_S0,tumor,12.0,train,1.5123186735116916,1.4998317518259903,0.012486921685701313,heldout_section
D10_S0_C014_T024,D10,D10_S0,tumor,24.0,train,2.7014274160446514,2.7139252717131948,-0.012497855668543334,heldout_section
D10_S0_C015_T000,D10,D10_S0,tumor,0.0,train,0.945148703696082,0.943768383955614,0.001380319740467928,heldout_section
D10_S0_C015_T012,D10,D10_S0,tumor,12.0,train,1.4784090607632063,1.4736624161340097,0.004746644629196606,heldout_section
D10_S0_C015_T024,D10,D10_S0,tumor,24.0,train,2.691144734824382,2.6817746926072674,0.009370042217114793,heldout_section
D10_S0_C016_T000,D10,D10_S0,macrophage,0.0,train,0.8695742149108519,0.8628125961718072,0.006761618739044684,heldout_section
D10_S0_C016_T012,D10,D10_S0,macrophage,12.0,train,1.3745040965315098,1.3624640083792803,0.012040088152229567,heldout_section
D10_S0_C016_T024,D10,D10_S0,macrophage,24.0,train,2.6941087948509588,2.7050439979146694,-0.010935203063710652,heldout_section
D10_S0_C017_T000,D10,D10_S0,t_cell,0.0,train,0.6966202461491118,0.6961181770092715,0.0005020691398402999,heldout_section
D10_S0_C017_T012,D10,D10_S0,t_cell,12.0,train,1.183748943701166,1.1841109665926146,-0.00036202289144871,heldout_section
D10_S0_C017_T024,D10,D10_S0,t_cell,24.0,train,2.534485671508889,2.550552634402424,-0.01606696289353504,heldout_section
D10_S0_C018_T000,D10,D10_S0,tumor,0.0,train,1.0559244712147702,1.0487081796581652,0.00721629155660497,heldout_section
D10_S0_C018_T012,D10,D10_S0,tumor,12.0,train,1.693645480902156,1.696403204806096,-0.0027577239039400236,heldout_section
D10_S0_C018_T024,D10,D10_S0,tumor,24.0,train,2.685802645670663,2.694935652362662,-0.009133006691999235,heldout_section
D10_S0_C019_T000,D10,D10_S0,t_cell,0.0,train,0.6888744578179138,0.684115780550206,0.004758677267707734,heldout_section
D10_S0_C019_T012,D10,D10_S0,t_cell,12.0,train,1.2589913042920846,1.2582804786746882,0.0007108256173964378,heldout_section
D10_S0_C019_T024,D10,D10_S0,t_cell,24.0,train,2.6876354818611374,2.659786173927834,0.027849307933303535,heldout_section
D10_S0_C020_T000,D10,D10_S0,fibroblast,0.0,train,0.7541248995620046,0.7432277087708129,0.010897190791191669,heldout_section
D10_S0_C020_T012,D10,D10_S0,fibroblast,12.0,train,1.334514138010088,1.3249354226582342,0.00957871535185384,heldout_section
D10_S0_C020_T024,D10,D10_S0,fibroblast,24.0,train,2.7227338630341897,2.7294852824299314,-0.006751419395741642,heldout_section
D10_S0_C021_T000,D10,D10_S0,tumor,0.0,train,1.0096495484976165,1.0130311524977178,-0.003381604000101346,heldout_section
D10_S0_C021_T012,D10,D10_S0,tumor,12.0,train,1.6509248446632632,1.653704425720309,-0.002779581057045899,heldout_section
D10_S0_C021_T024,D10,D10_S0,tumor,24.0,train,2.7522308085783664,2.759074938635355,-0.006844130056988362,heldout_section
D10_S0_C022_T000,D10,D10_S0,fibroblast,0.0,train,0.7024514293427127,0.6900583997662992,0.012393029576413417,heldout_section
D10_S0_C022_T012,D10,D10_S0,fibroblast,12.0,train,1.3002923949446221,1.291738404094015,0.008553990850607152,heldout_section
D10_S0_C022_T024,D10,D10_S0,fibroblast,24.0,train,2.6957751373463075,2.6726831884539757,0.023091948892331793,heldout_section
D10_S0_C023_T000,D10,D10_S0,macrophage,0.0,train,0.8633891767550465,0.8513563862256601,0.012032790529386328,heldout_section
D10_S0_C023_T012,D10,D10_S0,macrophage,12.0,train,1.4313135111974011,1.4205381648030857,0.010775346394315433,heldout_section
D10_S0_C023_T024,D10,D10_S0,macrophage,24.0,train,2.6512604715859402,2.6919690050453524,-0.040708533459412166,heldout_section
D10_S0_C024_T000,D10,D10_S0,tumor,0.0,train,0.8322893354497869,0.8298359022360844,0.002453433213702505,heldout_section
D10_S0_C024_T012,D10,D10_S0,tumor,12.0,train,1.3848528282525228,1.3804731300714734,0.00437969818104933,heldout_section
D10_S0_C024_T024,D10,D10_S0,tumor,24.0,train,2.705892980917697,2.6950785195906937,0.010814461327003144,heldout_section
D10_S0_C025_T000,D10,D10_S0,fibroblast,0.0,train,0.825427714215315,0.8164081125388268,0.009019601676488187,heldout_section
D10_S0_C025_T012,D10,D10_S0,fibroblast,12.0,train,1.4020446332212622,1.3983786035739447,0.003666029647317437,heldout_section
D10_S0_C025_T024,D10,D10_S0,fibroblast,24.0,train,2.705225422582418,2.718418598107879,-0.013193175525461065,heldout_section
D10_S0_C026_T000,D10,D10_S0,t_cell,0.0,train,0.7454697682929118,0.7424260693066347,0.003043698986277099,heldout_section
D10_S0_C026_T012,D10,D10_S0,t_cell,12.0,train,1.314814648189259,1.3135592798994746,0.0012553682897844531,heldout_section
D10_S0_C026_T024,D10,D10_S0,t_cell,24.0,train,2.567647667288417,2.592285111652973,-0.02463744436455606,heldout_section
D10_S0_C027_T000,D10,D10_S0,t_cell,0.0,train,0.6717090622570728,0.6634528456519672,0.00825621660510567,heldout_section
D10_S0_C027_T012,D10,D10_S0,t_cell,12.0,train,1.2132025946898473,1.2024772705337707,0.010725324156076521,heldout_section
D10_S0_C027_T024,D10,D10_S0,t_cell,24.0,train,2.689230995460691,2.6758410796327214,0.013389915827969556,heldout_section
D10_S0_C028_T000,D10,D10_S0,tumor,0.0,train,0.9628828217280028,0.9594328074941694,0.0034500142338333983,heldout_section
D10_S0_C028_T012,D10,D10_S0,tumor,12.0,train,1.5360535585291608,1.5248662590024735,0.011187299526687289,heldout_section
D10_S0_C028_T024,D10,D10_S0,tumor,24.0,train,2.700782192053986,2.7135816597434625,-0.012799467689476707,heldout_section
D10_S0_C029_T000,D10,D10_S0,macrophage,0.0,train,0.8898262968457914,0.8758341444260606,0.013992152419730841,heldout_section
D10_S0_C029_T012,D10,D10_S0,macrophage,12.0,train,1.4830542487980982,1.4761838263954608,0.006870422402637466,heldout_section
D10_S0_C029_T024,D10,D10_S0,macrophage,24.0,train,2.7355617520046462,2.753649215941516,-0.018087463936869774,heldout_section
D10_S0_C030_T000,D10,D10_S0,t_cell,0.0,train,0.5800845170019624,0.5677256580456643,0.012358858956298069,heldout_section
D10_S0_C030_T012,D10,D10_S0,t_cell,12.0,train,1.1495930870992024,1.1503201965184087,-0.0007271094192062844,heldout_section
D10_S0_C030_T024,D10,D10_S0,t_cell,24.0,train,2.5659591436750593,2.554547044424276,0.011412099250783125,heldout_section
D10_S0_C031_T000,D10,D10_S0,t_cell,0.0,train,0.71878737580943,0.714605094888908,0.004182280920521975,heldout_section
D10_S0_C031_T012,D10,D10_S0,t_cell,12.0,train,1.241635546931714,1.2436650031208905,-0.002029456189176493,heldout_section
D10_S0_C031_T024,D10,D10_S0,t_cell,24.0,train,2.55848284722164,2.601848544107515,-0.04336569688587488,heldout_section
D10_S0_C032_T000,D10,D10_S0,t_cell,0.0,train,0.6179833695040173,0.6119460846714744,0.006037284832542955,heldout_section
D10_S0_C032_T012,D10,D10_S0,t_cell,12.0,train,1.1619466404198606,1.1494921506198232,0.012454489800037383,heldout_section
D10_S0_C032_T024,D10,D10_S0,t_cell,24.0,train,2.665521455703458,2.615409227635018,0.05011222806844007,heldout_section
D10_S0_C033_T000,D10,D10_S0,tumor,0.0,train,0.8658225871175724,0.8596068095570137,0.0062157775605586885,heldout_section
D10_S0_C033_T012,D10,D10_S0,tumor,12.0,train,1.4479829809610638,1.4399047959630062,0.00807818499805757,heldout_section
D10_S0_C033_T024,D10,D10_S0,tumor,24.0,train,2.6750374283492886,2.6821850833120755,-0.007147654962786909,heldout_section
D10_S0_C034_T000,D10,D10_S0,tumor,0.0,train,0.8927345758640706,0.8965116771500976,-0.0037771012860270403,heldout_section
D10_S0_C034_T012,D10,D10_S0,tumor,12.0,train,1.4476816327132067,1.4511204886118392,-0.0034388558986324647,heldout_section
D10_S0_C034_T024,D10,D10_S0,tumor,24.0,train,2.730643883853002,2.7393732961288966,-0.008729412275894521,heldout_section
D10_S0_C035_T000,D10,D10_S0,t_cell,0.0,train,0.6689881390109047,0.6584779288526987,0.010510210158205968,heldout_section
D10_S0_C035_T012,D10,D10_S0,t_cell,12.0,train,1.233474272084147,1.2240543327700693,0.009419939314077697,heldout_section
D10_S0_C035_T024,D10,D10_S0,t_cell,24.0,train,2.682969676079495,2.658066965308653,0.024902710770842162,heldout_section
D10_S1_C000_T000,D10,D10_S1,fibroblast,0.0,train,0.695436113918628,0.6814876150753091,0.013948498843318946,heldout_section
D10_S1_C000_T012,D10,D10_S1,fibroblast,12.0,train,1.2338799493424706,1.227873064468046,0.006006884874424578,heldout_section
D10_S1_C000_T024,D10,D10_S1,fibroblast,24.0,train,2.674795963410077,2.671244072052281,0.0035518913577958777,heldout_section
D10_S1_C001_T000,D10,D10_S1,macrophage,0.0,train,0.8100006649688372,0.808336193078696,0.0016644718901411837,heldout_section
D10_S1_C001_T012,D10,D10_S1,macrophage,12.0,train,1.3224875845316508,1.3234835928240256,-0.0009960082923747837,heldout_section
D10_S1_C001_T024,D10,D10_S1,macrophage,24.0,train,2.6723254700329915,2.704355697903238,-0.03203022787024645,heldout_section
D10_S1_C002_T000,D10,D10_S1,t_cell,0.0,train,0.7068836683140217,0.6932062414550776,0.01367742685894413,heldout_section
D10_S1_C002_T012,D10,D10_S1,t_cell,12.0,train,1.2899833368959788,1.2794774924125676,0.010505844483411186,heldout_section
D10_S1_C002_T024,D10,D10_S1,t_cell,24.0,train,2.677407977613413,2.662096947836465,0.015311029776948093,heldout_section
D10_S1_C003_T000,D10,D10_S1,macrophage,0.0,train,0.8277472491177086,0.8236226053353274,0.004124643782381199,heldout_section
D10_S1_C003_T012,D10,D10_S1,macrophage,12.0,train,1.327416050518575,1.3270405975621862,0.00037545295638885534,heldout_section
D10_S1_C003_T024,D10,D10_S1,macrophage,24.0,train,2.692663064427484,2.7078245059413866,-0.015161441513902751,heldout_section
D10_S1_C004_T000,D10,D10_S1,vascular,0.0,train,0.6353777023643739,0.6329206739709327,0.0024570283934411963,heldout_section
D10_S1_C004_T012,D10,D10_S1,vascular,12.0,train,1.1850200199271919,1.187790066098506,-0.0027700461713140445,heldout_section
D10_S1_C004_T024,D10,D10_S1,vascular,24.0,train,2.6247869470152025,2.59535383207554,0.02943311493966272,heldout_section
D10_S1_C005_T000,D10,D10_S1,tumor,0.0,train,0.8934131773896581,0.893603734943922,-0.00019055755426389265,heldout_section
D10_S1_C005_T012,D10,D10_S1,tumor,12.0,train,1.4494208330243417,1.4474554854935588,0.0019653475307828128,heldout_section
D10_S1_C005_T024,D10,D10_S1,tumor,24.0,train,2.7095032593284176,2.7273391847437614,-0.017835925415343734,heldout_section
D10_S1_C006_T000,D10,D10_S1,t_cell,0.0,train,0.6875908305483008,0.6862641871991665,0.0013266433491343488,heldout_section
D10_S1_C006_T012,D10,D10_S1,t_cell,12.0,train,1.2046155978921536,1.207294241627902,-0.0026786437357484427,heldout_section
D10_S1_C006_T024,D10,D10_S1,t_cell,24.0,train,2.6589106876792727,2.63573586174633,0.023174825932942955,heldout_section
D10_S1_C007_T000,D10,D10_S1,tumor,0.0,train,0.8644379425638195,0.8728166810813469,-0.008378738517527462,heldout_section
D10_S1_C007_T012,D10,D10_S1,tumor,12.0,train,1.4031888204977547,1.4121332957034416,-0.008944475205686864,heldout_section
D10_S1_C007_T024,D10,D10_S1,tumor,24.0,train,2.6776508656010862,2.694854204738564,-0.017203339137477958,heldout_section
D10_S1_C008_T000,D10,D10_S1,t_cell,0.0,train,0.6467318217685813,0.6403963101497775,0.006335511618803857,heldout_section
D10_S1_C008_T012,D10,D10_S1,t_cell,12.0,train,1.1484003036236303,1.1441847684764541,0.004215535147176208,heldout_section
D10_S1_C008_T024,D10,D10_S1,t_cell,24.0,train,2.6488229471080174,2.619123943555093,0.02969900355292454,heldout_section
D10_S1_C009_T000,D10,D10_S1,fibroblast,0.0,train,0.693118484845254,0.689523207621062,0.0035952772241919506,heldout_section
D10_S1_C009_T012,D10,D10_S1,fibroblast,12.0,train,1.1653475292272202,1.1624573270426761,0.002890202184544055,heldout_section
D10_S1_C009_T024,D10,D10_S1,fibroblast,24.0,train,2.637699348054975,2.6035339558225523,0.034165392232422764,heldout_section
D10_S1_C010_T000,D10,D10_S1,tumor,0.0,train,0.9299572079454994,0.93792681850744,-0.007969610561940565,heldout_section
D10_S1_C010_T012,D10,D10_S1,tumor,12.0,train,1.5073515221434675,1.5157439328717235,-0.008392410728256028,heldout_section
D10_S1_C010_T024,D10,D10_S1,tumor,24.0,train,2.758803601199421,2.7558394696232043,0.0029641315762165554,heldout_section
D10_S1_C011_T000,D10,D10_S1,tumor,0.0,train,0.9025709953051725,0.9058412311976204,-0.0032702358924479036,heldout_section
D10_S1_C011_T012,D10,D10_S1,tumor,12.0,train,1.4476679478708268,1.4496698359741063,-0.0020018881032795033,heldout_section
D10_S1_C011_T024,D10,D10_S1,tumor,24.0,train,2.7259853240362757,2.740918820377821,-0.014933496341545283,heldout_section
D10_S1_C012_T000,D10,D10_S1,tumor,0.0,train,0.7947560899020626,0.7967142960958684,-0.0019582061938058226,heldout_section
D10_S1_C012_T012,D10,D10_S1,tumor,12.0,train,1.4013309227749724,1.40614714413494,-0.004816221359967621,heldout_section
D10_S1_C012_T024,D10,D10_S1,tumor,24.0,train,2.699910284454798,2.6949608842930406,0.004949400161757378,heldout_section
D10_S1_C013_T000,D10,D10_S1,fibroblast,0.0,train,0.7985245077449385,0.7941009568632142,0.004423550881724303,heldout_section
D10_S1_C013_T012,D10,D10_S1,fibroblast,12.0,train,1.2782678547712378,1.27719057676231,0.0010772780089278733,heldout_section
D10_S1_C013_T024,D10,D10_S1,fibroblast,24.0,train,2.6550149176292197,2.6526539663842676,0.0023609512449520587,heldout_section
D10_S1_C014_T000,D10,D10_S1,fibroblast,0.0,train,0.7422807871337502,0.7386706282033314,0.0036101589304188275,heldout_section
D10_S1_C014_T012,D10,D10_S1,fibroblast,12.0,train,1.210444356583104,1.207728198938729,0.00271615764437505,heldout_section
D10_S1_C014_T024,D10,D10_S1,fibroblast,24.0,train,2.6194837896151775,2.607281861296475,0.012201928318702482,heldout_section
D10_S1_C015_T000,D10,D10_S1,macrophage,0.0,train,0.796710484659391,0.7959375366573445,0.0007729480020465251,heldout_section
D10_S1_C015_T012,D10,D10_S1,macrophage,12.0,train,1.3319807938688042,1.3360011815081452,-0.004020387639340983,heldout_section
D10_S1_C015_T024,D10,D10_S1,macrophage,24.0,train,2.7443093983088787,2.720256313432597,0.02405308487628144,heldout_section
D10_S1_C016_T000,D10,D10_S1,t_cell,0.0,train,0.6621732903795606,0.6652918048126705,-0.0031185144331098424,heldout_section
D10_S1_C016_T012,D10,D10_S1,t_cell,12.0,train,1.149654345146761,1.1529626661608712,-0.0033083210141102715,heldout_section
D10_S1_C016_T024,D10,D10_S1,t_cell,24.0,train,2.61054894897865,2.5763645615010886,0.03418438747756136,heldout_section
D10_S1_C017_T000,D10,D10_S1,fibroblast,0.0,train,0.7153896699154981,0.6983373997065633,0.01705227020893485,heldout_section
D10_S1_C017_T012,D10,D10_S1,fibroblast,12.0,train,1.3300517980922273,1.3210686030053653,0.008983195086861961,heldout_section
D10_S1_C017_T024,D10,D10_S1,fibroblast,24.0,train,2.7045134632197416,2.7133984469909453,-0.008884983771203725,heldout_section
D10_S1_C018_T000,D10,D10_S1,fibroblast,0.0,train,0.6513923682635859,0.6500077691784076,0.0013845990851782952,heldout_section
D10_S1_C018_T012,D10,D10_S1,fibroblast,12.0,train,1.120176804084487,1.1215866040052105,-0.0014097999207234313,heldout_section
D10_S1_C018_T024,D10,D10_S1,fibroblast,24.0,train,2.600600799565114,2.604660228914533,-0.0040594293494189415,heldout_section
D10_S1_C019_T000,D10,D10_S1,tumor,0.0,train,0.967143123311579,0.9586209083364124,0.008522214975166587,heldout_section
D10_S1_C019_T012,D10,D10_S1,tumor,12.0,train,1.613081292108956,1.6116129617426473,0.0014683303663085567,heldout_section
D10_S1_C019_T024,D10,D10_S1,tumor,24.0,train,2.7132792048249295,2.7112047039654317,0.0020745008594977854,heldout_section
D10_S1_C020_T000,D10,D10_S1,tumor,0.0,train,0.8917617657494454,0.8945563698848632,-0.0027946041354177664,heldout_section
D10_S1_C020_T012,D10,D10_S1,tumor,12.0,train,1.4813201299735845,1.476466900950027,0.004853229023557448,heldout_section
D10_S1_C020_T024,D10,D10_S1,tumor,24.0,train,2.7044255770808934,2.7168343230595142,-0.01240874597862085,heldout_section
D10_S1_C021_T000,D10,D10_S1,tumor,0.0,train,0.89453091923094,0.9050247180018285,-0.010493798770888518,heldout_section
D10_S1_C021_T012,D10,D10_S1,tumor,12.0,train,1.4321933309369452,1.4386959995635187,-0.006502668626573449,heldout_section
D10_S1_C021_T024,D10,D10_S1,tumor,24.0,train,2.678782354659941,2.6915461392093136,-0.012763784549372659,heldout_section
D10_S1_C022_T000,D10,D10_S1,t_cell,0.0,train,0.6135671583732973,0.6117199298858047,0.001847228487492636,heldout_section
D10_S1_C022_T012,D10,D10_S1,t_cell,12.0,train,1.136059949495923,1.1327516846612278,0.0033082648346951515,heldout_section
D10_S1_C022_T024,D10,D10_S1,t_cell,24.0,train,2.654106021518196,2.5844572340415106,0.06964878747668557,heldout_section
D10_S1_C023_T000,D10,D10_S1,t_cell,0.0,train,0.6298630189801753,0.6266048777383064,0.0032581412418688505,heldout_section
D10_S1_C023_T012,D10,D10_S1,t_cell,12.0,train,1.1431988822651433,1.1408309987614138,0.0023678835037295176,heldout_section
D10_S1_C023_T024,D10,D10_S1,t_cell,24.0,train,2.6278248800845128,2.5766392726075757,0.05118560747693701,heldout_section
D10_S1_C024_T000,D10,D10_S1,t_cell,0.0,train,0.7509233372373901,0.7412433571455256,0.009679980091864548,heldout_section
D10_S1_C024_T012,D10,D10_S1,t_cell,12.0,train,1.3649367441850897,1.355426494002341,0.009510250182748647,heldout_section
D10_S1_C024_T024,D10,D10_S1,t_cell,24.0,train,2.7007751196903462,2.696680291724,0.004094827966346415,heldout_section
D10_S1_C025_T000,D10,D10_S1,tumor,0.0,train,0.8875357619279206,0.8926813893234232,-0.005145627395502617,heldout_section
D10_S1_C025_T012,D10,D10_S1,tumor,12.0,train,1.456962009923641,1.4575591232448113,-0.000597113321170184,heldout_section
D10_S1_C025_T024,D10,D10_S1,tumor,24.0,train,2.738691471703866,2.7401191003327643,-0.0014276286288983364,heldout_section
D10_S1_C026_T000,D10,D10_S1,fibroblast,0.0,train,0.8363017818133444,0.8268058977108363,0.009495884102508012,heldout_section
D10_S1_C026_T012,D10,D10_S1,fibroblast,12.0,train,1.4138014876494467,1.4120365334660563,0.0017649541833903992,heldout_section
D10_S1_C026_T024,D10,D10_S1,fibroblast,24.0,train,2.723846217989536,2.7176881275683535,0.006158090421182649,heldout_section
D10_S1_C027_T000,D10,D10_S1,tumor,0.0,train,0.906751335688849,0.9051887739735907,0.0015625617152583704,heldout_section
D10_S1_C027_T012,D10,D10_S1,tumor,12.0,train,1.491651573271191,1.4903090001895003,0.0013425730816907233,heldout_section
D10_S1_C027_T024,D10,D10_S1,tumor,24.0,train,2.7148695780793415,2.7166055578950714,-0.0017359798157299267,heldout_section
D10_S1_C028_T000,D10,D10_S1,t_cell,0.0,train,0.6660510145138308,0.6617391442842392,0.004311870229591563,heldout_section
D10_S1_C028_T012,D10,D10_S1,t_cell,12.0,train,1.2271481342125137,1.2203516497074303,0.006796484505083411,heldout_section
D10_S1_C028_T024,D10,D10_S1,t_cell,24.0,train,2.6640851491523,2.652673290562264,0.011411858590035795,heldout_section
D10_S1_C029_T000,D10,D10_S1,tumor,0.0,train,0.906924679428343,0.9100780109634432,-0.0031533315351002233,heldout_section
D10_S1_C029_T012,D10,D10_S1,tumor,12.0,train,1.489091921767619,1.4914374632651557,-0.0023455414975366295,heldout_section
D10_S1_C029_T024,D10,D10_S1,tumor,24.0,train,2.7308187655116374,2.7369879660625553,-0.006169200550917964,heldout_section
D10_S1_C030_T000,D10,D10_S1,fibroblast,0.0,train,0.7857399222003218,0.7825355601568361,0.003204362043485731,heldout_section
D10_S1_C030_T012,D10,D10_S1,fibroblast,12.0,train,1.3103937480238759,1.3100511252526041,0.0003426227712717278,heldout_section
D10_S1_C030_T024,D10,D10_S1,fibroblast,24.0,train,2.757577237012314,2.744942128427086,0.012635108585228316,heldout_section
D10_S1_C031_T000,D10,D10_S1,macrophage,0.0,train,0.8325177942679728,0.8214349508068344,0.011082843461138414,heldout_section
D10_S1_C031_T012,D10,D10_S1,macrophage,12.0,train,1.3667141212577731,1.359385574295864,0.007328546961909099,heldout_section
D10_S1_C031_T024,D10,D10_S1,macrophage,24.0,train,2.732519300184913,2.743679361806856,-0.01116006162194294,heldout_section
D10_S1_C032_T000,D10,D10_S1,tumor,0.0,train,0.892646770867821,0.8971352911409268,-0.004488520273105867,heldout_section
D10_S1_C032_T012,D10,D10_S1,tumor,12.0,train,1.4777713151651224,1.482856095103457,-0.0050847799383346715,heldout_section
D10_S1_C032_T024,D10,D10_S1,tumor,24.0,train,2.7210989072936784,2.739523093897927,-0.018424186604248494,heldout_section
D10_S1_C033_T000,D10,D10_S1,macrophage,0.0,train,0.8317306237292205,0.8225041316809593,0.009226492048261203,heldout_section
D10_S1_C033_T012,D10,D10_S1,macrophage,12.0,train,1.433394773322221,1.4263525151518812,0.007042258170339766,heldout_section
D10_S1_C033_T024,D10,D10_S1,macrophage,24.0,train,2.7361094054347763,2.740045018960216,-0.003935613525439585,heldout_section
D10_S1_C034_T000,D10,D10_S1,tumor,0.0,train,0.9642113385240237,0.9629125952727209,0.0012987432513028585,heldout_section
D10_S1_C034_T012,D10,D10_S1,tumor,12.0,train,1.5300724236407577,1.5257578098698512,0.0043146137709064725,heldout_section
D10_S1_C034_T024,D10,D10_S1,tumor,24.0,train,2.7084298426636484,2.7080088066345955,0.000421036029052857,heldout_section
D10_S1_C035_T000,D10,D10_S1,tumor,0.0,train,0.8797682361822025,0.8789166349766022,0.0008516012056002387,heldout_section
D10_S1_C035_T012,D10,D10_S1,tumor,12.0,train,1.4614540504418316,1.4506402555599456,0.010813794881886052,heldout_section
D10_S1_C035_T024,D10,D10_S1,tumor,24.0,train,2.703923885731078,2.7169695586039944,-0.01304567287291647,heldout_section
D11_S0_C000_T000,D11,D11_S0,macrophage,0.0,train,0.8570590970770326,0.8515508111429458,0.0055082859340868096,heldout_section
D11_S0_C000_T012,D11,D11_S0,macrophage,12.0,train,1.448039426113933,1.442068741003966,0.005970685109967011,heldout_section
D11_S0_C000_T024,D11,D11_S0,macrophage,24.0,train,2.68609826921962,2.7132350047684515,-0.02713673554883167,heldout_section
D11_S0_C001_T000,D11,D11_S0,t_cell,0.0,train,0.6411828643956416,0.6416154207264458,-0.0004325563308041902,heldout_section
D11_S0_C001_T012,D11,D11_S0,t_cell,12.0,train,1.1876606952795898,1.1875226031861144,0.00013809209347548368,heldout_section
D11_S0_C001_T024,D11,D11_S0,t_cell,24.0,train,2.504948413835564,2.489011660045305,0.01593675379025905,heldout_section
D11_S0_C002_T000,D11,D11_S0,tumor,0.0,train,0.8938102359553216,0.8960038845325441,-0.0021936485772224845,heldout_section
D11_S0_C002_T012,D11,D11_S0,tumor,12.0,train,1.475399711133594,1.475667059762207,-0.0002673486286131066,heldout_section
D11_S0_C002_T024,D11,D11_S0,tumor,24.0,train,2.7019537565356155,2.7194332829925285,-0.017479526456912975,heldout_section
D11_S0_C003_T000,D11,D11_S0,macrophage,0.0,train,0.8182242608857951,0.810057442572614,0.008166818313181112,heldout_section
D11_S0_C003_T012,D11,D11_S0,macrophage,12.0,train,1.4298673156359678,1.424586907231594,0.005280408404373826,heldout_section
D11_S0_C003_T024,D11,D11_S0,macrophage,24.0,train,2.7271686113103226,2.7335536258088062,-0.00638501449848361,heldout_section
D11_S0_C004_T000,D11,D11_S0,tumor,0.0,train,0.8202199213239285,0.821404446759317,-0.0011845254353884949,heldout_section
D11_S0_C004_T012,D11,D11_S0,tumor,12.0,train,1.4061714906355904,1.4060533507079989,0.00011813992759157621,heldout_section
D11_S0_C004_T024,D11,D11_S0,tumor,24.0,train,2.637106028313378,2.674440366320909,-0.03733433800753083,heldout_section
D11_S0_C005_T000,D11,D11_S0,vascular,0.0,train,0.6055577269764737,0.5999248234022829,0.005632903574190773,heldout_section
D11_S0_C005_T012,D11,D11_S0,vascular,12.0,train,1.160712500266763,1.1559071461967194,0.004805354070043677,heldout_section
D11_S0_C005_T024,D11,D11_S0,vascular,24.0,train,2.568141758160527,2.57198992937384,-0.003848171213312934,heldout_section
D11_S0_C006_T000,D11,D11_S0,macrophage,0.0,train,0.8038236965540444,0.7940154957309716,0.009808200823072766,heldout_section
D11_S0_C006_T012,D11,D11_S0,macrophage,12.0,train,1.3961667262394444,1.3905269855365214,0.005639740702922946,heldout_section
D11_S0_C006_T024,D11,D11_S0,macrophage,24.0,train,2.6710507147553084,2.7060923564186483,-0.035041641663339895,heldout_section
D11_S0_C007_T000,D11,D11_S0,tumor,0.0,train,0.8190058645164073,0.824874289082015,-0.005868424565607655,heldout_section
D11_S0_C007_T012,D11,D11_S0,tumor,12.0,train,1.4023716666852477,1.4085683232788184,-0.006196656593570715,heldout_section
D11_S0_C007_T024,D11,D11_S0,tumor,24.0,train,2.665215765411947,2.6685773923328817,-0.0033616269209346683,heldout_section
D11_S0_C008_T000,D11,D11_S0,t_cell,0.0,train,0.6886195044511869,0.686242879951771,0.0023766244994158914,heldout_section
D11_S0_C008_T012,D11,D11_S0,t_cell,12.0,train,1.309852048305136,1.3091940085914278,0.0006580397137081473,heldout_section
D11_S0_C008_T024,D11,D11_S0,t_cell,24.0,train,2.65321544819855,2.6344823845262813,0.0187330636722689,heldout_section
D11_S0_C009_T000,D11,D11_S0,vascular,0.0,train,0.6532729688774865,0.6440179681667204,0.009255000710766126,heldout_section
D11_S0_C009_T012,D11,D11_S0,vascular,12.0,train,1.319817834338286,1.3159701109510664,0.003847723387219615,heldout_section
D11_S0_C009_T024,D11,D11_S0,vascular,24.0,train,2.5990352245273716,2.625587511876377,-0.02655228734900561,heldout_section
D11_S0_C010_T000,D11,D11_S0,tumor,0.0,train,0.979052206156347,0.9890317107251632,-0.009979504568816133,heldout_section
D11_S0_C010_T012,D11,D11_S0,tumor,12.0,train,1.58013152041614,1.58754184228838,-0.007410321872240111,heldout_section
D11_S0_C010_T024,D11,D11_S0,tumor,24.0,train,2.709865160896727,2.7501202897613632,-0.04025512886463645,heldout_section
D11_S0_C011_T000,D11,D11_S0,macrophage,0.0,train,0.7978361946384123,0.799441185979723,-0.0016049913413107575,heldout_section
D11_S0_C011_T012,D11,D11_S0,macrophage,12.0,train,1.2365871595432285,1.2340834392187345,0.0025037203244939743,heldout_section
D11_S0_C011_T024,D11,D11_S0,macrophage,24.0,train,2.578896861919332,2.5774230979678476,0.0014737639514845746,heldout_section
D11_S0_C012_T000,D11,D11_S0,tumor,0.0,train,0.8376336520088133,0.8405599845799931,-0.0029263325711798016,heldout_section
D11_S0_C012_T012,D11,D11_S0,tumor,12.0,train,1.4340274647459152,1.4359689113735254,-0.0019414466276101994,heldout_section
D11_S0_C012_T024,D11,D11_S0,tumor,24.0,train,2.7116019780250986,2.7128184812513547,-0.0012165032262561049,heldout_section
D11_S0_C013_T000,D11,D11_S0,macrophage,0.0,train,0.9642825573767204,0.9564572557605334,0.007825301616186997,heldout_section
D11_S0_C013_T012,D11,D11_S0,macrophage,12.0,train,1.5880022108518967,1.5854363368760567,0.0025658739758400717,heldout_section
D11_S0_C013_T024,D11,D11_S0,macrophage,24.0,train,2.7634446629509712,2.7756000000000003,-0.012155337049029047,heldout_section
D11_S0_C014_T000,D11,D11_S0,tumor,0.0,train,0.8338842473730794,0.8407767223311529,-0.006892474958073436,heldout_section
D11_S0_C014_T012,D11,D11_S0,tumor,12.0,train,1.4127095399877523,1.419997645067762,-0.007288105080009766,heldout_section
D11_S0_C014_T024,D11,D11_S0,tumor,24.0,train,2.636605877733971,2.6375422996979196,-0.0009364219639484972,heldout_section
D11_S0_C015_T000,D11,D11_S0,fibroblast,0.0,train,0.8095645683702574,0.8094192468039689,0.00014532156628843662,heldout_section
D11_S0_C015_T012,D11,D11_S0,fibroblast,12.0,train,1.3331755587079188,1.334586312820034,-0.001410754112115109,heldout_section
D11_S0_C015_T024,D11,D11_S0,fibroblast,24.0,train,2.6147656400482195,2.631934329716557,-0.0171686896683374,heldout_section
D11_S0_C016_T000,D11,D11_S0,tumor,0.0,train,0.8509220333763869,0.8571879591137187,-0.006265925737331757,heldout_section
D11_S0_C016_T012,D11,D11_S0,tumor,12.0,train,1.4225034410008068,1.4267001873009644,-0.004196746300157539,heldout_section
D11_S0_C016_T024,D11,D11_S0,tumor,24.0,train,2.63037157212838,2.653148199850858,-0.022776627722477905,heldout_section
D11_S0_C017_T000,D11,D11_S0,t_cell,0.0,train,0.6147440811229277,0.6103079101473577,0.00443617097556992,heldout_section
D11_S0_C017_T012,D11,D11_S0,t_cell,12.0,train,1.228835019289193,1.225283595010345,0.0035514242788481365,heldout_section
D11_S0_C017_T024,D11,D11_S0,t_cell,24.0,train,2.6047637798389447,2.5952072775661548,0.009556502272789924,heldout_section
D11_S0_C018_T000,D11,D11_S0,tumor,0.0,train,0.8142837236229848,0.8218686600106028,-0.007584936387617924,heldout_section
D11_S0_C018_T012,D11,D11_S0,tumor,12.0,train,1.3894652024150793,1.393837608861218,-0.004372406446138788,heldout_section
D11_S0_C018_T024,D11,D11_S0,tumor,24.0,train,2.683017762522677,2.6853025834822652,-0.002284820959588263,heldout_section
D11_S0_C019_T000,D11,D11_S0,tumor,0.0,train,0.8409299981359326,0.8431346985768802,-0.00220470044094756,heldout_section
D11_S0_C019_T012,D11,D11_S0,tumor,12.0,train,1.4160742657582641,1.415800218766642,0.0002740469916220345,heldout_section
D11_S0_C019_T024,D11,D11_S0,tumor,24.0,train,2.6690688183491935,2.681221817153688,-0.012152998804494608,heldout_section
D11_S0_C020_T000,D11,D11_S0,t_cell,0.0,train,0.55968552211657,0.5570308010443625,0.0026547210722074333,heldout_section
D11_S0_C020_T012,D11,D11_S0,t_cell,12.0,train,1.0821629436771238,1.0792934722627594,0.002869471414364444,heldout_section
D11_S0_C020_T024,D11,D11_S0,t_cell,24.0,train,2.484840330620563,2.4812270190742303,0.0036133115463328203,heldout_section
D11_S0_C021_T000,D11,D11_S0,macrophage,0.0,train,0.6931671023660451,0.6867453319701048,0.006421770395940274,heldout_section
D11_S0_C021_T012,D11,D11_S0,macrophage,12.0,train,1.242777640327282,1.2384933063301076,0.004284333997174539,heldout_section
D11_S0_C021_T024,D11,D11_S0,macrophage,24.0,train,2.632014393585971,2.630738117919779,0.0012762756661919283,heldout_section
D11_S0_C022_T000,D11,D11_S0,macrophage,0.0,train,0.8401377997440234,0.8248285307845384,0.015309268959484923,heldout_section
D11_S0_C022_T012,D11,D11_S0,macrophage,12.0,train,1.4590915735906438,1.447521797524433,0.01156977606621079,heldout_section
D11_S0_C022_T024,D11,D11_S0,macrophage,24.0,train,2.7309559275617397,2.7474601786855772,-0.016504251123837577,heldout_section
D11_S0_C023_T000,D11,D11_S0,tumor,0.0,train,0.8533259347060045,0.8611800286771942,-0.007854093971189746,heldout_section
D11_S0_C023_T012,D11,D11_S0,tumor,12.0,train,1.338013782737408,1.3373206751426732,0.000693107594734732,heldout_section
D11_S0_C023_T024,D11,D11_S0,tumor,24.0,train,2.5744158154544468,2.6001813691712314,-0.025765553716784684,heldout_section
D11_S0_C024_T000,D11,D11_S0,tumor,0.0,train,0.9704442998211961,0.9692553590851287,0.0011889407360673454,heldout_section
D11_S0_C024_T012,D11,D11_S0,tumor,12.0,train,1.5594283933801973,1.5726481168411182,-0.013219723460920818,heldout_section
D11_S0_C024_T024,D11,D11_S0,tumor,24.0,train,2.6357863465172984,2.689787475221956,-0.054001128704657564,heldout_section
D11_S0_C025_T000,D11,D11_S0,tumor,0.0,train,0.941326639880229,0.9422521880616185,-0.0009255481813894573,heldout_section
D11_S0_C025_T012,D11,D11_S0,tumor,12.0,train,1.6254702343122829,1.6298043114936653,-0.004334077181382456,heldout_section
D11_S0_C025_T024,D11,D11_S0,tumor,24.0,train,2.750753374405693,2.754980971579204,-0.004227597173510844,heldout_section
D11_S0_C026_T000,D11,D11_S0,tumor,0.0,train,0.8712856574317304,0.8782146776826228,-0.006929020250892481,heldout_section
D11_S0_C026_T012,D11,D11_S0,tumor,12.0,train,1.47531554509326,1.483438630070383,-0.008123084977122996,heldout_section
D11_S0_C026_T024,D11,D11_S0,tumor,24.0,train,2.6397886750642487,2.685804931087432,-0.04601625602318338,heldout_section
D11_S0_C027_T000,D11,D11_S0,tumor,0.0,train,0.8720771404481221,0.876648008477471,-0.004570868029348918,heldout_section
D11_S0_C027_T012,D11,D11_S0,tumor,12.0,train,1.4705878223469406,1.472249608559526,-0.0016617862125853922,heldout_section
D11_S0_C027_T024,D11,D11_S0,tumor,24.0,train,2.6970418808610197,2.7096172508844254,-0.012575370023405696,heldout_section
D11_S0_C028_T000,D11,D11_S0,vascular,0.0,train,0.6215818392454078,0.6199295175000935,0.001652321745314267,heldout_section
D11_S0_C028_T012,D11,D11_S0,vascular,12.0,train,1.2542734183747923,1.2540938787761515,0.00017953959864080993,heldout_section
D11_S0_C028_T024,D11,D11_S0,vascular,24.0,train,2.6062311082283682,2.586846197778117,0.019384910450251258,heldout_section
D11_S0_C029_T000,D11,D11_S0,tumor,0.0,train,0.8683373925666492,0.8720237916270023,-0.0036863990603530628,heldout_section
D11_S0_C029_T012,D11,D11_S0,tumor,12.0,train,1.470164588515675,1.472954432266503,-0.002789843750827803,heldout_section
D11_S0_C029_T024,D11,D11_S0,tumor,24.0,train,2.689276897634403,2.7300555764463836,-0.04077867881198083,heldout_section
D11_S0_C030_T000,D11,D11_S0,tumor,0.0,train,0.8857569590651784,0.890026190707597,-0.004269231642418658,heldout_section
D11_S0_C030_T012,D11,D11_S0,tumor,12.0,train,1.465556522959087,1.4656486555972046,-9.213263811758132e-05,heldout_section
D11_S0_C030_T024,D11,D11_S0,tumor,24.0,train,2.6941262988380936,2.701069636340283,-0.0069433375021894506,heldout_section
D11_S0_C031_T000,D11,D11_S0,vascular,0.0,train,0.5879165159883166,0.5787042117048278,0.009212304283488848,heldout_section
D11_S0_C031_T012,D11,D11_S0,vascular,12.0,train,1.2004184862896303,1.193013434587392,0.007405051702238374,heldout_section
D11_S0_C031_T024,D11,D11_S0,vascular,24.0,train,2.6055335445149828,2.5754247421162657,0.03010880239871705,heldout_section
D11_S0_C032_T000,D11,D11_S0,t_cell,0.0,train,0.6563929617609497,0.6546704657188819,0.001722496042067867,heldout_section
D11_S0_C032_T012,D11,D11_S0,t_cell,12.0,train,1.169529079034942,1.168770987326592,0.0007580917083500616,heldout_section
D11_S0_C032_T024,D11,D11_S0,t_cell,24.0,train,2.507420601760115,2.5163903477423673,-0.00896974598225242,heldout_section
D11_S0_C033_T000,D11,D11_S0,vascular,0.0,train,0.6670490435005616,0.6632039264139106,0.0038451170866510287,heldout_section
D11_S0_C033_T012,D11,D11_S0,vascular,12.0,train,1.229197456144123,1.2348474663384439,-0.005650010194320876,heldout_section
D11_S0_C033_T024,D11,D11_S0,vascular,24.0,train,2.5937549135303724,2.598121912434442,-0.004366998904069774,heldout_section
D11_S0_C034_T000,D11,D11_S0,fibroblast,0.0,train,0.7408761892393431,0.7284587539992116,0.012417435240131502,heldout_section
D11_S0_C034_T012,D11,D11_S0,fibroblast,12.0,train,1.3367412060589863,1.3290844316800616,0.007656774378924647,heldout_section
D11_S0_C034_T024,D11,D11_S0,fibroblast,24.0,train,2.6489963989521628,2.631060778755454,0.01793562019670869,heldout_section
D11_S0_C035_T000,D11,D11_S0,vascular,0.0,train,0.6046944254881444,0.6004446722614597,0.004249753226684749,heldout_section
D11_S0_C035_T012,D11,D11_S0,vascular,12.0,train,1.107332599505214,1.1018477997429266,0.005484799762287329,heldout_section
D11_S0_C035_T024,D11,D11_S0,vascular,24.0,train,2.51553894030306,2.502451495646434,0.013087444656626257,heldout_section
D11_S1_C000_T000,D11,D11_S1,macrophage,0.0,train,0.7196634422759811,0.7192433909904796,0.0004200512855014882,heldout_section
D11_S1_C000_T012,D11,D11_S1,macrophage,12.0,train,1.2212237827631625,1.2254145395347948,-0.004190756771632387,heldout_section
D11_S1_C000_T024,D11,D11_S1,macrophage,24.0,train,2.5392866753308407,2.571477372596733,-0.032190697265892076,heldout_section
D11_S1_C001_T000,D11,D11_S1,tumor,0.0,train,0.8584274440868958,0.8605585867931796,-0.002131142706283895,heldout_section
D11_S1_C001_T012,D11,D11_S1,tumor,12.0,train,1.458148399391725,1.4573485655815392,0.0007998338101857794,heldout_section
D11_S1_C001_T024,D11,D11_S1,tumor,24.0,train,2.64168194435377,2.650474534866269,-0.008792590512499032,heldout_section
D11_S1_C002_T000,D11,D11_S1,macrophage,0.0,train,0.7493996981076649,0.7442430525342162,0.005156645573448748,heldout_section
D11_S1_C002_T012,D11,D11_S1,macrophage,12.0,train,1.307009646669423,1.306583209035315,0.00042643763410787905,heldout_section
D11_S1_C002_T024,D11,D11_S1,macrophage,24.0,train,2.6225686900619674,2.635156814565509,-0.012588124503541742,heldout_section
D11_S1_C003_T000,D11,D11_S1,tumor,0.0,train,0.8789556754009022,0.8850375739383322,-0.006081898537429908,heldout_section
D11_S1_C003_T012,D11,D11_S1,tumor,12.0,train,1.4764794041641238,1.478748072681607,-0.0022686685174830856,heldout_section
D11_S1_C003_T024,D11,D11_S1,tumor,24.0,train,2.6188695571730087,2.662566535789477,-0.043696978616468485,heldout_section
D11_S1_C004_T000,D11,D11_S1,t_cell,0.0,train,0.6990545876844714,0.6824230346695389,0.016631553014932465,heldout_section
D11_S1_C004_T012,D11,D11_S1,t_cell,12.0,train,1.3226050086248569,1.3087239447610393,0.0138810638638176,heldout_section
D11_S1_C004_T024,D11,D11_S1,t_cell,24.0,train,2.628475118200551,2.614680106051009,0.013795012149541819,heldout_section
D11_S1_C005_T000,D11,D11_S1,t_cell,0.0,train,0.6738798902062166,0.6710664800941261,0.0028134101120905752,heldout_section
D11_S1_C005_T012,D11,D11_S1,t_cell,12.0,train,1.2755653858997118,1.2788415456062283,-0.0032761597065165127,heldout_section
D11_S1_C005_T024,D11,D11_S1,t_cell,24.0,train,2.6136227127086284,2.6305065243140877,-0.016883811605459265,heldout_section
D11_S1_C006_T000,D11,D11_S1,macrophage,0.0,train,0.8111057053783829,0.8099369377639544,0.001168767614428523,heldout_section
D11_S1_C006_T012,D11,D11_S1,macrophage,12.0,train,1.3225216871411845,1.3203647860787533,0.00215690106243116,heldout_section
D11_S1_C006_T024,D11,D11_S1,macrophage,24.0,train,2.571260154374786,2.6191562876967995,-0.04789613332201359,heldout_section
D11_S1_C007_T000,D11,D11_S1,macrophage,0.0,train,0.7867634578307029,0.7819676717349677,0.004795786095735166,heldout_section
D11_S1_C007_T012,D11,D11_S1,macrophage,12.0,train,1.3288463863905928,1.3279185269739746,0.0009278594166182152,heldout_section
D11_S1_C007_T024,D11,D11_S1,macrophage,24.0,train,2.616376454045091,2.63498336604374,-0.018606911998648723,heldout_section
D11_S1_C008_T000,D11,D11_S1,tumor,0.0,train,0.9754795617290556,0.9798811583566202,-0.0044015966275645635,heldout_section
D11_S1_C008_T012,D11,D11_S1,tumor,12.0,train,1.596351001374779,1.6056839131821756,-0.009332911807396593,heldout_section
D11_S1_C008_T024,D11,D11_S1,tumor,24.0,train,2.6837020072079163,2.7302643913794036,-0.04656238417148728,heldout_section
D11_S1_C009_T000,D11,D11_S1,macrophage,0.0,train,0.6454202637203557,0.6451247143173066,0.00029554940304910016,heldout_section
D11_S1_C009_T012,D11,D11_S1,macrophage,12.0,train,1.092147881990283,1.0878681735697944,0.004279708420488637,heldout_section
D11_S1_C009_T024,D11,D11_S1,macrophage,24.0,train,2.4943506450597366,2.488839235709137,0.005511409350599461,heldout_section
D11_S1_C010_T000,D11,D11_S1,tumor,0.0,train,0.8634956076104909,0.8698579188719185,-0.006362311261427611,heldout_section
D11_S1_C010_T012,D11,D11_S1,tumor,12.0,train,1.4936791081558303,1.5061708229345216,-0.012491714778691376,heldout_section
D11_S1_C010_T024,D11,D11_S1,tumor,24.0,train,2.6167830251541004,2.666541028068409,-0.04975800291430854,heldout_section
D11_S1_C011_T000,D11,D11_S1,tumor,0.0,train,0.735269964587622,0.7406352665145898,-0.005365301926967825,heldout_section
D11_S1_C011_T012,D11,D11_S1,tumor,12.0,train,1.2589334727419634,1.266678475877653,-0.007745003135689599,heldout_section
D11_S1_C011_T024,D11,D11_S1,tumor,24.0,train,2.5025129529680856,2.5210007332573707,-0.018487780289285105,heldout_section
D11_S1_C012_T000,D11,D11_S1,t_cell,0.0,train,0.754500996033072,0.7564819337807154,-0.0019809377476434076,heldout_section
D11_S1_C012_T012,D11,D11_S1,t_cell,12.0,train,1.3747570555809911,1.3797870816227655,-0.0050300260417743825,heldout_section
D11_S1_C012_T024,D11,D11_S1,t_cell,24.0,train,2.647941308202429,2.6701603137132444,-0.02221900551081557,heldout_section
D11_S1_C013_T000,D11,D11_S1,fibroblast,0.0,train,0.6099080022012844,0.6093791719399912,0.0005288302612931339,heldout_section
D11_S1_C013_T012,D11,D11_S1,fibroblast,12.0,train,1.1228206866010546,1.120427511073301,0.0023931755277535327,heldout_section
D11_S1_C013_T024,D11,D11_S1,fibroblast,24.0,train,2.49771319871631,2.4969746658396756,0.0007385328766345012,heldout_section
D11_S1_C014_T000,D11,D11_S1,t_cell,0.0,train,0.7219616661200826,0.7202471354836322,0.0017145306364504398,heldout_section
D11_S1_C014_T012,D11,D11_S1,t_cell,12.0,train,1.306052026637043,1.3054393212333284,0.0006127054037146085,heldout_section
D11_S1_C014_T024,D11,D11_S1,t_cell,24.0,train,2.6375140923573843,2.636554347140902,0.0009597452164822329,heldout_section
D11_S1_C015_T000,D11,D11_S1,fibroblast,0.0,train,0.7556255725933798,0.7554511446051554,0.00017442798822442374,heldout_section
D11_S1_C015_T012,D11,D11_S1,fibroblast,12.0,train,1.2946131733099417,1.2946878867711054,-7.471346116361133e-05,heldout_section
D11_S1_C015_T024,D11,D11_S1,fibroblast,24.0,train,2.5570794695281895,2.5864813702804437,-0.02940190075225413,heldout_section
D11_S1_C016_T000,D11,D11_S1,vascular,0.0,train,0.6618795863344231,0.6590165283038746,0.0028630580305485376,heldout_section
D11_S1_C016_T012,D11,D11_S1,vascular,12.0,train,1.2192744837643321,1.219476616295131,-0.00020213253079881532,heldout_section
D11_S1_C016_T024,D11,D11_S1,vascular,24.0,train,2.5569756861203032,2.5652995244361567,-0.008323838315853482,heldout_section
D11_S1_C017_T000,D11,D11_S1,macrophage,0.0,train,0.7361101534505379,0.736395083986587,-0.00028493053604916607,heldout_section
D11_S1_C017_T012,D11,D11_S1,macrophage,12.0,train,1.2297119630405355,1.2328779518572035,-0.003165988816667964,heldout_section
D11_S1_C017_T024,D11,D11_S1,macrophage,24.0,train,2.5579442455956314,2.5779888364111336,-0.02004459081550225,heldout_section
D11_S1_C018_T000,D11,D11_S1,vascular,0.0,train,0.6591078630768503,0.654768332749726,0.004339530327124308,heldout_section
D11_S1_C018_T012,D11,D11_S1,vascular,12.0,train,1.2299564372847,1.2295215840508942,0.00043485323380587637,heldout_section
D11_S1_C018_T024,D11,D11_S1,vascular,24.0,train,2.5520772812599293,2.5382843660613488,0.013792915198580502,heldout_section
D11_S1_C019_T000,D11,D11_S1,tumor,0.0,train,0.7726352623074705,0.7826411812486613,-0.01000591894119085,heldout_section
D11_S1_C019_T012,D11,D11_S1,tumor,12.0,train,1.3336043114027079,1.345730058965609,-0.01212574756290108,heldout_section
D11_S1_C019_T024,D11,D11_S1,tumor,24.0,train,2.5195154058949027,2.558495181217108,-0.03897977532220542,heldout_section
D11_S1_C020_T000,D11,D11_S1,fibroblast,0.0,train,0.7322991965102768,0.7266248034601661,0.005674393050110638,heldout_section
D11_S1_C020_T012,D11,D11_S1,fibroblast,12.0,train,1.2651637739774142,1.2615169859066482,0.003646788070766016,heldout_section
D11_S1_C020_T024,D11,D11_S1,fibroblast,24.0,train,2.6467639116552557,2.643660822474847,0.0031030891804086913,heldout_section
D11_S1_C021_T000,D11,D11_S1,vascular,0.0,train,0.6349057076566146,0.638513491826832,-0.003607784170217454,heldout_section
D11_S1_C021_T012,D11,D11_S1,vascular,12.0,train,1.1665705097966923,1.1720248016600867,-0.0054542918633944115,heldout_section
D11_S1_C021_T024,D11,D11_S1,vascular,24.0,train,2.533330280041311,2.563141009726123,-0.02981072968481202,heldout_section
D11_S1_C022_T000,D11,D11_S1,vascular,0.0,train,0.6062473439630176,0.6137163650089622,-0.007469021045944602,heldout_section
D11_S1_C022_T012,D11,D11_S1,vascular,12.0,train,1.134093620073778,1.1481481671715805,-0.014054547097802628,heldout_section
D11_S1_C022_T024,D11,D11_S1,vascular,24.0,train,2.4975995602901966,2.5294079346908744,-0.03180837440067785,heldout_section
D11_S1_C023_T000,D11,D11_S1,tumor,0.0,train,0.8245974489129576,0.8332148701652636,-0.008617421252306023,heldout_section
D11_S1_C023_T012,D11,D11_S1,tumor,12.0,train,1.3763135051096085,1.3852448435023303,-0.008931338392721866,heldout_section
D11_S1_C023_T024,D11,D11_S1,tumor,24.0,train,2.620049853430636,2.6501219617471445,-0.03007210831650875,heldout_section
D11_S1_C024_T000,D11,D11_S1,t_cell,0.0,train,0.6593567228900995,0.6615797530841899,-0.002223030194090425,heldout_section
D11_S1_C024_T012,D11,D11_S1,t_cell,12.0,train,1.2218697756457717,1.2271790155702178,-0.005309239924446096,heldout_section
D11_S1_C024_T024,D11,D11_S1,t_cell,24.0,train,2.5396808255366827,2.558620730165922,-0.018939904629239113,heldout_section
D11_S1_C025_T000,D11,D11_S1,macrophage,0.0,train,0.8890911508715055,0.8905396076728357,-0.0014484568013302113,heldout_section
D11_S1_C025_T012,D11,D11_S1,macrophage,12.0,train,1.4073193953661074,1.410114105115486,-0.0027947097493785655,heldout_section
D11_S1_C025_T024,D11,D11_S1,macrophage,24.0,train,2.6257626464662622,2.6758799393787513,-0.05011729291248912,heldout_section
D11_S1_C026_T000,D11,D11_S1,tumor,0.0,train,0.7243032039840114,0.7362849687584478,-0.011981764774436465,heldout_section
D11_S1_C026_T012,D11,D11_S1,tumor,12.0,train,1.2529690435008562,1.2669506237703063,-0.013981580269450067,heldout_section
D11_S1_C026_T024,D11,D11_S1,tumor,24.0,train,2.538777618988147,2.5792339256611823,-0.040456306673035236,heldout_section
D11_S1_C027_T000,D11,D11_S1,vascular,0.0,train,0.5497042082934485,0.5534870955379747,-0.003782887244526245,heldout_section
D11_S1_C027_T012,D11,D11_S1,vascular,12.0,train,1.0694471843506075,1.0733696937500175,-0.003922509399409968,heldout_section
D11_S1_C027_T024,D11,D11_S1,vascular,24.0,train,2.4635151211255324,2.467829822095181,-0.004314700969648477,heldout_section
D11_S1_C028_T000,D11,D11_S1,t_cell,0.0,train,0.662549112524787,0.6693697927025142,-0.00682068017772719,heldout_section
D11_S1_C028_T012,D11,D11_S1,t_cell,12.0,train,1.2364007422025765,1.245980837494749,-0.009580095292172519,heldout_section
D11_S1_C028_T024,D11,D11_S1,t_cell,24.0,train,2.5680612168318206,2.600820451150184,-0.03275923431836336,heldout_section
D11_S1_C029_T000,D11,D11_S1,fibroblast,0.0,train,0.6764686116151293,0.6753374264808693,0.0011311851342600265,heldout_section
D11_S1_C029_T012,D11,D11_S1,fibroblast,12.0,train,1.1688851965749316,1.1705625047516903,-0.0016773081767587072,heldout_section
D11_S1_C029_T024,D11,D11_S1,fibroblast,24.0,train,2.5001867732233016,2.5278684079612184,-0.027681634737916738,heldout_section
D11_S1_C030_T000,D11,D11_S1,macrophage,0.0,train,0.7518304394274036,0.7497626918400903,0.0020677475873133178,heldout_section
D11_S1_C030_T012,D11,D11_S1,macrophage,12.0,train,1.217014846630834,1.2104040029984036,0.006610843632430363,heldout_section
D11_S1_C030_T024,D11,D11_S1,macrophage,24.0,train,2.5384680881898647,2.5635916118028694,-0.02512352361300474,heldout_section
D11_S1_C031_T000,D11,D11_S1,vascular,0.0,train,0.5501481131219186,0.5500083028576078,0.00013981026431075794,heldout_section
D11_S1_C031_T012,D11,D11_S1,vascular,12.0,train,1.026263432420654,1.0250294299741531,0.0012340024465009591,heldout_section
D11_S1_C031_T024,D11,D11_S1,vascular,24.0,train,2.448275368616014,2.405759569356888,0.04251579925912585,heldout_section
D11_S1_C032_T000,D11,D11_S1,t_cell,0.0,train,0.5438978409002682,0.5479229475141437,-0.004025106613875562,heldout_section
D11_S1_C032_T012,D11,D11_S1,t_cell,12.0,train,1.0833243393190584,1.0900633656593965,-0.006739026340338183,heldout_section
D11_S1_C032_T024,D11,D11_S1,t_cell,24.0,train,2.4989610265365756,2.463251284288805,0.03570974224777057,heldout_section
D11_S1_C033_T000,D11,D11_S1,macrophage,0.0,train,0.8569010268836094,0.8501327615903642,0.006768265293245146,heldout_section
D11_S1_C033_T012,D11,D11_S1,macrophage,12.0,train,1.4414210256171653,1.4408668856008993,0.0005541400162660803,heldout_section
D11_S1_C033_T024,D11,D11_S1,macrophage,24.0,train,2.6027006875337513,2.6435191400426072,-0.04081845250885596,heldout_section
D11_S1_C034_T000,D11,D11_S1,fibroblast,0.0,train,0.785690372590592,0.7829357131178661,0.0027546594727259066,heldout_section
D11_S1_C034_T012,D11,D11_S1,fibroblast,12.0,train,1.3317654599075337,1.3315384650785163,0.00022699482901744616,heldout_section
D11_S1_C034_T024,D11,D11_S1,fibroblast,24.0,train,2.641805735345333,2.65093474083776,-0.009129005492427122,heldout_section
D11_S1_C035_T000,D11,D11_S1,macrophage,0.0,train,0.8618441277238374,0.8640645924699857,-0.002220464746148232,heldout_section
D11_S1_C035_T012,D11,D11_S1,macrophage,12.0,train,1.4114077997064818,1.4177728497323034,-0.006365050025821661,heldout_section
D11_S1_C035_T024,D11,D11_S1,macrophage,24.0,train,2.590906561515172,2.662617831604369,-0.07171127008919687,heldout_section
D00_S0_C000_T000,D00,D00_S0,tumor,0.0,train,0.7740960798452279,0.8375301467624923,-0.06343406691726439,heldout_donor
D00_S0_C000_T012,D00,D00_S0,tumor,12.0,train,1.2688557606712205,1.3100781641563737,-0.04122240348515316,heldout_donor
D00_S0_C000_T024,D00,D00_S0,tumor,24.0,train,2.477663549937434,2.569725943952687,-0.09206239401525318,heldout_donor
D00_S0_C001_T000,D00,D00_S0,macrophage,0.0,train,0.7264692719424612,0.7142681051060281,0.01220116683643313,heldout_donor
D00_S0_C001_T012,D00,D00_S0,macrophage,12.0,train,1.266853790196366,1.2590269139827506,0.00782687621361533,heldout_donor
D00_S0_C001_T024,D00,D00_S0,macrophage,24.0,train,2.5438834481237675,2.560244496716201,-0.01636104859243348,heldout_donor
D00_S0_C002_T000,D00,D00_S0,macrophage,0.0,train,0.6449516181148229,0.6036996197400017,0.041251998374821186,heldout_donor
D00_S0_C002_T012,D00,D00_S0,macrophage,12.0,train,1.088075955613967,1.0734330738812174,0.014642881732749524,heldout_donor
D00_S0_C002_T024,D00,D00_S0,macrophage,24.0,train,2.342228617318805,2.367722623395918,-0.025494006077113163,heldout_donor
D00_S0_C003_T000,D00,D00_S0,macrophage,0.0,train,0.7562970016803376,0.7660892085004884,-0.009792206820150806,heldout_donor
D00_S0_C003_T012,D00,D00_S0,macrophage,12.0,train,1.3518934893611505,1.3590701999694297,-0.00717671060827918,heldout_donor
D00_S0_C003_T024,D00,D00_S0,macrophage,24.0,train,2.587502167804402,2.6264385603039195,-0.038936392499517414,heldout_donor
D00_S0_C004_T000,D00,D00_S0,tumor,0.0,train,0.9009860770221856,0.9413759811138561,-0.040389904091670537,heldout_donor
D00_S0_C004_T012,D00,D00_S0,tumor,12.0,train,1.5124447049680358,1.5257729761351053,-0.013328271167069472,heldout_donor
D00_S0_C004_T024,D00,D00_S0,tumor,24.0,train,2.6384014312368085,2.7042274711883616,-0.06582603995155312,heldout_donor
D00_S0_C005_T000,D00,D00_S0,tumor,0.0,train,0.8533986821472141,0.8557702675310798,-0.0023715853838656153,heldout_donor
D00_S0_C005_T012,D00,D00_S0,tumor,12.0,train,1.4005836704382792,1.3688755096387049,0.03170816079957439,heldout_donor
D00_S0_C005_T024,D00,D00_S0,tumor,24.0,train,2.5831952427322604,2.562577307635098,0.020617935097162476,heldout_donor
D00_S0_C006_T000,D00,D00_S0,macrophage,0.0,train,0.7332135612006274,0.6785496547855873,0.05466390641504015,heldout_donor
D00_S0_C006_T012,D00,D00_S0,macrophage,12.0,train,1.3124690481490604,1.2700606768778115,0.04240837127124886,heldout_donor
D00_S0_C006_T024,D00,D00_S0,macrophage,24.0,train,2.569231472478599,2.5333920542227273,0.03583941825587189,heldout_donor
D00_S0_C007_T000,D00,D00_S0,macrophage,0.0,train,0.6200841164539653,0.5982269109170972,0.021857205536868096,heldout_donor
D00_S0_C007_T012,D00,D00_S0,macrophage,12.0,train,1.1122027822087674,1.1115462761095682,0.0006565060991992056,heldout_donor
D00_S0_C007_T024,D00,D00_S0,macrophage,24.0,train,2.393095502375278,2.4238035504600046,-0.030708048084726602,heldout_donor
D00_S0_C008_T000,D00,D00_S0,tumor,0.0,train,0.7833334196696746,0.8058629791518866,-0.022529559482212025,heldout_donor
D00_S0_C008_T012,D00,D00_S0,tumor,12.0,train,1.3451496295692373,1.327461996727593,0.01768763284164443,heldout_donor
D00_S0_C008_T024,D00,D00_S0,tumor,24.0,train,2.5763088395766798,2.582655529922646,-0.006346690345966355,heldout_donor
D00_S0_C009_T000,D00,D00_S0,vascular,0.0,train,0.4995331626108522,0.5401960630323227,-0.04066290042147053,heldout_donor
D00_S0_C009_T012,D00,D00_S0,vascular,12.0,train,1.0169931840346484,1.047006985359737,-0.030013801325088574,heldout_donor
D00_S0_C009_T024,D00,D00_S0,vascular,24.0,train,2.3450164176773924,2.390201623295045,-0.04518520561765271,heldout_donor
D00_S0_C010_T000,D00,D00_S0,tumor,0.0,train,0.7029642871834842,0.7409281952641187,-0.037963908080634434,heldout_donor
D00_S0_C010_T012,D00,D00_S0,tumor,12.0,train,1.1957919004621769,1.2011284559790059,-0.005336555516828989,heldout_donor
D00_S0_C010_T024,D00,D00_S0,tumor,24.0,train,2.5027042665919237,2.496237718416753,0.006466548175170672,heldout_donor
D00_S0_C011_T000,D00,D00_S0,macrophage,0.0,train,0.7627625899762395,0.702041331699937,0.06072125827630248,heldout_donor
D00_S0_C011_T012,D00,D00_S0,macrophage,12.0,train,1.3466471962815716,1.3156423988530608,0.03100479742851081,heldout_donor
D00_S0_C011_T024,D00,D00_S0,macrophage,24.0,train,2.60598455721446,2.5825162939720787,0.023468263242381493,heldout_donor
D00_S0_C012_T000,D00,D00_S0,tumor,0.0,train,0.8839991435894521,0.8901721852107499,-0.006173041621297837,heldout_donor
D00_S0_C012_T012,D00,D00_S0,tumor,12.0,train,1.4627689978890182,1.4719905026051976,-0.00922150471617944,heldout_donor
D00_S0_C012_T024,D00,D00_S0,tumor,24.0,train,2.646202151357229,2.682123382460898,-0.03592123110366874,heldout_donor
D00_S0_C013_T000,D00,D00_S0,t_cell,0.0,train,0.5493693902167945,0.5920891674186992,-0.042719777201904674,heldout_donor
D00_S0_C013_T012,D00,D00_S0,t_cell,12.0,train,1.0691502066837788,1.098296433179563,-0.029146226495784244,heldout_donor
D00_S0_C013_T024,D00,D00_S0,t_cell,24.0,train,2.4275831865559803,2.4555058954039475,-0.027922708847967215,heldout_donor
D00_S0_C014_T000,D00,D00_S0,fibroblast,0.0,train,0.6571010725598252,0.648366212978599,0.008734859581226218,heldout_donor
D00_S0_C014_T012,D00,D00_S0,fibroblast,12.0,train,1.159494359044952,1.159952690605313,-0.00045833156036101386,heldout_donor
D00_S0_C014_T024,D00,D00_S0,fibroblast,24.0,train,2.510389535642533,2.525012886130189,-0.014623350487656062,heldout_donor
D00_S0_C015_T000,D00,D00_S0,tumor,0.0,train,0.8850202580802052,0.9178314118539224,-0.03281115377371713,heldout_donor
D00_S0_C015_T012,D00,D00_S0,tumor,12.0,train,1.4538953767392633,1.467839093055945,-0.013943716316681787,heldout_donor
D00_S0_C015_T024,D00,D00_S0,tumor,24.0,train,2.6137084242977298,2.669382997112421,-0.05567457281469146,heldout_donor
D00_S0_C016_T000,D00,D00_S0,fibroblast,0.0,train,0.5714012822938856,0.595589645512542,-0.02418836321865636,heldout_donor
D00_S0_C016_T012,D00,D00_S0,fibroblast,12.0,train,1.0715369110534523,1.0830447727095012,-0.01150786165604889,heldout_donor
D00_S0_C016_T024,D00,D00_S0,fibroblast,24.0,train,2.3222847286914208,2.3454102627931297,-0.023125534101708922,heldout_donor
D00_S0_C017_T000,D00,D00_S0,vascular,0.0,train,0.5607058823287652,0.5352439780433956,0.02546190428536954,heldout_donor
D00_S0_C017_T012,D00,D00_S0,vascular,12.0,train,1.1010325107976213,1.0963036166044224,0.004728894193198885,heldout_donor
D00_S0_C017_T024,D00,D00_S0,vascular,24.0,train,2.501010663487719,2.4890001253885106,0.012010538099208379,heldout_donor
D00_S0_C018_T000,D00,D00_S0,tumor,0.0,train,0.8522762463217557,0.8897269372664587,-0.03745069094470299,heldout_donor
D00_S0_C018_T012,D00,D00_S0,tumor,12.0,train,1.3925725976055092,1.394830136082243,-0.0022575384767338225,heldout_donor
D00_S0_C018_T024,D00,D00_S0,tumor,24.0,train,2.6019310805021405,2.6013743991218212,0.0005566813803192794,heldout_donor
D00_S0_C019_T000,D00,D00_S0,tumor,0.0,train,0.7255733543042577,0.7865421882478378,-0.0609688339435801,heldout_donor
D00_S0_C019_T012,D00,D00_S0,tumor,12.0,train,1.2031802243329541,1.2334998384536855,-0.030319614120731364,heldout_donor
D00_S0_C019_T024,D00,D00_S0,tumor,24.0,train,2.434779618007126,2.4858353349265583,-0.051055716919432115,heldout_donor
D00_S0_C020_T000,D00,D00_S0,t_cell,0.0,train,0.5228547244295325,0.5283713363906197,-0.005516611961087214,heldout_donor
D00_S0_C020_T012,D00,D00_S0,t_cell,12.0,train,1.0823180031275557,1.090157070554123,-0.00783906742656737,heldout_donor
D00_S0_C020_T024,D00,D00_S0,t_cell,24.0,train,2.518741501732748,2.4728820486089695,0.04585945312377859,heldout_donor
D00_S0_C021_T000,D00,D00_S0,macrophage,0.0,train,0.8459723720587183,0.8077151776791771,0.038257194379541226,heldout_donor
D00_S0_C021_T012,D00,D00_S0,macrophage,12.0,train,1.4158262880006738,1.3917314718924996,0.02409481610817421,heldout_donor
D00_S0_C021_T024,D00,D00_S0,macrophage,24.0,train,2.62561162815333,2.640615716223327,-0.015004088069996868,heldout_donor
D00_S0_C022_T000,D00,D00_S0,tumor,0.0,train,0.8438267814516605,0.9074548755938358,-0.0636280941421753,heldout_donor
D00_S0_C022_T012,D00,D00_S0,tumor,12.0,train,1.3972302081357373,1.4293095788929937,-0.03207937075725642,heldout_donor
D00_S0_C022_T024,D00,D00_S0,tumor,24.0,train,2.5472941479887368,2.612497704860265,-0.06520355687152835,heldout_donor
D00_S0_C023_T000,D00,D00_S0,macrophage,0.0,train,0.6326194282055142,0.633364946210841,-0.0007455180053268506,heldout_donor
D00_S0_C023_T012,D00,D00_S0,macrophage,12.0,train,1.052591133858731,1.0357486314334972,0.016842502425233885,heldout_donor
D00_S0_C023_T024,D00,D00_S0,macrophage,24.0,train,2.292514879970655,2.30408142543906,-0.011566545468404854,heldout_donor
D00_S0_C024_T000,D00,D00_S0,vascular,0.0,train,0.45364300427448867,0.5165323699784607,-0.06288936570397208,heldout_donor
D00_S0_C024_T012,D00,D00_S0,vascular,12.0,train,0.9439596599668858,0.9905231841224952,-0.04656352415560938,heldout_donor
D00_S0_C024_T024,D00,D00_S0,vascular,24.0,train,2.2246100545047858,2.280886122325141,-0.0562760678203551,heldout_donor
D00_S0_C025_T000,D00,D00_S0,t_cell,0.0,train,0.5315912643880059,0.592063474118903,-0.060472209730897175,heldout_donor
D00_S0_C025_T012,D00,D00_S0,t_cell,12.0,train,1.0860090841784418,1.1358702317517253,-0.049861147573283526,heldout_donor
D00_S0_C025_T024,D00,D00_S0,t_cell,24.0,train,2.4716097990063797,2.4730410324963414,-0.0014312334899617696,heldout_donor
D00_S0_C026_T000,D00,D00_S0,fibroblast,0.0,train,0.6748828018995472,0.6669389595296249,0.007943842369922294,heldout_donor
D00_S0_C026_T012,D00,D00_S0,fibroblast,12.0,train,1.1694957039156513,1.1731560863899761,-0.0036603824743248747,heldout_donor
D00_S0_C026_T024,D00,D00_S0,fibroblast,24.0,train,2.4603071146532853,2.495069813663112,-0.03476269900982665,heldout_donor
D00_S0_C027_T000,D00,D00_S0,fibroblast,0.0,train,0.6590059700846091,0.6485718883932835,0.010434081691325647,heldout_donor
D00_S0_C027_T012,D00,D00_S0,fibroblast,12.0,train,1.163210619214622,1.1454594929973207,0.01775112621730135,heldout_donor
D00_S0_C027_T024,D00,D00_S0,fibroblast,24.0,train,2.5789371019089335,2.5539001472655305,0.025036954643403053,heldout_donor
D00_S0_C028_T000,D00,D00_S0,fibroblast,0.0,train,0.6466544785874966,0.6507234914805032,-0.004069012893006652,heldout_donor
D00_S0_C028_T012,D00,D00_S0,fibroblast,12.0,train,1.1674873327867683,1.1766655407423743,-0.009178207955605977,heldout_donor
D00_S0_C028_T024,D00,D00_S0,fibroblast,24.0,train,2.495011815842308,2.5279769197156647,-0.03296510387335694,heldout_donor
D00_S0_C029_T000,D00,D00_S0,fibroblast,0.0,train,0.6310226011035516,0.6462439429006521,-0.015221341797100552,heldout_donor
D00_S0_C029_T012,D00,D00_S0,fibroblast,12.0,train,1.10744011278331,1.1267264531066747,-0.019286340323364737,heldout_donor
D00_S0_C029_T024,D00,D00_S0,fibroblast,24.0,train,2.4339249174012787,2.48515510911869,-0.051230191717411167,heldout_donor
D00_S0_C030_T000,D00,D00_S0,t_cell,0.0,train,0.5979490569974041,0.6208552643292737,-0.022906207331869655,heldout_donor
D00_S0_C030_T012,D00,D00_S0,t_cell,12.0,train,1.1822889410683208,1.2055197302212863,-0.023230789152965503,heldout_donor
D00_S0_C030_T024,D00,D00_S0,t_cell,24.0,train,2.5667588365496115,2.5374094639302704,0.029349372619341008,heldout_donor
D00_S0_C031_T000,D00,D00_S0,tumor,0.0,train,0.9095421445123826,0.9571061391455613,-0.04756399463317873,heldout_donor
D00_S0_C031_T012,D00,D00_S0,tumor,12.0,train,1.5406343033044547,1.5499000391231388,-0.009265735818684062,heldout_donor
D00_S0_C031_T024,D00,D00_S0,tumor,24.0,train,2.6361845721334736,2.664989419297418,-0.02880484716394438,heldout_donor
D00_S0_C032_T000,D00,D00_S0,fibroblast,0.0,train,0.7385489197227006,0.692265751349083,0.04628316837361768,heldout_donor
D00_S0_C032_T012,D00,D00_S0,fibroblast,12.0,train,1.3231692164016828,1.3151462217092682,0.008022994692414631,heldout_donor
D00_S0_C032_T024,D00,D00_S0,fibroblast,24.0,train,2.6224864432516695,2.6239189611417464,-0.001432517890076923,heldout_donor
D00_S0_C033_T000,D00,D00_S0,macrophage,0.0,train,0.6014406777068684,0.5546126688320118,0.04682800887485661,heldout_donor
D00_S0_C033_T012,D00,D00_S0,macrophage,12.0,train,1.045682221071694,1.0391261865429897,0.0065560345287043464,heldout_donor
D00_S0_C033_T024,D00,D00_S0,macrophage,24.0,train,2.3353527715935387,2.3891714993594895,-0.05381872776595076,heldout_donor
D00_S0_C034_T000,D00,D00_S0,t_cell,0.0,train,0.6274800015648637,0.6431778655752751,-0.0156978640104114,heldout_donor
D00_S0_C034_T012,D00,D00_S0,t_cell,12.0,train,1.1683849961019064,1.1940598485552698,-0.025674852453363428,heldout_donor
D00_S0_C034_T024,D00,D00_S0,t_cell,24.0,train,2.5699302497163488,2.5499074338271175,0.02002281588923127,heldout_donor
D00_S0_C035_T000,D00,D00_S0,tumor,0.0,train,0.7078840141839337,0.7558257796975085,-0.047941765513574874,heldout_donor
D00_S0_C035_T012,D00,D00_S0,tumor,12.0,train,1.202846213151202,1.2191329970779492,-0.016286783926747095,heldout_donor
D00_S0_C035_T024,D00,D00_S0,tumor,24.0,train,2.406578158224629,2.439061831533485,-0.03248367330885582,heldout_donor
D00_S1_C000_T000,D00,D00_S1,fibroblast,0.0,train,0.5508731232647034,0.5172046861338901,0.033668437130813245,heldout_donor
D00_S1_C000_T012,D00,D00_S1,fibroblast,12.0,train,1.022255655837808,0.9894841745055347,0.032771481332273256,heldout_donor
D00_S1_C000_T024,D00,D00_S1,fibroblast,24.0,train,2.3510419564296017,2.3220766864231166,0.028965270006485078,heldout_donor
D00_S1_C001_T000,D00,D00_S1,fibroblast,0.0,train,0.7019446524581673,0.6786133350613182,0.023331317396849127,heldout_donor
D00_S1_C001_T012,D00,D00_S1,fibroblast,12.0,train,1.193037066991373,1.169268165992646,0.02376890099872697,heldout_donor
D00_S1_C001_T024,D00,D00_S1,fibroblast,24.0,train,2.4298385156399314,2.4536162600849987,-0.023777744445067306,heldout_donor
D00_S1_C002_T000,D00,D00_S1,vascular,0.0,train,0.6171023022417156,0.6353980584644768,-0.01829575622276125,heldout_donor
D00_S1_C002_T012,D00,D00_S1,vascular,12.0,train,1.1214171380885345,1.1294489959221254,-0.00803185783359095,heldout_donor
D00_S1_C002_T024,D00,D00_S1,vascular,24.0,train,2.4497297069309774,2.4879822679112658,-0.0382525609802884,heldout_donor
D00_S1_C003_T000,D00,D00_S1,t_cell,0.0,train,0.6242690645024715,0.6513453802594269,-0.02707631575695535,heldout_donor
D00_S1_C003_T012,D00,D00_S1,t_cell,12.0,train,1.200752094520161,1.2154179975690627,-0.014665903048901585,heldout_donor
D00_S1_C003_T024,D00,D00_S1,t_cell,24.0,train,2.4887714044908704,2.5147351633971446,-0.025963758906274226,heldout_donor
D00_S1_C004_T000,D00,D00_S1,fibroblast,0.0,train,0.7325754352236784,0.7207944810365231,0.011780954187155301,heldout_donor
D00_S1_C004_T012,D00,D00_S1,fibroblast,12.0,train,1.2492633817128846,1.236303051457956,0.012960330254928598,heldout_donor
D00_S1_C004_T024,D00,D00_S1,fibroblast,24.0,train,2.514348497330366,2.540258449382464,-0.025909952052098006,heldout_donor
D00_S1_C005_T000,D00,D00_S1,t_cell,0.0,train,0.5134908979870588,0.5488354146594979,-0.0353445166724391,heldout_donor
D00_S1_C005_T012,D00,D00_S1,t_cell,12.0,train,1.023756130175762,1.0423298174007967,-0.018573687225034607,heldout_donor
D00_S1_C005_T024,D00,D00_S1,t_cell,24.0,train,2.3234371485454006,2.337656933288307,-0.014219784742906416,heldout_donor
D00_S1_C006_T000,D00,D00_S1,fibroblast,0.0,train,0.7341980940478327,0.692459086571587,0.041739007476245704,heldout_donor
D00_S1_C006_T012,D00,D00_S1,fibroblast,12.0,train,1.2528770651191141,1.2247734346338603,0.028103630485253772,heldout_donor
D00_S1_C006_T024,D00,D00_S1,fibroblast,24.0,train,2.547446210807794,2.5574838071726393,-0.010037596364845136,heldout_donor
D00_S1_C007_T000,D00,D00_S1,macrophage,0.0,train,0.7180783491939614,0.6886740967470089,0.02940425244695255,heldout_donor
D00_S1_C007_T012,D00,D00_S1,macrophage,12.0,train,1.2300726905924553,1.1970639413164392,0.03300874927601605,heldout_donor
D00_S1_C007_T024,D00,D00_S1,macrophage,24.0,train,2.464713033942259,2.507619623439755,-0.04290658949749604,heldout_donor
D00_S1_C008_T000,D00,D00_S1,t_cell,0.0,train,0.6096836107862383,0.5924847795114818,0.01719883127475652,heldout_donor
D00_S1_C008_T012,D00,D00_S1,t_cell,12.0,train,1.204247483028965,1.1989283796603767,0.005319103368588207,heldout_donor
D00_S1_C008_T024,D00,D00_S1,t_cell,24.0,train,2.556730833654253,2.533267358165246,0.02346347548900729,heldout_donor
D00_S1_C009_T000,D00,D00_S1,tumor,0.0,train,0.7739954163983678,0.7844810201826572,-0.010485603784289421,heldout_donor
D00_S1_C009_T012,D00,D00_S1,tumor,12.0,train,1.301368869432027,1.288155972755506,0.013212896676520813,heldout_donor
D00_S1_C009_T024,D00,D00_S1,tumor,24.0,train,2.5640213114267936,2.5585993201908535,0.005421991235940116,heldout_donor
D00_S1_C010_T000,D00,D00_S1,fibroblast,0.0,train,0.640016340020531,0.6170295814289253,0.022986758591605705,heldout_donor
D00_S1_C010_T012,D00,D00_S1,fibroblast,12.0,train,1.126210328332805,1.105695212814014,0.02051511551879104,heldout_donor
D00_S1_C010_T024,D00,D00_S1,fibroblast,24.0,train,2.471787104456039,2.490113716212527,-0.018326611756488198,heldout_donor
D00_S1_C011_T000,D00,D00_S1,macrophage,0.0,train,0.7992664492420001,0.7617579917162379,0.03750845752576215,heldout_donor
D00_S1_C011_T012,D00,D00_S1,macrophage,12.0,train,1.3348811335473836,1.305107251160604,0.02977388238677947,heldout_donor
D00_S1_C011_T024,D00,D00_S1,macrophage,24.0,train,2.589472630572174,2.590888262531281,-0.0014156319591069888,heldout_donor
D00_S1_C012_T000,D00,D00_S1,tumor,0.0,train,0.875581564840214,0.880975565014139,-0.005394000173924995,heldout_donor
D00_S1_C012_T012,D00,D00_S1,tumor,12.0,train,1.4247915624804859,1.4125363880709878,0.012255174409498082,heldout_donor
D00_S1_C012_T024,D00,D00_S1,tumor,24.0,train,2.5979266738280544,2.610356083057245,-0.012429409229190558,heldout_donor
D00_S1_C013_T000,D00,D00_S1,fibroblast,0.0,train,0.7195398501584441,0.7256852593818327,-0.006145409223388576,heldout_donor
D00_S1_C013_T012,D00,D00_S1,fibroblast,12.0,train,1.2442795375295406,1.2399378591127685,0.004341678416772021,heldout_donor
D00_S1_C013_T024,D00,D00_S1,fibroblast,24.0,train,2.448074241209088,2.4903981097504344,-0.04232386854134651,heldout_donor
D00_S1_C014_T000,D00,D00_S1,vascular,0.0,train,0.48916155769346453,0.5132385124080778,-0.024076954714613297,heldout_donor
D00_S1_C014_T012,D00,D00_S1,vascular,12.0,train,1.021176653257406,1.0344552587310265,-0.013278605473620475,heldout_donor
D00_S1_C014_T024,D00,D00_S1,vascular,24.0,train,2.4008232539009735,2.398795601662578,0.0020276522383952944,heldout_donor
D00_S1_C015_T000,D00,D00_S1,t_cell,0.0,train,0.5851494977475934,0.6013237555435184,-0.016174257795924962,heldout_donor
D00_S1_C015_T012,D00,D00_S1,t_cell,12.0,train,1.136305816088114,1.141057078293608,-0.0047512622054939335,heldout_donor
D00_S1_C015_T024,D00,D00_S1,t_cell,24.0,train,2.460907899093891,2.4681594926707198,-0.0072515935768286965,heldout_donor
D00_S1_C016_T000,D00,D00_S1,t_cell,0.0,train,0.64720392798493,0.6866036996917375,-0.03939977170680753,heldout_donor
D00_S1_C016_T012,D00,D00_S1,t_cell,12.0,train,1.1914082922812903,1.2069111554861263,-0.01550286320483596,heldout_donor
D00_S1_C016_T024,D00,D00_S1,t_cell,24.0,train,2.4950354310259657,2.5006012711780827,-0.00556584015211703,heldout_donor
D00_S1_C017_T000,D00,D00_S1,tumor,0.0,train,0.8093733775644014,0.7889877580555061,0.02038561950889528,heldout_donor
D00_S1_C017_T012,D00,D00_S1,tumor,12.0,train,1.3910244413781887,1.3747938890775326,0.016230552300656065,heldout_donor
D00_S1_C017_T024,D00,D00_S1,tumor,24.0,train,2.5576707958985967,2.6099272605516552,-0.052256464653058554,heldout_donor
D00_S1_C018_T000,D00,D00_S1,t_cell,0.0,train,0.6138862316197059,0.6648801559215762,-0.05099392430187033,heldout_donor
D00_S1_C018_T012,D00,D00_S1,t_cell,12.0,train,1.1761078016549835,1.2017728570169848,-0.025665055362001254,heldout_donor
D00_S1_C018_T024,D00,D00_S1,t_cell,24.0,train,2.524155661805874,2.558102434264942,-0.033946772459068075,heldout_donor
D00_S1_C019_T000,D00,D00_S1,tumor,0.0,train,0.7834200741164353,0.7882484884427076,-0.0048284143262722345,heldout_donor
D00_S1_C019_T012,D00,D00_S1,tumor,12.0,train,1.3348188864805772,1.3131843270643444,0.021634559416232824,heldout_donor
D00_S1_C019_T024,D00,D00_S1,tumor,24.0,train,2.58201406665894,2.580872640104486,0.0011414265544540392,heldout_donor
D00_S1_C020_T000,D00,D00_S1,fibroblast,0.0,train,0.7666006287354885,0.755454990033363,0.011145638702125482,heldout_donor
D00_S1_C020_T012,D00,D00_S1,fibroblast,12.0,train,1.3403651727722776,1.3404440573332148,-7.888456093718688e-05,heldout_donor
D00_S1_C020_T024,D00,D00_S1,fibroblast,24.0,train,2.590792407799742,2.623143315201841,-0.032350907402098894,heldout_donor
D00_S1_C021_T000,D00,D00_S1,tumor,0.0,train,0.8045354603644579,0.8311146912878479,-0.026579230923389985,heldout_donor
D00_S1_C021_T012,D00,D00_S1,tumor,12.0,train,1.3236507719190997,1.3433231332036988,-0.019672361284599038,heldout_donor
D00_S1_C021_T024,D00,D00_S1,tumor,24.0,train,2.505489733396345,2.5416737929050117,-0.03618405950866688,heldout_donor
D00_S1_C022_T000,D00,D00_S1,t_cell,0.0,train,0.6515671374611858,0.6639614466432399,-0.012394309182054086,heldout_donor
D00_S1_C022_T012,D00,D00_S1,t_cell,12.0,train,1.1726053082877204,1.1742580439155033,-0.0016527356277828975,heldout_donor
D00_S1_C022_T024,D00,D00_S1,t_cell,24.0,train,2.5119981955291366,2.5233704722792596,-0.011372276750122978,heldout_donor
D00_S1_C023_T000,D00,D00_S1,fibroblast,0.0,train,0.7335395863154123,0.7028301091239662,0.030709477191446122,heldout_donor
D00_S1_C023_T012,D00,D00_S1,fibroblast,12.0,train,1.3059240249016795,1.3142165053106647,-0.008292480408985226,heldout_donor
D00_S1_C023_T024,D00,D00_S1,fibroblast,24.0,train,2.62873511527795,2.629905513838097,-0.0011703985601467792,heldout_donor
D00_S1_C024_T000,D00,D00_S1,t_cell,0.0,train,0.608214739686632,0.6209003396532591,-0.012685599966627104,heldout_donor
D00_S1_C024_T012,D00,D00_S1,t_cell,12.0,train,1.117270444586632,1.1232244320473603,-0.005953987460728394,heldout_donor
D00_S1_C024_T024,D00,D00_S1,t_cell,24.0,train,2.4489076452500025,2.4353097867475517,0.013597858502450766,heldout_donor
D00_S1_C025_T000,D00,D00_S1,tumor,0.0,train,0.8154995300390013,0.8370628812321541,-0.02156335119315278,heldout_donor
D00_S1_C025_T012,D00,D00_S1,tumor,12.0,train,1.3414527689082132,1.3150462562653875,0.026406512642825675,heldout_donor
D00_S1_C025_T024,D00,D00_S1,tumor,24.0,train,2.5977272868110175,2.5971736897582427,0.0005535970527748013,heldout_donor
D00_S1_C026_T000,D00,D00_S1,fibroblast,0.0,train,0.7488382962702033,0.7221815120385954,0.02665678423160789,heldout_donor
D00_S1_C026_T012,D00,D00_S1,fibroblast,12.0,train,1.2695473639666803,1.2353782653551748,0.03416909861150552,heldout_donor
D00_S1_C026_T024,D00,D00_S1,fibroblast,24.0,train,2.4892327962767493,2.493722587746981,-0.004489791470231541,heldout_donor
D00_S1_C027_T000,D00,D00_S1,t_cell,0.0,train,0.7059375461865314,0.7017201153632496,0.004217430823281743,heldout_donor
D00_S1_C027_T012,D00,D00_S1,t_cell,12.0,train,1.3517370451352733,1.3604641269159474,-0.008727081780674162,heldout_donor
D00_S1_C027_T024,D00,D00_S1,t_cell,24.0,train,2.628536497730111,2.649782982696806,-0.0212464849666949,heldout_donor
D00_S1_C028_T000,D00,D00_S1,macrophage,0.0,train,0.7741885907925355,0.7452088579132248,0.02897973287931077,heldout_donor
D00_S1_C028_T012,D00,D00_S1,macrophage,12.0,train,1.3121284411315712,1.302789158834067,0.009339282297504248,heldout_donor
D00_S1_C028_T024,D00,D00_S1,macrophage,24.0,train,2.5111058043769052,2.5483103276345105,-0.03720452325760526,heldout_donor
D00_S1_C029_T000,D00,D00_S1,t_cell,0.0,train,0.5720345355205216,0.6185963616839709,-0.04656182616344928,heldout_donor
D00_S1_C029_T012,D00,D00_S1,t_cell,12.0,train,1.1439119831856837,1.1599404622625582,-0.016028479076874547,heldout_donor
D00_S1_C029_T024,D00,D00_S1,t_cell,24.0,train,2.480620781663325,2.470293426947283,0.010327354716041626,heldout_donor
D00_S1_C030_T000,D00,D00_S1,tumor,0.0,train,0.8906301555969515,0.8801143456564926,0.010515809940458865,heldout_donor
D00_S1_C030_T012,D00,D00_S1,tumor,12.0,train,1.4835205750048839,1.4552389899858218,0.028281585019062083,heldout_donor
D00_S1_C030_T024,D00,D00_S1,tumor,24.0,train,2.589783993618071,2.6082513698062457,-0.018467376188174622,heldout_donor
D00_S1_C031_T000,D00,D00_S1,fibroblast,0.0,train,0.6444278856914982,0.6479226562054142,-0.0034947705139160012,heldout_donor
D00_S1_C031_T012,D00,D00_S1,fibroblast,12.0,train,1.0823428418606291,1.0669550383479156,0.015387803512713516,heldout_donor
D00_S1_C031_T024,D00,D00_S1,fibroblast,24.0,train,2.36317717420626,2.3345741870980325,0.028602987108227396,heldout_donor
D00_S1_C032_T000,D00,D00_S1,macrophage,0.0,train,0.7033340283103231,0.6724815418151543,0.030852486495168807,heldout_donor
D00_S1_C032_T012,D00,D00_S1,macrophage,12.0,train,1.1523759431535519,1.1318936973659013,0.020482245787650566,heldout_donor
D00_S1_C032_T024,D00,D00_S1,macrophage,24.0,train,2.403455392733683,2.405929694455502,-0.00247430172181895,heldout_donor
D00_S1_C033_T000,D00,D00_S1,t_cell,0.0,train,0.5773279479064806,0.6017477860287753,-0.024419838122294757,heldout_donor
D00_S1_C033_T012,D00,D00_S1,t_cell,12.0,train,1.0566530053318346,1.076385201824869,-0.01973219649303437,heldout_donor
D00_S1_C033_T024,D00,D00_S1,t_cell,24.0,train,2.4308803444274334,2.523509737542863,-0.09262939311542961,heldout_donor
D00_S1_C034_T000,D00,D00_S1,vascular,0.0,train,0.47297160630525376,0.4778281606421452,-0.004856554336891472,heldout_donor
D00_S1_C034_T012,D00,D00_S1,vascular,12.0,train,0.9818376531151604,0.9768712461224858,0.004966406992674588,heldout_donor
D00_S1_C034_T024,D00,D00_S1,vascular,24.0,train,2.427499957782182,2.376212885192365,0.05128707258981713,heldout_donor
D00_S1_C035_T000,D00,D00_S1,tumor,0.0,train,0.8184550927504597,0.850784041414177,-0.03232894866371727,heldout_donor
D00_S1_C035_T012,D00,D00_S1,tumor,12.0,train,1.3323676143424297,1.3317093187123732,0.0006582956300564824,heldout_donor
D00_S1_C035_T024,D00,D00_S1,tumor,24.0,train,2.4897211072573904,2.5484935522078653,-0.058772444950474956,heldout_donor
D01_S0_C000_T000,D01,D01_S0,fibroblast,0.0,train,0.695728035338656,0.6804648896416366,0.015263145697019365,heldout_donor
D01_S0_C000_T012,D01,D01_S0,fibroblast,12.0,train,1.3368523528807112,1.3067549896452728,0.030097363235438435,heldout_donor
D01_S0_C000_T024,D01,D01_S0,fibroblast,24.0,train,2.723256947602852,2.6867934966928533,0.036463450909998585,heldout_donor
D01_S0_C001_T000,D01,D01_S0,tumor,0.0,train,0.9451153580256559,0.94291329742212,0.0022020606035358936,heldout_donor
D01_S0_C001_T012,D01,D01_S0,tumor,12.0,train,1.5879209255369962,1.5772301270230638,0.010690798513932398,heldout_donor
D01_S0_C001_T024,D01,D01_S0,tumor,24.0,train,2.732766336594053,2.7476347687961975,-0.014868432202144621,heldout_donor
D01_S0_C002_T000,D01,D01_S0,fibroblast,0.0,train,0.781791425543122,0.720736570297346,0.06105485524577603,heldout_donor
D01_S0_C002_T012,D01,D01_S0,fibroblast,12.0,train,1.4027307343473367,1.3600318012955097,0.04269893305182704,heldout_donor
D01_S0_C002_T024,D01,D01_S0,fibroblast,24.0,train,2.6585652630036742,2.6747425697893803,-0.016177306785706058,heldout_donor
D01_S0_C003_T000,D01,D01_S0,tumor,0.0,train,0.8859893147859232,0.8644713371505366,0.021517977635386654,heldout_donor
D01_S0_C003_T012,D01,D01_S0,tumor,12.0,train,1.580872915563186,1.5207252268584275,0.060147688704758506,heldout_donor
D01_S0_C003_T024,D01,D01_S0,tumor,24.0,train,2.74053550793178,2.737209178949568,0.003326328982212079,heldout_donor
D01_S0_C004_T000,D01,D01_S0,t_cell,0.0,train,0.6605239017060047,0.6691957718652987,-0.008671870159293937,heldout_donor
D01_S0_C004_T012,D01,D01_S0,t_cell,12.0,train,1.2201635876132322,1.2152693356194741,0.0048942519937580364,heldout_donor
D01_S0_C004_T024,D01,D01_S0,t_cell,24.0,train,2.5678077619869315,2.597914961995258,-0.03010720000832645,heldout_donor
D01_S0_C005_T000,D01,D01_S0,tumor,0.0,train,0.9152405005665465,0.9447539282402507,-0.02951342767370424,heldout_donor
D01_S0_C005_T012,D01,D01_S0,tumor,12.0,train,1.5692687005039274,1.5582509136414393,0.01101778686248811,heldout_donor
D01_S0_C005_T024,D01,D01_S0,tumor,24.0,train,2.6162201544792025,2.668970987684992,-0.05275083320578933,heldout_donor
D01_S0_C006_T000,D01,D01_S0,macrophage,0.0,train,0.6929417554900569,0.6311382719420671,0.06180348354798981,heldout_donor
D01_S0_C006_T012,D01,D01_S0,macrophage,12.0,train,1.3250756005415056,1.2894044201139347,0.03567118042757089,heldout_donor
D01_S0_C006_T024,D01,D01_S0,macrophage,24.0,train,2.7166395695125356,2.7133967938985353,0.003242775614000326,heldout_donor
D01_S0_C007_T000,D01,D01_S0,tumor,0.0,train,0.8659481499163615,0.8879121947661679,-0.021964044849806408,heldout_donor
D01_S0_C007_T012,D01,D01_S0,tumor,12.0,train,1.5354558707012587,1.5292096762194056,0.00624619448185304,heldout_donor
D01_S0_C007_T024,D01,D01_S0,tumor,24.0,train,2.7042374204993296,2.7070078323117333,-0.0027704118124036725,heldout_donor
D01_S0_C008_T000,D01,D01_S0,fibroblast,0.0,train,0.7027256240787089,0.6639426724399362,0.038782951638772656,heldout_donor
D01_S0_C008_T012,D01,D01_S0,fibroblast,12.0,train,1.3619047484978337,1.3305190557666478,0.031385692731185966,heldout_donor
D01_S0_C008_T024,D01,D01_S0,fibroblast,24.0,train,2.7269418387714697,2.6898972562736776,0.03704458249779208,heldout_donor
D01_S0_C009_T000,D01,D01_S0,tumor,0.0,train,0.8464363609707948,0.8859812616569518,-0.039544900686157014,heldout_donor
D01_S0_C009_T012,D01,D01_S0,tumor,12.0,train,1.562456269470679,1.5372890218785151,0.02516724759216382,heldout_donor
D01_S0_C009_T024,D01,D01_S0,tumor,24.0,train,2.724268421191639,2.6924099567211144,0.03185846447052443,heldout_donor
D01_S0_C010_T000,D01,D01_S0,t_cell,0.0,train,0.6523245635816379,0.6653122610080783,-0.012987697426440348,heldout_donor
D01_S0_C010_T012,D01,D01_S0,t_cell,12.0,train,1.2975731061337055,1.292904835445542,0.004668270688163556,heldout_donor
D01_S0_C010_T024,D01,D01_S0,t_cell,24.0,train,2.6728139264569815,2.6429199270432275,0.029893999413753924,heldout_donor
D01_S0_C011_T000,D01,D01_S0,tumor,0.0,train,0.8447475227758845,0.8634320774969163,-0.01868455472103181,heldout_donor
D01_S0_C011_T012,D01,D01_S0,tumor,12.0,train,1.4549970811862505,1.4514103811760526,0.0035867000101978963,heldout_donor
D01_S0_C011_T024,D01,D01_S0,tumor,24.0,train,2.6319172392318033,2.6400205346207732,-0.008103295388969922,heldout_donor
D01_S0_C012_T000,D01,D01_S0,fibroblast,0.0,train,0.6959748115150657,0.641220250092723,0.054754561422342696,heldout_donor
D01_S0_C012_T012,D01,D01_S0,fibroblast,12.0,train,1.1865100013685352,1.1317843982352345,0.05472560313330077,heldout_donor
D01_S0_C012_T024,D01,D01_S0,fibroblast,24.0,train,2.523756922994186,2.519319925134567,0.004436997859619041,heldout_donor
D01_S0_C013_T000,D01,D01_S0,fibroblast,0.0,train,0.8169224485694345,0.8012872137668741,0.01563523480256046,heldout_donor
D01_S0_C013_T012,D01,D01_S0,fibroblast,12.0,train,1.4635741040666705,1.427732388600637,0.03584171546603354,heldout_donor
D01_S0_C013_T024,D01,D01_S0,fibroblast,24.0,train,2.7568617120567933,2.7317499139040757,0.02511179815271758,heldout_donor
D01_S0_C014_T000,D01,D01_S0,tumor,0.0,train,0.8870838899368981,0.9259311616291828,-0.038847271692284635,heldout_donor
D01_S0_C014_T012,D01,D01_S0,tumor,12.0,train,1.5496037899273651,1.5532588181900422,-0.0036550282626770514,heldout_donor
D01_S0_C014_T024,D01,D01_S0,tumor,24.0,train,2.6973454146461675,2.727437230299095,-0.03009181565292751,heldout_donor
D01_S0_C015_T000,D01,D01_S0,t_cell,0.0,train,0.6926368364610698,0.7103464272587325,-0.017709590797662766,heldout_donor
D01_S0_C015_T012,D01,D01_S0,t_cell,12.0,train,1.277976000148254,1.2777855494580554,0.00019045069019862915,heldout_donor
D01_S0_C015_T024,D01,D01_S0,t_cell,24.0,train,2.6013823476806546,2.6060534585221027,-0.004671110841448112,heldout_donor
D01_S0_C016_T000,D01,D01_S0,fibroblast,0.0,train,0.7772438427989496,0.7389458527728331,0.03829799002611656,heldout_donor
D01_S0_C016_T012,D01,D01_S0,fibroblast,12.0,train,1.459213113441956,1.442075763886228,0.017137349555727877,heldout_donor
D01_S0_C016_T024,D01,D01_S0,fibroblast,24.0,train,2.7756000000000003,2.7623119865812287,0.013288013418771616,heldout_donor
D01_S0_C017_T000,D01,D01_S0,vascular,0.0,train,0.5979345399585084,0.5643871056657974,0.03354743429271101,heldout_donor
D01_S0_C017_T012,D01,D01_S0,vascular,12.0,train,1.1638977545886364,1.1511888677107276,0.012708886877908832,heldout_donor
D01_S0_C017_T024,D01,D01_S0,vascular,24.0,train,2.5482714294624027,2.5783530241726886,-0.03008159471028593,heldout_donor
D01_S0_C018_T000,D01,D01_S0,vascular,0.0,train,0.6118708708139976,0.5962788759724771,0.015591994841520518,heldout_donor
D01_S0_C018_T012,D01,D01_S0,vascular,12.0,train,1.2332716972667361,1.22085697839903,0.012414718867706176,heldout_donor
D01_S0_C018_T024,D01,D01_S0,vascular,24.0,train,2.6050702039158167,2.597485896277407,0.007584307638409893,heldout_donor
D01_S0_C019_T000,D01,D01_S0,tumor,0.0,train,0.7845511483158555,0.8047027658594583,-0.02015161754360284,heldout_donor
D01_S0_C019_T012,D01,D01_S0,tumor,12.0,train,1.3963569995632836,1.382480537021314,0.013876462541969614,heldout_donor
D01_S0_C019_T024,D01,D01_S0,tumor,24.0,train,2.7330610057052933,2.6889561507797075,0.0441048549255858,heldout_donor
D01_S0_C020_T000,D01,D01_S0,macrophage,0.0,train,0.7991326668462491,0.7479028878420326,0.051229779004216436,heldout_donor
D01_S0_C020_T012,D01,D01_S0,macrophage,12.0,train,1.4349992059570347,1.4040234078607015,0.030975798096333218,heldout_donor
D01_S0_C020_T024,D01,D01_S0,macrophage,24.0,train,2.771041833542138,2.7399342710410517,0.03110756250108615,heldout_donor
D01_S0_C021_T000,D01,D01_S0,vascular,0.0,train,0.6593736394895118,0.6766860737647917,-0.017312434275279953,heldout_donor
D01_S0_C021_T012,D01,D01_S0,vascular,12.0,train,1.2586000696063446,1.2698912949325745,-0.011291225326229837,heldout_donor
D01_S0_C021_T024,D01,D01_S0,vascular,24.0,train,2.7169656365771533,2.6692411324463112,0.04772450413084206,heldout_donor
D01_S0_C022_T000,D01,D01_S0,tumor,0.0,train,0.9067275818352982,0.885705848980239,0.02102173285505926,heldout_donor
D01_S0_C022_T012,D01,D01_S0,tumor,12.0,train,1.5875356618880054,1.5641661993358102,0.023369462552195186,heldout_donor
D01_S0_C022_T024,D01,D01_S0,tumor,24.0,train,2.751926579745032,2.766297221703338,-0.014370641958306063,heldout_donor
D01_S0_C023_T000,D01,D01_S0,tumor,0.0,train,0.8096783231400447,0.8231171521051743,-0.013438828965129601,heldout_donor
D01_S0_C023_T012,D01,D01_S0,tumor,12.0,train,1.4185944306581153,1.3967068581408986,0.021887572517216736,heldout_donor
D01_S0_C023_T024,D01,D01_S0,tumor,24.0,train,2.7183617204368695,2.6824948715305807,0.03586684890628877,heldout_donor
D01_S0_C024_T000,D01,D01_S0,t_cell,0.0,train,0.6973221342967532,0.6836354806833207,0.013686653613432465,heldout_donor
D01_S0_C024_T012,D01,D01_S0,t_cell,12.0,train,1.3936140166273585,1.3761845774002903,0.01742943922706819,heldout_donor
D01_S0_C024_T024,D01,D01_S0,t_cell,24.0,train,2.725172591566906,2.7018440605967644,0.023328530970141426,heldout_donor
D01_S0_C025_T000,D01,D01_S0,tumor,0.0,train,0.815595983166096,0.831633618251404,-0.016037635085307977,heldout_donor
D01_S0_C025_T012,D01,D01_S0,tumor,12.0,train,1.4454575394602753,1.4371394417195391,0.008318097740736219,heldout_donor
D01_S0_C025_T024,D01,D01_S0,tumor,24.0,train,2.5491380624962807,2.568969574936807,-0.01983151244052639,heldout_donor
D01_S0_C026_T000,D01,D01_S0,tumor,0.0,train,0.7732645793894983,0.7728615692550469,0.0004030101344514314,heldout_donor
D01_S0_C026_T012,D01,D01_S0,tumor,12.0,train,1.4097052349523633,1.388718780254166,0.020986454698197266,heldout_donor
D01_S0_C026_T024,D01,D01_S0,tumor,24.0,train,2.6652861451680567,2.6450700981966544,0.020216046971402335,heldout_donor
D01_S0_C027_T000,D01,D01_S0,tumor,0.0,train,0.9163900249233299,0.947377137806251,-0.03098711288292111,heldout_donor
D01_S0_C027_T012,D01,D01_S0,tumor,12.0,train,1.5368070780898402,1.5341422143134573,0.002664863776382864,heldout_donor
D01_S0_C027_T024,D01,D01_S0,tumor,24.0,train,2.768942740441112,2.7756000000000003,-0.0066572595588882955,heldout_donor
D01_S0_C028_T000,D01,D01_S0,vascular,0.0,train,0.5400183185687654,0.5302282394635051,0.009790079105260308,heldout_donor
D01_S0_C028_T012,D01,D01_S0,vascular,12.0,train,1.143106427312376,1.120475722269132,0.02263070504324416,heldout_donor
D01_S0_C028_T024,D01,D01_S0,vascular,24.0,train,2.610285272385971,2.5913820718738085,0.01890320051216232,heldout_donor
D01_S0_C029_T000,D01,D01_S0,tumor,0.0,train,0.9026740239540425,0.9262293056571673,-0.02355528170312482,heldout_donor
D01_S0_C029_T012,D01,D01_S0,tumor,12.0,train,1.604592891647942,1.5924098811047418,0.012183010543200146,heldout_donor
D01_S0_C029_T024,D01,D01_S0,tumor,24.0,train,2.767585877947851,2.7756000000000003,-0.008014122052149464,heldout_donor
D01_S0_C030_T000,D01,D01_S0,tumor,0.0,train,0.8668620863324534,0.8778551216334838,-0.010993035301030352,heldout_donor
D01_S0_C030_T012,D01,D01_S0,tumor,12.0,train,1.5350216451163672,1.5287459945280575,0.0062756505883097,heldout_donor
D01_S0_C030_T024,D01,D01_S0,tumor,24.0,train,2.7469831079663964,2.7391478426166747,0.007835265349721787,heldout_donor
D01_S0_C031_T000,D01,D01_S0,tumor,0.0,train,0.8759657610613973,0.8920160074974739,-0.016050246436076554,heldout_donor
D01_S0_C031_T012,D01,D01_S0,tumor,12.0,train,1.559206677096436,1.554220327826528,0.004986349269907819,heldout_donor
D01_S0_C031_T024,D01,D01_S0,tumor,24.0,train,2.772437487835877,2.7756000000000003,-0.0031625121641232212,heldout_donor
D01_S0_C032_T000,D01,D01_S0,macrophage,0.0,train,0.6601657153364048,0.5903762113228191,0.06978950401358563,heldout_donor
D01_S0_C032_T012,D01,D01_S0,macrophage,12.0,train,1.241486807498099,1.2034075395172237,0.03807926798087524,heldout_donor
D01_S0_C032_T024,D01,D01_S0,macrophage,24.0,train,2.662303326192665,2.652496360176642,0.009806966016022933,heldout_donor
D01_S0_C033_T000,D01,D01_S0,fibroblast,0.0,train,0.7559476068428898,0.7352661848047557,0.020681422038134056,heldout_donor
D01_S0_C033_T012,D01,D01_S0,fibroblast,12.0,train,1.404785737459366,1.3827622060553457,0.022023531404020247,heldout_donor
D01_S0_C033_T024,D01,D01_S0,fibroblast,24.0,train,2.7331082861293297,2.7021231976255438,0.030985088503785896,heldout_donor
D01_S0_C034_T000,D01,D01_S0,tumor,0.0,train,0.9459710269434886,0.9876888833893349,-0.04171785644584636,heldout_donor
D01_S0_C034_T012,D01,D01_S0,tumor,12.0,train,1.6027366095317925,1.6162031611481575,-0.013466551616365008,heldout_donor
D01_S0_C034_T024,D01,D01_S0,tumor,24.0,train,2.7056802598696956,2.7569558634769047,-0.051275603607209064,heldout_donor
D01_S0_C035_T000,D01,D01_S0,tumor,0.0,train,0.8024722769280072,0.8337053888126815,-0.03123311188467437,heldout_donor
D01_S0_C035_T012,D01,D01_S0,tumor,12.0,train,1.3955664951467797,1.3977081227336046,-0.0021416275868249013,heldout_donor
D01_S0_C035_T024,D01,D01_S0,tumor,24.0,train,2.6536029415145816,2.629278599433447,0.024324342081134542,heldout_donor
D01_S1_C000_T000,D01,D01_S1,tumor,0.0,train,0.8430693044151183,0.8544150445661559,-0.01134574015103762,heldout_donor
D01_S1_C000_T012,D01,D01_S1,tumor,12.0,train,1.4518854662416194,1.4271347637995733,0.024750702442046135,heldout_donor
D01_S1_C000_T024,D01,D01_S1,tumor,24.0,train,2.627051905226293,2.6436676180247987,-0.01661571279850582,heldout_donor
D01_S1_C001_T000,D01,D01_S1,t_cell,0.0,train,0.654063335702725,0.6543883255589291,-0.00032498985620410537,heldout_donor
D01_S1_C001_T012,D01,D01_S1,t_cell,12.0,train,1.2099539039027352,1.2037394620250865,0.006214441877648635,heldout_donor
D01_S1_C001_T024,D01,D01_S1,t_cell,24.0,train,2.5064248397400113,2.503893684185694,0.002531155554317266,heldout_donor
D01_S1_C002_T000,D01,D01_S1,fibroblast,0.0,train,0.6096446017786559,0.6481465591215805,-0.03850195734292461,heldout_donor
D01_S1_C002_T012,D01,D01_S1,fibroblast,12.0,train,1.1199812738067674,1.1271997494575843,-0.007218475650816902,heldout_donor
D01_S1_C002_T024,D01,D01_S1,fibroblast,24.0,train,2.319049228815357,2.3404685764133295,-0.021419347597972482,heldout_donor
D01_S1_C003_T000,D01,D01_S1,t_cell,0.0,train,0.609555600289487,0.5891900299012505,0.020365570388236498,heldout_donor
D01_S1_C003_T012,D01,D01_S1,t_cell,12.0,train,1.1465469333800646,1.1043524418181636,0.042194491561901026,heldout_donor
D01_S1_C003_T024,D01,D01_S1,t_cell,24.0,train,2.4249419631707156,2.437857097677992,-0.012915134507276438,heldout_donor
D01_S1_C004_T000,D01,D01_S1,tumor,0.0,train,0.9027447795230952,0.9340645779187875,-0.03131979839569232,heldout_donor
D01_S1_C004_T012,D01,D01_S1,tumor,12.0,train,1.4870002988519588,1.4830334287533864,0.003966870098572439,heldout_donor
D01_S1_C004_T024,D01,D01_S1,tumor,24.0,train,2.691736065030823,2.721857151064213,-0.030121086033390032,heldout_donor
D01_S1_C005_T000,D01,D01_S1,vascular,0.0,train,0.635182766146539,0.6343249509186071,0.0008578152279319351,heldout_donor
D01_S1_C005_T012,D01,D01_S1,vascular,12.0,train,1.233402615163794,1.2448438788775205,-0.011441263713726446,heldout_donor
D01_S1_C005_T024,D01,D01_S1,vascular,24.0,train,2.59871046868535,2.5855938988176725,0.013116569867677619,heldout_donor
D01_S1_C006_T000,D01,D01_S1,tumor,0.0,train,0.820632742636007,0.8722416786316501,-0.05160893599564309,heldout_donor
D01_S1_C006_T012,D01,D01_S1,tumor,12.0,train,1.3839602285295514,1.4152501336747898,-0.03128990514523844,heldout_donor
D01_S1_C006_T024,D01,D01_S1,tumor,24.0,train,2.5567209354282956,2.622969046419837,-0.0662481109915416,heldout_donor
D01_S1_C007_T000,D01,D01_S1,macrophage,0.0,train,0.7654011961211654,0.7262814910364604,0.03911970508470497,heldout_donor
D01_S1_C007_T012,D01,D01_S1,macrophage,12.0,train,1.3699674598646485,1.360209831411688,0.009757628452960576,heldout_donor
D01_S1_C007_T024,D01,D01_S1,macrophage,24.0,train,2.6434557605542275,2.642209018544813,0.0012467420094144366,heldout_donor
D01_S1_C008_T000,D01,D01_S1,tumor,0.0,train,0.7545015116110556,0.7802752821287451,-0.025773770517689476,heldout_donor
D01_S1_C008_T012,D01,D01_S1,tumor,12.0,train,1.301110250681739,1.3065937526911495,-0.005483502009410612,heldout_donor
D01_S1_C008_T024,D01,D01_S1,tumor,24.0,train,2.561156229493291,2.593505828730138,-0.03234959923684677,heldout_donor
D01_S1_C009_T000,D01,D01_S1,t_cell,0.0,train,0.6210548496134648,0.6361775544167911,-0.015122704803326337,heldout_donor
D01_S1_C009_T012,D01,D01_S1,t_cell,12.0,train,1.277205210603359,1.3033588874650337,-0.0261536768616748,heldout_donor
D01_S1_C009_T024,D01,D01_S1,t_cell,24.0,train,2.571445782208384,2.5906602642912455,-0.019214482082861473,heldout_donor
D01_S1_C010_T000,D01,D01_S1,fibroblast,0.0,train,0.6822608109277516,0.6138981325423949,0.0683626783853567,heldout_donor
D01_S1_C010_T012,D01,D01_S1,fibroblast,12.0,train,1.2110448644452083,1.1733855464313716,0.03765931801383671,heldout_donor
D01_S1_C010_T024,D01,D01_S1,fibroblast,24.0,train,2.6427364732385796,2.628751824381399,0.013984648857180648,heldout_donor
D01_S1_C011_T000,D01,D01_S1,macrophage,0.0,train,0.6638385674860596,0.654799255192555,0.009039312293504631,heldout_donor
D01_S1_C011_T012,D01,D01_S1,macrophage,12.0,train,1.2210917966251515,1.2395258527041693,-0.018434056079017713,heldout_donor
D01_S1_C011_T024,D01,D01_S1,macrophage,24.0,train,2.526736437688715,2.5860677032378834,-0.05933126554916823,heldout_donor
D01_S1_C012_T000,D01,D01_S1,tumor,0.0,train,0.7672106377941109,0.7914465567946979,-0.02423591900058697,heldout_donor
D01_S1_C012_T012,D01,D01_S1,tumor,12.0,train,1.2596912096139385,1.260087361178551,-0.00039615156461247913,heldout_donor
D01_S1_C012_T024,D01,D01_S1,tumor,24.0,train,2.5488810454076023,2.5604626477614816,-0.011581602353879283,heldout_donor
D01_S1_C013_T000,D01,D01_S1,vascular,0.0,train,0.5865041674080144,0.5675771014404596,0.01892706596755478,heldout_donor
D01_S1_C013_T012,D01,D01_S1,vascular,12.0,train,1.0886175590566016,1.0670086485078107,0.021608910548790883,heldout_donor
D01_S1_C013_T024,D01,D01_S1,vascular,24.0,train,2.4430634748136804,2.486151656525686,-0.04308818171200546,heldout_donor
D01_S1_C014_T000,D01,D01_S1,tumor,0.0,train,0.9242417252798576,0.9677633744418082,-0.04352164916195056,heldout_donor
D01_S1_C014_T012,D01,D01_S1,tumor,12.0,train,1.5769321527933664,1.5906043175804725,-0.01367216478710609,heldout_donor
D01_S1_C014_T024,D01,D01_S1,tumor,24.0,train,2.690473888858453,2.73466117733538,-0.04418728847692721,heldout_donor
D01_S1_C015_T000,D01,D01_S1,t_cell,0.0,train,0.5664942051090375,0.5994210736780567,-0.032926868569019274,heldout_donor
D01_S1_C015_T012,D01,D01_S1,t_cell,12.0,train,1.0895363665470825,1.1009423248842958,-0.011405958337213251,heldout_donor
D01_S1_C015_T024,D01,D01_S1,t_cell,24.0,train,2.478888193940938,2.480621333971978,-0.0017331400310398593,heldout_donor
D01_S1_C016_T000,D01,D01_S1,tumor,0.0,train,0.7622808670068141,0.7970928287309386,-0.034811961724124485,heldout_donor
D01_S1_C016_T012,D01,D01_S1,tumor,12.0,train,1.36146093031696,1.3583194348255032,0.003141495491456814,heldout_donor
D01_S1_C016_T024,D01,D01_S1,tumor,24.0,train,2.5246504277062,2.552108817951664,-0.027458390245464148,heldout_donor
D01_S1_C017_T000,D01,D01_S1,fibroblast,0.0,train,0.7578493985876361,0.7331113031592491,0.024738095428387008,heldout_donor
D01_S1_C017_T012,D01,D01_S1,fibroblast,12.0,train,1.2145962931077297,1.2151878734579578,-0.0005915803502281047,heldout_donor
D01_S1_C017_T024,D01,D01_S1,fibroblast,24.0,train,2.477593862867869,2.5345832820227074,-0.05698941915483857,heldout_donor
D01_S1_C018_T000,D01,D01_S1,t_cell,0.0,train,0.44607310545699885,0.45744728379014,-0.011374178333141138,heldout_donor
D01_S1_C018_T012,D01,D01_S1,t_cell,12.0,train,0.984266996073434,0.9829737632005914,0.0012932328728426645,heldout_donor
D01_S1_C018_T024,D01,D01_S1,t_cell,24.0,train,2.4415233140420063,2.452209397577631,-0.010686083535624835,heldout_donor
D01_S1_C019_T000,D01,D01_S1,t_cell,0.0,train,0.6367468048221918,0.637362703786445,-0.0006158989642531809,heldout_donor
D01_S1_C019_T012,D01,D01_S1,t_cell,12.0,train,1.1993290652952147,1.180302116760232,0.01902694853498277,heldout_donor
D01_S1_C019_T024,D01,D01_S1,t_cell,24.0,train,2.4703892610601486,2.486078578745192,-0.015689317685043225,heldout_donor
D01_S1_C020_T000,D01,D01_S1,t_cell,0.0,train,0.6982965782359649,0.6793018467701519,0.018994731465812986,heldout_donor
D01_S1_C020_T012,D01,D01_S1,t_cell,12.0,train,1.2838661072033857,1.2575133418721953,0.026352765331190353,heldout_donor
D01_S1_C020_T024,D01,D01_S1,t_cell,24.0,train,2.5037044944718585,2.541562755272605,-0.03785826080074628,heldout_donor
D01_S1_C021_T000,D01,D01_S1,macrophage,0.0,train,0.6928834737588988,0.6729610865843537,0.019922387174545086,heldout_donor
D01_S1_C021_T012,D01,D01_S1,macrophage,12.0,train,1.2094602441232434,1.2137215500127763,-0.004261305889532885,heldout_donor
D01_S1_C021_T024,D01,D01_S1,macrophage,24.0,train,2.4578752522237055,2.4789450586600745,-0.02106980643636902,heldout_donor
D01_S1_C022_T000,D01,D01_S1,t_cell,0.0,train,0.4937189323384664,0.5228906289365092,-0.02917169659804275,heldout_donor
D01_S1_C022_T012,D01,D01_S1,t_cell,12.0,train,1.0229573640497784,1.03775247237247,-0.014795108322691597,heldout_donor
D01_S1_C022_T024,D01,D01_S1,t_cell,24.0,train,2.3385318120554577,2.3950328494947475,-0.0565010374392898,heldout_donor
D01_S1_C023_T000,D01,D01_S1,tumor,0.0,train,0.7797801372454638,0.8092545961135539,-0.02947445886809008,heldout_donor
D01_S1_C023_T012,D01,D01_S1,tumor,12.0,train,1.3493762758047287,1.3580754223009006,-0.008699146496171872,heldout_donor
D01_S1_C023_T024,D01,D01_S1,tumor,24.0,train,2.5859738358531925,2.618404969530467,-0.03243113367727446,heldout_donor
D01_S1_C024_T000,D01,D01_S1,tumor,0.0,train,0.8567898234413222,0.8921583905052884,-0.035368567063966294,heldout_donor
D01_S1_C024_T012,D01,D01_S1,tumor,12.0,train,1.4840763315801753,1.4981573784929745,-0.014081046912799211,heldout_donor
D01_S1_C024_T024,D01,D01_S1,tumor,24.0,train,2.597908572767427,2.6416352275912622,-0.04372665482383509,heldout_donor
D01_S1_C025_T000,D01,D01_S1,t_cell,0.0,train,0.7770258382431151,0.7950387276663514,-0.01801288942323631,heldout_donor
D01_S1_C025_T012,D01,D01_S1,t_cell,12.0,train,1.4054357692679633,1.4050704743484674,0.00036529491949588433,heldout_donor
D01_S1_C025_T024,D01,D01_S1,t_cell,24.0,train,2.68084682871453,2.6861397456397036,-0.005292916925173419,heldout_donor
D01_S1_C026_T000,D01,D01_S1,fibroblast,0.0,train,0.6515043983157153,0.6408728003851596,0.01063159793055568,heldout_donor
D01_S1_C026_T012,D01,D01_S1,fibroblast,12.0,train,1.2225642809606214,1.221465440013449,0.001098840947172386,heldout_donor
D01_S1_C026_T024,D01,D01_S1,fibroblast,24.0,train,2.5659110693359115,2.5773756830558887,-0.011464613719977201,heldout_donor
D01_S1_C027_T000,D01,D01_S1,fibroblast,0.0,train,0.7053486220837089,0.6967594945365647,0.008589127547144138,heldout_donor
D01_S1_C027_T012,D01,D01_S1,fibroblast,12.0,train,1.226682070911333,1.2319553111993722,-0.005273240288039105,heldout_donor
D01_S1_C027_T024,D01,D01_S1,fibroblast,24.0,train,2.574958283137257,2.591861032084839,-0.016902748947582147,heldout_donor
D01_S1_C028_T000,D01,D01_S1,fibroblast,0.0,train,0.732985854671055,0.7367426251258963,-0.0037567704548412406,heldout_donor
D01_S1_C028_T012,D01,D01_S1,fibroblast,12.0,train,1.3574659748639046,1.3470378859297318,0.010428088934172797,heldout_donor
D01_S1_C028_T024,D01,D01_S1,fibroblast,24.0,train,2.645619556207017,2.6466746222106887,-0.0010550660036718895,heldout_donor
D01_S1_C029_T000,D01,D01_S1,macrophage,0.0,train,0.7311248152981084,0.7208621197311021,0.010262695567006208,heldout_donor
D01_S1_C029_T012,D01,D01_S1,macrophage,12.0,train,1.3096063624707033,1.308447427572758,0.001158934897945274,heldout_donor
D01_S1_C029_T024,D01,D01_S1,macrophage,24.0,train,2.587736536882413,2.6089158716363836,-0.021179334753970824,heldout_donor
D01_S1_C030_T000,D01,D01_S1,macrophage,0.0,train,0.8173532905351275,0.7556295069304699,0.06172378360465758,heldout_donor
D01_S1_C030_T012,D01,D01_S1,macrophage,12.0,train,1.3821389093126637,1.337908016925966,0.04423089238669764,heldout_donor
D01_S1_C030_T024,D01,D01_S1,macrophage,24.0,train,2.639832642150071,2.6401499822076677,-0.00031734005759664896,heldout_donor
D01_S1_C031_T000,D01,D01_S1,macrophage,0.0,train,0.7825710288036275,0.741581115981988,0.04098991282163955,heldout_donor
D01_S1_C031_T012,D01,D01_S1,macrophage,12.0,train,1.3291472768803687,1.3155656678399212,0.013581609040447473,heldout_donor
D01_S1_C031_T024,D01,D01_S1,macrophage,24.0,train,2.5630099110067266,2.581961167004021,-0.018951255997294414,heldout_donor
D01_S1_C032_T000,D01,D01_S1,vascular,0.0,train,0.614382740595769,0.6065049927719955,0.007877747823773484,heldout_donor
D01_S1_C032_T012,D01,D01_S1,vascular,12.0,train,1.148204942578041,1.1211584845358602,0.027046458042180754,heldout_donor
D01_S1_C032_T024,D01,D01_S1,vascular,24.0,train,2.448127828708301,2.4826226914549188,-0.03449486274661773,heldout_donor
D01_S1_C033_T000,D01,D01_S1,fibroblast,0.0,train,0.7772580481755615,0.7499689877483597,0.027289060427201806,heldout_donor
D01_S1_C033_T012,D01,D01_S1,fibroblast,12.0,train,1.3834165016986413,1.3764499158920747,0.006966585806566616,heldout_donor
D01_S1_C033_T024,D01,D01_S1,fibroblast,24.0,train,2.5256067125850454,2.5734310220044248,-0.04782430941937932,heldout_donor
D01_S1_C034_T000,D01,D01_S1,tumor,0.0,train,0.9074861182132341,0.9248492606202856,-0.0173631424070515,heldout_donor
D01_S1_C034_T012,D01,D01_S1,tumor,12.0,train,1.4843267286000563,1.460088738605585,0.024237989994471354,heldout_donor
D01_S1_C034_T024,D01,D01_S1,tumor,24.0,train,2.6514062595848555,2.6665311251628174,-0.015124865577961888,heldout_donor
D01_S1_C035_T000,D01,D01_S1,tumor,0.0,train,0.7887211468662377,0.828058299224574,-0.039337152358336236,heldout_donor
D01_S1_C035_T012,D01,D01_S1,tumor,12.0,train,1.3909180215599295,1.398921915551892,-0.00800389399196244,heldout_donor
D01_S1_C035_T024,D01,D01_S1,tumor,24.0,train,2.5409440256982014,2.57920575737433,-0.03826173167612845,heldout_donor
D02_S0_C000_T000,D02,D02_S0,fibroblast,0.0,train,0.5863355272056017,0.5821040618070745,0.0042314653985271455,heldout_donor
D02_S0_C000_T012,D02,D02_S0,fibroblast,12.0,train,1.0123954730003157,1.0245304604335395,-0.01213498743322372,heldout_donor
D02_S0_C000_T024,D02,D02_S0,fibroblast,24.0,train,2.3423389609193546,2.3751180949791224,-0.032779134059767845,heldout_donor
D02_S0_C001_T000,D02,D02_S0,t_cell,0.0,train,0.48871195416114865,0.5209307770176861,-0.03221882285653743,heldout_donor
D02_S0_C001_T012,D02,D02_S0,t_cell,12.0,train,0.9099227802710002,0.9313430182892269,-0.02142023801822679,heldout_donor
D02_S0_C001_T024,D02,D02_S0,t_cell,24.0,train,2.328316033401535,2.3321709362756624,-0.003854902874127486,heldout_donor
D02_S0_C002_T000,D02,D02_S0,macrophage,0.0,train,0.6309304454756177,0.6124027701258211,0.018527675349796602,heldout_donor
D02_S0_C002_T012,D02,D02_S0,macrophage,12.0,train,1.0659680974800203,1.0527366900258492,0.013231407454171062,heldout_donor
D02_S0_C002_T024,D02,D02_S0,macrophage,24.0,train,2.4362695787978454,2.4247159105929588,0.01155366820488668,heldout_donor
D02_S0_C003_T000,D02,D02_S0,fibroblast,0.0,train,0.5927042338261739,0.5682723215750587,0.024431912251115184,heldout_donor
D02_S0_C003_T012,D02,D02_S0,fibroblast,12.0,train,1.1151779663415868,1.1099677619335984,0.005210204407988472,heldout_donor
D02_S0_C003_T024,D02,D02_S0,fibroblast,24.0,train,2.466316859446724,2.4992027618828194,-0.03288590243609546,heldout_donor
D02_S0_C004_T000,D02,D02_S0,fibroblast,0.0,train,0.6344660663673647,0.6028823091124299,0.031583757254934786,heldout_donor
D02_S0_C004_T012,D02,D02_S0,fibroblast,12.0,train,1.1372946292847834,1.1266808388993537,0.010613790385429756,heldout_donor
D02_S0_C004_T024,D02,D02_S0,fibroblast,24.0,train,2.5666995483245336,2.551357559828654,0.015341988495879644,heldout_donor
D02_S0_C005_T000,D02,D02_S0,vascular,0.0,train,0.5467839431099061,0.5315920116807017,0.015191931429204386,heldout_donor
D02_S0_C005_T012,D02,D02_S0,vascular,12.0,train,1.0407050095864259,1.0288573343490195,0.011847675237406374,heldout_donor
D02_S0_C005_T024,D02,D02_S0,vascular,24.0,train,2.474642446902905,2.497153152341295,-0.022510705438389955,heldout_donor
D02_S0_C006_T000,D02,D02_S0,macrophage,0.0,train,0.5469527257651781,0.5596843964923586,-0.01273167072718051,heldout_donor
D02_S0_C006_T012,D02,D02_S0,macrophage,12.0,train,0.9815966534230732,0.9923113665536718,-0.010714713130598574,heldout_donor
D02_S0_C006_T024,D02,D02_S0,macrophage,24.0,train,2.214659540628383,2.289500577269992,-0.07484103664160902,heldout_donor
D02_S0_C007_T000,D02,D02_S0,tumor,0.0,train,0.7652718086472577,0.7790021489009346,-0.01373034025367681,heldout_donor
D02_S0_C007_T012,D02,D02_S0,tumor,12.0,train,1.3011965170841187,1.3051249432866228,-0.0039284262025041095,heldout_donor
D02_S0_C007_T024,D02,D02_S0,tumor,24.0,train,2.6278666097287102,2.6251717421731033,0.0026948675556068835,heldout_donor
D02_S0_C008_T000,D02,D02_S0,t_cell,0.0,train,0.42160716664712333,0.44283992529793925,-0.02123275865081592,heldout_donor
D02_S0_C008_T012,D02,D02_S0,t_cell,12.0,train,0.7676614158281254,0.7592574119411427,0.008404003886982703,heldout_donor
D02_S0_C008_T024,D02,D02_S0,t_cell,24.0,train,2.067727157915357,2.028398635634108,0.03932852228124872,heldout_donor
D02_S0_C009_T000,D02,D02_S0,tumor,0.0,train,0.7578252686799076,0.7810943894409312,-0.02326912076102361,heldout_donor
D02_S0_C009_T012,D02,D02_S0,tumor,12.0,train,1.2735132334767576,1.277691142480566,-0.004177909003808322,heldout_donor
D02_S0_C009_T024,D02,D02_S0,tumor,24.0,train,2.6100112333605003,2.6297295576682598,-0.01971832430775944,heldout_donor
D02_S0_C010_T000,D02,D02_S0,tumor,0.0,train,0.7937915803099402,0.8290253401824921,-0.03523375987255184,heldout_donor
D02_S0_C010_T012,D02,D02_S0,tumor,12.0,train,1.3013603256241828,1.3094502563676012,-0.00808993074341835,heldout_donor
D02_S0_C010_T024,D02,D02_S0,tumor,24.0,train,2.6066728284540353,2.610370632181096,-0.0036978037270607444,heldout_donor
D02_S0_C011_T000,D02,D02_S0,tumor,0.0,train,0.6787182316763664,0.7241590147245645,-0.0454407830481981,heldout_donor
D02_S0_C011_T012,D02,D02_S0,tumor,12.0,train,1.1690099306733046,1.1710763734263137,-0.0020664427530090457,heldout_donor
D02_S0_C011_T024,D02,D02_S0,tumor,24.0,train,2.500944582487737,2.4970576036646963,0.0038869788230408986,heldout_donor
D02_S0_C012_T000,D02,D02_S0,macrophage,0.0,train,0.7104992137222722,0.6758945287868086,0.03460468493546365,heldout_donor
D02_S0_C012_T012,D02,D02_S0,macrophage,12.0,train,1.2117386998612751,1.212062162790151,-0.0003234629288759727,heldout_donor
D02_S0_C012_T024,D02,D02_S0,macrophage,24.0,train,2.5196183466432016,2.570191992645967,-0.05057364600276548,heldout_donor
D02_S0_C013_T000,D02,D02_S0,tumor,0.0,train,0.6264934052862497,0.6711434180781909,-0.04465001279194114,heldout_donor
D02_S0_C013_T012,D02,D02_S0,tumor,12.0,train,1.0814808685776538,1.0849199607928783,-0.0034390922152245373,heldout_donor
D02_S0_C013_T024,D02,D02_S0,tumor,24.0,train,2.401977952560514,2.3798763362072726,0.022101616353241482,heldout_donor
D02_S0_C014_T000,D02,D02_S0,t_cell,0.0,train,0.4904292503550319,0.4988305917505296,-0.008401341395497697,heldout_donor
D02_S0_C014_T012,D02,D02_S0,t_cell,12.0,train,0.9153398360807881,0.9086695234727646,0.006670312608023421,heldout_donor
D02_S0_C014_T024,D02,D02_S0,t_cell,24.0,train,2.320237945537352,2.287366861137691,0.03287108439966113,heldout_donor
D02_S0_C015_T000,D02,D02_S0,tumor,0.0,train,0.88075258595897,0.8953877157420846,-0.014635129783114653,heldout_donor
D02_S0_C015_T012,D02,D02_S0,tumor,12.0,train,1.427140854187241,1.4005809533069318,0.02655990088030924,heldout_donor
D02_S0_C015_T024,D02,D02_S0,tumor,24.0,train,2.642343343337095,2.6491757916068153,-0.006832448269720182,heldout_donor
D02_S0_C016_T000,D02,D02_S0,macrophage,0.0,train,0.7351269647101043,0.6937238811887103,0.04140308352139399,heldout_donor
D02_S0_C016_T012,D02,D02_S0,macrophage,12.0,train,1.2096123878004383,1.20064930103631,0.00896308676412838,heldout_donor
D02_S0_C016_T024,D02,D02_S0,macrophage,24.0,train,2.5744585778596014,2.5890342543327467,-0.014575676473145283,heldout_donor
D02_S0_C017_T000,D02,D02_S0,macrophage,0.0,train,0.7695710320601862,0.7935618897438332,-0.02399085768364706,heldout_donor
D02_S0_C017_T012,D02,D02_S0,macrophage,12.0,train,1.275036260326114,1.3173300703569772,-0.04229381003086319,heldout_donor
D02_S0_C017_T024,D02,D02_S0,macrophage,24.0,train,2.462271195097201,2.5650330728069477,-0.10276187770974676,heldout_donor
D02_S0_C018_T000,D02,D02_S0,macrophage,0.0,train,0.764677412426373,0.7353755065336666,0.029301905892706426,heldout_donor
D02_S0_C018_T012,D02,D02_S0,macrophage,12.0,train,1.2709398094571716,1.2572460186759162,0.013693790781255322,heldout_donor
D02_S0_C018_T024,D02,D02_S0,macrophage,24.0,train,2.5799196719910262,2.590329362756211,-0.01040969076518472,heldout_donor
D02_S0_C019_T000,D02,D02_S0,tumor,0.0,train,0.6678304964070123,0.6805793870398585,-0.012748890632846233,heldout_donor
D02_S0_C019_T012,D02,D02_S0,tumor,12.0,train,1.074203681651631,1.075998836324283,-0.0017951546726520107,heldout_donor
D02_S0_C019_T024,D02,D02_S0,tumor,24.0,train,2.3919778845825967,2.381209916998122,0.010767967584474736,heldout_donor
D02_S0_C020_T000,D02,D02_S0,fibroblast,0.0,train,0.6369534967241425,0.6441233640856783,-0.007169867361535798,heldout_donor
D02_S0_C020_T012,D02,D02_S0,fibroblast,12.0,train,1.0758251537034231,1.075816825712736,8.32799068706258e-06,heldout_donor
D02_S0_C020_T024,D02,D02_S0,fibroblast,24.0,train,2.5142658356510075,2.4846664942536374,0.029599341397370083,heldout_donor
D02_S0_C021_T000,D02,D02_S0,vascular,0.0,train,0.5849124551831674,0.5776370410380655,0.0072754141451019105,heldout_donor
D02_S0_C021_T012,D02,D02_S0,vascular,12.0,train,1.051553849630574,1.0464709834506603,0.005082866179913825,heldout_donor
D02_S0_C021_T024,D02,D02_S0,vascular,24.0,train,2.523377246039416,2.5585545622161026,-0.035177316176686624,heldout_donor
D02_S0_C022_T000,D02,D02_S0,tumor,0.0,train,0.7598550460989151,0.7468615014935096,0.012993544605405472,heldout_donor
D02_S0_C022_T012,D02,D02_S0,tumor,12.0,train,1.278986141532364,1.282397829107188,-0.0034116875748240183,heldout_donor
D02_S0_C022_T024,D02,D02_S0,tumor,24.0,train,2.6354720988993217,2.618413690644706,0.017058408254615465,heldout_donor
D02_S0_C023_T000,D02,D02_S0,macrophage,0.0,train,0.5557108850752968,0.5927672913575094,-0.03705640628221263,heldout_donor
D02_S0_C023_T012,D02,D02_S0,macrophage,12.0,train,0.9378518243974971,0.9548226423778954,-0.016970817980398234,heldout_donor
D02_S0_C023_T024,D02,D02_S0,macrophage,24.0,train,2.091676673797162,2.1337022071950402,-0.04202553339787807,heldout_donor
D02_S0_C024_T000,D02,D02_S0,tumor,0.0,train,0.7569096461314214,0.799082381500814,-0.04217273536939259,heldout_donor
D02_S0_C024_T012,D02,D02_S0,tumor,12.0,train,1.220777112428548,1.2231652032845304,-0.00238809085598235,heldout_donor
D02_S0_C024_T024,D02,D02_S0,tumor,24.0,train,2.5128984358071094,2.5165165854777602,-0.003618149670650883,heldout_donor
D02_S0_C025_T000,D02,D02_S0,fibroblast,0.0,train,0.6506224467037034,0.6232865278785925,0.027335918825110883,heldout_donor
D02_S0_C025_T012,D02,D02_S0,fibroblast,12.0,train,0.9910085221326169,0.9616629218452326,0.02934560028738431,heldout_donor
D02_S0_C025_T024,D02,D02_S0,fibroblast,24.0,train,2.3703528609533726,2.3233838814619854,0.04696897949138723,heldout_donor
D02_S0_C026_T000,D02,D02_S0,macrophage,0.0,train,0.5873863844959603,0.5969473744561127,-0.009560989960152422,heldout_donor
D02_S0_C026_T012,D02,D02_S0,macrophage,12.0,train,1.029008750939477,1.0663219407417923,-0.03731318980231535,heldout_donor
D02_S0_C026_T024,D02,D02_S0,macrophage,24.0,train,2.234430063242232,2.3414110141675297,-0.10698095092529769,heldout_donor
D02_S0_C027_T000,D02,D02_S0,tumor,0.0,train,0.7976446104446651,0.8171286935322931,-0.019484083087628057,heldout_donor
D02_S0_C027_T012,D02,D02_S0,tumor,12.0,train,1.2886463907354566,1.2950480724669378,-0.006401681731481146,heldout_donor
D02_S0_C027_T024,D02,D02_S0,tumor,24.0,train,2.5575114881308045,2.5603544672576772,-0.0028429791268727023,heldout_donor
D02_S0_C028_T000,D02,D02_S0,macrophage,0.0,train,0.6663081994440416,0.6483333981085625,0.01797480133547913,heldout_donor
D02_S0_C028_T012,D02,D02_S0,macrophage,12.0,train,1.142204844668892,1.1376410379612756,0.004563806707616358,heldout_donor
D02_S0_C028_T024,D02,D02_S0,macrophage,24.0,train,2.4864799000009015,2.476928287584294,0.009551612416607291,heldout_donor
D02_S0_C029_T000,D02,D02_S0,tumor,0.0,train,0.7560180603053235,0.7879000571384883,-0.03188199683316484,heldout_donor
D02_S0_C029_T012,D02,D02_S0,tumor,12.0,train,1.216024858340987,1.2091821302320442,0.006842728108942708,heldout_donor
D02_S0_C029_T024,D02,D02_S0,tumor,24.0,train,2.570665885896702,2.545164898273347,0.025500987623355176,heldout_donor
D02_S0_C030_T000,D02,D02_S0,tumor,0.0,train,0.7802226921928609,0.7996072357591937,-0.01938454356633279,heldout_donor
D02_S0_C030_T012,D02,D02_S0,tumor,12.0,train,1.2565480342536708,1.2547011371948846,0.0018468970587861566,heldout_donor
D02_S0_C030_T024,D02,D02_S0,tumor,24.0,train,2.617999281410693,2.6225906568115467,-0.004591375400853526,heldout_donor
D02_S0_C031_T000,D02,D02_S0,t_cell,0.0,train,0.5574401312844516,0.5807388352971161,-0.02329870401266454,heldout_donor
D02_S0_C031_T012,D02,D02_S0,t_cell,12.0,train,1.0699717310838412,1.0806299257904581,-0.010658194706616886,heldout_donor
D02_S0_C031_T024,D02,D02_S0,t_cell,24.0,train,2.573180800785153,2.5694797870832127,0.0037010137019404254,heldout_donor
D02_S0_C032_T000,D02,D02_S0,tumor,0.0,train,0.8221541825389279,0.8600655394637436,-0.03791135692481573,heldout_donor
D02_S0_C032_T012,D02,D02_S0,tumor,12.0,train,1.2677627736680952,1.2742386762850253,-0.006475902616930096,heldout_donor
D02_S0_C032_T024,D02,D02_S0,tumor,24.0,train,2.5976907177074167,2.599278187689825,-0.0015874699824083294,heldout_donor
D02_S0_C033_T000,D02,D02_S0,fibroblast,0.0,train,0.5935743001590856,0.5819800684099664,0.011594231749119221,heldout_donor
D02_S0_C033_T012,D02,D02_S0,fibroblast,12.0,train,1.0702045752810951,1.0746874805078723,-0.00448290522677719,heldout_donor
D02_S0_C033_T024,D02,D02_S0,fibroblast,24.0,train,2.433142959310539,2.4306121169159876,0.002530842394551591,heldout_donor
D02_S0_C034_T000,D02,D02_S0,fibroblast,0.0,train,0.5809330057829073,0.6209526847279127,-0.040019678945005355,heldout_donor
D02_S0_C034_T012,D02,D02_S0,fibroblast,12.0,train,1.0102321106417194,1.0542706264136874,-0.044038515771968045,heldout_donor
D02_S0_C034_T024,D02,D02_S0,fibroblast,24.0,train,2.248741352093134,2.373063334313181,-0.12432198222004676,heldout_donor
D02_S0_C035_T000,D02,D02_S0,macrophage,0.0,train,0.6650573906640728,0.606565986818141,0.058491403845931766,heldout_donor
D02_S0_C035_T012,D02,D02_S0,macrophage,12.0,train,1.1887251373800831,1.1731624785401495,0.015562658839933574,heldout_donor
D02_S0_C035_T024,D02,D02_S0,macrophage,24.0,train,2.5680815912001074,2.5708769923629586,-0.002795401162851263,heldout_donor
D02_S1_C000_T000,D02,D02_S1,tumor,0.0,train,0.7585435272104764,0.7683866226079349,-0.009843095397458534,heldout_donor
D02_S1_C000_T012,D02,D02_S1,tumor,12.0,train,1.2378350810742724,1.2224017727473044,0.015433308326967987,heldout_donor
D02_S1_C000_T024,D02,D02_S1,tumor,24.0,train,2.5623536598192502,2.5648463416024487,-0.0024926817831985026,heldout_donor
D02_S1_C001_T000,D02,D02_S1,fibroblast,0.0,train,0.7319544104820245,0.7159521645937983,0.016002245888226185,heldout_donor
D02_S1_C001_T012,D02,D02_S1,fibroblast,12.0,train,1.2306771629094528,1.233260874134521,-0.002583711225068175,heldout_donor
D02_S1_C001_T024,D02,D02_S1,fibroblast,24.0,train,2.618370515623871,2.6011682266625886,0.017202288961282175,heldout_donor
D02_S1_C002_T000,D02,D02_S1,vascular,0.0,train,0.5308066058982682,0.5616904864477084,-0.030883880549440135,heldout_donor
D02_S1_C002_T012,D02,D02_S1,vascular,12.0,train,0.9743005025806758,0.9908033855897774,-0.016502883009101632,heldout_donor
D02_S1_C002_T024,D02,D02_S1,vascular,24.0,train,2.4588900130536016,2.4965001342547413,-0.03761012120113971,heldout_donor
D02_S1_C003_T000,D02,D02_S1,tumor,0.0,train,0.6633268862987456,0.6782074490180456,-0.01488056271930005,heldout_donor
D02_S1_C003_T012,D02,D02_S1,tumor,12.0,train,1.150091366412994,1.1370474603757121,0.013043906037281783,heldout_donor
D02_S1_C003_T024,D02,D02_S1,tumor,24.0,train,2.4754696308127797,2.4658278742864828,0.009641756526296952,heldout_donor
D02_S1_C004_T000,D02,D02_S1,fibroblast,0.0,train,0.5991972686068664,0.5790172994105385,0.020179969196327918,heldout_donor
D02_S1_C004_T012,D02,D02_S1,fibroblast,12.0,train,1.065587799647829,1.049025642240475,0.016562157407354006,heldout_donor
D02_S1_C004_T024,D02,D02_S1,fibroblast,24.0,train,2.4808443066971555,2.4666494724560484,0.014194834241107124,heldout_donor
D02_S1_C005_T000,D02,D02_S1,tumor,0.0,train,0.6466384030666612,0.6720495163848413,-0.025411113318180134,heldout_donor
D02_S1_C005_T012,D02,D02_S1,tumor,12.0,train,1.131756735818237,1.1375187577247068,-0.005762021906469794,heldout_donor
D02_S1_C005_T024,D02,D02_S1,tumor,24.0,train,2.4518041634690007,2.4619897816386866,-0.010185618169685995,heldout_donor
D02_S1_C006_T000,D02,D02_S1,tumor,0.0,train,0.7410498614016026,0.7759553309796187,-0.0349054695780161,heldout_donor
D02_S1_C006_T012,D02,D02_S1,tumor,12.0,train,1.2358867055672083,1.2472355346231532,-0.01134882905594492,heldout_donor
D02_S1_C006_T024,D02,D02_S1,tumor,24.0,train,2.535106355095723,2.5213971425405775,0.013709212555145456,heldout_donor
D02_S1_C007_T000,D02,D02_S1,macrophage,0.0,train,0.7381943481117914,0.6909666001932958,0.0472277479184956,heldout_donor
D02_S1_C007_T012,D02,D02_S1,macrophage,12.0,train,1.2334901235553397,1.1902385091690812,0.04325161438625846,heldout_donor
D02_S1_C007_T024,D02,D02_S1,macrophage,24.0,train,2.5536800604285794,2.534556108268696,0.019123952159883384,heldout_donor
D02_S1_C008_T000,D02,D02_S1,fibroblast,0.0,train,0.6560913005336295,0.6215143380935448,0.03457696244008468,heldout_donor
D02_S1_C008_T012,D02,D02_S1,fibroblast,12.0,train,1.0300252940056258,1.013727627234417,0.01629766677120892,heldout_donor
D02_S1_C008_T024,D02,D02_S1,fibroblast,24.0,train,2.405515838967229,2.4292677027903866,-0.02375186382315775,heldout_donor
D02_S1_C009_T000,D02,D02_S1,tumor,0.0,train,0.738916672421269,0.7756518333719141,-0.03673516095064511,heldout_donor
D02_S1_C009_T012,D02,D02_S1,tumor,12.0,train,1.2222837500167398,1.2344191819579922,-0.012135431941252328,heldout_donor
D02_S1_C009_T024,D02,D02_S1,tumor,24.0,train,2.5407625417679287,2.52412355435837,0.016638987409558492,heldout_donor
D02_S1_C010_T000,D02,D02_S1,t_cell,0.0,train,0.5381874398972212,0.5691636398486807,-0.030976199951459504,heldout_donor
D02_S1_C010_T012,D02,D02_S1,t_cell,12.0,train,0.9603752059525645,0.9591030410658895,0.0012721648866750312,heldout_donor
D02_S1_C010_T024,D02,D02_S1,t_cell,24.0,train,2.3848036647609283,2.382750394542116,0.0020532702188122975,heldout_donor
D02_S1_C011_T000,D02,D02_S1,vascular,0.0,train,0.47071261709255413,0.48423659090742643,-0.013523973814872303,heldout_donor
D02_S1_C011_T012,D02,D02_S1,vascular,12.0,train,0.8930229268275903,0.8773323435788326,0.015690583248757717,heldout_donor
D02_S1_C011_T024,D02,D02_S1,vascular,24.0,train,2.282632693110774,2.28296831830754,-0.00033562519676610947,heldout_donor
D02_S1_C012_T000,D02,D02_S1,tumor,0.0,train,0.7996143853769258,0.8174594018792928,-0.017845016502367028,heldout_donor
D02_S1_C012_T012,D02,D02_S1,tumor,12.0,train,1.2971997748902122,1.3000434876086588,-0.0028437127184466338,heldout_donor
D02_S1_C012_T024,D02,D02_S1,tumor,24.0,train,2.5505917115398584,2.5922122963435847,-0.041620584803726324,heldout_donor
D02_S1_C013_T000,D02,D02_S1,macrophage,0.0,train,0.6792931929619072,0.6442704436134435,0.03502274934846361,heldout_donor
D02_S1_C013_T012,D02,D02_S1,macrophage,12.0,train,1.1603500372318858,1.1508519896937857,0.00949804753810013,heldout_donor
D02_S1_C013_T024,D02,D02_S1,macrophage,24.0,train,2.5052195638141668,2.50986977011499,-0.004650206300823356,heldout_donor
D02_S1_C014_T000,D02,D02_S1,t_cell,0.0,train,0.5060904652852183,0.4976608416621823,0.008429623623036009,heldout_donor
D02_S1_C014_T012,D02,D02_S1,t_cell,12.0,train,0.9304334202961233,0.9050423412113108,0.02539107908481253,heldout_donor
D02_S1_C014_T024,D02,D02_S1,t_cell,24.0,train,2.4123135888468146,2.364438814120995,0.04787477472581969,heldout_donor
D02_S1_C015_T000,D02,D02_S1,tumor,0.0,train,0.7091668966943032,0.7566200560758062,-0.04745315938150296,heldout_donor
D02_S1_C015_T012,D02,D02_S1,tumor,12.0,train,1.161178442278927,1.1640743126799558,-0.0028958704010286773,heldout_donor
D02_S1_C015_T024,D02,D02_S1,tumor,24.0,train,2.5014496597134777,2.4817674332706687,0.019682226442808926,heldout_donor
D02_S1_C016_T000,D02,D02_S1,t_cell,0.0,train,0.573353915396957,0.5899341155974349,-0.0165802002004779,heldout_donor
D02_S1_C016_T012,D02,D02_S1,t_cell,12.0,train,1.0394969370083562,1.0554149373059623,-0.01591800029760604,heldout_donor
D02_S1_C016_T024,D02,D02_S1,t_cell,24.0,train,2.453308948233284,2.44668813234622,0.00662081588706398,heldout_donor
D02_S1_C017_T000,D02,D02_S1,macrophage,0.0,train,0.6583993085565379,0.6024907637314245,0.055908544825113426,heldout_donor
D02_S1_C017_T012,D02,D02_S1,macrophage,12.0,train,1.1220548115933726,1.0986333672441844,0.023421444349188247,heldout_donor
D02_S1_C017_T024,D02,D02_S1,macrophage,24.0,train,2.4992186663566454,2.4559430401504025,0.04327562620624281,heldout_donor
D02_S1_C018_T000,D02,D02_S1,vascular,0.0,train,0.5166208974899414,0.5329269506571614,-0.016306053167220003,heldout_donor
D02_S1_C018_T012,D02,D02_S1,vascular,12.0,train,0.9153296442764055,0.9174772734559162,-0.002147629179510724,heldout_donor
D02_S1_C018_T024,D02,D02_S1,vascular,24.0,train,2.2737697797637826,2.2861332480364167,-0.012363468272634126,heldout_donor
D02_S1_C019_T000,D02,D02_S1,tumor,0.0,train,0.7838340023110693,0.8228898960989101,-0.0390558937878408,heldout_donor
D02_S1_C019_T012,D02,D02_S1,tumor,12.0,train,1.3064504680719349,1.3299876729615956,-0.023537204889660712,heldout_donor
D02_S1_C019_T024,D02,D02_S1,tumor,24.0,train,2.5434012253624183,2.5739470920155876,-0.030545866653169274,heldout_donor
D02_S1_C020_T000,D02,D02_S1,tumor,0.0,train,0.7059336918917377,0.6909463998516454,0.014987292040092304,heldout_donor
D02_S1_C020_T012,D02,D02_S1,tumor,12.0,train,1.117654872034636,1.1114849835668876,0.006169888467748352,heldout_donor
D02_S1_C020_T024,D02,D02_S1,tumor,24.0,train,2.4728327600110442,2.4870059792780643,-0.014173219267020087,heldout_donor
D02_S1_C021_T000,D02,D02_S1,tumor,0.0,train,0.7207566116042702,0.7479322782710773,-0.027175666666807152,heldout_donor
D02_S1_C021_T012,D02,D02_S1,tumor,12.0,train,1.1995831771115646,1.200357325003699,-0.0007741478921343692,heldout_donor
D02_S1_C021_T024,D02,D02_S1,tumor,24.0,train,2.556192476178669,2.5677628942177506,-0.011570418039081432,heldout_donor
D02_S1_C022_T000,D02,D02_S1,vascular,0.0,train,0.5317993511163445,0.5624056814737397,-0.03060633035739524,heldout_donor
D02_S1_C022_T012,D02,D02_S1,vascular,12.0,train,1.0203692994936329,1.0242928019744786,-0.00392350248084572,heldout_donor
D02_S1_C022_T024,D02,D02_S1,vascular,24.0,train,2.4978053579298973,2.4863124492071864,0.011492908722710915,heldout_donor
D02_S1_C023_T000,D02,D02_S1,tumor,0.0,train,0.6888715242622252,0.7203461593721093,-0.03147463510988413,heldout_donor
D02_S1_C023_T012,D02,D02_S1,tumor,12.0,train,1.181394098736951,1.1827572903473533,-0.0013631916104024366,heldout_donor
D02_S1_C023_T024,D02,D02_S1,tumor,24.0,train,2.5032306389656958,2.4929214073211763,0.010309231644519468,heldout_donor
D02_S1_C024_T000,D02,D02_S1,t_cell,0.0,train,0.43687563183385036,0.4660770625142715,-0.029201430680421137,heldout_donor
D02_S1_C024_T012,D02,D02_S1,t_cell,12.0,train,0.8033385936064036,0.8185030641041068,-0.015164470497703197,heldout_donor
D02_S1_C024_T024,D02,D02_S1,t_cell,24.0,train,2.1413213756914637,2.1866783669721905,-0.04535699128072679,heldout_donor
D02_S1_C025_T000,D02,D02_S1,vascular,0.0,train,0.6214808423965963,0.6327027131519467,-0.011221870755350416,heldout_donor
D02_S1_C025_T012,D02,D02_S1,vascular,12.0,train,1.0867822248429686,1.0991236765761798,-0.012341451733211217,heldout_donor
D02_S1_C025_T024,D02,D02_S1,vascular,24.0,train,2.51280736937175,2.5099889765596894,0.002818392812060644,heldout_donor
D02_S1_C026_T000,D02,D02_S1,vascular,0.0,train,0.5256819553551028,0.5189234327411897,0.006758522613913076,heldout_donor
D02_S1_C026_T012,D02,D02_S1,vascular,12.0,train,0.9915370454883409,0.994574902379662,-0.003037856891321078,heldout_donor
D02_S1_C026_T024,D02,D02_S1,vascular,24.0,train,2.4380972086824526,2.4702192717330247,-0.03212206305057208,heldout_donor
D02_S1_C027_T000,D02,D02_S1,t_cell,0.0,train,0.5845271817741335,0.6125517731082654,-0.02802459133413182,heldout_donor
D02_S1_C027_T012,D02,D02_S1,t_cell,12.0,train,1.0014098843626515,1.0143116091592723,-0.012901724796620773,heldout_donor
D02_S1_C027_T024,D02,D02_S1,t_cell,24.0,train,2.4232930423156804,2.4423600145046223,-0.019066972188941822,heldout_donor
D02_S1_C028_T000,D02,D02_S1,tumor,0.0,train,0.7598013836070493,0.753146705740112,0.0066546778669372975,heldout_donor
D02_S1_C028_T012,D02,D02_S1,tumor,12.0,train,1.2865239726102538,1.297873032731539,-0.011349060121285337,heldout_donor
D02_S1_C028_T024,D02,D02_S1,tumor,24.0,train,2.5289796586066333,2.554240382530672,-0.025260723924038775,heldout_donor
D02_S1_C029_T000,D02,D02_S1,tumor,0.0,train,0.8466075052922973,0.8817249671280121,-0.035117461835714736,heldout_donor
D02_S1_C029_T012,D02,D02_S1,tumor,12.0,train,1.3321688066584303,1.3272283174345763,0.004940489223854039,heldout_donor
D02_S1_C029_T024,D02,D02_S1,tumor,24.0,train,2.568662203958704,2.6083622084720504,-0.03970000451334643,heldout_donor
D02_S1_C030_T000,D02,D02_S1,t_cell,0.0,train,0.5554690780869339,0.5908043418254115,-0.03533526373847762,heldout_donor
D02_S1_C030_T012,D02,D02_S1,t_cell,12.0,train,1.065067608610472,1.0785972402832453,-0.013529631672773323,heldout_donor
D02_S1_C030_T024,D02,D02_S1,t_cell,24.0,train,2.472566490257567,2.436070335096614,0.03649615516095306,heldout_donor
D02_S1_C031_T000,D02,D02_S1,fibroblast,0.0,train,0.5480730540123125,0.5025067410672677,0.04556631294504487,heldout_donor
D02_S1_C031_T012,D02,D02_S1,fibroblast,12.0,train,0.9906186541581328,0.9719720112409324,0.018646642917200418,heldout_donor
D02_S1_C031_T024,D02,D02_S1,fibroblast,24.0,train,2.3663290644802344,2.3629159099928976,0.0034131544873368114,heldout_donor
D02_S1_C032_T000,D02,D02_S1,t_cell,0.0,train,0.527123790497103,0.5298355754282721,-0.002711784931169081,heldout_donor
D02_S1_C032_T012,D02,D02_S1,t_cell,12.0,train,0.9651700361549942,0.9780739702629411,-0.01290393410794688,heldout_donor
D02_S1_C032_T024,D02,D02_S1,t_cell,24.0,train,2.485553474828332,2.5193823001662063,-0.033828825337874235,heldout_donor
D02_S1_C033_T000,D02,D02_S1,tumor,0.0,train,0.797257977664362,0.7839675485095293,0.013290429154832695,heldout_donor
D02_S1_C033_T012,D02,D02_S1,tumor,12.0,train,1.306562497659993,1.2844793813864286,0.022083116273564407,heldout_donor
D02_S1_C033_T024,D02,D02_S1,tumor,24.0,train,2.5685697295280865,2.572810629695042,-0.004240900166955441,heldout_donor
D02_S1_C034_T000,D02,D02_S1,t_cell,0.0,train,0.6249149118350339,0.6644200441007193,-0.039505132265685416,heldout_donor
D02_S1_C034_T012,D02,D02_S1,t_cell,12.0,train,1.1522434296287938,1.1833359112756956,-0.031092481646901815,heldout_donor
D02_S1_C034_T024,D02,D02_S1,t_cell,24.0,train,2.566371478113824,2.5888249530947935,-0.022453474980969723,heldout_donor
D02_S1_C035_T000,D02,D02_S1,vascular,0.0,train,0.5242803297904804,0.5091266003464858,0.015153729443994624,heldout_donor
D02_S1_C035_T012,D02,D02_S1,vascular,12.0,train,0.9212194894497657,0.9105057218674875,0.010713767582278266,heldout_donor
D02_S1_C035_T024,D02,D02_S1,vascular,24.0,train,2.3497884929150037,2.3425469122133764,0.0072415807016272815,heldout_donor
D03_S0_C000_T000,D03,D03_S0,fibroblast,0.0,train,0.7803659861335086,0.7467844071549083,0.03358157897860026,heldout_donor
D03_S0_C000_T012,D03,D03_S0,fibroblast,12.0,train,1.341119504775664,1.3117219960866195,0.02939750868904456,heldout_donor
D03_S0_C000_T024,D03,D03_S0,fibroblast,24.0,train,2.670025556970026,2.6479535576727615,0.022071999297264444,heldout_donor
D03_S0_C001_T000,D03,D03_S0,t_cell,0.0,train,0.669672960415147,0.6462582746114006,0.023414685803746393,heldout_donor
D03_S0_C001_T012,D03,D03_S0,t_cell,12.0,train,1.265919557587403,1.230706928814926,0.035212628772476995,heldout_donor
D03_S0_C001_T024,D03,D03_S0,t_cell,24.0,train,2.6013761746910413,2.539222640912636,0.06215353377840538,heldout_donor
D03_S0_C002_T000,D03,D03_S0,fibroblast,0.0,train,0.7650439450977473,0.7205753401129756,0.044468604984771676,heldout_donor
D03_S0_C002_T012,D03,D03_S0,fibroblast,12.0,train,1.3429160773161046,1.3087515547920825,0.034164522524022134,heldout_donor
D03_S0_C002_T024,D03,D03_S0,fibroblast,24.0,train,2.6396560806341256,2.6322452549304987,0.007410825703626944,heldout_donor
D03_S0_C003_T000,D03,D03_S0,macrophage,0.0,train,0.7018922605928134,0.6341799954422888,0.06771226515052464,heldout_donor
D03_S0_C003_T012,D03,D03_S0,macrophage,12.0,train,1.1867229183150723,1.1564333771589865,0.03028954115608573,heldout_donor
D03_S0_C003_T024,D03,D03_S0,macrophage,24.0,train,2.596456899395122,2.5995161773558295,-0.003059277960707707,heldout_donor
D03_S0_C004_T000,D03,D03_S0,t_cell,0.0,train,0.6946777099664105,0.6848092653056461,0.00986844466076442,heldout_donor
D03_S0_C004_T012,D03,D03_S0,t_cell,12.0,train,1.3101089059651125,1.286755698339345,0.023353207625767425,heldout_donor
D03_S0_C004_T024,D03,D03_S0,t_cell,24.0,train,2.618956546374275,2.5823551502774262,0.03660139609684876,heldout_donor
D03_S0_C005_T000,D03,D03_S0,macrophage,0.0,train,0.6393602194103857,0.6239773870355741,0.015382832374811528,heldout_donor
D03_S0_C005_T012,D03,D03_S0,macrophage,12.0,train,1.0824553551440637,1.0688676362882301,0.013587718855833542,heldout_donor
D03_S0_C005_T024,D03,D03_S0,macrophage,24.0,train,2.31697015336233,2.3048691144960607,0.012101038866269231,heldout_donor
D03_S0_C006_T000,D03,D03_S0,tumor,0.0,train,0.8727737904251839,0.8910326907493563,-0.018258900324172433,heldout_donor
D03_S0_C006_T012,D03,D03_S0,tumor,12.0,train,1.4652981312602529,1.4719701430001202,-0.006672011739867312,heldout_donor
D03_S0_C006_T024,D03,D03_S0,tumor,24.0,train,2.677374737934595,2.696157345975285,-0.018782608040689652,heldout_donor
D03_S0_C007_T000,D03,D03_S0,tumor,0.0,train,0.8083925779620141,0.831534319892133,-0.023141741930118864,heldout_donor
D03_S0_C007_T012,D03,D03_S0,tumor,12.0,train,1.3754454715791777,1.3646528713328314,0.010792600246346318,heldout_donor
D03_S0_C007_T024,D03,D03_S0,tumor,24.0,train,2.615702218297663,2.6069284010837963,0.008773817213866497,heldout_donor
D03_S0_C008_T000,D03,D03_S0,fibroblast,0.0,train,0.6969034754901007,0.6504245508565363,0.0464789246335644,heldout_donor
D03_S0_C008_T012,D03,D03_S0,fibroblast,12.0,train,1.2737576617237099,1.2461186751028273,0.0276389866208826,heldout_donor
D03_S0_C008_T024,D03,D03_S0,fibroblast,24.0,train,2.6210975188095404,2.5910461026349836,0.030051416174556866,heldout_donor
D03_S0_C009_T000,D03,D03_S0,macrophage,0.0,train,0.8132983765282227,0.8183052588357195,-0.005006882307496796,heldout_donor
D03_S0_C009_T012,D03,D03_S0,macrophage,12.0,train,1.3443216476669402,1.3289310401035013,0.015390607563438907,heldout_donor
D03_S0_C009_T024,D03,D03_S0,macrophage,24.0,train,2.638444739375445,2.6369211534417514,0.0015235859336937274,heldout_donor
D03_S0_C010_T000,D03,D03_S0,t_cell,0.0,train,0.5747014459250758,0.5964367551029983,-0.021735309177922546,heldout_donor
D03_S0_C010_T012,D03,D03_S0,t_cell,12.0,train,1.1391876705871322,1.1375136070383653,0.0016740635487668687,heldout_donor
D03_S0_C010_T024,D03,D03_S0,t_cell,24.0,train,2.566021022906015,2.5115136557109814,0.054507367195033574,heldout_donor
D03_S0_C011_T000,D03,D03_S0,tumor,0.0,train,0.875996382071259,0.8522791172894099,0.0237172647818491,heldout_donor
D03_S0_C011_T012,D03,D03_S0,tumor,12.0,train,1.4755830201743632,1.4421304734702516,0.033452546704111574,heldout_donor
D03_S0_C011_T024,D03,D03_S0,tumor,24.0,train,2.679095473587297,2.6921141041405656,-0.013018630553268462,heldout_donor
D03_S0_C012_T000,D03,D03_S0,tumor,0.0,train,0.8646505495412328,0.8975198358316533,-0.03286928629042052,heldout_donor
D03_S0_C012_T012,D03,D03_S0,tumor,12.0,train,1.4539426120952121,1.4499827947996449,0.0039598172955672695,heldout_donor
D03_S0_C012_T024,D03,D03_S0,tumor,24.0,train,2.6610837132881104,2.6685549844302217,-0.007471271142111213,heldout_donor
D03_S0_C013_T000,D03,D03_S0,t_cell,0.0,train,0.7437839978184109,0.7684758757826611,-0.02469187796425021,heldout_donor
D03_S0_C013_T012,D03,D03_S0,t_cell,12.0,train,1.3677521354410511,1.3652095949333976,0.002542540507653568,heldout_donor
D03_S0_C013_T024,D03,D03_S0,t_cell,24.0,train,2.6584183763693683,2.6343355008180134,0.02408287555135491,heldout_donor
D03_S0_C014_T000,D03,D03_S0,tumor,0.0,train,0.806927509542146,0.8296654872243192,-0.022737977682173227,heldout_donor
D03_S0_C014_T012,D03,D03_S0,tumor,12.0,train,1.328366680947684,1.3365503782483472,-0.008183697300663262,heldout_donor
D03_S0_C014_T024,D03,D03_S0,tumor,24.0,train,2.6066950466846683,2.5985928189501446,0.008102227734523737,heldout_donor
D03_S0_C015_T000,D03,D03_S0,macrophage,0.0,train,0.7945730350971583,0.7481364617052173,0.04643657339194096,heldout_donor
D03_S0_C015_T012,D03,D03_S0,macrophage,12.0,train,1.3208755984957825,1.3118039232477061,0.009071675248076394,heldout_donor
D03_S0_C015_T024,D03,D03_S0,macrophage,24.0,train,2.550986255428256,2.6117618107289564,-0.06077555530070056,heldout_donor
D03_S0_C016_T000,D03,D03_S0,t_cell,0.0,train,0.5327698758288024,0.5889579903177609,-0.05618811448895844,heldout_donor
D03_S0_C016_T012,D03,D03_S0,t_cell,12.0,train,1.0494006973960395,1.0725736885686215,-0.02317299117258198,heldout_donor
D03_S0_C016_T024,D03,D03_S0,t_cell,24.0,train,2.4710171109335124,2.4778275763940822,-0.006810465460569848,heldout_donor
D03_S0_C017_T000,D03,D03_S0,macrophage,0.0,train,0.7788478681990723,0.7268566149759278,0.05199125322314446,heldout_donor
D03_S0_C017_T012,D03,D03_S0,macrophage,12.0,train,1.3571231217486708,1.3342209614621672,0.022902160286503603,heldout_donor
D03_S0_C017_T024,D03,D03_S0,macrophage,24.0,train,2.6243458206431556,2.612797318469356,0.011548502173799768,heldout_donor
D03_S0_C018_T000,D03,D03_S0,vascular,0.0,train,0.5993347951242628,0.654953436230496,-0.05561864110623316,heldout_donor
D03_S0_C018_T012,D03,D03_S0,vascular,12.0,train,1.1114336803711968,1.1676089323430383,-0.05617525197184148,heldout_donor
D03_S0_C018_T024,D03,D03_S0,vascular,24.0,train,2.457530368772009,2.5447174420405587,-0.08718707326854958,heldout_donor
D03_S0_C019_T000,D03,D03_S0,fibroblast,0.0,train,0.662877175814319,0.668920747641925,-0.006043571827605954,heldout_donor
D03_S0_C019_T012,D03,D03_S0,fibroblast,12.0,train,1.2399248431954943,1.24631781935592,-0.006392976160425556,heldout_donor
D03_S0_C019_T024,D03,D03_S0,fibroblast,24.0,train,2.656922237293219,2.651935917693919,0.004986319599300071,heldout_donor
D03_S0_C020_T000,D03,D03_S0,fibroblast,0.0,train,0.743397180345156,0.7073937815910666,0.03600339875408942,heldout_donor
D03_S0_C020_T012,D03,D03_S0,fibroblast,12.0,train,1.3400051718736348,1.319389104225789,0.020616067647845737,heldout_donor
D03_S0_C020_T024,D03,D03_S0,fibroblast,24.0,train,2.677232818396314,2.6742407306708347,0.002992087725479209,heldout_donor
D03_S0_C021_T000,D03,D03_S0,tumor,0.0,train,0.8418865822592753,0.8642878554707785,-0.022401273211503203,heldout_donor
D03_S0_C021_T012,D03,D03_S0,tumor,12.0,train,1.4818191868635637,1.4929862035289796,-0.011167016665415863,heldout_donor
D03_S0_C021_T024,D03,D03_S0,tumor,24.0,train,2.6388445726441674,2.663218791717992,-0.024374219073824754,heldout_donor
D03_S0_C022_T000,D03,D03_S0,fibroblast,0.0,train,0.5754569520327415,0.6119149935107341,-0.03645804147799259,heldout_donor
D03_S0_C022_T012,D03,D03_S0,fibroblast,12.0,train,0.9999573476807697,1.0221275341902918,-0.022170186509522072,heldout_donor
D03_S0_C022_T024,D03,D03_S0,fibroblast,24.0,train,2.2528311066860978,2.2916678356234366,-0.038836728937338805,heldout_donor
D03_S0_C023_T000,D03,D03_S0,t_cell,0.0,train,0.634926083283581,0.6646714563849933,-0.02974537310141223,heldout_donor
D03_S0_C023_T012,D03,D03_S0,t_cell,12.0,train,1.1981900238439591,1.203581814894282,-0.005391791050322947,heldout_donor
D03_S0_C023_T024,D03,D03_S0,t_cell,24.0,train,2.572533065595957,2.5603449748142424,0.012188090781714678,heldout_donor
D03_S0_C024_T000,D03,D03_S0,tumor,0.0,train,0.8373957015687519,0.8660764267350244,-0.028680725166272514,heldout_donor
D03_S0_C024_T012,D03,D03_S0,tumor,12.0,train,1.4159844422876748,1.4202122707457634,-0.004227828458088556,heldout_donor
D03_S0_C024_T024,D03,D03_S0,tumor,24.0,train,2.6572470554749654,2.690126909574032,-0.03287985409906646,heldout_donor
D03_S0_C025_T000,D03,D03_S0,t_cell,0.0,train,0.6173202918630426,0.6507577325455498,-0.0334374406825072,heldout_donor
D03_S0_C025_T012,D03,D03_S0,t_cell,12.0,train,1.1499556402379238,1.156963450671402,-0.00700781043347809,heldout_donor
D03_S0_C025_T024,D03,D03_S0,t_cell,24.0,train,2.535437825601305,2.515975504162904,0.019462321438401098,heldout_donor
D03_S0_C026_T000,D03,D03_S0,tumor,0.0,train,0.802960949117335,0.8560315452387595,-0.05307059612142451,heldout_donor
D03_S0_C026_T012,D03,D03_S0,tumor,12.0,train,1.429850426540087,1.4421318079465788,-0.01228138140649171,heldout_donor
D03_S0_C026_T024,D03,D03_S0,tumor,24.0,train,2.6119579316849326,2.648653805667273,-0.0366958739823402,heldout_donor
D03_S0_C027_T000,D03,D03_S0,tumor,0.0,train,0.9276174253125654,0.8988888161187575,0.02872860919380793,heldout_donor
D03_S0_C027_T012,D03,D03_S0,tumor,12.0,train,1.5498596107587297,1.507244668207153,0.04261494255157672,heldout_donor
D03_S0_C027_T024,D03,D03_S0,tumor,24.0,train,2.7003984640241554,2.7277381541458694,-0.027339690121714,heldout_donor
D03_S0_C028_T000,D03,D03_S0,macrophage,0.0,train,0.7155777406281063,0.6829251598293057,0.03265258079880062,heldout_donor
D03_S0_C028_T012,D03,D03_S0,macrophage,12.0,train,1.2518488037515472,1.2244421423755547,0.027406661375992458,heldout_donor
D03_S0_C028_T024,D03,D03_S0,macrophage,24.0,train,2.625915002245847,2.585014368090241,0.040900634155605964,heldout_donor
D03_S0_C029_T000,D03,D03_S0,tumor,0.0,train,0.8535986798827851,0.8973039482304062,-0.04370526834762101,heldout_donor
D03_S0_C029_T012,D03,D03_S0,tumor,12.0,train,1.4472462422929784,1.441042053492483,0.006204188800495336,heldout_donor
D03_S0_C029_T024,D03,D03_S0,tumor,24.0,train,2.610938127407094,2.6301225042726464,-0.01918437686555219,heldout_donor
D03_S0_C030_T000,D03,D03_S0,fibroblast,0.0,train,0.7215761755514026,0.6866626209938458,0.03491355455755685,heldout_donor
D03_S0_C030_T012,D03,D03_S0,fibroblast,12.0,train,1.3036657733557295,1.28312167694827,0.020544096407459467,heldout_donor
D03_S0_C030_T024,D03,D03_S0,fibroblast,24.0,train,2.634760650760492,2.610141845263255,0.02461880549723716,heldout_donor
D03_S0_C031_T000,D03,D03_S0,tumor,0.0,train,0.870313419279512,0.886357870944503,-0.016044451664991022,heldout_donor
D03_S0_C031_T012,D03,D03_S0,tumor,12.0,train,1.462835177368579,1.4664896363003652,-0.0036544589317861753,heldout_donor
D03_S0_C031_T024,D03,D03_S0,tumor,24.0,train,2.6675157400936063,2.6990179280156057,-0.031502187921999436,heldout_donor
D03_S0_C032_T000,D03,D03_S0,macrophage,0.0,train,0.8070674807675438,0.7657779833029861,0.04128949746455768,heldout_donor
D03_S0_C032_T012,D03,D03_S0,macrophage,12.0,train,1.3901872538893965,1.3684466468115226,0.02174060707787384,heldout_donor
D03_S0_C032_T024,D03,D03_S0,macrophage,24.0,train,2.6331536608149118,2.610394955794066,0.02275870502084576,heldout_donor
D03_S0_C033_T000,D03,D03_S0,tumor,0.0,train,0.8689322957451556,0.8778551423522987,-0.008922846607143042,heldout_donor
D03_S0_C033_T012,D03,D03_S0,tumor,12.0,train,1.4615165510334913,1.4545942741177487,0.006922276915742653,heldout_donor
D03_S0_C033_T024,D03,D03_S0,tumor,24.0,train,2.698840769164669,2.7284390084197248,-0.02959823925505578,heldout_donor
D03_S0_C034_T000,D03,D03_S0,tumor,0.0,train,0.809629267563879,0.8625601844898791,-0.05293091692600016,heldout_donor
D03_S0_C034_T012,D03,D03_S0,tumor,12.0,train,1.4354137007690364,1.4480122302167122,-0.01259852944767581,heldout_donor
D03_S0_C034_T024,D03,D03_S0,tumor,24.0,train,2.6343228205218985,2.674430085315241,-0.0401072647933427,heldout_donor
D03_S0_C035_T000,D03,D03_S0,fibroblast,0.0,train,0.6447863520936151,0.6199691323244634,0.024817219769151744,heldout_donor
D03_S0_C035_T012,D03,D03_S0,fibroblast,12.0,train,1.23297175641497,1.2054194910184626,0.027552265396507458,heldout_donor
D03_S0_C035_T024,D03,D03_S0,fibroblast,24.0,train,2.6204275374045505,2.5829363808346404,0.03749115656991009,heldout_donor
D03_S1_C000_T000,D03,D03_S1,t_cell,0.0,train,0.6246106970516604,0.6370788354025375,-0.012468138350877123,heldout_donor
D03_S1_C000_T012,D03,D03_S1,t_cell,12.0,train,1.1874646012867478,1.1838701742439535,0.0035944270427943348,heldout_donor
D03_S1_C000_T024,D03,D03_S1,t_cell,24.0,train,2.618367501184591,2.590258044586293,0.028109456598298,heldout_donor
D03_S1_C001_T000,D03,D03_S1,tumor,0.0,train,0.9124705860365485,0.9139284203856748,-0.0014578343491262746,heldout_donor
D03_S1_C001_T012,D03,D03_S1,tumor,12.0,train,1.5540092354033566,1.5430017905691407,0.011007444834215896,heldout_donor
D03_S1_C001_T024,D03,D03_S1,tumor,24.0,train,2.740059861249209,2.7347967280603647,0.0052631331888441935,heldout_donor
D03_S1_C002_T000,D03,D03_S1,t_cell,0.0,train,0.7146229576148658,0.7107537660756873,0.003869191539178529,heldout_donor
D03_S1_C002_T012,D03,D03_S1,t_cell,12.0,train,1.2496091907712394,1.2158022692556096,0.033806921515629806,heldout_donor
D03_S1_C002_T024,D03,D03_S1,t_cell,24.0,train,2.5841796848384475,2.5574895210006288,0.026690163837818748,heldout_donor
D03_S1_C003_T000,D03,D03_S1,t_cell,0.0,train,0.5749098568495943,0.6016171280889513,-0.02670727123935701,heldout_donor
D03_S1_C003_T012,D03,D03_S1,t_cell,12.0,train,1.1197573046283713,1.1023991639200623,0.01735814070830899,heldout_donor
D03_S1_C003_T024,D03,D03_S1,t_cell,24.0,train,2.509724226028075,2.5210295414798782,-0.011305315451803022,heldout_donor
D03_S1_C004_T000,D03,D03_S1,tumor,0.0,train,0.8826038209938044,0.8880550197804982,-0.005451198786693756,heldout_donor
D03_S1_C004_T012,D03,D03_S1,tumor,12.0,train,1.470278340281516,1.4516793218316888,0.018599018449827254,heldout_donor
D03_S1_C004_T024,D03,D03_S1,tumor,24.0,train,2.714918656145031,2.711097167537532,0.0038214886074992016,heldout_donor
D03_S1_C005_T000,D03,D03_S1,vascular,0.0,train,0.5592095298043155,0.5635543631065396,-0.004344833302224127,heldout_donor
D03_S1_C005_T012,D03,D03_S1,vascular,12.0,train,1.0788685080732268,1.0773635379187168,0.0015049701545100103,heldout_donor
D03_S1_C005_T024,D03,D03_S1,vascular,24.0,train,2.5564851434187283,2.540632517305269,0.0158526261134595,heldout_donor
D03_S1_C006_T000,D03,D03_S1,tumor,0.0,train,0.8387381630128451,0.8607060064774128,-0.021967843464567705,heldout_donor
D03_S1_C006_T012,D03,D03_S1,tumor,12.0,train,1.3979792598937337,1.3766526334218603,0.021326626471873444,heldout_donor
D03_S1_C006_T024,D03,D03_S1,tumor,24.0,train,2.631720118516854,2.623141989873087,0.008578128643767169,heldout_donor
D03_S1_C007_T000,D03,D03_S1,t_cell,0.0,train,0.6282036864019651,0.622332816366526,0.005870870035439069,heldout_donor
D03_S1_C007_T012,D03,D03_S1,t_cell,12.0,train,1.1412034319119195,1.1292230929796563,0.011980338932263246,heldout_donor
D03_S1_C007_T024,D03,D03_S1,t_cell,24.0,train,2.566140074653885,2.545043951637077,0.0210961230168083,heldout_donor
D03_S1_C008_T000,D03,D03_S1,vascular,0.0,train,0.602292406474265,0.5769483898743837,0.02534401659988128,heldout_donor
D03_S1_C008_T012,D03,D03_S1,vascular,12.0,train,1.1590080895013022,1.138131527072558,0.02087656242874414,heldout_donor
D03_S1_C008_T024,D03,D03_S1,vascular,24.0,train,2.5794469164162264,2.5664262980894743,0.013020618326752054,heldout_donor
D03_S1_C009_T000,D03,D03_S1,fibroblast,0.0,train,0.776568505932888,0.7433335277203573,0.03323497821253063,heldout_donor
D03_S1_C009_T012,D03,D03_S1,fibroblast,12.0,train,1.3702901602731528,1.350044552115707,0.020245608157445805,heldout_donor
D03_S1_C009_T024,D03,D03_S1,fibroblast,24.0,train,2.6817334055085476,2.6974104148185982,-0.01567700931005067,heldout_donor
D03_S1_C010_T000,D03,D03_S1,fibroblast,0.0,train,0.7203553348841752,0.6762282662470186,0.04412706863715665,heldout_donor
D03_S1_C010_T012,D03,D03_S1,fibroblast,12.0,train,1.2042509703667488,1.180225911932793,0.02402505843395586,heldout_donor
D03_S1_C010_T024,D03,D03_S1,fibroblast,24.0,train,2.5525269190688085,2.5591634598798767,-0.006636540811068237,heldout_donor
D03_S1_C011_T000,D03,D03_S1,tumor,0.0,train,0.862772386376536,0.8825008499053657,-0.01972846352882973,heldout_donor
D03_S1_C011_T012,D03,D03_S1,tumor,12.0,train,1.4961828641233685,1.482675822761981,0.013507041361387584,heldout_donor
D03_S1_C011_T024,D03,D03_S1,tumor,24.0,train,2.6751770948013713,2.657103654209586,0.018073440591785506,heldout_donor
D03_S1_C012_T000,D03,D03_S1,tumor,0.0,train,0.9062437714660937,0.9270983495133748,-0.02085457804728108,heldout_donor
D03_S1_C012_T012,D03,D03_S1,tumor,12.0,train,1.5275811102261012,1.5337432921955565,-0.006162181969455283,heldout_donor
D03_S1_C012_T024,D03,D03_S1,tumor,24.0,train,2.7500487745493927,2.764631176451009,-0.014582401901616304,heldout_donor
D03_S1_C013_T000,D03,D03_S1,fibroblast,0.0,train,0.7827002859293742,0.7230846908194566,0.05961559510991765,heldout_donor
D03_S1_C013_T012,D03,D03_S1,fibroblast,12.0,train,1.3596134417758783,1.3031251407390814,0.05648830103679692,heldout_donor
D03_S1_C013_T024,D03,D03_S1,fibroblast,24.0,train,2.6389280991008417,2.6413172940426306,-0.002389194941788908,heldout_donor
D03_S1_C014_T000,D03,D03_S1,fibroblast,0.0,train,0.7889736363470772,0.7577512464420659,0.03122238990501125,heldout_donor
D03_S1_C014_T012,D03,D03_S1,fibroblast,12.0,train,1.3860603143025974,1.363614168792758,0.022446145509839255,heldout_donor
D03_S1_C014_T024,D03,D03_S1,fibroblast,24.0,train,2.702896265980118,2.6958847340835868,0.007011531896531142,heldout_donor
D03_S1_C015_T000,D03,D03_S1,tumor,0.0,train,0.8346092607339795,0.8784611314466051,-0.04385187071262564,heldout_donor
D03_S1_C015_T012,D03,D03_S1,tumor,12.0,train,1.4013102248144549,1.3960517750364427,0.005258449778012153,heldout_donor
D03_S1_C015_T024,D03,D03_S1,tumor,24.0,train,2.603745937226211,2.6248794842265117,-0.0211335470003009,heldout_donor
D03_S1_C016_T000,D03,D03_S1,fibroblast,0.0,train,0.756595950705613,0.743512625164001,0.013083325541612068,heldout_donor
D03_S1_C016_T012,D03,D03_S1,fibroblast,12.0,train,1.4206717880765036,1.3978243163124602,0.022847471764043448,heldout_donor
D03_S1_C016_T024,D03,D03_S1,fibroblast,24.0,train,2.643107695230896,2.6305818256062827,0.012525869624613328,heldout_donor
D03_S1_C017_T000,D03,D03_S1,tumor,0.0,train,0.9004291973305754,0.8937031072366367,0.0067260900939386525,heldout_donor
D03_S1_C017_T012,D03,D03_S1,tumor,12.0,train,1.5131538352988476,1.498884686472809,0.014269148826038691,heldout_donor
D03_S1_C017_T024,D03,D03_S1,tumor,24.0,train,2.6418944384428813,2.654455228718781,-0.012560790275899514,heldout_donor
D03_S1_C018_T000,D03,D03_S1,fibroblast,0.0,train,0.6913649221862964,0.6645328399543609,0.02683208223193556,heldout_donor
D03_S1_C018_T012,D03,D03_S1,fibroblast,12.0,train,1.187759884538004,1.1611490977948988,0.02661078674310513,heldout_donor
D03_S1_C018_T024,D03,D03_S1,fibroblast,24.0,train,2.5249679707212613,2.5400211158758697,-0.015053145154608316,heldout_donor
D03_S1_C019_T000,D03,D03_S1,vascular,0.0,train,0.550676322785391,0.5950300263212984,-0.044353703535907396,heldout_donor
D03_S1_C019_T012,D03,D03_S1,vascular,12.0,train,1.096609545621606,1.123754459433905,-0.027144913812299,heldout_donor
D03_S1_C019_T024,D03,D03_S1,vascular,24.0,train,2.5397156893072186,2.5400638744392423,-0.00034818513202372614,heldout_donor
D03_S1_C020_T000,D03,D03_S1,tumor,0.0,train,0.7777491145372023,0.8129918528060844,-0.035242738268882134,heldout_donor
D03_S1_C020_T012,D03,D03_S1,tumor,12.0,train,1.3736042418089254,1.3753703656399403,-0.0017661238310149319,heldout_donor
D03_S1_C020_T024,D03,D03_S1,tumor,24.0,train,2.6266817255831403,2.611655770618776,0.015025954964364097,heldout_donor
D03_S1_C021_T000,D03,D03_S1,macrophage,0.0,train,0.8111721650846807,0.8002184209397676,0.010953744144913125,heldout_donor
D03_S1_C021_T012,D03,D03_S1,macrophage,12.0,train,1.4012054306718984,1.3860772461015245,0.015128184570373904,heldout_donor
D03_S1_C021_T024,D03,D03_S1,macrophage,24.0,train,2.663712668091315,2.6760667052158564,-0.012354037124541417,heldout_donor
D03_S1_C022_T000,D03,D03_S1,macrophage,0.0,train,0.8537790965834742,0.8112537300233087,0.04252536656016548,heldout_donor
D03_S1_C022_T012,D03,D03_S1,macrophage,12.0,train,1.3865299367800636,1.3402862207333341,0.0462437160467295,heldout_donor
D03_S1_C022_T024,D03,D03_S1,macrophage,24.0,train,2.6546838882203185,2.667406984845491,-0.01272309662517257,heldout_donor
D03_S1_C023_T000,D03,D03_S1,fibroblast,0.0,train,0.7618574766503338,0.725494001563272,0.036363475087061725,heldout_donor
D03_S1_C023_T012,D03,D03_S1,fibroblast,12.0,train,1.3622990529610461,1.327453844150929,0.03484520881011721,heldout_donor
D03_S1_C023_T024,D03,D03_S1,fibroblast,24.0,train,2.720282844546559,2.710105313863162,0.010177530683396885,heldout_donor
D03_S1_C024_T000,D03,D03_S1,fibroblast,0.0,train,0.6363091855206117,0.6349205708115158,0.0013886147090959033,heldout_donor
D03_S1_C024_T012,D03,D03_S1,fibroblast,12.0,train,1.1374031141301686,1.1209596455708275,0.01644346855934109,heldout_donor
D03_S1_C024_T024,D03,D03_S1,fibroblast,24.0,train,2.487999047996534,2.5146161466950328,-0.026617098698498598,heldout_donor
D03_S1_C025_T000,D03,D03_S1,macrophage,0.0,train,0.6570221009510315,0.6035791587055032,0.05344294224552837,heldout_donor
D03_S1_C025_T012,D03,D03_S1,macrophage,12.0,train,1.1666591899362537,1.1624797941515674,0.004179395784686291,heldout_donor
D03_S1_C025_T024,D03,D03_S1,macrophage,24.0,train,2.563006124314606,2.552766601232205,0.010239523082400837,heldout_donor
D03_S1_C026_T000,D03,D03_S1,t_cell,0.0,train,0.6196805881401389,0.6447932103127039,-0.025112622172564936,heldout_donor
D03_S1_C026_T012,D03,D03_S1,t_cell,12.0,train,1.1835241474918865,1.1770847111293188,0.006439436362567719,heldout_donor
D03_S1_C026_T024,D03,D03_S1,t_cell,24.0,train,2.5238461933258045,2.509872158282846,0.013974035042958466,heldout_donor
D03_S1_C027_T000,D03,D03_S1,tumor,0.0,train,0.8892199297713701,0.8890395339087764,0.00018039586259366303,heldout_donor
D03_S1_C027_T012,D03,D03_S1,tumor,12.0,train,1.5120988475857953,1.4894899240044341,0.02260892358136113,heldout_donor
D03_S1_C027_T024,D03,D03_S1,tumor,24.0,train,2.7116167209415947,2.7100803082489597,0.0015364126926349364,heldout_donor
D03_S1_C028_T000,D03,D03_S1,t_cell,0.0,train,0.6912350971869109,0.7164642287459433,-0.02522913155903239,heldout_donor
D03_S1_C028_T012,D03,D03_S1,t_cell,12.0,train,1.3095727181427126,1.3177395610813778,-0.008166842938665209,heldout_donor
D03_S1_C028_T024,D03,D03_S1,t_cell,24.0,train,2.642987986522867,2.6391459484635544,0.0038420380593127135,heldout_donor
D03_S1_C029_T000,D03,D03_S1,tumor,0.0,train,0.8081926003305899,0.8295368068574136,-0.021344206526823672,heldout_donor
D03_S1_C029_T012,D03,D03_S1,tumor,12.0,train,1.3870404429130638,1.379655788558033,0.007384654355030884,heldout_donor
D03_S1_C029_T024,D03,D03_S1,tumor,24.0,train,2.6313035900438653,2.648183444196321,-0.016879854152455742,heldout_donor
D03_S1_C030_T000,D03,D03_S1,fibroblast,0.0,train,0.6369294105755796,0.579238221416686,0.0576911891588936,heldout_donor
D03_S1_C030_T012,D03,D03_S1,fibroblast,12.0,train,1.2513788809378776,1.1959990606190882,0.05537982031878941,heldout_donor
D03_S1_C030_T024,D03,D03_S1,fibroblast,24.0,train,2.6743453027712403,2.6057089505043325,0.06863635226690779,heldout_donor
D03_S1_C031_T000,D03,D03_S1,vascular,0.0,train,0.5190011737678272,0.5385174777819866,-0.01951630401415938,heldout_donor
D03_S1_C031_T012,D03,D03_S1,vascular,12.0,train,1.074754694235452,1.073232234833323,0.0015224594021290283,heldout_donor
D03_S1_C031_T024,D03,D03_S1,vascular,24.0,train,2.5648086679565503,2.55755212935255,0.00725653860400044,heldout_donor
D03_S1_C032_T000,D03,D03_S1,tumor,0.0,train,0.9141859964881942,0.9170901692466418,-0.002904172758447565,heldout_donor
D03_S1_C032_T012,D03,D03_S1,tumor,12.0,train,1.5163718675947147,1.4851991926053691,0.031172674989345506,heldout_donor
D03_S1_C032_T024,D03,D03_S1,tumor,24.0,train,2.6492740847565734,2.7010200900928547,-0.051746005336281264,heldout_donor
D03_S1_C033_T000,D03,D03_S1,t_cell,0.0,train,0.5876141136021459,0.6287100938262569,-0.041095980224110984,heldout_donor
D03_S1_C033_T012,D03,D03_S1,t_cell,12.0,train,1.1666078786248149,1.1872790070835246,-0.020671128458709775,heldout_donor
D03_S1_C033_T024,D03,D03_S1,t_cell,24.0,train,2.5973820974483006,2.568377603710607,0.029004493737693426,heldout_donor
D03_S1_C034_T000,D03,D03_S1,macrophage,0.0,train,0.6803476709842193,0.6250240385123568,0.05532363247186256,heldout_donor
D03_S1_C034_T012,D03,D03_S1,macrophage,12.0,train,1.166374423003055,1.1225118986789218,0.04386252432413329,heldout_donor
D03_S1_C034_T024,D03,D03_S1,macrophage,24.0,train,2.5518309008308395,2.549273645177185,0.002557255653654611,heldout_donor
D03_S1_C035_T000,D03,D03_S1,fibroblast,0.0,train,0.728233109879559,0.6820775979618092,0.0461555119177498,heldout_donor
D03_S1_C035_T012,D03,D03_S1,fibroblast,12.0,train,1.2940994388979974,1.2769942405027768,0.017105198395220622,heldout_donor
D03_S1_C035_T024,D03,D03_S1,fibroblast,24.0,train,2.6488719870695756,2.626522474005274,0.02234951306430144,heldout_donor
D04_S0_C000_T000,D04,D04_S0,vascular,0.0,train,0.46283941991306166,0.4731288036492538,-0.010289383736192148,heldout_donor
D04_S0_C000_T012,D04,D04_S0,vascular,12.0,train,1.047093277608878,1.0650337664039515,-0.017940488795073595,heldout_donor
D04_S0_C000_T024,D04,D04_S0,vascular,24.0,train,2.449887427113364,2.506688355039257,-0.056800927925892974,heldout_donor
D04_S0_C001_T000,D04,D04_S0,t_cell,0.0,train,0.5803962639707234,0.6209599161662067,-0.0405636521954833,heldout_donor
D04_S0_C001_T012,D04,D04_S0,t_cell,12.0,train,1.1654223164900543,1.1909210089318536,-0.025498692441799253,heldout_donor
D04_S0_C001_T024,D04,D04_S0,t_cell,24.0,train,2.5714703958959872,2.6166938812481364,-0.04522348535214915,heldout_donor
D04_S0_C002_T000,D04,D04_S0,t_cell,0.0,train,0.5887789001497172,0.6353812081350646,-0.04660230798534737,heldout_donor
D04_S0_C002_T012,D04,D04_S0,t_cell,12.0,train,1.1867841159739085,1.1834376293261635,0.0033464866477450617,heldout_donor
D04_S0_C002_T024,D04,D04_S0,t_cell,24.0,train,2.674981430718996,2.5974806982277507,0.07750073249124512,heldout_donor
D04_S0_C003_T000,D04,D04_S0,tumor,0.0,train,0.7951791700536304,0.8312703529735304,-0.03609118291989999,heldout_donor
D04_S0_C003_T012,D04,D04_S0,tumor,12.0,train,1.3563201580247597,1.378661976330562,-0.022341818305802397,heldout_donor
D04_S0_C003_T024,D04,D04_S0,tumor,24.0,train,2.5615702291713114,2.651998014015622,-0.09042778484431047,heldout_donor
D04_S0_C004_T000,D04,D04_S0,macrophage,0.0,train,0.7853225654300471,0.74370257920991,0.04161998622013707,heldout_donor
D04_S0_C004_T012,D04,D04_S0,macrophage,12.0,train,1.4024642254479087,1.3940746461097262,0.008389579338182518,heldout_donor
D04_S0_C004_T024,D04,D04_S0,macrophage,24.0,train,2.693764760319905,2.6902029138687538,0.003561846451151318,heldout_donor
D04_S0_C005_T000,D04,D04_S0,tumor,0.0,train,0.8884183755847201,0.9722002882038336,-0.0837819126191135,heldout_donor
D04_S0_C005_T012,D04,D04_S0,tumor,12.0,train,1.5225128930473528,1.5624563235834428,-0.03994343053608995,heldout_donor
D04_S0_C005_T024,D04,D04_S0,tumor,24.0,train,2.679789825508332,2.7072556692870124,-0.027465843778680554,heldout_donor
D04_S0_C006_T000,D04,D04_S0,t_cell,0.0,train,0.6606156636070541,0.6524634256511573,0.008152237955896813,heldout_donor
D04_S0_C006_T012,D04,D04_S0,t_cell,12.0,train,1.2309677338644367,1.2255403008699441,0.005427432994492554,heldout_donor
D04_S0_C006_T024,D04,D04_S0,t_cell,24.0,train,2.734997158110317,2.6852352295208854,0.049761928589431736,heldout_donor
D04_S0_C007_T000,D04,D04_S0,tumor,0.0,train,0.80760635915124,0.8462122730999473,-0.03860591394870727,heldout_donor
D04_S0_C007_T012,D04,D04_S0,tumor,12.0,train,1.4003135711008727,1.3901440585197573,0.010169512581115425,heldout_donor
D04_S0_C007_T024,D04,D04_S0,tumor,24.0,train,2.6831006599405582,2.6626676666098703,0.020432993330687932,heldout_donor
D04_S0_C008_T000,D04,D04_S0,macrophage,0.0,train,0.8638783482661584,0.8095954096350103,0.05428293863114808,heldout_donor
D04_S0_C008_T012,D04,D04_S0,macrophage,12.0,train,1.4396325224101276,1.4229011924449615,0.01673132996516613,heldout_donor
D04_S0_C008_T024,D04,D04_S0,macrophage,24.0,train,2.7756000000000003,2.76840688558218,0.007193114417820112,heldout_donor
D04_S0_C009_T000,D04,D04_S0,tumor,0.0,train,0.9525921763018433,0.9358306418802377,0.01676153442160566,heldout_donor
D04_S0_C009_T012,D04,D04_S0,tumor,12.0,train,1.6183854252445713,1.58691984208671,0.03146558315786119,heldout_donor
D04_S0_C009_T024,D04,D04_S0,tumor,24.0,train,2.7573691294480804,2.748699056579969,0.0086700728681115,heldout_donor
D04_S0_C010_T000,D04,D04_S0,tumor,0.0,train,0.7638921736238337,0.8181667908276218,-0.05427461720378812,heldout_donor
D04_S0_C010_T012,D04,D04_S0,tumor,12.0,train,1.2989231657059237,1.3289878012290068,-0.03006463552308314,heldout_donor
D04_S0_C010_T024,D04,D04_S0,tumor,24.0,train,2.452364420627644,2.5218629085511486,-0.06949848792350455,heldout_donor
D04_S0_C011_T000,D04,D04_S0,tumor,0.0,train,0.8072941481964998,0.8436811031209626,-0.036386954924462755,heldout_donor
D04_S0_C011_T012,D04,D04_S0,tumor,12.0,train,1.4227216646923866,1.4607378694177302,-0.038016204725343616,heldout_donor
D04_S0_C011_T024,D04,D04_S0,tumor,24.0,train,2.6082068931484343,2.67919312134603,-0.07098622819759548,heldout_donor
D04_S0_C012_T000,D04,D04_S0,fibroblast,0.0,train,0.8275450340677925,0.8519139888702478,-0.024368954802455378,heldout_donor
D04_S0_C012_T012,D04,D04_S0,fibroblast,12.0,train,1.4212581766216967,1.4464744855293088,-0.02521630890761206,heldout_donor
D04_S0_C012_T024,D04,D04_S0,fibroblast,24.0,train,2.6914159348651214,2.7042182521790683,-0.012802317313946876,heldout_donor
D04_S0_C013_T000,D04,D04_S0,macrophage,0.0,train,0.6300591447206207,0.6174692364112181,0.012589908309402653,heldout_donor
D04_S0_C013_T012,D04,D04_S0,macrophage,12.0,train,1.142741634041586,1.1440195123763373,-0.0012778783347513478,heldout_donor
D04_S0_C013_T024,D04,D04_S0,macrophage,24.0,train,2.389116131891721,2.454141643032307,-0.06502551114058575,heldout_donor
D04_S0_C014_T000,D04,D04_S0,fibroblast,0.0,train,0.6061240099776442,0.6188540982197991,-0.012730088242154936,heldout_donor
D04_S0_C014_T012,D04,D04_S0,fibroblast,12.0,train,1.188377590031429,1.2027197506559952,-0.01434216062456617,heldout_donor
D04_S0_C014_T024,D04,D04_S0,fibroblast,24.0,train,2.4852834495467695,2.556726476097908,-0.07144302655113854,heldout_donor
D04_S0_C015_T000,D04,D04_S0,t_cell,0.0,train,0.6443769568261677,0.6689091402553007,-0.024532183429132992,heldout_donor
D04_S0_C015_T012,D04,D04_S0,t_cell,12.0,train,1.3057930764316694,1.3102869665215449,-0.004493890089875441,heldout_donor
D04_S0_C015_T024,D04,D04_S0,t_cell,24.0,train,2.7262142887296834,2.678034267112397,0.04818002161728652,heldout_donor
D04_S0_C016_T000,D04,D04_S0,macrophage,0.0,train,0.7165300782088898,0.6781694807817521,0.03836059742713771,heldout_donor
D04_S0_C016_T012,D04,D04_S0,macrophage,12.0,train,1.286915229535845,1.2759229557594207,0.01099227377642431,heldout_donor
D04_S0_C016_T024,D04,D04_S0,macrophage,24.0,train,2.604657461868265,2.6455823171060957,-0.04092485523783074,heldout_donor
D04_S0_C017_T000,D04,D04_S0,tumor,0.0,train,0.8890030465781018,0.9276283463736285,-0.038625299795526646,heldout_donor
D04_S0_C017_T012,D04,D04_S0,tumor,12.0,train,1.528593563926823,1.5190340979692205,0.009559465957602598,heldout_donor
D04_S0_C017_T024,D04,D04_S0,tumor,24.0,train,2.7534050516720106,2.732466300783408,0.02093875088860253,heldout_donor
D04_S0_C018_T000,D04,D04_S0,tumor,0.0,train,0.8240180863144962,0.8715550591090085,-0.0475369727945123,heldout_donor
D04_S0_C018_T012,D04,D04_S0,tumor,12.0,train,1.391470027290194,1.420195695166012,-0.028725667875817873,heldout_donor
D04_S0_C018_T024,D04,D04_S0,tumor,24.0,train,2.604525353286851,2.6926621600787795,-0.08813680679192837,heldout_donor
D04_S0_C019_T000,D04,D04_S0,tumor,0.0,train,0.9114628658441253,0.9022927004476089,0.009170165396516383,heldout_donor
D04_S0_C019_T012,D04,D04_S0,tumor,12.0,train,1.5287850439088773,1.52834029225695,0.0004447516519272554,heldout_donor
D04_S0_C019_T024,D04,D04_S0,tumor,24.0,train,2.721639515979629,2.7288807718740085,-0.007241255894379517,heldout_donor
D04_S0_C020_T000,D04,D04_S0,vascular,0.0,train,0.5673457839113086,0.5763850314570982,-0.009039247545789553,heldout_donor
D04_S0_C020_T012,D04,D04_S0,vascular,12.0,train,1.1104198398864535,1.118729594678849,-0.008309754792395374,heldout_donor
D04_S0_C020_T024,D04,D04_S0,vascular,24.0,train,2.6111304809530043,2.59955867975086,0.011571801202144183,heldout_donor
D04_S0_C021_T000,D04,D04_S0,tumor,0.0,train,0.7720450006976811,0.8313240873961414,-0.05927908669846027,heldout_donor
D04_S0_C021_T012,D04,D04_S0,tumor,12.0,train,1.3855772663648465,1.4227513718225606,-0.03717410545771416,heldout_donor
D04_S0_C021_T024,D04,D04_S0,tumor,24.0,train,2.5851100807680223,2.619707410875153,-0.03459733010713073,heldout_donor
D04_S0_C022_T000,D04,D04_S0,vascular,0.0,train,0.6430122124014428,0.6483134137855734,-0.005301201384130594,heldout_donor
D04_S0_C022_T012,D04,D04_S0,vascular,12.0,train,1.2593585875165414,1.278153927830115,-0.01879534031357366,heldout_donor
D04_S0_C022_T024,D04,D04_S0,vascular,24.0,train,2.7119215370330894,2.674117558955912,0.03780397807717728,heldout_donor
D04_S0_C023_T000,D04,D04_S0,t_cell,0.0,train,0.5135176108931087,0.5592033558678049,-0.04568574497469624,heldout_donor
D04_S0_C023_T012,D04,D04_S0,t_cell,12.0,train,1.053139549882015,1.0954554972968156,-0.04231594741480049,heldout_donor
D04_S0_C023_T024,D04,D04_S0,t_cell,24.0,train,2.4085629159499633,2.555496783657899,-0.14693386770793548,heldout_donor
D04_S0_C024_T000,D04,D04_S0,tumor,0.0,train,0.886759390647268,0.9221696596862674,-0.035410269038999354,heldout_donor
D04_S0_C024_T012,D04,D04_S0,tumor,12.0,train,1.5030924125007437,1.5237376575448165,-0.020645245044072835,heldout_donor
D04_S0_C024_T024,D04,D04_S0,tumor,24.0,train,2.6668269603058703,2.6976613373318163,-0.030834377025946047,heldout_donor
D04_S0_C025_T000,D04,D04_S0,fibroblast,0.0,train,0.5858824944218786,0.5895506134454407,-0.003668119023562122,heldout_donor
D04_S0_C025_T012,D04,D04_S0,fibroblast,12.0,train,1.091845110845888,1.113379615001424,-0.021534504155535927,heldout_donor
D04_S0_C025_T024,D04,D04_S0,fibroblast,24.0,train,2.314639859563754,2.4232592059648503,-0.10861934640109627,heldout_donor
D04_S0_C026_T000,D04,D04_S0,macrophage,0.0,train,0.7022914873096452,0.6881176677900653,0.014173819519579856,heldout_donor
D04_S0_C026_T012,D04,D04_S0,macrophage,12.0,train,1.2224999057448653,1.2191545006496436,0.003345405095221743,heldout_donor
D04_S0_C026_T024,D04,D04_S0,macrophage,24.0,train,2.4512647277372954,2.4945517927355985,-0.04328706499830304,heldout_donor
D04_S0_C027_T000,D04,D04_S0,tumor,0.0,train,0.8130240286742423,0.8480457083376648,-0.03502167966342251,heldout_donor
D04_S0_C027_T012,D04,D04_S0,tumor,12.0,train,1.381606413300067,1.4112164949532529,-0.029610081653185905,heldout_donor
D04_S0_C027_T024,D04,D04_S0,tumor,24.0,train,2.550592026248238,2.6185008746756786,-0.06790884842744038,heldout_donor
D04_S0_C028_T000,D04,D04_S0,tumor,0.0,train,0.8536663183310899,0.9124138470539541,-0.05874752872286426,heldout_donor
D04_S0_C028_T012,D04,D04_S0,tumor,12.0,train,1.4430660142025338,1.47592280070947,-0.03285678650693624,heldout_donor
D04_S0_C028_T024,D04,D04_S0,tumor,24.0,train,2.6453771736715987,2.6728685158043013,-0.027491342132702545,heldout_donor
D04_S0_C029_T000,D04,D04_S0,macrophage,0.0,train,0.7513635352505521,0.7642451184416417,-0.012881583191089563,heldout_donor
D04_S0_C029_T012,D04,D04_S0,macrophage,12.0,train,1.3253330749947183,1.3401443082874736,-0.014811233292755244,heldout_donor
D04_S0_C029_T024,D04,D04_S0,macrophage,24.0,train,2.5915441448844683,2.6415088045837316,-0.049964659699263336,heldout_donor
D04_S0_C030_T000,D04,D04_S0,macrophage,0.0,train,0.7296840606311045,0.6831644638175267,0.04651959681357776,heldout_donor
D04_S0_C030_T012,D04,D04_S0,macrophage,12.0,train,1.23098762400476,1.221866412773748,0.00912121123101195,heldout_donor
D04_S0_C030_T024,D04,D04_S0,macrophage,24.0,train,2.4852638679577432,2.556257423896028,-0.07099355593828482,heldout_donor
D04_S0_C031_T000,D04,D04_S0,t_cell,0.0,train,0.5043423821433188,0.5585171363990629,-0.05417475425574403,heldout_donor
D04_S0_C031_T012,D04,D04_S0,t_cell,12.0,train,1.0826251792297852,1.1234172260348567,-0.040792046805071536,heldout_donor
D04_S0_C031_T024,D04,D04_S0,t_cell,24.0,train,2.4587669061018174,2.577690968369509,-0.1189240622676917,heldout_donor
D04_S0_C032_T000,D04,D04_S0,fibroblast,0.0,train,0.6810485380211919,0.6816699063170159,-0.0006213682958239319,heldout_donor
D04_S0_C032_T012,D04,D04_S0,fibroblast,12.0,train,1.239390594673854,1.2522632091562946,-0.012872614482440703,heldout_donor
D04_S0_C032_T024,D04,D04_S0,fibroblast,24.0,train,2.5315298566833015,2.646767273752237,-0.11523741706893542,heldout_donor
D04_S0_C033_T000,D04,D04_S0,macrophage,0.0,train,0.6837312662856684,0.6680610993547415,0.015670166930926932,heldout_donor
D04_S0_C033_T012,D04,D04_S0,macrophage,12.0,train,1.210234383623809,1.2114296344406292,-0.0011952508168202591,heldout_donor
D04_S0_C033_T024,D04,D04_S0,macrophage,24.0,train,2.4740626259807152,2.5119619914033837,-0.037899365422668474,heldout_donor
D04_S0_C034_T000,D04,D04_S0,tumor,0.0,train,0.7756600848324295,0.8270131865977853,-0.05135310176535579,heldout_donor
D04_S0_C034_T012,D04,D04_S0,tumor,12.0,train,1.3398340447286097,1.3611285602550123,-0.021294515526402602,heldout_donor
D04_S0_C034_T024,D04,D04_S0,tumor,24.0,train,2.5505427708586987,2.610565637502559,-0.06002286664386025,heldout_donor
D04_S0_C035_T000,D04,D04_S0,tumor,0.0,train,0.8370168070180071,0.88053835785471,-0.04352155083670295,heldout_donor
D04_S0_C035_T012,D04,D04_S0,tumor,12.0,train,1.4601117165338036,1.4868606688202592,-0.026748952286455685,heldout_donor
D04_S0_C035_T024,D04,D04_S0,tumor,24.0,train,2.6181792834523647,2.640655221639263,-0.022475938186898414,heldout_donor
D04_S1_C000_T000,D04,D04_S1,tumor,0.0,train,0.8568110701745889,0.8868636266552896,-0.03005255648070071,heldout_donor
D04_S1_C000_T012,D04,D04_S1,tumor,12.0,train,1.4448062043140761,1.4640549972099288,-0.019248792895852684,heldout_donor
D04_S1_C000_T024,D04,D04_S1,tumor,24.0,train,2.6326426054887624,2.689142253453457,-0.05649964796469442,heldout_donor
D04_S1_C001_T000,D04,D04_S1,vascular,0.0,train,0.5806994145951317,0.5998029965703493,-0.019103581975217554,heldout_donor
D04_S1_C001_T012,D04,D04_S1,vascular,12.0,train,1.1413658663544928,1.137474619199089,0.0038912471554037875,heldout_donor
D04_S1_C001_T024,D04,D04_S1,vascular,24.0,train,2.6431237395237277,2.615558388281065,0.027565351242662572,heldout_donor
D04_S1_C002_T000,D04,D04_S1,tumor,0.0,train,0.8750916330211247,0.8966146657186307,-0.021523032697505995,heldout_donor
D04_S1_C002_T012,D04,D04_S1,tumor,12.0,train,1.5482085201648246,1.5634557121834887,-0.01524719201866409,heldout_donor
D04_S1_C002_T024,D04,D04_S1,tumor,24.0,train,2.7452231147221124,2.7489214552884493,-0.0036983405663368885,heldout_donor
D04_S1_C003_T000,D04,D04_S1,fibroblast,0.0,train,0.5392046875573363,0.5528761841985375,-0.013671496641201153,heldout_donor
D04_S1_C003_T012,D04,D04_S1,fibroblast,12.0,train,0.9769387296936421,0.9852319113953818,-0.00829318170173965,heldout_donor
D04_S1_C003_T024,D04,D04_S1,fibroblast,24.0,train,2.1785042131391816,2.260669967563211,-0.08216575442402929,heldout_donor
D04_S1_C004_T000,D04,D04_S1,fibroblast,0.0,train,0.6915219506468517,0.7100344309353627,-0.018512480288510935,heldout_donor
D04_S1_C004_T012,D04,D04_S1,fibroblast,12.0,train,1.2489949233181457,1.28490885539008,-0.035913932071934385,heldout_donor
D04_S1_C004_T024,D04,D04_S1,fibroblast,24.0,train,2.48755113356041,2.570006886776356,-0.082455753215946,heldout_donor
D04_S1_C005_T000,D04,D04_S1,fibroblast,0.0,train,0.7089563711181491,0.699469531283194,0.00948683983495513,heldout_donor
D04_S1_C005_T012,D04,D04_S1,fibroblast,12.0,train,1.3177311667697393,1.3088002050668583,0.00893096170288099,heldout_donor
D04_S1_C005_T024,D04,D04_S1,fibroblast,24.0,train,2.672623542830231,2.6637769435599754,0.008846599270255773,heldout_donor
D04_S1_C006_T000,D04,D04_S1,macrophage,0.0,train,0.7193883131272779,0.7049714069577027,0.01441690616957525,heldout_donor
D04_S1_C006_T012,D04,D04_S1,macrophage,12.0,train,1.1843341177383895,1.1719709298412442,0.0123631878971453,heldout_donor
D04_S1_C006_T024,D04,D04_S1,macrophage,24.0,train,2.354169651504238,2.4285611400662224,-0.07439148856198452,heldout_donor
D04_S1_C007_T000,D04,D04_S1,vascular,0.0,train,0.6646101799898028,0.6741519871463671,-0.009541807156564386,heldout_donor
D04_S1_C007_T012,D04,D04_S1,vascular,12.0,train,1.1745943305400055,1.175531827010748,-0.0009374964707424827,heldout_donor
D04_S1_C007_T024,D04,D04_S1,vascular,24.0,train,2.613936350263848,2.5707437474425547,0.043192602821293224,heldout_donor
D04_S1_C008_T000,D04,D04_S1,tumor,0.0,train,0.9269215704006613,0.9653996855352198,-0.038478115134558566,heldout_donor
D04_S1_C008_T012,D04,D04_S1,tumor,12.0,train,1.5526353458536861,1.5748187728630936,-0.022183427009407453,heldout_donor
D04_S1_C008_T024,D04,D04_S1,tumor,24.0,train,2.7373032857335016,2.748132800244208,-0.01082951451070624,heldout_donor
D04_S1_C009_T000,D04,D04_S1,tumor,0.0,train,0.8203194435943196,0.8429120933437304,-0.022592649749410776,heldout_donor
D04_S1_C009_T012,D04,D04_S1,tumor,12.0,train,1.4174429929634,1.401379582979964,0.016063409983436028,heldout_donor
D04_S1_C009_T024,D04,D04_S1,tumor,24.0,train,2.733053443828786,2.6958185670679047,0.03723487676088144,heldout_donor
D04_S1_C010_T000,D04,D04_S1,macrophage,0.0,train,0.7775614382463633,0.7566036325919766,0.020957805654386652,heldout_donor
D04_S1_C010_T012,D04,D04_S1,macrophage,12.0,train,1.3650780602139305,1.3602122831408658,0.004865777073064681,heldout_donor
D04_S1_C010_T024,D04,D04_S1,macrophage,24.0,train,2.6517854700886967,2.642959441072266,0.008826029016430592,heldout_donor
D04_S1_C011_T000,D04,D04_S1,fibroblast,0.0,train,0.7316122161740418,0.6886624211637754,0.04294979501026641,heldout_donor
D04_S1_C011_T012,D04,D04_S1,fibroblast,12.0,train,1.354376353232424,1.321775243137203,0.03260111009522104,heldout_donor
D04_S1_C011_T024,D04,D04_S1,fibroblast,24.0,train,2.7550519457191593,2.6944981294612105,0.06055381625794887,heldout_donor
D04_S1_C012_T000,D04,D04_S1,vascular,0.0,train,0.5458661873005664,0.573542855764178,-0.02767666846361161,heldout_donor
D04_S1_C012_T012,D04,D04_S1,vascular,12.0,train,1.103839554619609,1.108950841826657,-0.00511128720704801,heldout_donor
D04_S1_C012_T024,D04,D04_S1,vascular,24.0,train,2.5245646958108865,2.5555055669769065,-0.030940871166019956,heldout_donor
D04_S1_C013_T000,D04,D04_S1,macrophage,0.0,train,0.8463243036044894,0.7995226209296584,0.04680168267483098,heldout_donor
D04_S1_C013_T012,D04,D04_S1,macrophage,12.0,train,1.416146007463989,1.402648403934077,0.013497603529912139,heldout_donor
D04_S1_C013_T024,D04,D04_S1,macrophage,24.0,train,2.7466839692387937,2.7173769098055405,0.02930705943325318,heldout_donor
D04_S1_C014_T000,D04,D04_S1,fibroblast,0.0,train,0.7435519232212691,0.7010431960516811,0.04250872716958798,heldout_donor
D04_S1_C014_T012,D04,D04_S1,fibroblast,12.0,train,1.3686196832272166,1.3318748249471832,0.03674485828003338,heldout_donor
D04_S1_C014_T024,D04,D04_S1,fibroblast,24.0,train,2.7674025707011816,2.719326589267745,0.04807598143343661,heldout_donor
D04_S1_C015_T000,D04,D04_S1,t_cell,0.0,train,0.7080263014101975,0.7154245588539778,-0.0073982574437803095,heldout_donor
D04_S1_C015_T012,D04,D04_S1,t_cell,12.0,train,1.291063692960429,1.296223060237923,-0.005159367277493887,heldout_donor
D04_S1_C015_T024,D04,D04_S1,t_cell,24.0,train,2.6713230786350146,2.627322644183267,0.044000434451747505,heldout_donor
D04_S1_C016_T000,D04,D04_S1,tumor,0.0,train,0.837542487046752,0.8521691140386163,-0.014626626991864233,heldout_donor
D04_S1_C016_T012,D04,D04_S1,tumor,12.0,train,1.4620985102345365,1.4685113562566712,-0.006412846022134655,heldout_donor
D04_S1_C016_T024,D04,D04_S1,tumor,24.0,train,2.744985860237889,2.7352463653615025,0.0097394948763867,heldout_donor
D04_S1_C017_T000,D04,D04_S1,fibroblast,0.0,train,0.7931080634969039,0.7659050998367621,0.027202963660141743,heldout_donor
D04_S1_C017_T012,D04,D04_S1,fibroblast,12.0,train,1.421845474842522,1.4140757827804853,0.007769692062036704,heldout_donor
D04_S1_C017_T024,D04,D04_S1,fibroblast,24.0,train,2.76085224936408,2.7417511947003073,0.019101054663772654,heldout_donor
D04_S1_C018_T000,D04,D04_S1,t_cell,0.0,train,0.5482497879756527,0.5762105252857379,-0.027960737310085193,heldout_donor
D04_S1_C018_T012,D04,D04_S1,t_cell,12.0,train,1.0444657484335311,1.0632877331567465,-0.01882198472321539,heldout_donor
D04_S1_C018_T024,D04,D04_S1,t_cell,24.0,train,2.432247693132458,2.496697006644738,-0.0644493135122799,heldout_donor
D04_S1_C019_T000,D04,D04_S1,macrophage,0.0,train,0.757097150701558,0.7356800288405378,0.021417121861020183,heldout_donor
D04_S1_C019_T012,D04,D04_S1,macrophage,12.0,train,1.2689927118524826,1.2671601564998538,0.0018325553526288285,heldout_donor
D04_S1_C019_T024,D04,D04_S1,macrophage,24.0,train,2.6204606018902585,2.6176523504341764,0.0028082514560821004,heldout_donor
D04_S1_C020_T000,D04,D04_S1,fibroblast,0.0,train,0.7345634764238423,0.7092983750804513,0.025265101343390994,heldout_donor
D04_S1_C020_T012,D04,D04_S1,fibroblast,12.0,train,1.3226471093949839,1.3263235233843305,-0.003676413989346594,heldout_donor
D04_S1_C020_T024,D04,D04_S1,fibroblast,24.0,train,2.61520288482063,2.6371968926040026,-0.02199400778337246,heldout_donor
D04_S1_C021_T000,D04,D04_S1,tumor,0.0,train,0.7567670812651703,0.7755271560169292,-0.018760074751758893,heldout_donor
D04_S1_C021_T012,D04,D04_S1,tumor,12.0,train,1.3082023145530113,1.2776493214202793,0.030552993132731965,heldout_donor
D04_S1_C021_T024,D04,D04_S1,tumor,24.0,train,2.674085163173515,2.5985853534781507,0.0754998096953643,heldout_donor
D04_S1_C022_T000,D04,D04_S1,t_cell,0.0,train,0.5498282427415877,0.5854590171410895,-0.0356307743995018,heldout_donor
D04_S1_C022_T012,D04,D04_S1,t_cell,12.0,train,1.03153908171798,1.0681056065621588,-0.03656652484417888,heldout_donor
D04_S1_C022_T024,D04,D04_S1,t_cell,24.0,train,2.445873756221667,2.5100421915269853,-0.06416843530531846,heldout_donor
D04_S1_C023_T000,D04,D04_S1,tumor,0.0,train,0.9364069002590805,0.9557985828948272,-0.019391682635746754,heldout_donor
D04_S1_C023_T012,D04,D04_S1,tumor,12.0,train,1.581898797269463,1.5936772704251505,-0.011778473155687585,heldout_donor
D04_S1_C023_T024,D04,D04_S1,tumor,24.0,train,2.7558872679342143,2.771766324152881,-0.015879056218666587,heldout_donor
D04_S1_C024_T000,D04,D04_S1,tumor,0.0,train,0.8521007866989526,0.8696459441223727,-0.01754515742342011,heldout_donor
D04_S1_C024_T012,D04,D04_S1,tumor,12.0,train,1.363410085791111,1.3730546488477493,-0.009644563056638411,heldout_donor
D04_S1_C024_T024,D04,D04_S1,tumor,24.0,train,2.6750195675963653,2.654373804906236,0.0206457626901293,heldout_donor
D04_S1_C025_T000,D04,D04_S1,tumor,0.0,train,0.7937492768714995,0.835557626467619,-0.041808349596119454,heldout_donor
D04_S1_C025_T012,D04,D04_S1,tumor,12.0,train,1.4019184781494818,1.4237900317730139,-0.021871553623532103,heldout_donor
D04_S1_C025_T024,D04,D04_S1,tumor,24.0,train,2.6187287702498994,2.6363794349386604,-0.017650664688761086,heldout_donor
D04_S1_C026_T000,D04,D04_S1,t_cell,0.0,train,0.47538574001929085,0.5420576297603555,-0.0666718897410647,heldout_donor
D04_S1_C026_T012,D04,D04_S1,t_cell,12.0,train,1.0028922678172,1.0613898422612547,-0.05849757444405457,heldout_donor
D04_S1_C026_T024,D04,D04_S1,t_cell,24.0,train,2.2139485153293657,2.347385461650852,-0.13343694632148617,heldout_donor
D04_S1_C027_T000,D04,D04_S1,t_cell,0.0,train,0.54650964743795,0.5638554886665074,-0.017345841228557313,heldout_donor
D04_S1_C027_T012,D04,D04_S1,t_cell,12.0,train,1.1131919532167411,1.139419545392272,-0.026227592175530834,heldout_donor
D04_S1_C027_T024,D04,D04_S1,t_cell,24.0,train,2.5569356481384053,2.614147511979022,-0.057211863840616495,heldout_donor
D04_S1_C028_T000,D04,D04_S1,vascular,0.0,train,0.54951344446658,0.5533460736402894,-0.003832629173709412,heldout_donor
D04_S1_C028_T012,D04,D04_S1,vascular,12.0,train,1.0735004108720596,1.0883436039964338,-0.01484319312437421,heldout_donor
D04_S1_C028_T024,D04,D04_S1,vascular,24.0,train,2.572970919716592,2.6071727576278456,-0.03420183791125364,heldout_donor
D04_S1_C029_T000,D04,D04_S1,tumor,0.0,train,0.8268552720082138,0.8270509999091793,-0.0001957279009654478,heldout_donor
D04_S1_C029_T012,D04,D04_S1,tumor,12.0,train,1.4083980107080638,1.4055682015399602,0.002829809168103603,heldout_donor
D04_S1_C029_T024,D04,D04_S1,tumor,24.0,train,2.727049809864542,2.6827979429654447,0.044251866899097436,heldout_donor
D04_S1_C030_T000,D04,D04_S1,tumor,0.0,train,0.8729017431645725,0.912972582461756,-0.04007083929718358,heldout_donor
D04_S1_C030_T012,D04,D04_S1,tumor,12.0,train,1.5085210747332496,1.5047775139023256,0.0037435608309239754,heldout_donor
D04_S1_C030_T024,D04,D04_S1,tumor,24.0,train,2.762466243388776,2.7542556594426393,0.008210583946136829,heldout_donor
D04_S1_C031_T000,D04,D04_S1,fibroblast,0.0,train,0.5115074859006775,0.5488541124593731,-0.037346626558695584,heldout_donor
D04_S1_C031_T012,D04,D04_S1,fibroblast,12.0,train,0.9963624986920067,1.0293304912377055,-0.03296799254569882,heldout_donor
D04_S1_C031_T024,D04,D04_S1,fibroblast,24.0,train,2.1333527886051478,2.1867546575672967,-0.053401868962148935,heldout_donor
D04_S1_C032_T000,D04,D04_S1,t_cell,0.0,train,0.5594493867892982,0.5533006933557753,0.006148693433522978,heldout_donor
D04_S1_C032_T012,D04,D04_S1,t_cell,12.0,train,1.1364598614875805,1.1407700347072516,-0.004310173219671087,heldout_donor
D04_S1_C032_T024,D04,D04_S1,t_cell,24.0,train,2.6168547799640227,2.5852203961713243,0.03163438379269845,heldout_donor
D04_S1_C033_T000,D04,D04_S1,tumor,0.0,train,0.7652682297208746,0.7806850166494039,-0.015416786928529325,heldout_donor
D04_S1_C033_T012,D04,D04_S1,tumor,12.0,train,1.370088829360397,1.3718930713940827,-0.0018042420336856768,heldout_donor
D04_S1_C033_T024,D04,D04_S1,tumor,24.0,train,2.7163712602655297,2.685516913647986,0.030854346617543715,heldout_donor
D04_S1_C034_T000,D04,D04_S1,fibroblast,0.0,train,0.6831549725412734,0.6941124961672228,-0.010957523625949372,heldout_donor
D04_S1_C034_T012,D04,D04_S1,fibroblast,12.0,train,1.1296758332661119,1.1259045853424134,0.0037712479236984287,heldout_donor
D04_S1_C034_T024,D04,D04_S1,fibroblast,24.0,train,2.4585362114828855,2.428971637224916,0.029564574257969323,heldout_donor
D04_S1_C035_T000,D04,D04_S1,fibroblast,0.0,train,0.6986023140956712,0.7169873774212541,-0.018385063325582873,heldout_donor
D04_S1_C035_T012,D04,D04_S1,fibroblast,12.0,train,1.1838668786935782,1.2110589166003998,-0.027192037906821565,heldout_donor
D04_S1_C035_T024,D04,D04_S1,fibroblast,24.0,train,2.3667790887369917,2.4965098892126276,-0.1297308004756359,heldout_donor
D05_S0_C000_T000,D05,D05_S0,vascular,0.0,train,0.6241906113968254,0.626529773137726,-0.0023391617409005416,heldout_donor
D05_S0_C000_T012,D05,D05_S0,vascular,12.0,train,1.307084229281684,1.3088522853113933,-0.0017680560297093084,heldout_donor
D05_S0_C000_T024,D05,D05_S0,vascular,24.0,train,2.63175080444339,2.6026022426457334,0.02914856179765657,heldout_donor
D05_S0_C001_T000,D05,D05_S0,tumor,0.0,train,0.9473772006585783,0.9796317839308577,-0.03225458327227937,heldout_donor
D05_S0_C001_T012,D05,D05_S0,tumor,12.0,train,1.5357573659534907,1.5544958003353686,-0.018738434381877944,heldout_donor
D05_S0_C001_T024,D05,D05_S0,tumor,24.0,train,2.554972765474195,2.6218108944806455,-0.06683812900645059,heldout_donor
D05_S0_C002_T000,D05,D05_S0,macrophage,0.0,train,0.6928544511828392,0.648187580016461,0.04466687116637813,heldout_donor
D05_S0_C002_T012,D05,D05_S0,macrophage,12.0,train,1.2102933466076908,1.1886057548967512,0.02168759171093959,heldout_donor
D05_S0_C002_T024,D05,D05_S0,macrophage,24.0,train,2.4557909741558293,2.4589217058425787,-0.0031307316867494883,heldout_donor
D05_S0_C003_T000,D05,D05_S0,tumor,0.0,train,0.865290291529071,0.9197873749385993,-0.0544970834095283,heldout_donor
D05_S0_C003_T012,D05,D05_S0,tumor,12.0,train,1.4716280391606515,1.4877125561324513,-0.0160845169717998,heldout_donor
D05_S0_C003_T024,D05,D05_S0,tumor,24.0,train,2.5327105709971978,2.554335705185927,-0.021625134188729245,heldout_donor
D05_S0_C004_T000,D05,D05_S0,vascular,0.0,train,0.5860131834318364,0.6035480063727715,-0.017534822940935113,heldout_donor
D05_S0_C004_T012,D05,D05_S0,vascular,12.0,train,1.206521890707355,1.2144420268954241,-0.007920136188069193,heldout_donor
D05_S0_C004_T024,D05,D05_S0,vascular,24.0,train,2.549823647457097,2.5241406990530373,0.025682948404059935,heldout_donor
D05_S0_C005_T000,D05,D05_S0,t_cell,0.0,train,0.6015653324702863,0.6531008894939548,-0.05153555702366852,heldout_donor
D05_S0_C005_T012,D05,D05_S0,t_cell,12.0,train,1.1514344087668151,1.1840246951363589,-0.03259028636954375,heldout_donor
D05_S0_C005_T024,D05,D05_S0,t_cell,24.0,train,2.5311638823291207,2.5137623526122153,0.01740152971690545,heldout_donor
D05_S0_C006_T000,D05,D05_S0,tumor,0.0,train,1.008830929002189,1.000103310758093,0.00872761824409607,heldout_donor
D05_S0_C006_T012,D05,D05_S0,tumor,12.0,train,1.6773199890588233,1.6748865091006389,0.002433479958184437,heldout_donor
D05_S0_C006_T024,D05,D05_S0,tumor,24.0,train,2.7139806059428397,2.770653068234212,-0.05667246229137213,heldout_donor
D05_S0_C007_T000,D05,D05_S0,fibroblast,0.0,train,0.6705979710422284,0.6900653503655335,-0.019467379323305112,heldout_donor
D05_S0_C007_T012,D05,D05_S0,fibroblast,12.0,train,1.2019873265724512,1.2031511087165765,-0.0011637821441252694,heldout_donor
D05_S0_C007_T024,D05,D05_S0,fibroblast,24.0,train,2.410725178339191,2.427432570594571,-0.016707392255379983,heldout_donor
D05_S0_C008_T000,D05,D05_S0,macrophage,0.0,train,0.7306815470908004,0.7476108074096972,-0.016929260318896855,heldout_donor
D05_S0_C008_T012,D05,D05_S0,macrophage,12.0,train,1.236496203328253,1.2441306900968547,-0.007634486768601789,heldout_donor
D05_S0_C008_T024,D05,D05_S0,macrophage,24.0,train,2.399713925181062,2.4254621377755194,-0.025748212594457254,heldout_donor
D05_S0_C009_T000,D05,D05_S0,fibroblast,0.0,train,0.8376540825680757,0.8166331753880861,0.021020907179989612,heldout_donor
D05_S0_C009_T012,D05,D05_S0,fibroblast,12.0,train,1.4064082502652029,1.399155615730647,0.007252634534555824,heldout_donor
D05_S0_C009_T024,D05,D05_S0,fibroblast,24.0,train,2.591295938741871,2.605572894724923,-0.014276955983052009,heldout_donor
D05_S0_C010_T000,D05,D05_S0,t_cell,0.0,train,0.5495065513751665,0.5856662849139569,-0.03615973353879043,heldout_donor
D05_S0_C010_T012,D05,D05_S0,t_cell,12.0,train,1.1604948280606093,1.167191121620397,-0.006696293559787625,heldout_donor
D05_S0_C010_T024,D05,D05_S0,t_cell,24.0,train,2.490215192272255,2.4511053857242784,0.03910980654797669,heldout_donor
D05_S0_C011_T000,D05,D05_S0,tumor,0.0,train,0.7993847679717722,0.8486457658007205,-0.04926099782894833,heldout_donor
D05_S0_C011_T012,D05,D05_S0,tumor,12.0,train,1.336424216161221,1.3515382798570705,-0.015114063695849556,heldout_donor
D05_S0_C011_T024,D05,D05_S0,tumor,24.0,train,2.5713211278074213,2.6031541290861933,-0.03183300127877198,heldout_donor
D05_S0_C012_T000,D05,D05_S0,t_cell,0.0,train,0.6714491826693975,0.7048295486172154,-0.0333803659478179,heldout_donor
D05_S0_C012_T012,D05,D05_S0,t_cell,12.0,train,1.232467236058648,1.267734040895607,-0.0352668048369591,heldout_donor
D05_S0_C012_T024,D05,D05_S0,t_cell,24.0,train,2.506471289172505,2.525604613073932,-0.01913332390142708,heldout_donor
D05_S0_C013_T000,D05,D05_S0,macrophage,0.0,train,0.846446405113919,0.782654407301206,0.06379199781271305,heldout_donor
D05_S0_C013_T012,D05,D05_S0,macrophage,12.0,train,1.4422062100940183,1.3992113429550697,0.04299486713894862,heldout_donor
D05_S0_C013_T024,D05,D05_S0,macrophage,24.0,train,2.644360535167491,2.6486880803819894,-0.004327545214498407,heldout_donor
D05_S0_C014_T000,D05,D05_S0,t_cell,0.0,train,0.6515837637066234,0.6374705316281275,0.014113232078495908,heldout_donor
D05_S0_C014_T012,D05,D05_S0,t_cell,12.0,train,1.2109304068903577,1.2056088410727803,0.005321565817577367,heldout_donor
D05_S0_C014_T024,D05,D05_S0,t_cell,24.0,train,2.517130270932072,2.5180885860570625,-0.0009583151249903388,heldout_donor
D05_S0_C015_T000,D05,D05_S0,tumor,0.0,train,0.9533518124797363,0.9423339427165786,0.011017869763157773,heldout_donor
D05_S0_C015_T012,D05,D05_S0,tumor,12.0,train,1.5147584401434373,1.5020100826161507,0.012748357527286647,heldout_donor
D05_S0_C015_T024,D05,D05_S0,tumor,24.0,train,2.516748390906655,2.550611544144008,-0.03386315323735323,heldout_donor
D05_S0_C016_T000,D05,D05_S0,t_cell,0.0,train,0.5979131775070143,0.638113237237598,-0.040200059730583715,heldout_donor
D05_S0_C016_T012,D05,D05_S0,t_cell,12.0,train,1.1923204436843176,1.2345187673024394,-0.042198323618121814,heldout_donor
D05_S0_C016_T024,D05,D05_S0,t_cell,24.0,train,2.574944007301799,2.5940362712464293,-0.01909226394463026,heldout_donor
D05_S0_C017_T000,D05,D05_S0,vascular,0.0,train,0.4842351021593361,0.5381659608161815,-0.05393085865684544,heldout_donor
D05_S0_C017_T012,D05,D05_S0,vascular,12.0,train,1.0212825177669946,1.066411592277267,-0.04512907451027237,heldout_donor
D05_S0_C017_T024,D05,D05_S0,vascular,24.0,train,2.25592077137145,2.3798166998063417,-0.12389592843489172,heldout_donor
D05_S0_C018_T000,D05,D05_S0,tumor,0.0,train,0.8083934951676022,0.7865200126685185,0.02187348249908372,heldout_donor
D05_S0_C018_T012,D05,D05_S0,tumor,12.0,train,1.415483060577436,1.370270395269204,0.04521266530823209,heldout_donor
D05_S0_C018_T024,D05,D05_S0,tumor,24.0,train,2.6177762974864627,2.5923720730077053,0.025404224478757342,heldout_donor
D05_S0_C019_T000,D05,D05_S0,tumor,0.0,train,0.8239668977791591,0.8701714336623086,-0.046204535883149545,heldout_donor
D05_S0_C019_T012,D05,D05_S0,tumor,12.0,train,1.4074361969543816,1.429439484169692,-0.02200328721531042,heldout_donor
D05_S0_C019_T024,D05,D05_S0,tumor,24.0,train,2.5257913659535833,2.5728085127271783,-0.04701714677359492,heldout_donor
D05_S0_C020_T000,D05,D05_S0,macrophage,0.0,train,0.6522254332455089,0.6120356259599735,0.04018980728553534,heldout_donor
D05_S0_C020_T012,D05,D05_S0,macrophage,12.0,train,1.1774520188541833,1.159699695591522,0.017752323262661296,heldout_donor
D05_S0_C020_T024,D05,D05_S0,macrophage,24.0,train,2.5015156018287015,2.49395560848566,0.007559993343041693,heldout_donor
D05_S0_C021_T000,D05,D05_S0,tumor,0.0,train,0.7692378198009312,0.7415846678175781,0.027653151983353053,heldout_donor
D05_S0_C021_T012,D05,D05_S0,tumor,12.0,train,1.4026046958480087,1.3666675509990351,0.03593714484897359,heldout_donor
D05_S0_C021_T024,D05,D05_S0,tumor,24.0,train,2.625871959392133,2.6007628007763564,0.02510915861577656,heldout_donor
D05_S0_C022_T000,D05,D05_S0,tumor,0.0,train,0.8798827760150122,0.8770641925570674,0.0028185834579448343,heldout_donor
D05_S0_C022_T012,D05,D05_S0,tumor,12.0,train,1.5302620156350821,1.5259733360621404,0.004288679572941767,heldout_donor
D05_S0_C022_T024,D05,D05_S0,tumor,24.0,train,2.625931211100387,2.650667946028489,-0.024736734928102244,heldout_donor
D05_S0_C023_T000,D05,D05_S0,macrophage,0.0,train,0.754816806894624,0.7155925864808812,0.03922422041374285,heldout_donor
D05_S0_C023_T012,D05,D05_S0,macrophage,12.0,train,1.313247809412396,1.2826494839937268,0.030598325418669248,heldout_donor
D05_S0_C023_T024,D05,D05_S0,macrophage,24.0,train,2.571716676091505,2.579033235572246,-0.007316559480741169,heldout_donor
D05_S0_C024_T000,D05,D05_S0,t_cell,0.0,train,0.7221991399718978,0.71527459960038,0.0069245403715177956,heldout_donor
D05_S0_C024_T012,D05,D05_S0,t_cell,12.0,train,1.3698314493149655,1.3660445916154313,0.0037868576995341297,heldout_donor
D05_S0_C024_T024,D05,D05_S0,t_cell,24.0,train,2.616474276480169,2.5946959195940176,0.021778356886151595,heldout_donor
D05_S0_C025_T000,D05,D05_S0,macrophage,0.0,train,0.6196401300492227,0.5970151403298924,0.022624989719330246,heldout_donor
D05_S0_C025_T012,D05,D05_S0,macrophage,12.0,train,1.0458895114635567,1.0335991716087713,0.012290339854785337,heldout_donor
D05_S0_C025_T024,D05,D05_S0,macrophage,24.0,train,2.19612530443488,2.1701252401292375,0.02600006430564239,heldout_donor
D05_S0_C026_T000,D05,D05_S0,tumor,0.0,train,0.8671794956598535,0.8981964941697569,-0.03101699850990336,heldout_donor
D05_S0_C026_T012,D05,D05_S0,tumor,12.0,train,1.5566548486038763,1.5465990009400683,0.01005584766380796,heldout_donor
D05_S0_C026_T024,D05,D05_S0,tumor,24.0,train,2.668529050618823,2.6777459819740685,-0.009216931355245706,heldout_donor
D05_S0_C027_T000,D05,D05_S0,t_cell,0.0,train,0.6562633896157767,0.6371177965637645,0.019145593052012133,heldout_donor
D05_S0_C027_T012,D05,D05_S0,t_cell,12.0,train,1.245247063607953,1.2394189269326734,0.005828136675279483,heldout_donor
D05_S0_C027_T024,D05,D05_S0,t_cell,24.0,train,2.5057798829603946,2.509832116461436,-0.004052233501041336,heldout_donor
D05_S0_C028_T000,D05,D05_S0,tumor,0.0,train,0.8113178806743112,0.7857554081334466,0.025562472540864634,heldout_donor
D05_S0_C028_T012,D05,D05_S0,tumor,12.0,train,1.4703316419999575,1.4508744249415855,0.019457217058372,heldout_donor
D05_S0_C028_T024,D05,D05_S0,tumor,24.0,train,2.6584150167648755,2.6821909278130778,-0.023775911048202314,heldout_donor
D05_S0_C029_T000,D05,D05_S0,vascular,0.0,train,0.629145746812936,0.6713722161041098,-0.042226469291173796,heldout_donor
D05_S0_C029_T012,D05,D05_S0,vascular,12.0,train,1.1950696535494485,1.2227148541960455,-0.027645200646597035,heldout_donor
D05_S0_C029_T024,D05,D05_S0,vascular,24.0,train,2.6117705496014745,2.59752377642557,0.014246773175904615,heldout_donor
D05_S0_C030_T000,D05,D05_S0,fibroblast,0.0,train,0.6795991517079988,0.6596435933340005,0.019955558373998317,heldout_donor
D05_S0_C030_T012,D05,D05_S0,fibroblast,12.0,train,1.2140238581648253,1.2063233689493016,0.007700489215523687,heldout_donor
D05_S0_C030_T024,D05,D05_S0,fibroblast,24.0,train,2.485630699175952,2.5083766102647163,-0.022745911088764448,heldout_donor
D05_S0_C031_T000,D05,D05_S0,tumor,0.0,train,0.8543422709933544,0.913781947366228,-0.05943967637287362,heldout_donor
D05_S0_C031_T012,D05,D05_S0,tumor,12.0,train,1.4919942027963087,1.5270581624103319,-0.0350639596140232,heldout_donor
D05_S0_C031_T024,D05,D05_S0,tumor,24.0,train,2.5815596101906326,2.670175760349585,-0.08861615015895241,heldout_donor
D05_S0_C032_T000,D05,D05_S0,macrophage,0.0,train,0.7581234299212455,0.727514469546543,0.03060896037470251,heldout_donor
D05_S0_C032_T012,D05,D05_S0,macrophage,12.0,train,1.3193032115175902,1.3059470083991949,0.01335620311839536,heldout_donor
D05_S0_C032_T024,D05,D05_S0,macrophage,24.0,train,2.563219686809769,2.5736261198443775,-0.010406433034608309,heldout_donor
D05_S0_C033_T000,D05,D05_S0,tumor,0.0,train,0.9697301355895921,0.9531238318607133,0.016606303728878835,heldout_donor
D05_S0_C033_T012,D05,D05_S0,tumor,12.0,train,1.6090107203880444,1.5723450998102424,0.03666562057780198,heldout_donor
D05_S0_C033_T024,D05,D05_S0,tumor,24.0,train,2.6864025520447146,2.699818401813376,-0.013415849768661392,heldout_donor
D05_S0_C034_T000,D05,D05_S0,tumor,0.0,train,0.7822173710208201,0.8076647572699068,-0.025447386249086712,heldout_donor
D05_S0_C034_T012,D05,D05_S0,tumor,12.0,train,1.3683106051089777,1.3779189491474917,-0.00960834403851396,heldout_donor
D05_S0_C034_T024,D05,D05_S0,tumor,24.0,train,2.565875689324162,2.5855030335586298,-0.01962734423446788,heldout_donor
D05_S0_C035_T000,D05,D05_S0,t_cell,0.0,train,0.6616712112181281,0.6700735754762427,-0.00840236425811458,heldout_donor
D05_S0_C035_T012,D05,D05_S0,t_cell,12.0,train,1.297646440705448,1.3042004494237185,-0.006554008718270499,heldout_donor
D05_S0_C035_T024,D05,D05_S0,t_cell,24.0,train,2.5448221425935684,2.577963991260529,-0.033141848666960794,heldout_donor
D05_S1_C000_T000,D05,D05_S1,t_cell,0.0,train,0.6039043475402361,0.608544840640972,-0.004640493100735887,heldout_donor
D05_S1_C000_T012,D05,D05_S1,t_cell,12.0,train,1.084906831049064,1.0767185303422966,0.008188300706767349,heldout_donor
D05_S1_C000_T024,D05,D05_S1,t_cell,24.0,train,2.356071293259014,2.35646827761197,-0.00039698435295587586,heldout_donor
D05_S1_C001_T000,D05,D05_S1,tumor,0.0,train,0.9153579003026928,0.925308145589384,-0.009950245286691195,heldout_donor
D05_S1_C001_T012,D05,D05_S1,tumor,12.0,train,1.589867403630277,1.5842335980389075,0.00563380559136939,heldout_donor
D05_S1_C001_T024,D05,D05_S1,tumor,24.0,train,2.637936975763028,2.6642326232154776,-0.02629564745244961,heldout_donor
D05_S1_C002_T000,D05,D05_S1,t_cell,0.0,train,0.7208039358331074,0.7494823888854595,-0.02867845305235206,heldout_donor
D05_S1_C002_T012,D05,D05_S1,t_cell,12.0,train,1.3251502844541951,1.3460514293742059,-0.020901144920010717,heldout_donor
D05_S1_C002_T024,D05,D05_S1,t_cell,24.0,train,2.5586522903001616,2.5805073319170617,-0.021855041616900106,heldout_donor
D05_S1_C003_T000,D05,D05_S1,macrophage,0.0,train,0.8471330788870863,0.816599767587836,0.0305333112992503,heldout_donor
D05_S1_C003_T012,D05,D05_S1,macrophage,12.0,train,1.4459193112587148,1.4086232052293877,0.03729610602932709,heldout_donor
D05_S1_C003_T024,D05,D05_S1,macrophage,24.0,train,2.6091187599483954,2.6158932761058553,-0.006774516157459942,heldout_donor
D05_S1_C004_T000,D05,D05_S1,tumor,0.0,train,0.9116345413556612,0.9223374581885722,-0.010702916832910914,heldout_donor
D05_S1_C004_T012,D05,D05_S1,tumor,12.0,train,1.5273527174390296,1.529466493838985,-0.0021137763999554693,heldout_donor
D05_S1_C004_T024,D05,D05_S1,tumor,24.0,train,2.6618818718032977,2.6949085328451248,-0.033026661041827055,heldout_donor
D05_S1_C005_T000,D05,D05_S1,fibroblast,0.0,train,0.6907584323765806,0.698690683872848,-0.007932251496267417,heldout_donor
D05_S1_C005_T012,D05,D05_S1,fibroblast,12.0,train,1.287281742737988,1.2848619784968212,0.002419764241166744,heldout_donor
D05_S1_C005_T024,D05,D05_S1,fibroblast,24.0,train,2.555314517045685,2.5539282090996855,0.0013863079459994765,heldout_donor
D05_S1_C006_T000,D05,D05_S1,vascular,0.0,train,0.6767319608517353,0.6701518400507573,0.006580120800977918,heldout_donor
D05_S1_C006_T012,D05,D05_S1,vascular,12.0,train,1.293964695319232,1.289642918026878,0.0043217772923540565,heldout_donor
D05_S1_C006_T024,D05,D05_S1,vascular,24.0,train,2.553860968289624,2.54888519304846,0.00497577524116366,heldout_donor
D05_S1_C007_T000,D05,D05_S1,macrophage,0.0,train,0.6983472963581292,0.6563295201518471,0.04201777620628211,heldout_donor
D05_S1_C007_T012,D05,D05_S1,macrophage,12.0,train,1.2058655932579623,1.1855999103236012,0.02026568293436104,heldout_donor
D05_S1_C007_T024,D05,D05_S1,macrophage,24.0,train,2.4393958142875083,2.43001186137798,0.009383952909528315,heldout_donor
D05_S1_C008_T000,D05,D05_S1,t_cell,0.0,train,0.6229019088783185,0.6430133284064223,-0.020111419528103802,heldout_donor
D05_S1_C008_T012,D05,D05_S1,t_cell,12.0,train,1.2221006446027112,1.225539497724467,-0.003438853121755736,heldout_donor
D05_S1_C008_T024,D05,D05_S1,t_cell,24.0,train,2.4823576068145714,2.475884945599378,0.006472661215193298,heldout_donor
D05_S1_C009_T000,D05,D05_S1,macrophage,0.0,train,0.7617600582829921,0.7413716798014272,0.02038837848156494,heldout_donor
D05_S1_C009_T012,D05,D05_S1,macrophage,12.0,train,1.3532980873797327,1.3340183766661682,0.01927971071356449,heldout_donor
D05_S1_C009_T024,D05,D05_S1,macrophage,24.0,train,2.580339454994946,2.588197952412113,-0.00785849741716671,heldout_donor
D05_S1_C010_T000,D05,D05_S1,fibroblast,0.0,train,0.8058637556936111,0.7889775314358569,0.016886224257754212,heldout_donor
D05_S1_C010_T012,D05,D05_S1,fibroblast,12.0,train,1.448901537200998,1.4552253633418,-0.006323826140802069,heldout_donor
D05_S1_C010_T024,D05,D05_S1,fibroblast,24.0,train,2.608741474454788,2.66248327564701,-0.05374180119222194,heldout_donor
D05_S1_C011_T000,D05,D05_S1,tumor,0.0,train,0.8596885805497922,0.9010759487111307,-0.04138736816133848,heldout_donor
D05_S1_C011_T012,D05,D05_S1,tumor,12.0,train,1.488364877751198,1.5028909103907655,-0.014526032639567532,heldout_donor
D05_S1_C011_T024,D05,D05_S1,tumor,24.0,train,2.620577952801014,2.6538944957178394,-0.0333165429168254,heldout_donor
D05_S1_C012_T000,D05,D05_S1,fibroblast,0.0,train,0.7483053375062677,0.7720135994821424,-0.023708261975874723,heldout_donor
D05_S1_C012_T012,D05,D05_S1,fibroblast,12.0,train,1.327035526060329,1.3478814433437902,-0.02084591728346119,heldout_donor
D05_S1_C012_T024,D05,D05_S1,fibroblast,24.0,train,2.6285296393354636,2.6440154015417052,-0.015485762206241649,heldout_donor
D05_S1_C013_T000,D05,D05_S1,tumor,0.0,train,0.8659419366019628,0.8828412550432888,-0.016899318441325972,heldout_donor
D05_S1_C013_T012,D05,D05_S1,tumor,12.0,train,1.5051742062185287,1.5044118601753753,0.0007623460431533946,heldout_donor
D05_S1_C013_T024,D05,D05_S1,tumor,24.0,train,2.6086730256067656,2.6111586880608826,-0.002485662454116966,heldout_donor
D05_S1_C014_T000,D05,D05_S1,vascular,0.0,train,0.6722185430816093,0.6564481481345474,0.015770394947061894,heldout_donor
D05_S1_C014_T012,D05,D05_S1,vascular,12.0,train,1.2455516960233721,1.244873540367638,0.0006781556557340362,heldout_donor
D05_S1_C014_T024,D05,D05_S1,vascular,24.0,train,2.561086499229237,2.5735864181863013,-0.01249991895706426,heldout_donor
D05_S1_C015_T000,D05,D05_S1,macrophage,0.0,train,0.672886930283976,0.6515192687416376,0.02136766154233838,heldout_donor
D05_S1_C015_T012,D05,D05_S1,macrophage,12.0,train,1.249878484331965,1.2442325105400576,0.005645973791907455,heldout_donor
D05_S1_C015_T024,D05,D05_S1,macrophage,24.0,train,2.5825033790266443,2.5945149923740103,-0.012011613347366001,heldout_donor
D05_S1_C016_T000,D05,D05_S1,tumor,0.0,train,0.788985000444042,0.8394175789955154,-0.05043257855147343,heldout_donor
D05_S1_C016_T012,D05,D05_S1,tumor,12.0,train,1.3795024900344188,1.3972594706277643,-0.017756980593345517,heldout_donor
D05_S1_C016_T024,D05,D05_S1,tumor,24.0,train,2.540291682229219,2.5782723237329344,-0.03798064150371516,heldout_donor
D05_S1_C017_T000,D05,D05_S1,tumor,0.0,train,0.9095486852384762,0.9203167562251131,-0.010768070986636902,heldout_donor
D05_S1_C017_T012,D05,D05_S1,tumor,12.0,train,1.5473378932574278,1.549000914517905,-0.0016630212604771266,heldout_donor
D05_S1_C017_T024,D05,D05_S1,tumor,24.0,train,2.624280849425456,2.6635125178689263,-0.03923166844347037,heldout_donor
D05_S1_C018_T000,D05,D05_S1,tumor,0.0,train,0.8650643438650509,0.8653207334728414,-0.0002563896077905081,heldout_donor
D05_S1_C018_T012,D05,D05_S1,tumor,12.0,train,1.4737143158332668,1.4627031596546205,0.011011156178646342,heldout_donor
D05_S1_C018_T024,D05,D05_S1,tumor,24.0,train,2.5855647402093664,2.610986662732578,-0.025421922523211737,heldout_donor
D05_S1_C019_T000,D05,D05_S1,macrophage,0.0,train,0.8441647541590814,0.8094087502927235,0.03475600386635791,heldout_donor
D05_S1_C019_T012,D05,D05_S1,macrophage,12.0,train,1.50792099736366,1.5093904027117775,-0.0014694053481174585,heldout_donor
D05_S1_C019_T024,D05,D05_S1,macrophage,24.0,train,2.657701054438607,2.6782047936658397,-0.02050373922723292,heldout_donor
D05_S1_C020_T000,D05,D05_S1,macrophage,0.0,train,0.8484918171946271,0.7945148436419669,0.05397697355266018,heldout_donor
D05_S1_C020_T012,D05,D05_S1,macrophage,12.0,train,1.4646740939286798,1.4336586578049593,0.031015436123720486,heldout_donor
D05_S1_C020_T024,D05,D05_S1,macrophage,24.0,train,2.670673483792172,2.6807664001014064,-0.010092916309234479,heldout_donor
D05_S1_C021_T000,D05,D05_S1,fibroblast,0.0,train,0.7379648063852842,0.7314529561595329,0.006511850225751292,heldout_donor
D05_S1_C021_T012,D05,D05_S1,fibroblast,12.0,train,1.3743766639583872,1.3860276592416652,-0.011650995283277954,heldout_donor
D05_S1_C021_T024,D05,D05_S1,fibroblast,24.0,train,2.574953102042147,2.584944421309892,-0.009991319267744991,heldout_donor
D05_S1_C022_T000,D05,D05_S1,t_cell,0.0,train,0.6088436208164884,0.6033084535354422,0.005535167281046194,heldout_donor
D05_S1_C022_T012,D05,D05_S1,t_cell,12.0,train,1.171515261475869,1.1626408242567927,0.008874437219076325,heldout_donor
D05_S1_C022_T024,D05,D05_S1,t_cell,24.0,train,2.52174763832592,2.4867032915381606,0.03504434678775947,heldout_donor
D05_S1_C023_T000,D05,D05_S1,macrophage,0.0,train,0.721495112283126,0.6814323884197431,0.04006272386338294,heldout_donor
D05_S1_C023_T012,D05,D05_S1,macrophage,12.0,train,1.302209997780636,1.2896145674931465,0.01259543028748955,heldout_donor
D05_S1_C023_T024,D05,D05_S1,macrophage,24.0,train,2.5709653763624796,2.6113958973873683,-0.040430521024888755,heldout_donor
D05_S1_C024_T000,D05,D05_S1,tumor,0.0,train,0.8238123477668328,0.8565170818434412,-0.032704734076608455,heldout_donor
D05_S1_C024_T012,D05,D05_S1,tumor,12.0,train,1.4191410271567082,1.4218681133182942,-0.002727086161586012,heldout_donor
D05_S1_C024_T024,D05,D05_S1,tumor,24.0,train,2.5622044328535267,2.5916513254941647,-0.029446892640637934,heldout_donor
D05_S1_C025_T000,D05,D05_S1,t_cell,0.0,train,0.6565900922832395,0.6723902002259365,-0.01580010794269704,heldout_donor
D05_S1_C025_T012,D05,D05_S1,t_cell,12.0,train,1.1920956813350156,1.2079935573659821,-0.015897876030966485,heldout_donor
D05_S1_C025_T024,D05,D05_S1,t_cell,24.0,train,2.3862866497000255,2.4162607890825423,-0.029974139382516807,heldout_donor
D05_S1_C026_T000,D05,D05_S1,tumor,0.0,train,0.7521735051653873,0.8093368135396392,-0.057163308374251875,heldout_donor
D05_S1_C026_T012,D05,D05_S1,tumor,12.0,train,1.3277732947310683,1.3449159596854097,-0.017142664954341358,heldout_donor
D05_S1_C026_T024,D05,D05_S1,tumor,24.0,train,2.482790613422359,2.5045109329051534,-0.02172031948279418,heldout_donor
D05_S1_C027_T000,D05,D05_S1,macrophage,0.0,train,0.7145335024586108,0.6979478556181125,0.016585646840498347,heldout_donor
D05_S1_C027_T012,D05,D05_S1,macrophage,12.0,train,1.2269997357190037,1.2128499359048988,0.014149799814104913,heldout_donor
D05_S1_C027_T024,D05,D05_S1,macrophage,24.0,train,2.574180884083172,2.5662304685483996,0.007950415534772493,heldout_donor
D05_S1_C028_T000,D05,D05_S1,tumor,0.0,train,0.8581711804598284,0.9135562461312248,-0.05538506567139634,heldout_donor
D05_S1_C028_T012,D05,D05_S1,tumor,12.0,train,1.4561569668515744,1.485979635921255,-0.029822669069680563,heldout_donor
D05_S1_C028_T024,D05,D05_S1,tumor,24.0,train,2.5715701766236236,2.612076681927074,-0.040506505303450346,heldout_donor
D05_S1_C029_T000,D05,D05_S1,tumor,0.0,train,0.8024929421980305,0.839351174983094,-0.036858232785063505,heldout_donor
D05_S1_C029_T012,D05,D05_S1,tumor,12.0,train,1.440263149923661,1.4637371692842651,-0.023474019360604226,heldout_donor
D05_S1_C029_T024,D05,D05_S1,tumor,24.0,train,2.6242487956849283,2.662520186747569,-0.03827139106264088,heldout_donor
D05_S1_C030_T000,D05,D05_S1,t_cell,0.0,train,0.652525735854398,0.6790706164387202,-0.02654488058432225,heldout_donor
D05_S1_C030_T012,D05,D05_S1,t_cell,12.0,train,1.2533379253007595,1.2855602627170173,-0.032222337416257796,heldout_donor
D05_S1_C030_T024,D05,D05_S1,t_cell,24.0,train,2.603332773752537,2.5688183358538397,0.03451443789869746,heldout_donor
D05_S1_C031_T000,D05,D05_S1,tumor,0.0,train,0.833113392917461,0.841228870636214,-0.008115477718752984,heldout_donor
D05_S1_C031_T012,D05,D05_S1,tumor,12.0,train,1.493425261587557,1.4841049439478045,0.009320317639752496,heldout_donor
D05_S1_C031_T024,D05,D05_S1,tumor,24.0,train,2.5990478679732596,2.6103638213779425,-0.011315953404682944,heldout_donor
D05_S1_C032_T000,D05,D05_S1,macrophage,0.0,train,0.7504153963148248,0.7192860151075896,0.031129381207235185,heldout_donor
D05_S1_C032_T012,D05,D05_S1,macrophage,12.0,train,1.3391648424041704,1.3261807349891717,0.01298410741499878,heldout_donor
D05_S1_C032_T024,D05,D05_S1,macrophage,24.0,train,2.6010039280412323,2.61185268117512,-0.01084875313388789,heldout_donor
D05_S1_C033_T000,D05,D05_S1,vascular,0.0,train,0.5661837757194529,0.578419170513509,-0.01223539479405611,heldout_donor
D05_S1_C033_T012,D05,D05_S1,vascular,12.0,train,1.1507018478805313,1.1613436173757385,-0.010641769495207232,heldout_donor
D05_S1_C033_T024,D05,D05_S1,vascular,24.0,train,2.6158032477599216,2.563310221707233,0.052493026052688574,heldout_donor
D05_S1_C034_T000,D05,D05_S1,tumor,0.0,train,0.9081914837797567,0.9429417745781583,-0.03475029079840164,heldout_donor
D05_S1_C034_T012,D05,D05_S1,tumor,12.0,train,1.50518631870545,1.5209082546234027,-0.01572193591795279,heldout_donor
D05_S1_C034_T024,D05,D05_S1,tumor,24.0,train,2.661212966894382,2.7095828756151206,-0.04836990872073876,heldout_donor
D05_S1_C035_T000,D05,D05_S1,fibroblast,0.0,train,0.6384233523442634,0.6483551077174738,-0.009931755373210449,heldout_donor
D05_S1_C035_T012,D05,D05_S1,fibroblast,12.0,train,1.2137343101438929,1.1938985418775099,0.019835768266383003,heldout_donor
D05_S1_C035_T024,D05,D05_S1,fibroblast,24.0,train,2.5203014551011598,2.5629865160167675,-0.04268506091560775,heldout_donor
D06_S0_C000_T000,D06,D06_S0,tumor,0.0,train,0.9489328545586826,0.9147874981373132,0.0341453564213694,heldout_donor
D06_S0_C000_T012,D06,D06_S0,tumor,12.0,train,1.6642810676871016,1.6088613361347106,0.055419731552390994,heldout_donor
D06_S0_C000_T024,D06,D06_S0,tumor,24.0,train,2.7756000000000003,2.7756000000000003,0.0,heldout_donor
D06_S0_C001_T000,D06,D06_S0,tumor,0.0,train,0.9744585113438258,0.9365936022717809,0.03786490907204487,heldout_donor
D06_S0_C001_T012,D06,D06_S0,tumor,12.0,train,1.6234901785622438,1.583696298088452,0.03979388047379184,heldout_donor
D06_S0_C001_T024,D06,D06_S0,tumor,24.0,train,2.738847304304834,2.743642944629134,-0.00479564032429991,heldout_donor
D06_S0_C002_T000,D06,D06_S0,tumor,0.0,train,1.0066223157911642,1.0063225655747066,0.00029975021645767264,heldout_donor
D06_S0_C002_T012,D06,D06_S0,tumor,12.0,train,1.7379380453243904,1.7305617251887213,0.007376320135669134,heldout_donor
D06_S0_C002_T024,D06,D06_S0,tumor,24.0,train,2.7756000000000003,2.7756000000000003,0.0,heldout_donor
D06_S0_C003_T000,D06,D06_S0,tumor,0.0,train,1.092078522892418,1.050719059954443,0.04135946293797499,heldout_donor
D06_S0_C003_T012,D06,D06_S0,tumor,12.0,train,1.7935634363918913,1.749840024982146,0.04372341140974534,heldout_donor
D06_S0_C003_T024,D06,D06_S0,tumor,24.0,train,2.775088143028815,2.7732570642277623,0.001831078801052488,heldout_donor
D06_S0_C004_T000,D06,D06_S0,tumor,0.0,train,0.8557675049957656,0.8623950693817388,-0.006627564385973228,heldout_donor
D06_S0_C004_T012,D06,D06_S0,tumor,12.0,train,1.5045228363332424,1.486900981745011,0.0176218545882314,heldout_donor
D06_S0_C004_T024,D06,D06_S0,tumor,24.0,train,2.7694821469224493,2.7579608604459946,0.011521286476454673,heldout_donor
D06_S0_C005_T000,D06,D06_S0,tumor,0.0,train,0.8615016038342287,0.8716858807301591,-0.010184276895930378,heldout_donor
D06_S0_C005_T012,D06,D06_S0,tumor,12.0,train,1.5253674143183533,1.4979113435726046,0.02745607074574874,heldout_donor
D06_S0_C005_T024,D06,D06_S0,tumor,24.0,train,2.7756000000000003,2.7252644026180075,0.05033559738199278,heldout_donor
D06_S0_C006_T000,D06,D06_S0,t_cell,0.0,train,0.6545593301204374,0.6229954367677911,0.03156389335264631,heldout_donor
D06_S0_C006_T012,D06,D06_S0,t_cell,12.0,train,1.3177972375335734,1.2862286709197681,0.03156856661380525,heldout_donor
D06_S0_C006_T024,D06,D06_S0,t_cell,24.0,train,2.714229009548154,2.5936903553982664,0.1205386541498874,heldout_donor
D06_S0_C007_T000,D06,D06_S0,tumor,0.0,train,0.9021073133684306,0.9174210349619132,-0.015313721593482543,heldout_donor
D06_S0_C007_T012,D06,D06_S0,tumor,12.0,train,1.5608029406971786,1.5317388236079292,0.029064117089249386,heldout_donor
D06_S0_C007_T024,D06,D06_S0,tumor,24.0,train,2.6889446824906993,2.7158409258262353,-0.026896243335535974,heldout_donor
D06_S0_C008_T000,D06,D06_S0,macrophage,0.0,train,0.7512007665188996,0.7016724217250245,0.04952834479387502,heldout_donor
D06_S0_C008_T012,D06,D06_S0,macrophage,12.0,train,1.3500794542829815,1.302301866546884,0.047777587736097527,heldout_donor
D06_S0_C008_T024,D06,D06_S0,macrophage,24.0,train,2.6180701262512245,2.579145603675087,0.038924522576137655,heldout_donor
D06_S0_C009_T000,D06,D06_S0,macrophage,0.0,train,0.9344250323959171,0.8861019166951075,0.048323115700809605,heldout_donor
D06_S0_C009_T012,D06,D06_S0,macrophage,12.0,train,1.6477369967735536,1.6216342768121648,0.0261027199613888,heldout_donor
D06_S0_C009_T024,D06,D06_S0,macrophage,24.0,train,2.7756000000000003,2.7756000000000003,0.0,heldout_donor
D06_S0_C010_T000,D06,D06_S0,t_cell,0.0,train,0.5450420868218979,0.5488824906242402,-0.003840403802342296,heldout_donor
D06_S0_C010_T012,D06,D06_S0,t_cell,12.0,train,1.0632188325271812,1.0441794517704186,0.01903938075676259,heldout_donor
D06_S0_C010_T024,D06,D06_S0,t_cell,24.0,train,2.4930159784575032,2.41862897269188,0.07438700576562329,heldout_donor
D06_S0_C011_T000,D06,D06_S0,fibroblast,0.0,train,0.7381042237801827,0.6980014039711334,0.040102819809049284,heldout_donor
D06_S0_C011_T012,D06,D06_S0,fibroblast,12.0,train,1.415694110587389,1.3845832290886446,0.031110881498744414,heldout_donor
D06_S0_C011_T024,D06,D06_S0,fibroblast,24.0,train,2.6787871230491223,2.6627480980441103,0.016039025005011975,heldout_donor
D06_S0_C012_T000,D06,D06_S0,macrophage,0.0,train,0.8278446115834278,0.7651337167132742,0.06271089487015358,heldout_donor
D06_S0_C012_T012,D06,D06_S0,macrophage,12.0,train,1.4855725882247381,1.4578447572211075,0.027727831003630632,heldout_donor
D06_S0_C012_T024,D06,D06_S0,macrophage,24.0,train,2.7281117066650555,2.697328331586076,0.030783375078979436,heldout_donor
D06_S0_C013_T000,D06,D06_S0,vascular,0.0,train,0.6114429866954708,0.6020902269585605,0.009352759736910299,heldout_donor
D06_S0_C013_T012,D06,D06_S0,vascular,12.0,train,1.2228529968524193,1.217761483240927,0.005091513611492404,heldout_donor
D06_S0_C013_T024,D06,D06_S0,vascular,24.0,train,2.6174138236435947,2.5626133118157974,0.054800511827797216,heldout_donor
D06_S0_C014_T000,D06,D06_S0,tumor,0.0,train,0.8914976564081992,0.9043945524408503,-0.012896896032651095,heldout_donor
D06_S0_C014_T012,D06,D06_S0,tumor,12.0,train,1.577661770161382,1.5558880711411065,0.021773699020275483,heldout_donor
D06_S0_C014_T024,D06,D06_S0,tumor,24.0,train,2.7756000000000003,2.7588301731321074,0.016769826867892856,heldout_donor
D06_S0_C015_T000,D06,D06_S0,t_cell,0.0,train,0.6939422402691475,0.6788677420866949,0.015074498182452656,heldout_donor
D06_S0_C015_T012,D06,D06_S0,t_cell,12.0,train,1.3781910132567823,1.3663949414281173,0.011796071828664934,heldout_donor
D06_S0_C015_T024,D06,D06_S0,t_cell,24.0,train,2.6820927290050496,2.6583317293673034,0.02376099963774614,heldout_donor
D06_S0_C016_T000,D06,D06_S0,fibroblast,0.0,train,0.7991342826581216,0.7798765378888999,0.019257744769221707,heldout_donor
D06_S0_C016_T012,D06,D06_S0,fibroblast,12.0,train,1.4130180853585632,1.39233352110169,0.02068456425687315,heldout_donor
D06_S0_C016_T024,D06,D06_S0,fibroblast,24.0,train,2.680526547122002,2.6626326133393983,0.01789393378260362,heldout_donor
D06_S0_C017_T000,D06,D06_S0,tumor,0.0,train,0.9259743488188389,0.8996256451145324,0.02634870370430653,heldout_donor
D06_S0_C017_T012,D06,D06_S0,tumor,12.0,train,1.5501351626572295,1.5113102918207675,0.03882487083646202,heldout_donor
D06_S0_C017_T024,D06,D06_S0,tumor,24.0,train,2.7245691087311945,2.716481148133529,0.008087960597665589,heldout_donor
D06_S0_C018_T000,D06,D06_S0,tumor,0.0,train,0.9931660810410322,1.0029199539026328,-0.009753872861600565,heldout_donor
D06_S0_C018_T012,D06,D06_S0,tumor,12.0,train,1.7507454418788582,1.719058091542796,0.03168735033606218,heldout_donor
D06_S0_C018_T024,D06,D06_S0,tumor,24.0,train,2.7756000000000003,2.7756000000000003,0.0,heldout_donor
D06_S0_C019_T000,D06,D06_S0,tumor,0.0,train,0.9038167917789862,0.8930094015376523,0.010807390241333925,heldout_donor
D06_S0_C019_T012,D06,D06_S0,tumor,12.0,train,1.527687259502367,1.496175750015773,0.03151150948659387,heldout_donor
D06_S0_C019_T024,D06,D06_S0,tumor,24.0,train,2.7090958892495833,2.709645578001543,-0.0005496887519598204,heldout_donor
D06_S0_C020_T000,D06,D06_S0,macrophage,0.0,train,0.8682319495924434,0.8137374583032821,0.054494491289161284,heldout_donor
D06_S0_C020_T012,D06,D06_S0,macrophage,12.0,train,1.5366308054096738,1.4774766177418381,0.059154187667835645,heldout_donor
D06_S0_C020_T024,D06,D06_S0,macrophage,24.0,train,2.7756000000000003,2.7598394784350475,0.01576052156495278,heldout_donor
D06_S0_C021_T000,D06,D06_S0,t_cell,0.0,train,0.7104678141563407,0.6988976173769771,0.011570196779363662,heldout_donor
D06_S0_C021_T012,D06,D06_S0,t_cell,12.0,train,1.3106255079265232,1.3043864773885767,0.006239030537946499,heldout_donor
D06_S0_C021_T024,D06,D06_S0,t_cell,24.0,train,2.6338575334138485,2.594486322052281,0.039371211361567404,heldout_donor
D06_S0_C022_T000,D06,D06_S0,t_cell,0.0,train,0.5971768064120431,0.6289668548399316,-0.03179004842788857,heldout_donor
D06_S0_C022_T012,D06,D06_S0,t_cell,12.0,train,1.1774960417685447,1.1844561171937742,-0.006960075425229473,heldout_donor
D06_S0_C022_T024,D06,D06_S0,t_cell,24.0,train,2.609172460925313,2.5363637566226513,0.07280870430266173,heldout_donor
D06_S0_C023_T000,D06,D06_S0,macrophage,0.0,train,0.8617576831153645,0.7999850857984179,0.06177259731694662,heldout_donor
D06_S0_C023_T012,D06,D06_S0,macrophage,12.0,train,1.5386059974990507,1.4821036798195455,0.0565023176795052,heldout_donor
D06_S0_C023_T024,D06,D06_S0,macrophage,24.0,train,2.7322201375890813,2.690299127346703,0.041921010242378376,heldout_donor
D06_S0_C024_T000,D06,D06_S0,tumor,0.0,train,0.9365415940018039,0.914678138368452,0.021863455633351903,heldout_donor
D06_S0_C024_T012,D06,D06_S0,tumor,12.0,train,1.6278985603772234,1.568627421925352,0.059271138451871375,heldout_donor
D06_S0_C024_T024,D06,D06_S0,tumor,24.0,train,2.7296504699211486,2.685511118014728,0.04413935190642038,heldout_donor
D06_S0_C025_T000,D06,D06_S0,tumor,0.0,train,0.8878802926906226,0.9090790243194375,-0.021198731628814915,heldout_donor
D06_S0_C025_T012,D06,D06_S0,tumor,12.0,train,1.553007232431328,1.5529443848111082,6.284762021979695e-05,heldout_donor
D06_S0_C025_T024,D06,D06_S0,tumor,24.0,train,2.6521162526810653,2.671928400847024,-0.019812148165958554,heldout_donor
D06_S0_C026_T000,D06,D06_S0,macrophage,0.0,train,0.8150849406692524,0.7838467357155594,0.031238204953693005,heldout_donor
D06_S0_C026_T012,D06,D06_S0,macrophage,12.0,train,1.430514557207477,1.3993317141601676,0.03118284304730956,heldout_donor
D06_S0_C026_T024,D06,D06_S0,macrophage,24.0,train,2.6746842096605152,2.6393614153779312,0.035322794282584,heldout_donor
D06_S0_C027_T000,D06,D06_S0,tumor,0.0,train,1.020304436119914,1.0237558604868457,-0.003451424366931688,heldout_donor
D06_S0_C027_T012,D06,D06_S0,tumor,12.0,train,1.7162688864421254,1.6904760577892843,0.02579282865284105,heldout_donor
D06_S0_C027_T024,D06,D06_S0,tumor,24.0,train,2.7749096915203704,2.7756000000000003,-0.0006903084796299197,heldout_donor
D06_S0_C028_T000,D06,D06_S0,fibroblast,0.0,train,0.8554918147529978,0.8326819321211038,0.022809882631894096,heldout_donor
D06_S0_C028_T012,D06,D06_S0,fibroblast,12.0,train,1.5106054008654854,1.4758052611926264,0.034800139672859,heldout_donor
D06_S0_C028_T024,D06,D06_S0,fibroblast,24.0,train,2.7756000000000003,2.7756000000000003,0.0,heldout_donor
D06_S0_C029_T000,D06,D06_S0,t_cell,0.0,train,0.649572660274552,0.6846406085744489,-0.0350679482998969,heldout_donor
D06_S0_C029_T012,D06,D06_S0,t_cell,12.0,train,1.300336450395664,1.308175838096678,-0.007839387701013889,heldout_donor
D06_S0_C029_T024,D06,D06_S0,t_cell,24.0,train,2.6901440694792376,2.6467875769214895,0.043356492557748094,heldout_donor
D06_S0_C030_T000,D06,D06_S0,tumor,0.0,train,0.8814507060291783,0.8944571399735481,-0.013006433944369844,heldout_donor
D06_S0_C030_T012,D06,D06_S0,tumor,12.0,train,1.512885393847071,1.4962379841936873,0.016647409653383738,heldout_donor
D06_S0_C030_T024,D06,D06_S0,tumor,24.0,train,2.749843475044558,2.699531573594434,0.0503119014501241,heldout_donor
D06_S0_C031_T000,D06,D06_S0,tumor,0.0,train,0.8992748359397592,0.9330220082185583,-0.03374717227879909,heldout_donor
D06_S0_C031_T012,D06,D06_S0,tumor,12.0,train,1.604845734058321,1.5844594462680022,0.020386287790318924,heldout_donor
D06_S0_C031_T024,D06,D06_S0,tumor,24.0,train,2.7650920740477374,2.733611468027042,0.03148060602069558,heldout_donor
D06_S0_C032_T000,D06,D06_S0,vascular,0.0,train,0.7047566327289082,0.6970903698430986,0.007666262885809627,heldout_donor
D06_S0_C032_T012,D06,D06_S0,vascular,12.0,train,1.3717087648064752,1.358903237740758,0.012805527065717248,heldout_donor
D06_S0_C032_T024,D06,D06_S0,vascular,24.0,train,2.750138582866672,2.705649904752291,0.04448867811438095,heldout_donor
D06_S0_C033_T000,D06,D06_S0,tumor,0.0,train,0.889299729762,0.9412178458590248,-0.05191811609702479,heldout_donor
D06_S0_C033_T012,D06,D06_S0,tumor,12.0,train,1.5600286118553768,1.5574232812711188,0.0026053305842579366,heldout_donor
D06_S0_C033_T024,D06,D06_S0,tumor,24.0,train,2.711879741864871,2.7217552829051335,-0.009875541040262448,heldout_donor
D06_S0_C034_T000,D06,D06_S0,vascular,0.0,train,0.796070228129877,0.7801786830759311,0.015891545053945966,heldout_donor
D06_S0_C034_T012,D06,D06_S0,vascular,12.0,train,1.520890965036791,1.5047062850429997,0.01618467999379125,heldout_donor
D06_S0_C034_T024,D06,D06_S0,vascular,24.0,train,2.7289730738751588,2.699930565940644,0.029042507934514905,heldout_donor
D06_S0_C035_T000,D06,D06_S0,vascular,0.0,train,0.5668383573044519,0.5620207054343754,0.004817651870076434,heldout_donor
D06_S0_C035_T012,D06,D06_S0,vascular,12.0,train,1.2081136940925465,1.1977484020063036,0.010365292086242928,heldout_donor
D06_S0_C035_T024,D06,D06_S0,vascular,24.0,train,2.667240061771483,2.588853452141664,0.07838660962981914,heldout_donor
D06_S1_C000_T000,D06,D06_S1,fibroblast,0.0,train,0.7517941941615853,0.7564891978230273,-0.004695003661441932,heldout_donor
D06_S1_C000_T012,D06,D06_S1,fibroblast,12.0,train,1.2558533047814677,1.2649644862792315,-0.009111181497763798,heldout_donor
D06_S1_C000_T024,D06,D06_S1,fibroblast,24.0,train,2.5857564630581393,2.586960632099649,-0.0012041690415096618,heldout_donor
D06_S1_C001_T000,D06,D06_S1,tumor,0.0,train,0.9364208917390797,0.9564380152694172,-0.020017123530337466,heldout_donor
D06_S1_C001_T012,D06,D06_S1,tumor,12.0,train,1.603134918604652,1.5786873309462457,0.024447587658406267,heldout_donor
D06_S1_C001_T024,D06,D06_S1,tumor,24.0,train,2.7756000000000003,2.7756000000000003,0.0,heldout_donor
D06_S1_C002_T000,D06,D06_S1,tumor,0.0,train,0.9047886360694886,0.8941042515752787,0.010684384494209831,heldout_donor
D06_S1_C002_T012,D06,D06_S1,tumor,12.0,train,1.585961126295265,1.575178932837758,0.010782193457507194,heldout_donor
D06_S1_C002_T024,D06,D06_S1,tumor,24.0,train,2.7643949088382054,2.7621121188707565,0.002282789967448906,heldout_donor
D06_S1_C003_T000,D06,D06_S1,tumor,0.0,train,0.9643955991623615,0.9790684878052687,-0.014672888642907167,heldout_donor
D06_S1_C003_T012,D06,D06_S1,tumor,12.0,train,1.625125536013234,1.6012399471909848,0.023885588822249115,heldout_donor
D06_S1_C003_T024,D06,D06_S1,tumor,24.0,train,2.769009836732371,2.7711088983097016,-0.002099061577330641,heldout_donor
D06_S1_C004_T000,D06,D06_S1,tumor,0.0,train,0.9056177137196336,0.936082147803807,-0.03046443408417343,heldout_donor
D06_S1_C004_T012,D06,D06_S1,tumor,12.0,train,1.5418371293362862,1.5104542683736668,0.03138286096261944,heldout_donor
D06_S1_C004_T024,D06,D06_S1,tumor,24.0,train,2.731456207107958,2.7108105875848207,0.02064561952313726,heldout_donor
D06_S1_C005_T000,D06,D06_S1,macrophage,0.0,train,0.8654249748222306,0.8041318977197592,0.06129307710247134,heldout_donor
D06_S1_C005_T012,D06,D06_S1,macrophage,12.0,train,1.5230957485428709,1.4681548123879473,0.05494093615492357,heldout_donor
D06_S1_C005_T024,D06,D06_S1,macrophage,24.0,train,2.73879546575735,2.693101794620283,0.04569367113706724,heldout_donor
D06_S1_C006_T000,D06,D06_S1,fibroblast,0.0,train,0.8147461431439825,0.7965893854846211,0.018156757659361422,heldout_donor
D06_S1_C006_T012,D06,D06_S1,fibroblast,12.0,train,1.4257758518300447,1.4139693406463976,0.011806511183647173,heldout_donor
D06_S1_C006_T024,D06,D06_S1,fibroblast,24.0,train,2.6815568670660235,2.705864223726785,-0.02430735666076167,heldout_donor
D06_S1_C007_T000,D06,D06_S1,tumor,0.0,train,0.9242627172763128,0.9195152666870109,0.004747450589301927,heldout_donor
D06_S1_C007_T012,D06,D06_S1,tumor,12.0,train,1.653136521699053,1.62496114129088,0.028175380408173023,heldout_donor
D06_S1_C007_T024,D06,D06_S1,tumor,24.0,train,2.745265933158197,2.732599065749802,0.012666867408394733,heldout_donor
D06_S1_C008_T000,D06,D06_S1,tumor,0.0,train,1.0206884694142677,1.0289299323448358,-0.008241462930568044,heldout_donor
D06_S1_C008_T012,D06,D06_S1,tumor,12.0,train,1.7092419771279979,1.6876584442602067,0.021583532867791133,heldout_donor
D06_S1_C008_T024,D06,D06_S1,tumor,24.0,train,2.772181142739319,2.749493676563201,0.02268746617611761,heldout_donor
D06_S1_C009_T000,D06,D06_S1,tumor,0.0,train,0.8222213238259342,0.8263576556851087,-0.004136331859174502,heldout_donor
D06_S1_C009_T012,D06,D06_S1,tumor,12.0,train,1.4031862260685082,1.3836902350573215,0.01949599101118671,heldout_donor
D06_S1_C009_T024,D06,D06_S1,tumor,24.0,train,2.6114932377895483,2.602221228282483,0.009272009507065526,heldout_donor
D06_S1_C010_T000,D06,D06_S1,macrophage,0.0,train,0.846067138674666,0.7800975867179463,0.06596955195671972,heldout_donor
D06_S1_C010_T012,D06,D06_S1,macrophage,12.0,train,1.5090397366033728,1.4669169290902506,0.04212280751312214,heldout_donor
D06_S1_C010_T024,D06,D06_S1,macrophage,24.0,train,2.761323626324368,2.7534429782131773,0.007880648111190602,heldout_donor
D06_S1_C011_T000,D06,D06_S1,t_cell,0.0,train,0.7036255841172376,0.7038935178571715,-0.0002679337399338344,heldout_donor
D06_S1_C011_T012,D06,D06_S1,t_cell,12.0,train,1.3098900818593777,1.289075467351107,0.020814614508270823,heldout_donor
D06_S1_C011_T024,D06,D06_S1,t_cell,24.0,train,2.59275433803454,2.5876300436517092,0.005124294382830907,heldout_donor
D06_S1_C012_T000,D06,D06_S1,tumor,0.0,train,0.8620589494134324,0.8621182956160981,-5.9346202665677694e-05,heldout_donor
D06_S1_C012_T012,D06,D06_S1,tumor,12.0,train,1.5153688124912092,1.4972491924144493,0.018119620076759935,heldout_donor
D06_S1_C012_T024,D06,D06_S1,tumor,24.0,train,2.6326393165120576,2.6354305586816484,-0.002791242169590813,heldout_donor
D06_S1_C013_T000,D06,D06_S1,tumor,0.0,train,0.966933010787633,0.9897850933039206,-0.022852082516287564,heldout_donor
D06_S1_C013_T012,D06,D06_S1,tumor,12.0,train,1.5981086033320642,1.5697941295884228,0.028314473743641377,heldout_donor
D06_S1_C013_T024,D06,D06_S1,tumor,24.0,train,2.7756000000000003,2.7756000000000003,0.0,heldout_donor
D06_S1_C014_T000,D06,D06_S1,vascular,0.0,train,0.7146849100906435,0.7250114795884839,-0.010326569497840388,heldout_donor
D06_S1_C014_T012,D06,D06_S1,vascular,12.0,train,1.3706917252905708,1.3567321795761083,0.013959545714462562,heldout_donor
D06_S1_C014_T024,D06,D06_S1,vascular,24.0,train,2.7635345595103993,2.704730886944628,0.05880367256577124,heldout_donor
D06_S1_C015_T000,D06,D06_S1,vascular,0.0,train,0.6797442067141702,0.675214764341313,0.00452944237285724,heldout_donor
D06_S1_C015_T012,D06,D06_S1,vascular,12.0,train,1.3793667477705875,1.3644258942108274,0.014940853559760159,heldout_donor
D06_S1_C015_T024,D06,D06_S1,vascular,24.0,train,2.7417882893058847,2.709707312119838,0.032080977186046855,heldout_donor
D06_S1_C016_T000,D06,D06_S1,tumor,0.0,train,0.9663514754094864,0.9765962190754878,-0.010244743666001366,heldout_donor
D06_S1_C016_T012,D06,D06_S1,tumor,12.0,train,1.5975073996344311,1.569959207318539,0.027548192315892006,heldout_donor
D06_S1_C016_T024,D06,D06_S1,tumor,24.0,train,2.743635937678324,2.732406231260145,0.01122970641817922,heldout_donor
D06_S1_C017_T000,D06,D06_S1,tumor,0.0,train,0.9650483360467211,0.965637832113537,-0.0005894960668159088,heldout_donor
D06_S1_C017_T012,D06,D06_S1,tumor,12.0,train,1.610885837569865,1.5998831353155059,0.011002702254359065,heldout_donor
D06_S1_C017_T024,D06,D06_S1,tumor,24.0,train,2.6626633414549534,2.709649143158512,-0.04698580170355848,heldout_donor
D06_S1_C018_T000,D06,D06_S1,macrophage,0.0,train,0.7948356285666283,0.726961227744086,0.06787440082254226,heldout_donor
D06_S1_C018_T012,D06,D06_S1,macrophage,12.0,train,1.4605838681569443,1.406854825356246,0.053729042800698235,heldout_donor
D06_S1_C018_T024,D06,D06_S1,macrophage,24.0,train,2.7411907077472817,2.696718266970081,0.044472440777200806,heldout_donor
D06_S1_C019_T000,D06,D06_S1,fibroblast,0.0,train,0.8228314469456413,0.7692243465195682,0.053607100426073084,heldout_donor
D06_S1_C019_T012,D06,D06_S1,fibroblast,12.0,train,1.4884218162000342,1.460047649311727,0.028374166888307295,heldout_donor
D06_S1_C019_T024,D06,D06_S1,fibroblast,24.0,train,2.7675959749268433,2.7605825955618926,0.0070133793649507226,heldout_donor
D06_S1_C020_T000,D06,D06_S1,vascular,0.0,train,0.655948084148321,0.6158437383056365,0.04010434584268441,heldout_donor
D06_S1_C020_T012,D06,D06_S1,vascular,12.0,train,1.199057752827907,1.1562778068785307,0.042779945949376286,heldout_donor
D06_S1_C020_T024,D06,D06_S1,vascular,24.0,train,2.562067986002572,2.5189444101704908,0.04312357583208115,heldout_donor
D06_S1_C021_T000,D06,D06_S1,fibroblast,0.0,train,0.7597344837820588,0.7067400692070034,0.05299441457505538,heldout_donor
D06_S1_C021_T012,D06,D06_S1,fibroblast,12.0,train,1.4790162945074496,1.4479389776564038,0.031077316851045866,heldout_donor
D06_S1_C021_T024,D06,D06_S1,fibroblast,24.0,train,2.7541125069241104,2.7154376070286337,0.03867489989547668,heldout_donor
D06_S1_C022_T000,D06,D06_S1,tumor,0.0,train,0.8678304317897095,0.8455136357412552,0.02231679604845438,heldout_donor
D06_S1_C022_T012,D06,D06_S1,tumor,12.0,train,1.5421706310023524,1.5308749915490163,0.011295639453336115,heldout_donor
D06_S1_C022_T024,D06,D06_S1,tumor,24.0,train,2.7668030125030336,2.770200263885087,-0.00339725138205349,heldout_donor
D06_S1_C023_T000,D06,D06_S1,macrophage,0.0,train,0.8348456413883055,0.7953234800828564,0.039522161305449166,heldout_donor
D06_S1_C023_T012,D06,D06_S1,macrophage,12.0,train,1.5108403722508676,1.4713386405054343,0.039501731745433366,heldout_donor
D06_S1_C023_T024,D06,D06_S1,macrophage,24.0,train,2.7197293409957477,2.6841929157086972,0.03553642528705048,heldout_donor
D06_S1_C024_T000,D06,D06_S1,tumor,0.0,train,0.9281865952508261,0.9435436915986548,-0.01535709634782867,heldout_donor
D06_S1_C024_T012,D06,D06_S1,tumor,12.0,train,1.6351235022732173,1.6151788968475733,0.019944605425644024,heldout_donor
D06_S1_C024_T024,D06,D06_S1,tumor,24.0,train,2.7401640011328037,2.735790813080714,0.004373188052089638,heldout_donor
D06_S1_C025_T000,D06,D06_S1,vascular,0.0,train,0.6187648599853641,0.6080246899052881,0.010740170080075995,heldout_donor
D06_S1_C025_T012,D06,D06_S1,vascular,12.0,train,1.2766464660276606,1.2668609818532157,0.009785484174444914,heldout_donor
D06_S1_C025_T024,D06,D06_S1,vascular,24.0,train,2.7555890866385795,2.7172116246749622,0.03837746196361724,heldout_donor
D06_S1_C026_T000,D06,D06_S1,tumor,0.0,train,0.8442138269803521,0.8304361335316415,0.013777693448710604,heldout_donor
D06_S1_C026_T012,D06,D06_S1,tumor,12.0,train,1.4964561002119658,1.4782853930947026,0.018170707117263207,heldout_donor
D06_S1_C026_T024,D06,D06_S1,tumor,24.0,train,2.6591057834245233,2.6534071960401753,0.005698587384348031,heldout_donor
D06_S1_C027_T000,D06,D06_S1,fibroblast,0.0,train,0.759968215575762,0.7121302778496464,0.047837937726115554,heldout_donor
D06_S1_C027_T012,D06,D06_S1,fibroblast,12.0,train,1.349820216962386,1.2980311166024205,0.051789100359965534,heldout_donor
D06_S1_C027_T024,D06,D06_S1,fibroblast,24.0,train,2.622058918520826,2.598339648930224,0.02371926959060211,heldout_donor
D06_S1_C028_T000,D06,D06_S1,tumor,0.0,train,0.9459195163578189,0.9561101599166125,-0.010190643558793622,heldout_donor
D06_S1_C028_T012,D06,D06_S1,tumor,12.0,train,1.6239494089487745,1.6146981516093262,0.009251257339448316,heldout_donor
D06_S1_C028_T024,D06,D06_S1,tumor,24.0,train,2.7422071533586823,2.761270091001735,-0.01906293764305289,heldout_donor
D06_S1_C029_T000,D06,D06_S1,fibroblast,0.0,train,0.6162863525957165,0.6153368961988014,0.0009494563969151271,heldout_donor
D06_S1_C029_T012,D06,D06_S1,fibroblast,12.0,train,1.1650353253251222,1.1452199076407823,0.01981541768433992,heldout_donor
D06_S1_C029_T024,D06,D06_S1,fibroblast,24.0,train,2.549666351782157,2.5284512448365524,0.021215106945604578,heldout_donor
D06_S1_C030_T000,D06,D06_S1,tumor,0.0,train,0.9615458908046368,0.9751202742229217,-0.013574383418284874,heldout_donor
D06_S1_C030_T012,D06,D06_S1,tumor,12.0,train,1.626208240481235,1.6046259309510513,0.021582309530183696,heldout_donor
D06_S1_C030_T024,D06,D06_S1,tumor,24.0,train,2.749906692894387,2.7383913074684987,0.011515385425888258,heldout_donor
D06_S1_C031_T000,D06,D06_S1,tumor,0.0,train,0.9580291563801271,0.9582984369793218,-0.00026928059919473224,heldout_donor
D06_S1_C031_T012,D06,D06_S1,tumor,12.0,train,1.6542394936818496,1.6391387346778037,0.01510075900404595,heldout_donor
D06_S1_C031_T024,D06,D06_S1,tumor,24.0,train,2.7756000000000003,2.7756000000000003,0.0,heldout_donor
D06_S1_C032_T000,D06,D06_S1,tumor,0.0,train,0.9303018016234084,0.9206729974432393,0.009628804180169093,heldout_donor
D06_S1_C032_T012,D06,D06_S1,tumor,12.0,train,1.563804576554401,1.5384554259509338,0.02534915060346732,heldout_donor
D06_S1_C032_T024,D06,D06_S1,tumor,24.0,train,2.667109084649206,2.6919583947060626,-0.024849310056856755,heldout_donor
D06_S1_C033_T000,D06,D06_S1,vascular,0.0,train,0.657285294762865,0.6419302677948079,0.015355026968057128,heldout_donor
D06_S1_C033_T012,D06,D06_S1,vascular,12.0,train,1.3213988750845707,1.3071088930178774,0.014289982066693296,heldout_donor
D06_S1_C033_T024,D06,D06_S1,vascular,24.0,train,2.7360130141140937,2.6793941571136597,0.05661885700043401,heldout_donor
D06_S1_C034_T000,D06,D06_S1,t_cell,0.0,train,0.7074127255563316,0.6943870563531195,0.013025669203212131,heldout_donor
D06_S1_C034_T012,D06,D06_S1,t_cell,12.0,train,1.3311841889958307,1.332174265492556,-0.000990076496725223,heldout_donor
D06_S1_C034_T024,D06,D06_S1,t_cell,24.0,train,2.6883235521382223,2.6876573846443184,0.0006661674939039131,heldout_donor
D06_S1_C035_T000,D06,D06_S1,t_cell,0.0,train,0.6380519329803633,0.6425767568684795,-0.004524823888116147,heldout_donor
D06_S1_C035_T012,D06,D06_S1,t_cell,12.0,train,1.2915672260749569,1.294379520110727,-0.002812294035770213,heldout_donor
D06_S1_C035_T024,D06,D06_S1,t_cell,24.0,train,2.739612389791404,2.6804554416181774,0.05915694817322681,heldout_donor
D07_S0_C000_T000,D07,D07_S0,macrophage,0.0,validation,0.8705107486674054,0.8098624509088062,0.06064829775859926,heldout_donor
D07_S0_C000_T012,D07,D07_S0,macrophage,12.0,validation,1.549960690215726,1.5113219820391062,0.03863870817661974,heldout_donor
D07_S0_C000_T024,D07,D07_S0,macrophage,24.0,validation,2.7605014093819427,2.7422425655905243,0.0182588437914184,heldout_donor
D07_S0_C001_T000,D07,D07_S0,t_cell,0.0,validation,0.8272280150881154,0.8317086537066452,-0.004480638618529764,heldout_donor
D07_S0_C001_T012,D07,D07_S0,t_cell,12.0,validation,1.5215320012025595,1.506011402602383,0.015520598600176516,heldout_donor
D07_S0_C001_T024,D07,D07_S0,t_cell,24.0,validation,2.7681923795593044,2.75820257407589,0.009989805483414216,heldout_donor
D07_S0_C002_T000,D07,D07_S0,vascular,0.0,validation,0.8164768642230291,0.8247552354598044,-0.008278371236775328,heldout_donor
D07_S0_C002_T012,D07,D07_S0,vascular,12.0,validation,1.6137622084640308,1.6295128633576823,-0.01575065489365146,heldout_donor
D07_S0_C002_T024,D07,D07_S0,vascular,24.0,validation,2.7756000000000003,2.7756000000000003,0.0,heldout_donor
D07_S0_C003_T000,D07,D07_S0,t_cell,0.0,validation,0.8473938152665963,0.902331631230396,-0.05493781596379965,heldout_donor
D07_S0_C003_T012,D07,D07_S0,t_cell,12.0,validation,1.5750346475683763,1.6056731700360232,-0.030638522467646867,heldout_donor
D07_S0_C003_T024,D07,D07_S0,t_cell,24.0,validation,2.7450666069579883,2.748581354359845,-0.003514747401856866,heldout_donor
D07_S0_C004_T000,D07,D07_S0,macrophage,0.0,validation,0.8979893633722636,0.857120560048952,0.040868803323311664,heldout_donor
D07_S0_C004_T012,D07,D07_S0,macrophage,12.0,validation,1.5380326749363296,1.5115281862113428,0.026504488724986786,heldout_donor
D07_S0_C004_T024,D07,D07_S0,macrophage,24.0,validation,2.7756000000000003,2.768526729225979,0.00707327077402109,heldout_donor
D07_S0_C005_T000,D07,D07_S0,fibroblast,0.0,validation,0.9287422551195599,0.910634208312803,0.018108046806756928,heldout_donor
D07_S0_C005_T012,D07,D07_S0,fibroblast,12.0,validation,1.6333472862682874,1.639295460025497,-0.005948173757209574,heldout_donor
D07_S0_C005_T024,D07,D07_S0,fibroblast,24.0,validation,2.7756000000000003,2.7756000000000003,0.0,heldout_donor
D07_S0_C006_T000,D07,D07_S0,tumor,0.0,validation,0.9633836751247624,0.94712801705981,0.01625565806495244,heldout_donor
D07_S0_C006_T012,D07,D07_S0,tumor,12.0,validation,1.625006705481241,1.5907071460115403,0.03429955946970065,heldout_donor
D07_S0_C006_T024,D07,D07_S0,tumor,24.0,validation,2.7756000000000003,2.7756000000000003,0.0,heldout_donor
D07_S0_C007_T000,D07,D07_S0,macrophage,0.0,validation,0.9026936472650934,0.8693181600545803,0.03337548721051309,heldout_donor
D07_S0_C007_T012,D07,D07_S0,macrophage,12.0,validation,1.5857434547517717,1.5527809347609132,0.03296251999085853,heldout_donor
D07_S0_C007_T024,D07,D07_S0,macrophage,24.0,validation,2.7722671385853594,2.769680499048549,0.0025866395368105977,heldout_donor
D07_S0_C008_T000,D07,D07_S0,fibroblast,0.0,validation,0.8481011190213017,0.8118978382547175,0.03620328076658419,heldout_donor
D07_S0_C008_T012,D07,D07_S0,fibroblast,12.0,validation,1.4361943652847928,1.4004447226779613,0.035749642606831555,heldout_donor
D07_S0_C008_T024,D07,D07_S0,fibroblast,24.0,validation,2.73419549274152,2.6704939779097954,0.06370151483172481,heldout_donor
D07_S0_C009_T000,D07,D07_S0,vascular,0.0,validation,0.6513052205438516,0.6927295149552963,-0.041424294411444684,heldout_donor
D07_S0_C009_T012,D07,D07_S0,vascular,12.0,validation,1.2916945926032228,1.3017917634279261,-0.010097170824703294,heldout_donor
D07_S0_C009_T024,D07,D07_S0,vascular,24.0,validation,2.6409648000192916,2.6136456251749305,0.027319174844361083,heldout_donor
D07_S0_C010_T000,D07,D07_S0,macrophage,0.0,validation,0.9412551480649821,0.9070199523177129,0.03423519574726919,heldout_donor
D07_S0_C010_T012,D07,D07_S0,macrophage,12.0,validation,1.6118247428273096,1.5896284383249315,0.022196304502378084,heldout_donor
D07_S0_C010_T024,D07,D07_S0,macrophage,24.0,validation,2.766317776367959,2.75228536559468,0.014032410773279214,heldout_donor
D07_S0_C011_T000,D07,D07_S0,vascular,0.0,validation,0.6873895087072265,0.6936738836943862,-0.006284374987159724,heldout_donor
D07_S0_C011_T012,D07,D07_S0,vascular,12.0,validation,1.3513528077781567,1.3336906924880565,0.0176621152901002,heldout_donor
D07_S0_C011_T024,D07,D07_S0,vascular,24.0,validation,2.7756000000000003,2.7100526199792894,0.06554738002071092,heldout_donor
D07_S0_C012_T000,D07,D07_S0,tumor,0.0,validation,0.8866320619094845,0.9310952304555966,-0.0444631685461121,heldout_donor
D07_S0_C012_T012,D07,D07_S0,tumor,12.0,validation,1.4696122378583978,1.4778746450818805,-0.008262407223482704,heldout_donor
D07_S0_C012_T024,D07,D07_S0,tumor,24.0,validation,2.7139572107123557,2.7088810417981857,0.005076168914170065,heldout_donor
D07_S0_C013_T000,D07,D07_S0,macrophage,0.0,validation,0.8384684749122853,0.8303396504765244,0.008128824435760906,heldout_donor
D07_S0_C013_T012,D07,D07_S0,macrophage,12.0,validation,1.4549483611177518,1.4334503453314553,0.02149801578629651,heldout_donor
D07_S0_C013_T024,D07,D07_S0,macrophage,24.0,validation,2.715693150577591,2.7106376283216504,0.0050555222559407476,heldout_donor
D07_S0_C014_T000,D07,D07_S0,fibroblast,0.0,validation,0.8285243254764983,0.8301811879264326,-0.0016568624499342377,heldout_donor
D07_S0_C014_T012,D07,D07_S0,fibroblast,12.0,validation,1.5011997678497788,1.5050166933376827,-0.0038169254879039105,heldout_donor
D07_S0_C014_T024,D07,D07_S0,fibroblast,24.0,validation,2.725088495137578,2.729223209628058,-0.004134714490480196,heldout_donor
D07_S0_C015_T000,D07,D07_S0,tumor,0.0,validation,1.030589432473917,1.0545525235203832,-0.0239630910464661,heldout_donor
D07_S0_C015_T012,D07,D07_S0,tumor,12.0,validation,1.7901467038662289,1.7908910826482871,-0.0007443787820582415,heldout_donor
D07_S0_C015_T024,D07,D07_S0,tumor,24.0,validation,2.7756000000000003,2.7756000000000003,0.0,heldout_donor
D07_S0_C016_T000,D07,D07_S0,tumor,0.0,validation,0.9473042897771009,0.9281282106881387,0.01917607908896224,heldout_donor
D07_S0_C016_T012,D07,D07_S0,tumor,12.0,validation,1.7177669357932497,1.6819701647256238,0.03579677106762591,heldout_donor
D07_S0_C016_T024,D07,D07_S0,tumor,24.0,validation,2.7756000000000003,2.7756000000000003,0.0,heldout_donor
D07_S0_C017_T000,D07,D07_S0,macrophage,0.0,validation,0.8515962806998763,0.8110672484607785,0.04052903223909776,heldout_donor
D07_S0_C017_T012,D07,D07_S0,macrophage,12.0,validation,1.499013616801892,1.4784771211324168,0.02053649566947513,heldout_donor
D07_S0_C017_T024,D07,D07_S0,macrophage,24.0,validation,2.706350943204582,2.700186520427309,0.0061644227772732485,heldout_donor
D07_S0_C018_T000,D07,D07_S0,fibroblast,0.0,validation,0.8191376259632174,0.789420060511093,0.02971756545212434,heldout_donor
D07_S0_C018_T012,D07,D07_S0,fibroblast,12.0,validation,1.5331411422122743,1.5104367662194365,0.02270437599283781,heldout_donor
D07_S0_C018_T024,D07,D07_S0,fibroblast,24.0,validation,2.766542115219119,2.7379469198265345,0.028595195392584483,heldout_donor
D07_S0_C019_T000,D07,D07_S0,vascular,0.0,validation,0.714519974397899,0.686074293058332,0.02844568133956704,heldout_donor
D07_S0_C019_T012,D07,D07_S0,vascular,12.0,validation,1.3899856108219915,1.3561868108621515,0.03379879995983992,heldout_donor
D07_S0_C019_T024,D07,D07_S0,vascular,24.0,validation,2.765489486436105,2.6815506756975043,0.08393881073860054,heldout_donor
D07_S0_C020_T000,D07,D07_S0,macrophage,0.0,validation,0.8617348522318329,0.8148919894873278,0.04684286274450511,heldout_donor
D07_S0_C020_T012,D07,D07_S0,macrophage,12.0,validation,1.514440662433299,1.4691147639672424,0.0453258984660565,heldout_donor
D07_S0_C020_T024,D07,D07_S0,macrophage,24.0,validation,2.7756000000000003,2.748222510242416,0.02737748975758425,heldout_donor
D07_S0_C021_T000,D07,D07_S0,tumor,0.0,validation,0.9971183328054136,1.037993160839986,-0.04087482803457232,heldout_donor
D07_S0_C021_T012,D07,D07_S0,tumor,12.0,validation,1.6666969197529613,1.6474199667920455,0.019276952960915805,heldout_donor
D07_S0_C021_T024,D07,D07_S0,tumor,24.0,validation,2.7337847417837624,2.7423905151530916,-0.008605773369329217,heldout_donor
D07_S0_C022_T000,D07,D07_S0,fibroblast,0.0,validation,0.8274561508380108,0.8181634492692781,0.009292701568732742,heldout_donor
D07_S0_C022_T012,D07,D07_S0,fibroblast,12.0,validation,1.4933101945960576,1.4836014496797196,0.009708744916337997,heldout_donor
D07_S0_C022_T024,D07,D07_S0,fibroblast,24.0,validation,2.7751233710454373,2.761898130125203,0.013225240920234249,heldout_donor
D07_S0_C023_T000,D07,D07_S0,vascular,0.0,validation,0.7630273229047084,0.8044235380935894,-0.041396215188880925,heldout_donor
D07_S0_C023_T012,D07,D07_S0,vascular,12.0,validation,1.4677802464763134,1.4885968062604646,-0.0208165597841512,heldout_donor
D07_S0_C023_T024,D07,D07_S0,vascular,24.0,validation,2.7756000000000003,2.7756000000000003,0.0,heldout_donor
D07_S0_C024_T000,D07,D07_S0,macrophage,0.0,validation,0.8647979001308804,0.8245462441514093,0.04025165597947111,heldout_donor
D07_S0_C024_T012,D07,D07_S0,macrophage,12.0,validation,1.513561547474754,1.5004222386227415,0.013139308852012421,heldout_donor
D07_S0_C024_T024,D07,D07_S0,macrophage,24.0,validation,2.720721211933757,2.7347525196721567,-0.014031307738399779,heldout_donor
D07_S0_C025_T000,D07,D07_S0,tumor,0.0,validation,0.9893196667253863,0.9746752864023036,0.014644380323082684,heldout_donor
D07_S0_C025_T012,D07,D07_S0,tumor,12.0,validation,1.729335945699034,1.7050788128374708,0.02425713286156328,heldout_donor
D07_S0_C025_T024,D07,D07_S0,tumor,24.0,validation,2.7756000000000003,2.7756000000000003,0.0,heldout_donor
D07_S0_C026_T000,D07,D07_S0,tumor,0.0,validation,1.0068240911556923,1.0286540911241653,-0.021829999968473013,heldout_donor
D07_S0_C026_T012,D07,D07_S0,tumor,12.0,validation,1.7245658961505372,1.7234992109293434,0.0010666852211937972,heldout_donor
D07_S0_C026_T024,D07,D07_S0,tumor,24.0,validation,2.7719882348405362,2.7756000000000003,-0.003611765159464042,heldout_donor
D07_S0_C027_T000,D07,D07_S0,tumor,0.0,validation,1.1323946488845038,1.1158195879249275,0.016575060959576282,heldout_donor
D07_S0_C027_T012,D07,D07_S0,tumor,12.0,validation,1.8657678581495047,1.8243662804256178,0.04140157772388697,heldout_donor
D07_S0_C027_T024,D07,D07_S0,tumor,24.0,validation,2.7756000000000003,2.7756000000000003,0.0,heldout_donor
D07_S0_C028_T000,D07,D07_S0,tumor,0.0,validation,1.0086494050330008,0.9831856327447432,0.02546377228825758,heldout_donor
D07_S0_C028_T012,D07,D07_S0,tumor,12.0,validation,1.7228400662354952,1.6975331914491094,0.025306874786385825,heldout_donor
D07_S0_C028_T024,D07,D07_S0,tumor,24.0,validation,2.7756000000000003,2.7756000000000003,0.0,heldout_donor
D07_S0_C029_T000,D07,D07_S0,vascular,0.0,validation,0.6749783056904111,0.6787141476613188,-0.003735841970907705,heldout_donor
D07_S0_C029_T012,D07,D07_S0,vascular,12.0,validation,1.2877410401648206,1.2726610623820565,0.015079977782764153,heldout_donor
D07_S0_C029_T024,D07,D07_S0,vascular,24.0,validation,2.665238507893587,2.5995508467236523,0.06568766116993485,heldout_donor
D07_S0_C030_T000,D07,D07_S0,fibroblast,0.0,validation,0.9020808991145572,0.8523736567966139,0.04970724231794332,heldout_donor
D07_S0_C030_T012,D07,D07_S0,fibroblast,12.0,validation,1.537013312934987,1.509583612881346,0.027429700053640982,heldout_donor
D07_S0_C030_T024,D07,D07_S0,fibroblast,24.0,validation,2.7677463731114975,2.7756000000000003,-0.007853626888502774,heldout_donor
D07_S0_C031_T000,D07,D07_S0,vascular,0.0,validation,0.6875995527985262,0.6961102877170929,-0.008510734918566687,heldout_donor
D07_S0_C031_T012,D07,D07_S0,vascular,12.0,validation,1.3667279401454777,1.3726594333226338,-0.005931493177156133,heldout_donor
D07_S0_C031_T024,D07,D07_S0,vascular,24.0,validation,2.7741670340692224,2.76965269832497,0.004514335744252307,heldout_donor
D07_S0_C032_T000,D07,D07_S0,macrophage,0.0,validation,0.9131314907690615,0.909410278901937,0.0037212118671244854,heldout_donor
D07_S0_C032_T012,D07,D07_S0,macrophage,12.0,validation,1.5822090623797338,1.5609204804126249,0.02128858196710892,heldout_donor
D07_S0_C032_T024,D07,D07_S0,macrophage,24.0,validation,2.764285684568034,2.7475320725850314,0.016753611983002514,heldout_donor
D07_S0_C033_T000,D07,D07_S0,vascular,0.0,validation,0.7552871391264422,0.7796496424059514,-0.024362503279509173,heldout_donor
D07_S0_C033_T012,D07,D07_S0,vascular,12.0,validation,1.4163608357728723,1.4222651946925842,-0.005904358919711861,heldout_donor
D07_S0_C033_T024,D07,D07_S0,vascular,24.0,validation,2.748067372108908,2.7498270975761057,-0.0017597254671977147,heldout_donor
D07_S0_C034_T000,D07,D07_S0,fibroblast,0.0,validation,0.7941471271861953,0.7800539308113782,0.014093196374817096,heldout_donor
D07_S0_C034_T012,D07,D07_S0,fibroblast,12.0,validation,1.3654155045148535,1.3576605191211344,0.007754985393719105,heldout_donor
D07_S0_C034_T024,D07,D07_S0,fibroblast,24.0,validation,2.6727922610306014,2.6308517260756665,0.04194053495493488,heldout_donor
D07_S0_C035_T000,D07,D07_S0,tumor,0.0,validation,0.8349323217875172,0.8467470556460801,-0.01181473385856291,heldout_donor
D07_S0_C035_T012,D07,D07_S0,tumor,12.0,validation,1.4761082249219197,1.441076575017087,0.03503164990483265,heldout_donor
D07_S0_C035_T024,D07,D07_S0,tumor,24.0,validation,2.7002284059144412,2.6784946264210117,0.021733779493429584,heldout_donor
D07_S1_C000_T000,D07,D07_S1,macrophage,0.0,validation,0.9791862211628749,0.9431635204107265,0.03602270075214842,heldout_donor
D07_S1_C000_T012,D07,D07_S1,macrophage,12.0,validation,1.6806563376805341,1.654130303743787,0.02652603393674724,heldout_donor
D07_S1_C000_T024,D07,D07_S1,macrophage,24.0,validation,2.7756000000000003,2.7756000000000003,0.0,heldout_donor
D07_S1_C001_T000,D07,D07_S1,fibroblast,0.0,validation,0.8346084002628205,0.8099175146332707,0.024690885629549797,heldout_donor
D07_S1_C001_T012,D07,D07_S1,fibroblast,12.0,validation,1.4565375254225528,1.4319801730725208,0.02455735235003198,heldout_donor
D07_S1_C001_T024,D07,D07_S1,fibroblast,24.0,validation,2.7742183789172827,2.745502925308688,0.028715453608594732,heldout_donor
D07_S1_C002_T000,D07,D07_S1,macrophage,0.0,validation,0.970885777462107,0.9442856690542194,0.026600108407887624,heldout_donor
D07_S1_C002_T012,D07,D07_S1,macrophage,12.0,validation,1.6022328802067742,1.578573027916991,0.02365985228978329,heldout_donor
D07_S1_C002_T024,D07,D07_S1,macrophage,24.0,validation,2.7694356776286067,2.7527425472674936,0.016693130361113084,heldout_donor
D07_S1_C003_T000,D07,D07_S1,macrophage,0.0,validation,0.941741976270786,0.8905834529998258,0.051158523270960266,heldout_donor
D07_S1_C003_T012,D07,D07_S1,macrophage,12.0,validation,1.6068029029976654,1.5709090918728352,0.035893811124830144,heldout_donor
D07_S1_C003_T024,D07,D07_S1,macrophage,24.0,validation,2.7756000000000003,2.7756000000000003,0.0,heldout_donor
D07_S1_C004_T000,D07,D07_S1,fibroblast,0.0,validation,0.855034969373502,0.8452989778339818,0.009735991539520206,heldout_donor
D07_S1_C004_T012,D07,D07_S1,fibroblast,12.0,validation,1.5486796758323378,1.5245141296328049,0.024165546199532928,heldout_donor
D07_S1_C004_T024,D07,D07_S1,fibroblast,24.0,validation,2.7756000000000003,2.7409994607561017,0.03460053924389861,heldout_donor
D07_S1_C005_T000,D07,D07_S1,fibroblast,0.0,validation,0.9870096280955306,0.949354835496508,0.0376547925990226,heldout_donor
D07_S1_C005_T012,D07,D07_S1,fibroblast,12.0,validation,1.7550709724239615,1.720993983037659,0.034076989386302436,heldout_donor
D07_S1_C005_T024,D07,D07_S1,fibroblast,24.0,validation,2.7756000000000003,2.7756000000000003,0.0,heldout_donor
D07_S1_C006_T000,D07,D07_S1,tumor,0.0,validation,0.8844178580709654,0.920232695913063,-0.0358148378420976,heldout_donor
D07_S1_C006_T012,D07,D07_S1,tumor,12.0,validation,1.5018715773327638,1.4978643022719011,0.004007275060862625,heldout_donor
D07_S1_C006_T024,D07,D07_S1,tumor,24.0,validation,2.736593061914775,2.73226549152118,0.004327570393594993,heldout_donor
D07_S1_C007_T000,D07,D07_S1,tumor,0.0,validation,1.0200022652848761,1.0515751639391306,-0.0315728986542545,heldout_donor
D07_S1_C007_T012,D07,D07_S1,tumor,12.0,validation,1.7273961716007014,1.707036401941547,0.020359769659154425,heldout_donor
D07_S1_C007_T024,D07,D07_S1,tumor,24.0,validation,2.7756000000000003,2.7756000000000003,0.0,heldout_donor
D07_S1_C008_T000,D07,D07_S1,macrophage,0.0,validation,0.9079264167813426,0.8730279458459269,0.03489847093541565,heldout_donor
D07_S1_C008_T012,D07,D07_S1,macrophage,12.0,validation,1.5663335060945318,1.5330180227203198,0.033315483374211974,heldout_donor
D07_S1_C008_T024,D07,D07_S1,macrophage,24.0,validation,2.756037357079006,2.73741154927915,0.01862580779985601,heldout_donor
D07_S1_C009_T000,D07,D07_S1,macrophage,0.0,validation,0.844638552324793,0.7943969721693191,0.050241580155473864,heldout_donor
D07_S1_C009_T012,D07,D07_S1,macrophage,12.0,validation,1.4917287101777503,1.462881180219734,0.028847529958016427,heldout_donor
D07_S1_C009_T024,D07,D07_S1,macrophage,24.0,validation,2.7756000000000003,2.7357004934337437,0.039899506566256626,heldout_donor
D07_S1_C010_T000,D07,D07_S1,vascular,0.0,validation,0.6715041888595423,0.6764624149490667,-0.004958226089524342,heldout_donor
D07_S1_C010_T012,D07,D07_S1,vascular,12.0,validation,1.3482651561445849,1.3427893031139506,0.005475853030634248,heldout_donor
D07_S1_C010_T024,D07,D07_S1,vascular,24.0,validation,2.749868739782888,2.690281965707579,0.0595867740753091,heldout_donor
D07_S1_C011_T000,D07,D07_S1,macrophage,0.0,validation,0.8140660729701314,0.7583848240008502,0.05568124896928128,heldout_donor
D07_S1_C011_T012,D07,D07_S1,macrophage,12.0,validation,1.4295766626408501,1.4112280837847844,0.018348578856065778,heldout_donor
D07_S1_C011_T024,D07,D07_S1,macrophage,24.0,validation,2.704262517102894,2.6897532317987407,0.014509285304153074,heldout_donor
D07_S1_C012_T000,D07,D07_S1,vascular,0.0,validation,0.7131096150919567,0.7280235612796089,-0.014913946187652183,heldout_donor
D07_S1_C012_T012,D07,D07_S1,vascular,12.0,validation,1.3803226173515721,1.404551342206717,-0.024228724855144934,heldout_donor
D07_S1_C012_T024,D07,D07_S1,vascular,24.0,validation,2.7568206867849296,2.7536430313171394,0.0031776554677902524,heldout_donor
D07_S1_C013_T000,D07,D07_S1,tumor,0.0,validation,1.0052632752818593,0.9905411877284859,0.014722087553373453,heldout_donor
D07_S1_C013_T012,D07,D07_S1,tumor,12.0,validation,1.7677200352131566,1.7357305228562772,0.03198951235687941,heldout_donor
D07_S1_C013_T024,D07,D07_S1,tumor,24.0,validation,2.7756000000000003,2.7756000000000003,0.0,heldout_donor
D07_S1_C014_T000,D07,D07_S1,macrophage,0.0,validation,0.9591429642471265,0.9114326025837807,0.04771036166334586,heldout_donor
D07_S1_C014_T012,D07,D07_S1,macrophage,12.0,validation,1.6794815923887296,1.6315181374874002,0.04796345490132947,heldout_donor
D07_S1_C014_T024,D07,D07_S1,macrophage,24.0,validation,2.7756000000000003,2.7756000000000003,0.0,heldout_donor
D07_S1_C015_T000,D07,D07_S1,t_cell,0.0,validation,0.753574359472645,0.784596396450177,-0.03102203697753203,heldout_donor
D07_S1_C015_T012,D07,D07_S1,t_cell,12.0,validation,1.4386042726518495,1.4619326925077625,-0.02332841985591294,heldout_donor
D07_S1_C015_T024,D07,D07_S1,t_cell,24.0,validation,2.7756000000000003,2.7756000000000003,0.0,heldout_donor
D07_S1_C016_T000,D07,D07_S1,macrophage,0.0,validation,0.8349768832466624,0.7983682846114021,0.036608598635260337,heldout_donor
D07_S1_C016_T012,D07,D07_S1,macrophage,12.0,validation,1.4046105466383234,1.3703154880597181,0.034295058578605264,heldout_donor
D07_S1_C016_T024,D07,D07_S1,macrophage,24.0,validation,2.6916661288223933,2.6598090498485547,0.031857078973838604,heldout_donor
D07_S1_C017_T000,D07,D07_S1,tumor,0.0,validation,1.0508884774820249,1.0577912659532656,-0.006902788471240706,heldout_donor
D07_S1_C017_T012,D07,D07_S1,tumor,12.0,validation,1.7795513644005476,1.7606401440402892,0.018911220360258385,heldout_donor
D07_S1_C017_T024,D07,D07_S1,tumor,24.0,validation,2.7756000000000003,2.7756000000000003,0.0,heldout_donor
D07_S1_C018_T000,D07,D07_S1,t_cell,0.0,validation,0.6939098485374137,0.7095085602925062,-0.015598711755092531,heldout_donor
D07_S1_C018_T012,D07,D07_S1,t_cell,12.0,validation,1.3475226491913972,1.3570302993921888,-0.009507650200791584,heldout_donor
D07_S1_C018_T024,D07,D07_S1,t_cell,24.0,validation,2.75779397252418,2.711715171816965,0.04607880070721482,heldout_donor
D07_S1_C019_T000,D07,D07_S1,tumor,0.0,validation,1.039107825790857,1.0585314277336384,-0.019423601942781366,heldout_donor
D07_S1_C019_T012,D07,D07_S1,tumor,12.0,validation,1.7473604597156067,1.7437614951453826,0.003598964570224128,heldout_donor
D07_S1_C019_T024,D07,D07_S1,tumor,24.0,validation,2.7756000000000003,2.7756000000000003,0.0,heldout_donor
D07_S1_C020_T000,D07,D07_S1,t_cell,0.0,validation,0.7049608341399469,0.748394768230369,-0.043433934090422066,heldout_donor
D07_S1_C020_T012,D07,D07_S1,t_cell,12.0,validation,1.3128978655181869,1.3217055193092573,-0.008807653791070402,heldout_donor
D07_S1_C020_T024,D07,D07_S1,t_cell,24.0,validation,2.6843193405881833,2.662027363002449,0.022291977585734202,heldout_donor
D07_S1_C021_T000,D07,D07_S1,tumor,0.0,validation,1.021067304527144,1.0266970999255947,-0.005629795398450765,heldout_donor
D07_S1_C021_T012,D07,D07_S1,tumor,12.0,validation,1.8155890294178356,1.7737044380526406,0.04188459136519507,heldout_donor
D07_S1_C021_T024,D07,D07_S1,tumor,24.0,validation,2.7756000000000003,2.7756000000000003,0.0,heldout_donor
D07_S1_C022_T000,D07,D07_S1,tumor,0.0,validation,0.8543143299919509,0.8835162072138424,-0.029201877221891492,heldout_donor
D07_S1_C022_T012,D07,D07_S1,tumor,12.0,validation,1.5678450115540428,1.5532998192490721,0.014545192304970644,heldout_donor
D07_S1_C022_T024,D07,D07_S1,tumor,24.0,validation,2.7545545626924075,2.7180791640723423,0.036475398620065214,heldout_donor
D07_S1_C023_T000,D07,D07_S1,t_cell,0.0,validation,0.7410909887944245,0.7794126676068234,-0.038321678812398896,heldout_donor
D07_S1_C023_T012,D07,D07_S1,t_cell,12.0,validation,1.422512392060523,1.4299487408166032,-0.0074363487560802355,heldout_donor
D07_S1_C023_T024,D07,D07_S1,t_cell,24.0,validation,2.774887760004666,2.7327254964046648,0.04216226360000119,heldout_donor
D07_S1_C024_T000,D07,D07_S1,tumor,0.0,validation,0.9508605595099596,0.9953373225536025,-0.0444767630436429,heldout_donor
D07_S1_C024_T012,D07,D07_S1,tumor,12.0,validation,1.6613566992009277,1.6656258865706437,-0.004269187369716043,heldout_donor
D07_S1_C024_T024,D07,D07_S1,tumor,24.0,validation,2.771855720183554,2.7666571343179975,0.005198585865556549,heldout_donor
D07_S1_C025_T000,D07,D07_S1,macrophage,0.0,validation,0.839521126233497,0.8106324348549323,0.028888691378564646,heldout_donor
D07_S1_C025_T012,D07,D07_S1,macrophage,12.0,validation,1.4712634514854557,1.4342588858469945,0.03700456563846122,heldout_donor
D07_S1_C025_T024,D07,D07_S1,macrophage,24.0,validation,2.732319048643319,2.6967834650856197,0.03553558355769937,heldout_donor
D07_S1_C026_T000,D07,D07_S1,tumor,0.0,validation,0.9965927179394929,1.0289799361480731,-0.03238721820858026,heldout_donor
D07_S1_C026_T012,D07,D07_S1,tumor,12.0,validation,1.7602829477715258,1.7505973458602626,0.00968560191126322,heldout_donor
D07_S1_C026_T024,D07,D07_S1,tumor,24.0,validation,2.771266634528544,2.7756000000000003,-0.00433336547145613,heldout_donor
D07_S1_C027_T000,D07,D07_S1,t_cell,0.0,validation,0.7271766864672462,0.7530937524119393,-0.02591706594469312,heldout_donor
D07_S1_C027_T012,D07,D07_S1,t_cell,12.0,validation,1.471109086093832,1.4802408214054168,-0.009131735311584732,heldout_donor
D07_S1_C027_T024,D07,D07_S1,t_cell,24.0,validation,2.765411406509423,2.7374487701679304,0.02796263634149243,heldout_donor
D07_S1_C028_T000,D07,D07_S1,macrophage,0.0,validation,0.9458578956373801,0.8979637847472001,0.04789411089018003,heldout_donor
D07_S1_C028_T012,D07,D07_S1,macrophage,12.0,validation,1.6859595692625966,1.659408512911701,0.026551056350895497,heldout_donor
D07_S1_C028_T024,D07,D07_S1,macrophage,24.0,validation,2.7756000000000003,2.7756000000000003,0.0,heldout_donor
D07_S1_C029_T000,D07,D07_S1,tumor,0.0,validation,1.0438239682695307,1.0453798410122668,-0.001555872742736053,heldout_donor
D07_S1_C029_T012,D07,D07_S1,tumor,12.0,validation,1.7909417466427493,1.7636356792484729,0.027306067394276434,heldout_donor
D07_S1_C029_T024,D07,D07_S1,tumor,24.0,validation,2.7756000000000003,2.7756000000000003,0.0,heldout_donor
D07_S1_C030_T000,D07,D07_S1,tumor,0.0,validation,1.0206834893944372,1.0183187993635119,0.0023646900309253205,heldout_donor
D07_S1_C030_T012,D07,D07_S1,tumor,12.0,validation,1.7945629425465168,1.7811285307974134,0.013434411749103425,heldout_donor
D07_S1_C030_T024,D07,D07_S1,tumor,24.0,validation,2.7756000000000003,2.7756000000000003,0.0,heldout_donor
D07_S1_C031_T000,D07,D07_S1,fibroblast,0.0,validation,0.869862652501743,0.8634662714422402,0.006396381059502798,heldout_donor
D07_S1_C031_T012,D07,D07_S1,fibroblast,12.0,validation,1.5330978588531126,1.5331558438733073,-5.798502019471741e-05,heldout_donor
D07_S1_C031_T024,D07,D07_S1,fibroblast,24.0,validation,2.7282855262132597,2.730687995635335,-0.0024024694220754483,heldout_donor
D07_S1_C032_T000,D07,D07_S1,tumor,0.0,validation,0.9452381714509505,0.9313349667180811,0.013903204732869323,heldout_donor
D07_S1_C032_T012,D07,D07_S1,tumor,12.0,validation,1.6616914092140789,1.6132432055772041,0.04844820363687474,heldout_donor
D07_S1_C032_T024,D07,D07_S1,tumor,24.0,validation,2.7645168174855868,2.7748581571287345,-0.010341339643147762,heldout_donor
D07_S1_C033_T000,D07,D07_S1,fibroblast,0.0,validation,0.8165253992366789,0.7969136526705759,0.019611746566102983,heldout_donor
D07_S1_C033_T012,D07,D07_S1,fibroblast,12.0,validation,1.533121212987781,1.5132416939878373,0.01987951899994367,heldout_donor
D07_S1_C033_T024,D07,D07_S1,fibroblast,24.0,validation,2.7756000000000003,2.762807606820254,0.012792393179746231,heldout_donor
D07_S1_C034_T000,D07,D07_S1,t_cell,0.0,validation,0.7595268445578645,0.8095771106692995,-0.05005026611143504,heldout_donor
D07_S1_C034_T012,D07,D07_S1,t_cell,12.0,validation,1.4170315256159232,1.4335852337600246,-0.016553708144101398,heldout_donor
D07_S1_C034_T024,D07,D07_S1,t_cell,24.0,validation,2.7272466587085393,2.6866103182515606,0.040636340456978726,heldout_donor
D07_S1_C035_T000,D07,D07_S1,fibroblast,0.0,validation,0.8137853603525533,0.7646842699926428,0.049101090359910504,heldout_donor
D07_S1_C035_T012,D07,D07_S1,fibroblast,12.0,validation,1.4929903654798429,1.4421271482020968,0.05086321727774612,heldout_donor
D07_S1_C035_T024,D07,D07_S1,fibroblast,24.0,validation,2.7756000000000003,2.7291877516131198,0.04641224838688052,heldout_donor
D08_S0_C000_T000,D08,D08_S0,vascular,0.0,validation,0.5634710831761929,0.5469501337966278,0.016520949379565053,heldout_donor
D08_S0_C000_T012,D08,D08_S0,vascular,12.0,validation,1.0337416827010075,1.0201463358718756,0.013595346829131882,heldout_donor
D08_S0_C000_T024,D08,D08_S0,vascular,24.0,validation,2.4360489384316364,2.4834698956099746,-0.04742095717833816,heldout_donor
D08_S0_C001_T000,D08,D08_S0,t_cell,0.0,validation,0.6182407186244003,0.5830171297293051,0.03522358889509525,heldout_donor
D08_S0_C001_T012,D08,D08_S0,t_cell,12.0,validation,1.214285467975983,1.15697838090715,0.05730708706883281,heldout_donor
D08_S0_C001_T024,D08,D08_S0,t_cell,24.0,validation,2.6214325281417543,2.5547759702776567,0.06665655786409763,heldout_donor
D08_S0_C002_T000,D08,D08_S0,tumor,0.0,validation,0.8643615377309911,0.8572681684389386,0.007093369292052509,heldout_donor
D08_S0_C002_T012,D08,D08_S0,tumor,12.0,validation,1.3759999636522258,1.3534246340612346,0.022575329590991178,heldout_donor
D08_S0_C002_T024,D08,D08_S0,tumor,24.0,validation,2.6157035882739827,2.6265059316077117,-0.010802343333728981,heldout_donor
D08_S0_C003_T000,D08,D08_S0,fibroblast,0.0,validation,0.6950740613926596,0.6533105798974714,0.04176348149518816,heldout_donor
D08_S0_C003_T012,D08,D08_S0,fibroblast,12.0,validation,1.1459437915920883,1.131820551018526,0.01412324057356229,heldout_donor
D08_S0_C003_T024,D08,D08_S0,fibroblast,24.0,validation,2.4442703835205584,2.4620299922115123,-0.017759608690953943,heldout_donor
D08_S0_C004_T000,D08,D08_S0,tumor,0.0,validation,0.6985926640608731,0.7044213819234146,-0.005828717862541577,heldout_donor
D08_S0_C004_T012,D08,D08_S0,tumor,12.0,validation,1.1485034444028033,1.1229234754133244,0.025579968989478896,heldout_donor
D08_S0_C004_T024,D08,D08_S0,tumor,24.0,validation,2.420159677049397,2.4620618499832605,-0.04190217293386356,heldout_donor
D08_S0_C005_T000,D08,D08_S0,tumor,0.0,validation,0.744897282739395,0.7819306672008945,-0.03703338446149951,heldout_donor
D08_S0_C005_T012,D08,D08_S0,tumor,12.0,validation,1.2421219463494642,1.2396328896300732,0.002489056719390925,heldout_donor
D08_S0_C005_T024,D08,D08_S0,tumor,24.0,validation,2.5556436943568617,2.5301848564943077,0.025458837862553985,heldout_donor
D08_S0_C006_T000,D08,D08_S0,macrophage,0.0,validation,0.7542149863543091,0.6947260320667232,0.05948895428758583,heldout_donor
D08_S0_C006_T012,D08,D08_S0,macrophage,12.0,validation,1.3002725228580039,1.2605239652845475,0.03974855757345641,heldout_donor
D08_S0_C006_T024,D08,D08_S0,macrophage,24.0,validation,2.6279983797730364,2.6285889837451277,-0.0005906039720913192,heldout_donor
D08_S0_C007_T000,D08,D08_S0,tumor,0.0,validation,0.7853185999654808,0.7670240953801766,0.01829450458530424,heldout_donor
D08_S0_C007_T012,D08,D08_S0,tumor,12.0,validation,1.324658779044482,1.305806559841444,0.018852219203038034,heldout_donor
D08_S0_C007_T024,D08,D08_S0,tumor,24.0,validation,2.538355064424169,2.5661892549318934,-0.02783419050772462,heldout_donor
D08_S0_C008_T000,D08,D08_S0,macrophage,0.0,validation,0.6897063913661464,0.6238741145491935,0.06583227681695292,heldout_donor
D08_S0_C008_T012,D08,D08_S0,macrophage,12.0,validation,1.1493137322834128,1.0953014759781603,0.054012256305252526,heldout_donor
D08_S0_C008_T024,D08,D08_S0,macrophage,24.0,validation,2.540248743002158,2.5407566348012645,-0.0005078917991063747,heldout_donor
D08_S0_C009_T000,D08,D08_S0,fibroblast,0.0,validation,0.7277239035713539,0.6776433592220955,0.05008054434925835,heldout_donor
D08_S0_C009_T012,D08,D08_S0,fibroblast,12.0,validation,1.2085040655451813,1.168716421952591,0.03978764359259035,heldout_donor
D08_S0_C009_T024,D08,D08_S0,fibroblast,24.0,validation,2.450490233787002,2.4910873892608483,-0.040597155473846236,heldout_donor
D08_S0_C010_T000,D08,D08_S0,vascular,0.0,validation,0.5051656306699361,0.493525635423914,0.011639995246022161,heldout_donor
D08_S0_C010_T012,D08,D08_S0,vascular,12.0,validation,0.9555992300168081,0.9363948300682606,0.0192043999485475,heldout_donor
D08_S0_C010_T024,D08,D08_S0,vascular,24.0,validation,2.3492385979673616,2.398012859858392,-0.04877426189103051,heldout_donor
D08_S0_C011_T000,D08,D08_S0,fibroblast,0.0,validation,0.603759886773505,0.5960220717787689,0.007737814994736136,heldout_donor
D08_S0_C011_T012,D08,D08_S0,fibroblast,12.0,validation,1.111568787853695,1.0828044859086399,0.028764301945055193,heldout_donor
D08_S0_C011_T024,D08,D08_S0,fibroblast,24.0,validation,2.5508846588871434,2.5412523984606574,0.009632260426486017,heldout_donor
D08_S0_C012_T000,D08,D08_S0,tumor,0.0,validation,0.7881420071480698,0.8081163300524007,-0.019974322904330877,heldout_donor
D08_S0_C012_T012,D08,D08_S0,tumor,12.0,validation,1.3261968575767558,1.3085493303922406,0.01764752718451512,heldout_donor
D08_S0_C012_T024,D08,D08_S0,tumor,24.0,validation,2.5519457408933457,2.5632749179145575,-0.011329177021211834,heldout_donor
D08_S0_C013_T000,D08,D08_S0,t_cell,0.0,validation,0.6210567993129578,0.6031506170565701,0.017906182256387626,heldout_donor
D08_S0_C013_T012,D08,D08_S0,t_cell,12.0,validation,1.1480543328771757,1.1164855795033313,0.03156875337384446,heldout_donor
D08_S0_C013_T024,D08,D08_S0,t_cell,24.0,validation,2.5627866486723505,2.489573814565897,0.07321283410645352,heldout_donor
D08_S0_C014_T000,D08,D08_S0,t_cell,0.0,validation,0.5603224236953215,0.5642932708256585,-0.0039708471303370185,heldout_donor
D08_S0_C014_T012,D08,D08_S0,t_cell,12.0,validation,1.093481973019597,1.0880337388454429,0.005448234174154187,heldout_donor
D08_S0_C014_T024,D08,D08_S0,t_cell,24.0,validation,2.502704477100272,2.4820291171589957,0.02067535994127656,heldout_donor
D08_S0_C015_T000,D08,D08_S0,t_cell,0.0,validation,0.5598257663567472,0.5819946385073744,-0.02216887215062724,heldout_donor
D08_S0_C015_T012,D08,D08_S0,t_cell,12.0,validation,1.1270367009552764,1.127700649016962,-0.0006639480616856819,heldout_donor
D08_S0_C015_T024,D08,D08_S0,t_cell,24.0,validation,2.562303682687665,2.5680948471678677,-0.005791164480202671,heldout_donor
D08_S0_C016_T000,D08,D08_S0,tumor,0.0,validation,0.8650432014817587,0.8857117871593304,-0.020668585677571683,heldout_donor
D08_S0_C016_T012,D08,D08_S0,tumor,12.0,validation,1.3694828585630334,1.3555526092599235,0.013930249303109932,heldout_donor
D08_S0_C016_T024,D08,D08_S0,tumor,24.0,validation,2.500953314017695,2.5374624784264723,-0.036509164408777384,heldout_donor
D08_S0_C017_T000,D08,D08_S0,fibroblast,0.0,validation,0.6314560938737263,0.5766569872557723,0.05479910661795395,heldout_donor
D08_S0_C017_T012,D08,D08_S0,fibroblast,12.0,validation,1.1303822328299171,1.0690757251468588,0.06130650768305834,heldout_donor
D08_S0_C017_T024,D08,D08_S0,fibroblast,24.0,validation,2.5169725279076745,2.4925819879519953,0.02439053995567919,heldout_donor
D08_S0_C018_T000,D08,D08_S0,tumor,0.0,validation,0.8622533033346097,0.8588187329199088,0.003434570414700855,heldout_donor
D08_S0_C018_T012,D08,D08_S0,tumor,12.0,validation,1.3879466501525146,1.3903297467050757,-0.0023830965525610814,heldout_donor
D08_S0_C018_T024,D08,D08_S0,tumor,24.0,validation,2.6080834136203634,2.6555734993919025,-0.047490085771539015,heldout_donor
D08_S0_C019_T000,D08,D08_S0,tumor,0.0,validation,0.7919932762063541,0.8072374329242467,-0.015244156717892587,heldout_donor
D08_S0_C019_T012,D08,D08_S0,tumor,12.0,validation,1.2626358464867078,1.2278124833826318,0.034823363104075966,heldout_donor
D08_S0_C019_T024,D08,D08_S0,tumor,24.0,validation,2.4255193228681002,2.477953321509526,-0.05243399864142573,heldout_donor
D08_S0_C020_T000,D08,D08_S0,tumor,0.0,validation,0.7046960185085124,0.720791610657202,-0.016095592148689608,heldout_donor
D08_S0_C020_T012,D08,D08_S0,tumor,12.0,validation,1.1603436909005826,1.1531958336260615,0.007147857274521163,heldout_donor
D08_S0_C020_T024,D08,D08_S0,tumor,24.0,validation,2.4016422832245525,2.4158273385270044,-0.014185055302451843,heldout_donor
D08_S0_C021_T000,D08,D08_S0,tumor,0.0,validation,0.8050608779542382,0.8266521113990921,-0.02159123344485392,heldout_donor
D08_S0_C021_T012,D08,D08_S0,tumor,12.0,validation,1.3631602881067564,1.3482930253002117,0.014867262806544712,heldout_donor
D08_S0_C021_T024,D08,D08_S0,tumor,24.0,validation,2.626048101973899,2.620634086177726,0.005414015796172844,heldout_donor
D08_S0_C022_T000,D08,D08_S0,tumor,0.0,validation,0.7301614882862475,0.7263369040088553,0.0038245842773921845,heldout_donor
D08_S0_C022_T012,D08,D08_S0,tumor,12.0,validation,1.2392402715054196,1.211209151196132,0.02803112030928756,heldout_donor
D08_S0_C022_T024,D08,D08_S0,tumor,24.0,validation,2.4994917471391416,2.5070753501703784,-0.007583603031236841,heldout_donor
D08_S0_C023_T000,D08,D08_S0,fibroblast,0.0,validation,0.6091507949237362,0.5797982452015795,0.02935254972215673,heldout_donor
D08_S0_C023_T012,D08,D08_S0,fibroblast,12.0,validation,1.0975806763335467,1.0891037102374805,0.008476966096066185,heldout_donor
D08_S0_C023_T024,D08,D08_S0,fibroblast,24.0,validation,2.4396484233031592,2.459759342816373,-0.020110919513213865,heldout_donor
D08_S0_C024_T000,D08,D08_S0,fibroblast,0.0,validation,0.6177582115997448,0.5865229909167538,0.031235220682991005,heldout_donor
D08_S0_C024_T012,D08,D08_S0,fibroblast,12.0,validation,1.0680315054901433,1.0260662406313918,0.041965264858751405,heldout_donor
D08_S0_C024_T024,D08,D08_S0,fibroblast,24.0,validation,2.4175884367408136,2.455586751206109,-0.03799831446529556,heldout_donor
D08_S0_C025_T000,D08,D08_S0,tumor,0.0,validation,0.8110344887860501,0.855052759135352,-0.044018270349301836,heldout_donor
D08_S0_C025_T012,D08,D08_S0,tumor,12.0,validation,1.3051091283268461,1.2908158705634711,0.014293257763374978,heldout_donor
D08_S0_C025_T024,D08,D08_S0,tumor,24.0,validation,2.543681338376424,2.5382842362536766,0.005397102122747466,heldout_donor
D08_S0_C026_T000,D08,D08_S0,tumor,0.0,validation,0.9536462342487559,0.9264425913933897,0.02720364285536625,heldout_donor
D08_S0_C026_T012,D08,D08_S0,tumor,12.0,validation,1.4908778785679688,1.455990173611782,0.03488770495618687,heldout_donor
D08_S0_C026_T024,D08,D08_S0,tumor,24.0,validation,2.680506822443883,2.707642242759119,-0.02713542031523586,heldout_donor
D08_S0_C027_T000,D08,D08_S0,t_cell,0.0,validation,0.4952505243789366,0.5124179522835299,-0.017167427904593358,heldout_donor
D08_S0_C027_T012,D08,D08_S0,t_cell,12.0,validation,0.9677493097281092,0.9559326171391735,0.011816692588935696,heldout_donor
D08_S0_C027_T024,D08,D08_S0,t_cell,24.0,validation,2.4151698726181206,2.4023475086246457,0.012822363993474806,heldout_donor
D08_S0_C028_T000,D08,D08_S0,macrophage,0.0,validation,0.7314271568145552,0.6838909904338102,0.04753616638074498,heldout_donor
D08_S0_C028_T012,D08,D08_S0,macrophage,12.0,validation,1.257587720857388,1.2165105282558148,0.041077192601573165,heldout_donor
D08_S0_C028_T024,D08,D08_S0,macrophage,24.0,validation,2.586664735152406,2.577263543339667,0.009401191812739018,heldout_donor
D08_S0_C029_T000,D08,D08_S0,t_cell,0.0,validation,0.5631293746959708,0.5752524386700351,-0.012123063974064263,heldout_donor
D08_S0_C029_T012,D08,D08_S0,t_cell,12.0,validation,1.0570458080762555,1.0375990825110235,0.01944672556523197,heldout_donor
D08_S0_C029_T024,D08,D08_S0,t_cell,24.0,validation,2.439572506434522,2.4661654399927144,-0.026592933558192478,heldout_donor
D08_S0_C030_T000,D08,D08_S0,tumor,0.0,validation,0.800499996224389,0.7521961709196419,0.048303825304747194,heldout_donor
D08_S0_C030_T012,D08,D08_S0,tumor,12.0,validation,1.387958535637355,1.3292694142294244,0.05868912140793059,heldout_donor
D08_S0_C030_T024,D08,D08_S0,tumor,24.0,validation,2.62270224054156,2.617430226191381,0.0052720143501789885,heldout_donor
D08_S0_C031_T000,D08,D08_S0,fibroblast,0.0,validation,0.7232331722167772,0.6624815867140016,0.060751585502775596,heldout_donor
D08_S0_C031_T012,D08,D08_S0,fibroblast,12.0,validation,1.2178580745540564,1.1542836499089113,0.06357442464514507,heldout_donor
D08_S0_C031_T024,D08,D08_S0,fibroblast,24.0,validation,2.5148994650117555,2.547094527585013,-0.03219506257325744,heldout_donor
D08_S0_C032_T000,D08,D08_S0,vascular,0.0,validation,0.44371154518086625,0.4211935474647388,0.022517997716127447,heldout_donor
D08_S0_C032_T012,D08,D08_S0,vascular,12.0,validation,0.8576299582810984,0.8338459750601253,0.023783983220973193,heldout_donor
D08_S0_C032_T024,D08,D08_S0,vascular,24.0,validation,2.310900372846499,2.2770376575805,0.03386271526599938,heldout_donor
D08_S0_C033_T000,D08,D08_S0,tumor,0.0,validation,0.823251449485914,0.7863779518994584,0.03687349758645564,heldout_donor
D08_S0_C033_T012,D08,D08_S0,tumor,12.0,validation,1.4007394787352878,1.3555921457125324,0.04514733302275542,heldout_donor
D08_S0_C033_T024,D08,D08_S0,tumor,24.0,validation,2.6357276484326095,2.629096396703031,0.006631251729578569,heldout_donor
D08_S0_C034_T000,D08,D08_S0,tumor,0.0,validation,0.6971646585779974,0.7113450186752186,-0.014180360097221234,heldout_donor
D08_S0_C034_T012,D08,D08_S0,tumor,12.0,validation,1.1615113830948913,1.1417346031324132,0.019776779962478175,heldout_donor
D08_S0_C034_T024,D08,D08_S0,tumor,24.0,validation,2.4151298604848273,2.435807441798367,-0.020677581313539584,heldout_donor
D08_S0_C035_T000,D08,D08_S0,tumor,0.0,validation,0.7962780790471138,0.7991244326384487,-0.0028463535913348936,heldout_donor
D08_S0_C035_T012,D08,D08_S0,tumor,12.0,validation,1.2988465022322306,1.2861897408710303,0.012656761361200308,heldout_donor
D08_S0_C035_T024,D08,D08_S0,tumor,24.0,validation,2.525360085959397,2.525310292493167,4.979346622979719e-05,heldout_donor
D08_S1_C000_T000,D08,D08_S1,macrophage,0.0,validation,0.7517887756479933,0.6837584108931857,0.06803036475480762,heldout_donor
D08_S1_C000_T012,D08,D08_S1,macrophage,12.0,validation,1.2490465242153848,1.223496508823495,0.025550015391889724,heldout_donor
D08_S1_C000_T024,D08,D08_S1,macrophage,24.0,validation,2.5730158562976766,2.581062633979757,-0.008046777682080286,heldout_donor
D08_S1_C001_T000,D08,D08_S1,vascular,0.0,validation,0.5884420702325506,0.5606376156942858,0.027804454538264745,heldout_donor
D08_S1_C001_T012,D08,D08_S1,vascular,12.0,validation,1.1003292945584267,1.0780048039948649,0.022324490563561783,heldout_donor
D08_S1_C001_T024,D08,D08_S1,vascular,24.0,validation,2.4275890499463957,2.464837461914166,-0.03724841196777051,heldout_donor
D08_S1_C002_T000,D08,D08_S1,tumor,0.0,validation,0.8534390018382393,0.8895323571844833,-0.03609335534624403,heldout_donor
D08_S1_C002_T012,D08,D08_S1,tumor,12.0,validation,1.420047389044722,1.4231725347406918,-0.0031251456959697776,heldout_donor
D08_S1_C002_T024,D08,D08_S1,tumor,24.0,validation,2.618297044775925,2.6681497361885786,-0.049852691412653805,heldout_donor
D08_S1_C003_T000,D08,D08_S1,t_cell,0.0,validation,0.5598214066004851,0.5686972986149733,-0.00887589201448824,heldout_donor
D08_S1_C003_T012,D08,D08_S1,t_cell,12.0,validation,1.0306832487277944,1.005950522292244,0.024732726435550356,heldout_donor
D08_S1_C003_T024,D08,D08_S1,t_cell,24.0,validation,2.3560603130474242,2.348400201693871,0.007660111353553045,heldout_donor
D08_S1_C004_T000,D08,D08_S1,vascular,0.0,validation,0.5503673818773369,0.532202262180037,0.018165119697299947,heldout_donor
D08_S1_C004_T012,D08,D08_S1,vascular,12.0,validation,1.0775109234255835,1.056935415466353,0.020575507959230466,heldout_donor
D08_S1_C004_T024,D08,D08_S1,vascular,24.0,validation,2.473528963229581,2.4580465027703706,0.015482460459210312,heldout_donor
D08_S1_C005_T000,D08,D08_S1,tumor,0.0,validation,0.7930175709972063,0.8352123595490678,-0.04219478855186154,heldout_donor
D08_S1_C005_T012,D08,D08_S1,tumor,12.0,validation,1.3755279665863018,1.3489411734181807,0.02658679316812118,heldout_donor
D08_S1_C005_T024,D08,D08_S1,tumor,24.0,validation,2.541486333931496,2.5587850771091007,-0.017298743177604603,heldout_donor
D08_S1_C006_T000,D08,D08_S1,fibroblast,0.0,validation,0.6394373286833691,0.6067820923670151,0.03265523631635403,heldout_donor
D08_S1_C006_T012,D08,D08_S1,fibroblast,12.0,validation,1.1037968359798338,1.0745869267491714,0.029209909230662356,heldout_donor
D08_S1_C006_T024,D08,D08_S1,fibroblast,24.0,validation,2.449324940997557,2.468318838362888,-0.01899389736533097,heldout_donor
D08_S1_C007_T000,D08,D08_S1,macrophage,0.0,validation,0.7065167311349826,0.6374135232590696,0.06910320787591295,heldout_donor
D08_S1_C007_T012,D08,D08_S1,macrophage,12.0,validation,1.209168454378126,1.1660424627453037,0.04312599163282238,heldout_donor
D08_S1_C007_T024,D08,D08_S1,macrophage,24.0,validation,2.557901635114685,2.555637080385637,0.002264554729047852,heldout_donor
D08_S1_C008_T000,D08,D08_S1,t_cell,0.0,validation,0.5287825564022235,0.5693297056323172,-0.040547149230093726,heldout_donor
D08_S1_C008_T012,D08,D08_S1,t_cell,12.0,validation,0.9946861334031308,0.9929734492085437,0.001712684194587144,heldout_donor
D08_S1_C008_T024,D08,D08_S1,t_cell,24.0,validation,2.4483104942632776,2.391754383182287,0.05655611108099068,heldout_donor
D08_S1_C009_T000,D08,D08_S1,tumor,0.0,validation,0.7911575515106287,0.8127321381353507,-0.021574586624722003,heldout_donor
D08_S1_C009_T012,D08,D08_S1,tumor,12.0,validation,1.3044772854847915,1.290664577092022,0.01381270839276949,heldout_donor
D08_S1_C009_T024,D08,D08_S1,tumor,24.0,validation,2.5295078213284286,2.562546098769827,-0.033038277441398645,heldout_donor
D08_S1_C010_T000,D08,D08_S1,tumor,0.0,validation,0.8236428668090133,0.8395161669452852,-0.015873300136271862,heldout_donor
D08_S1_C010_T012,D08,D08_S1,tumor,12.0,validation,1.2936715114707522,1.2768365150542293,0.016834996416522863,heldout_donor
D08_S1_C010_T024,D08,D08_S1,tumor,24.0,validation,2.5475303719001583,2.5738943904374283,-0.026364018537269995,heldout_donor
D08_S1_C011_T000,D08,D08_S1,fibroblast,0.0,validation,0.652584983743385,0.6176118532035832,0.03497313053980178,heldout_donor
D08_S1_C011_T012,D08,D08_S1,fibroblast,12.0,validation,1.1675513146811065,1.138224310937318,0.029327003743788493,heldout_donor
D08_S1_C011_T024,D08,D08_S1,fibroblast,24.0,validation,2.5259375521234797,2.5212076271512656,0.004729924972214139,heldout_donor
D08_S1_C012_T000,D08,D08_S1,vascular,0.0,validation,0.4925355869207344,0.45484779928462477,0.03768778763610964,heldout_donor
D08_S1_C012_T012,D08,D08_S1,vascular,12.0,validation,0.8973923954408639,0.8427124276099232,0.05467996783094076,heldout_donor
D08_S1_C012_T024,D08,D08_S1,vascular,24.0,validation,2.3309117594586133,2.3477225132830206,-0.016810753824407332,heldout_donor
D08_S1_C013_T000,D08,D08_S1,t_cell,0.0,validation,0.5979602159424213,0.6144366517739271,-0.01647643583150582,heldout_donor
D08_S1_C013_T012,D08,D08_S1,t_cell,12.0,validation,1.1450342670091853,1.1293536340325094,0.01568063297667588,heldout_donor
D08_S1_C013_T024,D08,D08_S1,t_cell,24.0,validation,2.5165687472729354,2.504326535673031,0.012242211599904351,heldout_donor
D08_S1_C014_T000,D08,D08_S1,t_cell,0.0,validation,0.5647328343795056,0.6025307965075755,-0.03779796212806985,heldout_donor
D08_S1_C014_T012,D08,D08_S1,t_cell,12.0,validation,1.09252839049922,1.0978132174532613,-0.005284826954041311,heldout_donor
D08_S1_C014_T024,D08,D08_S1,t_cell,24.0,validation,2.5133318274405,2.5303004193551297,-0.016968591914629627,heldout_donor
D08_S1_C015_T000,D08,D08_S1,t_cell,0.0,validation,0.5809971994055969,0.603720131987989,-0.022722932582392108,heldout_donor
D08_S1_C015_T012,D08,D08_S1,t_cell,12.0,validation,1.087744129009777,1.0727451834567154,0.014998945553061471,heldout_donor
D08_S1_C015_T024,D08,D08_S1,t_cell,24.0,validation,2.4386514405685316,2.4669781267670428,-0.028326686198511197,heldout_donor
D08_S1_C016_T000,D08,D08_S1,t_cell,0.0,validation,0.6410326993326781,0.6648202030163386,-0.02378750368366045,heldout_donor
D08_S1_C016_T012,D08,D08_S1,t_cell,12.0,validation,1.1829733764017365,1.1653940037433927,0.01757937265834375,heldout_donor
D08_S1_C016_T024,D08,D08_S1,t_cell,24.0,validation,2.5165298297772787,2.5100764777190516,0.006453352058227058,heldout_donor
D08_S1_C017_T000,D08,D08_S1,fibroblast,0.0,validation,0.6604185617033981,0.6301135055168724,0.03030505618652568,heldout_donor
D08_S1_C017_T012,D08,D08_S1,fibroblast,12.0,validation,1.1643927816637103,1.125644505459285,0.038748276204425336,heldout_donor
D08_S1_C017_T024,D08,D08_S1,fibroblast,24.0,validation,2.5527422846310133,2.574571832810193,-0.021829548179179703,heldout_donor
D08_S1_C018_T000,D08,D08_S1,vascular,0.0,validation,0.6121453735014839,0.5930045327841981,0.019140840717285834,heldout_donor
D08_S1_C018_T012,D08,D08_S1,vascular,12.0,validation,1.1352730518810747,1.1137636932379182,0.021509358643156506,heldout_donor
D08_S1_C018_T024,D08,D08_S1,vascular,24.0,validation,2.5161398881707897,2.5673343155873454,-0.051194427416555666,heldout_donor
D08_S1_C019_T000,D08,D08_S1,tumor,0.0,validation,0.7788358654573957,0.7468841317311667,0.03195173372622895,heldout_donor
D08_S1_C019_T012,D08,D08_S1,tumor,12.0,validation,1.300971207752676,1.2740179840716275,0.026953223681048577,heldout_donor
D08_S1_C019_T024,D08,D08_S1,tumor,24.0,validation,2.529554377196319,2.528733275865798,0.0008211013305210457,heldout_donor
D08_S1_C020_T000,D08,D08_S1,macrophage,0.0,validation,0.6859487043419707,0.6182966637992066,0.06765204054276419,heldout_donor
D08_S1_C020_T012,D08,D08_S1,macrophage,12.0,validation,1.130545031844943,1.0966924815483017,0.03385255029664136,heldout_donor
D08_S1_C020_T024,D08,D08_S1,macrophage,24.0,validation,2.5275465471237504,2.5451159962215937,-0.017569449097843304,heldout_donor
D08_S1_C021_T000,D08,D08_S1,tumor,0.0,validation,0.8079810355140755,0.8281890963281981,-0.02020806081412263,heldout_donor
D08_S1_C021_T012,D08,D08_S1,tumor,12.0,validation,1.3388684432628215,1.3012225969620157,0.03764584630080581,heldout_donor
D08_S1_C021_T024,D08,D08_S1,tumor,24.0,validation,2.589720068372613,2.602550253804349,-0.012830185431735863,heldout_donor
D08_S1_C022_T000,D08,D08_S1,tumor,0.0,validation,0.7436451825475002,0.7905277681014057,-0.046882585553905454,heldout_donor
D08_S1_C022_T012,D08,D08_S1,tumor,12.0,validation,1.2509562584684424,1.2505987470636089,0.0003575114048335326,heldout_donor
D08_S1_C022_T024,D08,D08_S1,tumor,24.0,validation,2.5393716853864334,2.5559421708103574,-0.01657048542392392,heldout_donor
D08_S1_C023_T000,D08,D08_S1,tumor,0.0,validation,0.7732654445336553,0.7525329554116277,0.02073248912202763,heldout_donor
D08_S1_C023_T012,D08,D08_S1,tumor,12.0,validation,1.2702181869114684,1.2305187125163277,0.039699474395140655,heldout_donor
D08_S1_C023_T024,D08,D08_S1,tumor,24.0,validation,2.5302879361014803,2.5585219638325207,-0.028234027731040445,heldout_donor
D08_S1_C024_T000,D08,D08_S1,tumor,0.0,validation,0.7250108938279833,0.761475652835872,-0.0364647590078887,heldout_donor
D08_S1_C024_T012,D08,D08_S1,tumor,12.0,validation,1.2443564347341922,1.238818955648712,0.005537479085480301,heldout_donor
D08_S1_C024_T024,D08,D08_S1,tumor,24.0,validation,2.5506828202030207,2.5465088233582,0.004173996844820671,heldout_donor
D08_S1_C025_T000,D08,D08_S1,fibroblast,0.0,validation,0.6728080274815099,0.6183584251859225,0.054449602295587374,heldout_donor
D08_S1_C025_T012,D08,D08_S1,fibroblast,12.0,validation,1.0651115102805822,1.01933664195459,0.0457748683259922,heldout_donor
D08_S1_C025_T024,D08,D08_S1,fibroblast,24.0,validation,2.4258237524868127,2.4554836153318957,-0.02965986284508304,heldout_donor
D08_S1_C026_T000,D08,D08_S1,fibroblast,0.0,validation,0.6669746824417859,0.6339920146615624,0.03298266778022352,heldout_donor
D08_S1_C026_T012,D08,D08_S1,fibroblast,12.0,validation,1.1918182493596707,1.1667610710455045,0.025057178314166206,heldout_donor
D08_S1_C026_T024,D08,D08_S1,fibroblast,24.0,validation,2.530555327200903,2.5231897603646645,0.007365566836238457,heldout_donor
D08_S1_C027_T000,D08,D08_S1,tumor,0.0,validation,0.8126168898182158,0.8167877113456118,-0.004170821527396007,heldout_donor
D08_S1_C027_T012,D08,D08_S1,tumor,12.0,validation,1.3157779880088198,1.2948128112002195,0.020965176808600328,heldout_donor
D08_S1_C027_T024,D08,D08_S1,tumor,24.0,validation,2.5239286121707973,2.560876979332242,-0.03694836716144456,heldout_donor
D08_S1_C028_T000,D08,D08_S1,tumor,0.0,validation,0.7854390829586624,0.7588362864797141,0.026602796478948254,heldout_donor
D08_S1_C028_T012,D08,D08_S1,tumor,12.0,validation,1.2083317420788464,1.1586346286113365,0.049697113467509935,heldout_donor
D08_S1_C028_T024,D08,D08_S1,tumor,24.0,validation,2.485581552285911,2.4839358814952903,0.0016456707906207235,heldout_donor
D08_S1_C029_T000,D08,D08_S1,macrophage,0.0,validation,0.731491135724829,0.6923164865744765,0.039174649150352514,heldout_donor
D08_S1_C029_T012,D08,D08_S1,macrophage,12.0,validation,1.2336259307104689,1.198629278123073,0.03499665258739593,heldout_donor
D08_S1_C029_T024,D08,D08_S1,macrophage,24.0,validation,2.541011591616918,2.543899534980047,-0.002887943363129253,heldout_donor
D08_S1_C030_T000,D08,D08_S1,t_cell,0.0,validation,0.504966919124169,0.5229594505598832,-0.01799253143571422,heldout_donor
D08_S1_C030_T012,D08,D08_S1,t_cell,12.0,validation,0.9932368916825317,0.9857001548213208,0.007536736861210924,heldout_donor
D08_S1_C030_T024,D08,D08_S1,t_cell,24.0,validation,2.3896002781218666,2.356087778213465,0.03351249990840177,heldout_donor
D08_S1_C031_T000,D08,D08_S1,t_cell,0.0,validation,0.5928312617976448,0.5903271524794911,0.002504109318153702,heldout_donor
D08_S1_C031_T012,D08,D08_S1,t_cell,12.0,validation,1.061804227397642,1.0533344310816763,0.008469796315965672,heldout_donor
D08_S1_C031_T024,D08,D08_S1,t_cell,24.0,validation,2.4088018947442067,2.451563957786522,-0.04276206304231511,heldout_donor
D08_S1_C032_T000,D08,D08_S1,tumor,0.0,validation,0.7737877992916247,0.785868864702186,-0.012081065410561309,heldout_donor
D08_S1_C032_T012,D08,D08_S1,tumor,12.0,validation,1.26381144110341,1.249920877215843,0.013890563887567042,heldout_donor
D08_S1_C032_T024,D08,D08_S1,tumor,24.0,validation,2.5038386971064144,2.5272791401412635,-0.023440443034849157,heldout_donor
D08_S1_C033_T000,D08,D08_S1,t_cell,0.0,validation,0.47968205855116486,0.4900895928573028,-0.010407534306137944,heldout_donor
D08_S1_C033_T012,D08,D08_S1,t_cell,12.0,validation,0.9495651558644471,0.9390050458147767,0.01056011004967039,heldout_donor
D08_S1_C033_T024,D08,D08_S1,t_cell,24.0,validation,2.406025517122053,2.3558632568460944,0.05016226027595838,heldout_donor
D08_S1_C034_T000,D08,D08_S1,tumor,0.0,validation,0.6989426228703395,0.6909254699523144,0.008017152918025072,heldout_donor
D08_S1_C034_T012,D08,D08_S1,tumor,12.0,validation,1.1119901445390168,1.075707165201971,0.03628297933704583,heldout_donor
D08_S1_C034_T024,D08,D08_S1,tumor,24.0,validation,2.41686073203227,2.395901074456449,0.0209596575758213,heldout_donor
D08_S1_C035_T000,D08,D08_S1,macrophage,0.0,validation,0.7146212286363283,0.6394949396518421,0.07512628898448614,heldout_donor
D08_S1_C035_T012,D08,D08_S1,macrophage,12.0,validation,1.1567279589867567,1.1146766989387047,0.04205126004805204,heldout_donor
D08_S1_C035_T024,D08,D08_S1,macrophage,24.0,validation,2.51948592132053,2.539843435659251,-0.020357514338721128,heldout_donor
D09_S0_C000_T000,D09,D09_S0,tumor,0.0,test,0.8481215810325367,0.8801945654037849,-0.03207298437124828,heldout_donor
D09_S0_C000_T012,D09,D09_S0,tumor,12.0,test,1.399663224376053,1.3933896608773522,0.006273563498700785,heldout_donor
D09_S0_C000_T024,D09,D09_S0,tumor,24.0,test,2.714718538434855,2.7049514341430676,0.009767104291787287,heldout_donor
D09_S0_C001_T000,D09,D09_S0,fibroblast,0.0,test,0.7321514348799689,0.6726240098063759,0.05952742507359299,heldout_donor
D09_S0_C001_T012,D09,D09_S0,fibroblast,12.0,test,1.3147822428512812,1.2723307542168072,0.04245148863447401,heldout_donor
D09_S0_C001_T024,D09,D09_S0,fibroblast,24.0,test,2.6721219480014304,2.663837177795216,0.008284770206214542,heldout_donor
D09_S0_C002_T000,D09,D09_S0,tumor,0.0,test,0.9520097950840266,0.9066084631470994,0.04540133193692719,heldout_donor
D09_S0_C002_T012,D09,D09_S0,tumor,12.0,test,1.461478351614034,1.3990878867160392,0.06239046489799471,heldout_donor
D09_S0_C002_T024,D09,D09_S0,tumor,24.0,test,2.612977452320949,2.660540656730457,-0.04756320440950779,heldout_donor
D09_S0_C003_T000,D09,D09_S0,macrophage,0.0,test,0.7463643897983463,0.6891095443886149,0.05725484540973136,heldout_donor
D09_S0_C003_T012,D09,D09_S0,macrophage,12.0,test,1.3639867991866437,1.3245913810310577,0.039395418155586004,heldout_donor
D09_S0_C003_T024,D09,D09_S0,macrophage,24.0,test,2.7067673522428977,2.6957732197356785,0.010994132507219145,heldout_donor
D09_S0_C004_T000,D09,D09_S0,tumor,0.0,test,0.8497858644070903,0.8563895726034345,-0.00660370819634426,heldout_donor
D09_S0_C004_T012,D09,D09_S0,tumor,12.0,test,1.4360222599365826,1.4192052833580873,0.016816976578495346,heldout_donor
D09_S0_C004_T024,D09,D09_S0,tumor,24.0,test,2.752867688348541,2.75741977909475,-0.004552090746209103,heldout_donor
D09_S0_C005_T000,D09,D09_S0,fibroblast,0.0,test,0.6976056542850628,0.663715562902477,0.03389009138258581,heldout_donor
D09_S0_C005_T012,D09,D09_S0,fibroblast,12.0,test,1.2307664512986605,1.1889037527962727,0.041862698502387774,heldout_donor
D09_S0_C005_T024,D09,D09_S0,fibroblast,24.0,test,2.5519991269734734,2.5226508044573897,0.02934832251608377,heldout_donor
D09_S0_C006_T000,D09,D09_S0,t_cell,0.0,test,0.7087556811301851,0.7094532595736476,-0.000697578443462521,heldout_donor
D09_S0_C006_T012,D09,D09_S0,t_cell,12.0,test,1.2834066991197617,1.2450112334351966,0.03839546568456509,heldout_donor
D09_S0_C006_T024,D09,D09_S0,t_cell,24.0,test,2.54974607509277,2.5336740554140937,0.01607201967867633,heldout_donor
D09_S0_C007_T000,D09,D09_S0,t_cell,0.0,test,0.7233801574794719,0.7021566440904115,0.021223513389060478,heldout_donor
D09_S0_C007_T012,D09,D09_S0,t_cell,12.0,test,1.313617592079252,1.2597232629021788,0.053894329177073264,heldout_donor
D09_S0_C007_T024,D09,D09_S0,t_cell,24.0,test,2.5622437222325964,2.568413134289646,-0.0061694120570496835,heldout_donor
D09_S0_C008_T000,D09,D09_S0,tumor,0.0,test,0.7775502292642978,0.7998773817382328,-0.022327152473934908,heldout_donor
D09_S0_C008_T012,D09,D09_S0,tumor,12.0,test,1.3627891677980177,1.3209392851105977,0.04184988268742007,heldout_donor
D09_S0_C008_T024,D09,D09_S0,tumor,24.0,test,2.6255300628299953,2.6105069041181896,0.015023158711805706,heldout_donor
D09_S0_C009_T000,D09,D09_S0,macrophage,0.0,test,0.7806172166232488,0.7302514511724308,0.050365765450817945,heldout_donor
D09_S0_C009_T012,D09,D09_S0,macrophage,12.0,test,1.3546489078559647,1.3093918654026657,0.04525704245329898,heldout_donor
D09_S0_C009_T024,D09,D09_S0,macrophage,24.0,test,2.649444696972643,2.644486348813334,0.004958348159309178,heldout_donor
D09_S0_C010_T000,D09,D09_S0,vascular,0.0,test,0.6564888961570302,0.6438090542558654,0.012679841901164779,heldout_donor
D09_S0_C010_T012,D09,D09_S0,vascular,12.0,test,1.211542575628393,1.1735201902013719,0.03802238542702119,heldout_donor
D09_S0_C010_T024,D09,D09_S0,vascular,24.0,test,2.659785026094363,2.6497078648635553,0.010077161230807707,heldout_donor
D09_S0_C011_T000,D09,D09_S0,fibroblast,0.0,test,0.6908579028524271,0.6780422927098585,0.012815610142568601,heldout_donor
D09_S0_C011_T012,D09,D09_S0,fibroblast,12.0,test,1.2378976294914543,1.1921493642934122,0.04574826519804209,heldout_donor
D09_S0_C011_T024,D09,D09_S0,fibroblast,24.0,test,2.6291074231513605,2.618349468294093,0.010757954857267382,heldout_donor
D09_S0_C012_T000,D09,D09_S0,vascular,0.0,test,0.6854396115987793,0.6555446104287964,0.029895001169982893,heldout_donor
D09_S0_C012_T012,D09,D09_S0,vascular,12.0,test,1.2244895263015245,1.1980364474068228,0.02645307889470172,heldout_donor
D09_S0_C012_T024,D09,D09_S0,vascular,24.0,test,2.5706293496762944,2.6131372576653513,-0.0425079079890569,heldout_donor
D09_S0_C013_T000,D09,D09_S0,t_cell,0.0,test,0.6615164437665134,0.6477181152699524,0.013798328496561041,heldout_donor
D09_S0_C013_T012,D09,D09_S0,t_cell,12.0,test,1.3251211695042873,1.3272403879487997,-0.0021192184445124607,heldout_donor
D09_S0_C013_T024,D09,D09_S0,t_cell,24.0,test,2.712425762235698,2.705523310160172,0.006902452075526089,heldout_donor
D09_S0_C014_T000,D09,D09_S0,tumor,0.0,test,0.9447457951042706,0.9626746829780597,-0.0179288878737891,heldout_donor
D09_S0_C014_T012,D09,D09_S0,tumor,12.0,test,1.5761009304066549,1.5444346875284438,0.03166624287821107,heldout_donor
D09_S0_C014_T024,D09,D09_S0,tumor,24.0,test,2.742517774261435,2.734548711308332,0.007969062953102846,heldout_donor
D09_S0_C015_T000,D09,D09_S0,t_cell,0.0,test,0.7421683563242423,0.7175173402076797,0.02465101611656262,heldout_donor
D09_S0_C015_T012,D09,D09_S0,t_cell,12.0,test,1.3882837972610746,1.340159226145522,0.04812457111555268,heldout_donor
D09_S0_C015_T024,D09,D09_S0,t_cell,24.0,test,2.5867377806437024,2.583000997795525,0.0037367828481773557,heldout_donor
D09_S0_C016_T000,D09,D09_S0,t_cell,0.0,test,0.6636655095645839,0.6747038954009824,-0.01103838583639849,heldout_donor
D09_S0_C016_T012,D09,D09_S0,t_cell,12.0,test,1.2752125465435715,1.2600944619583265,0.015118084585244995,heldout_donor
D09_S0_C016_T024,D09,D09_S0,t_cell,24.0,test,2.6511221512478036,2.634033910031652,0.01708824121615171,heldout_donor
D09_S0_C017_T000,D09,D09_S0,t_cell,0.0,test,0.6420021470449271,0.6464318100777826,-0.004429663032855524,heldout_donor
D09_S0_C017_T012,D09,D09_S0,t_cell,12.0,test,1.241549365552385,1.2138030168633218,0.027746348689063227,heldout_donor
D09_S0_C017_T024,D09,D09_S0,t_cell,24.0,test,2.587838091735984,2.5850514155371056,0.0027866761988781796,heldout_donor
D09_S0_C018_T000,D09,D09_S0,t_cell,0.0,test,0.7235048364580513,0.701118419098122,0.0223864173599293,heldout_donor
D09_S0_C018_T012,D09,D09_S0,t_cell,12.0,test,1.3213589703549184,1.282848566616407,0.038510403738511556,heldout_donor
D09_S0_C018_T024,D09,D09_S0,t_cell,24.0,test,2.599298038558849,2.5941207191031506,0.005177319455698548,heldout_donor
D09_S0_C019_T000,D09,D09_S0,fibroblast,0.0,test,0.695722791384945,0.6492944814331345,0.046428309951810465,heldout_donor
D09_S0_C019_T012,D09,D09_S0,fibroblast,12.0,test,1.2435867188493266,1.204134848766527,0.03945187008279949,heldout_donor
D09_S0_C019_T024,D09,D09_S0,fibroblast,24.0,test,2.56726666356151,2.5912207874286897,-0.023954123867179877,heldout_donor
D09_S0_C020_T000,D09,D09_S0,fibroblast,0.0,test,0.8025889133192344,0.7681591452186036,0.03442976810063081,heldout_donor
D09_S0_C020_T012,D09,D09_S0,fibroblast,12.0,test,1.4054218677940586,1.3786473060565474,0.02677456173751125,heldout_donor
D09_S0_C020_T024,D09,D09_S0,fibroblast,24.0,test,2.695438048478264,2.7160128892178133,-0.020574840739549405,heldout_donor
D09_S0_C021_T000,D09,D09_S0,tumor,0.0,test,0.8145570377630648,0.8502209246276228,-0.035663886864558014,heldout_donor
D09_S0_C021_T012,D09,D09_S0,tumor,12.0,test,1.3450528972822424,1.3384261614738409,0.006626735808401563,heldout_donor
D09_S0_C021_T024,D09,D09_S0,tumor,24.0,test,2.5384707816042194,2.5571197333385167,-0.01864895173429737,heldout_donor
D09_S0_C022_T000,D09,D09_S0,macrophage,0.0,test,0.8078157230701767,0.7401804780603722,0.06763524500980445,heldout_donor
D09_S0_C022_T012,D09,D09_S0,macrophage,12.0,test,1.2672131944355451,1.1993972406794222,0.06781595375612293,heldout_donor
D09_S0_C022_T024,D09,D09_S0,macrophage,24.0,test,2.600665847301575,2.6120124625571948,-0.011346615255619863,heldout_donor
D09_S0_C023_T000,D09,D09_S0,macrophage,0.0,test,0.8227462574432274,0.7732842371011495,0.04946202034207792,heldout_donor
D09_S0_C023_T012,D09,D09_S0,macrophage,12.0,test,1.4777490322630598,1.433674742801572,0.04407428946148784,heldout_donor
D09_S0_C023_T024,D09,D09_S0,macrophage,24.0,test,2.7350643657751568,2.708554348716134,0.026510017059022672,heldout_donor
D09_S0_C024_T000,D09,D09_S0,tumor,0.0,test,0.9426438896918552,0.9591310094102338,-0.016487119718378573,heldout_donor
D09_S0_C024_T012,D09,D09_S0,tumor,12.0,test,1.5971036557083667,1.577965278780748,0.01913837692761855,heldout_donor
D09_S0_C024_T024,D09,D09_S0,tumor,24.0,test,2.7724022404673834,2.7756000000000003,-0.0031977595326169173,heldout_donor
D09_S0_C025_T000,D09,D09_S0,vascular,0.0,test,0.5751291429667124,0.5882459224133357,-0.013116779446623372,heldout_donor
D09_S0_C025_T012,D09,D09_S0,vascular,12.0,test,1.120052124378119,1.105530504281135,0.01452162009698399,heldout_donor
D09_S0_C025_T024,D09,D09_S0,vascular,24.0,test,2.53527194639237,2.517576794868972,0.017695151523398067,heldout_donor
D09_S0_C026_T000,D09,D09_S0,t_cell,0.0,test,0.600504609017116,0.6198848508004382,-0.019380241783322205,heldout_donor
D09_S0_C026_T012,D09,D09_S0,t_cell,12.0,test,1.1809599782094642,1.1672051820523932,0.013754796157070981,heldout_donor
D09_S0_C026_T024,D09,D09_S0,t_cell,24.0,test,2.6144092684660065,2.6142021609497803,0.0002071075162262126,heldout_donor
D09_S0_C027_T000,D09,D09_S0,t_cell,0.0,test,0.6266213863292068,0.6456560011542528,-0.01903461482504598,heldout_donor
D09_S0_C027_T012,D09,D09_S0,t_cell,12.0,test,1.1500276650256103,1.123570879817094,0.026456785208516242,heldout_donor
D09_S0_C027_T024,D09,D09_S0,t_cell,24.0,test,2.5453570292288217,2.524740674484381,0.020616354744440457,heldout_donor
D09_S0_C028_T000,D09,D09_S0,vascular,0.0,test,0.6450753086640425,0.6563497461196122,-0.011274437455569664,heldout_donor
D09_S0_C028_T012,D09,D09_S0,vascular,12.0,test,1.302594338791111,1.2886976933605336,0.013896645430577337,heldout_donor
D09_S0_C028_T024,D09,D09_S0,vascular,24.0,test,2.73647592418283,2.721268506958813,0.015207417224016861,heldout_donor
D09_S0_C029_T000,D09,D09_S0,tumor,0.0,test,0.8330875178471533,0.8558207732622997,-0.02273325541514637,heldout_donor
D09_S0_C029_T012,D09,D09_S0,tumor,12.0,test,1.4412979788019147,1.4067625553054304,0.03453542349648431,heldout_donor
D09_S0_C029_T024,D09,D09_S0,tumor,24.0,test,2.626522249865304,2.6125709778982507,0.01395127196705337,heldout_donor
D09_S0_C030_T000,D09,D09_S0,fibroblast,0.0,test,0.8657777752769246,0.8471188219431631,0.01865895333376144,heldout_donor
D09_S0_C030_T012,D09,D09_S0,fibroblast,12.0,test,1.473567293787485,1.4433359670515689,0.03023132673591622,heldout_donor
D09_S0_C030_T024,D09,D09_S0,fibroblast,24.0,test,2.7589508479476117,2.748527848545556,0.010422999402055488,heldout_donor
D09_S0_C031_T000,D09,D09_S0,macrophage,0.0,test,0.8116627404844844,0.7713776454618007,0.04028509502268374,heldout_donor
D09_S0_C031_T012,D09,D09_S0,macrophage,12.0,test,1.4111648103016128,1.3556294628156629,0.055535347485949904,heldout_donor
D09_S0_C031_T024,D09,D09_S0,macrophage,24.0,test,2.6788971947350206,2.6287057984388196,0.05019139629620106,heldout_donor
D09_S0_C032_T000,D09,D09_S0,vascular,0.0,test,0.6199784175441284,0.5872008756657375,0.03277754187839088,heldout_donor
D09_S0_C032_T012,D09,D09_S0,vascular,12.0,test,1.16490574447397,1.1072279573817703,0.05767778709219984,heldout_donor
D09_S0_C032_T024,D09,D09_S0,vascular,24.0,test,2.5081516768578527,2.500389443304567,0.007762233553285647,heldout_donor
D09_S0_C033_T000,D09,D09_S0,vascular,0.0,test,0.5937496098153071,0.5934972947893917,0.0002523150259153839,heldout_donor
D09_S0_C033_T012,D09,D09_S0,vascular,12.0,test,1.1526574232674616,1.125599423816446,0.027057999451015613,heldout_donor
D09_S0_C033_T024,D09,D09_S0,vascular,24.0,test,2.570655490709726,2.5559549805040835,0.014700510205642559,heldout_donor
D09_S0_C034_T000,D09,D09_S0,macrophage,0.0,test,0.7503298375975641,0.6834243817506737,0.06690545584689045,heldout_donor
D09_S0_C034_T012,D09,D09_S0,macrophage,12.0,test,1.276049704989309,1.220035918090547,0.05601378689876202,heldout_donor
D09_S0_C034_T024,D09,D09_S0,macrophage,24.0,test,2.6586111879072067,2.6385770591204523,0.02003412878675448,heldout_donor
D09_S0_C035_T000,D09,D09_S0,macrophage,0.0,test,0.8508151569877339,0.8056017169771057,0.045213440010628214,heldout_donor
D09_S0_C035_T012,D09,D09_S0,macrophage,12.0,test,1.4852293610643283,1.4665414087011552,0.01868795236317311,heldout_donor
D09_S0_C035_T024,D09,D09_S0,macrophage,24.0,test,2.7543432455384784,2.7406181423472193,0.01372510319125908,heldout_donor
D09_S1_C000_T000,D09,D09_S1,fibroblast,0.0,test,0.6264633307238502,0.5879017524127716,0.03856157831107854,heldout_donor
D09_S1_C000_T012,D09,D09_S1,fibroblast,12.0,test,1.1109451644685029,1.0785747637456475,0.03237040072285535,heldout_donor
D09_S1_C000_T024,D09,D09_S1,fibroblast,24.0,test,2.5807903868857682,2.5816858786590884,-0.0008954917733201562,heldout_donor
D09_S1_C001_T000,D09,D09_S1,tumor,0.0,test,0.8956611212735022,0.9323494241100821,-0.03668830283657998,heldout_donor
D09_S1_C001_T012,D09,D09_S1,tumor,12.0,test,1.4695724522060363,1.4604150124433102,0.009157439762726094,heldout_donor
D09_S1_C001_T024,D09,D09_S1,tumor,24.0,test,2.746292718046141,2.7379535517242184,0.008339166321922775,heldout_donor
D09_S1_C002_T000,D09,D09_S1,macrophage,0.0,test,0.8633384827255577,0.8144621815755345,0.04887630115002317,heldout_donor
D09_S1_C002_T012,D09,D09_S1,macrophage,12.0,test,1.4714957999899352,1.4241202340976291,0.04737556589230607,heldout_donor
D09_S1_C002_T024,D09,D09_S1,macrophage,24.0,test,2.724592927983441,2.7035758211004075,0.0210171068830336,heldout_donor
D09_S1_C003_T000,D09,D09_S1,fibroblast,0.0,test,0.7716761608266229,0.7388581949704652,0.032817965856157705,heldout_donor
D09_S1_C003_T012,D09,D09_S1,fibroblast,12.0,test,1.329315416675008,1.2738460066441246,0.05546941003088346,heldout_donor
D09_S1_C003_T024,D09,D09_S1,fibroblast,24.0,test,2.6255775559224803,2.616832100531497,0.00874545539098337,heldout_donor
D09_S1_C004_T000,D09,D09_S1,fibroblast,0.0,test,0.7449768651016145,0.6839874344671895,0.06098943063442508,heldout_donor
D09_S1_C004_T012,D09,D09_S1,fibroblast,12.0,test,1.274757928372388,1.2215537537217669,0.053204174650621106,heldout_donor
D09_S1_C004_T024,D09,D09_S1,fibroblast,24.0,test,2.653977278614741,2.5993110750305415,0.05466620358419938,heldout_donor
D09_S1_C005_T000,D09,D09_S1,tumor,0.0,test,0.9878088845218048,0.9889246717967657,-0.0011157872749608666,heldout_donor
D09_S1_C005_T012,D09,D09_S1,tumor,12.0,test,1.6604114919671924,1.6509530417552072,0.009458450211985214,heldout_donor
D09_S1_C005_T024,D09,D09_S1,tumor,24.0,test,2.728436666786301,2.7697101638682975,-0.041273497081996346,heldout_donor
D09_S1_C006_T000,D09,D09_S1,fibroblast,0.0,test,0.7431657502449224,0.7000791934562232,0.043086556788699215,heldout_donor
D09_S1_C006_T012,D09,D09_S1,fibroblast,12.0,test,1.316765011306651,1.2866478059944686,0.030117205312182316,heldout_donor
D09_S1_C006_T024,D09,D09_S1,fibroblast,24.0,test,2.688897807059373,2.6466841800196614,0.04221362703971154,heldout_donor
D09_S1_C007_T000,D09,D09_S1,macrophage,0.0,test,0.7022435372358875,0.6552481810016703,0.046995356234217245,heldout_donor
D09_S1_C007_T012,D09,D09_S1,macrophage,12.0,test,1.216596314503826,1.1760666936872173,0.040529620816608825,heldout_donor
D09_S1_C007_T024,D09,D09_S1,macrophage,24.0,test,2.562909622170034,2.564883663356967,-0.0019740411869331176,heldout_donor
D09_S1_C008_T000,D09,D09_S1,tumor,0.0,test,0.9796372595973928,0.9845722072410921,-0.004934947643699283,heldout_donor
D09_S1_C008_T012,D09,D09_S1,tumor,12.0,test,1.58962708960477,1.5764643518139083,0.013162737790861634,heldout_donor
D09_S1_C008_T024,D09,D09_S1,tumor,24.0,test,2.688905911338461,2.7014006865445674,-0.012494775206106645,heldout_donor
D09_S1_C009_T000,D09,D09_S1,fibroblast,0.0,test,0.7277848836670485,0.6798668989512096,0.04791798471583897,heldout_donor
D09_S1_C009_T012,D09,D09_S1,fibroblast,12.0,test,1.3647288758155396,1.3230940835428087,0.041634792272730925,heldout_donor
D09_S1_C009_T024,D09,D09_S1,fibroblast,24.0,test,2.6998258181483146,2.6914606602774014,0.008365157870913187,heldout_donor
D09_S1_C010_T000,D09,D09_S1,tumor,0.0,test,0.9673667841115176,0.9673247214444348,4.2062667082731764e-05,heldout_donor
D09_S1_C010_T012,D09,D09_S1,tumor,12.0,test,1.643596022931987,1.620258260649919,0.023337762282068075,heldout_donor
D09_S1_C010_T024,D09,D09_S1,tumor,24.0,test,2.762311939803276,2.7756000000000003,-0.013288060196724238,heldout_donor
D09_S1_C011_T000,D09,D09_S1,vascular,0.0,test,0.6781832146829178,0.64905920887507,0.029124005807847797,heldout_donor
D09_S1_C011_T012,D09,D09_S1,vascular,12.0,test,1.2896053488088024,1.2673809185476064,0.022224430261196026,heldout_donor
D09_S1_C011_T024,D09,D09_S1,vascular,24.0,test,2.71240361371741,2.6586187852942946,0.05378482842311527,heldout_donor
D09_S1_C012_T000,D09,D09_S1,tumor,0.0,test,0.9453087746517972,0.9726512661812201,-0.02734249152942292,heldout_donor
D09_S1_C012_T012,D09,D09_S1,tumor,12.0,test,1.5578220532895073,1.5387688340148522,0.019053219274655087,heldout_donor
D09_S1_C012_T024,D09,D09_S1,tumor,24.0,test,2.7235044465650873,2.722205476235446,0.0012989703296413246,heldout_donor
D09_S1_C013_T000,D09,D09_S1,vascular,0.0,test,0.5165541791208252,0.5033619930868237,0.013192186034001518,heldout_donor
D09_S1_C013_T012,D09,D09_S1,vascular,12.0,test,1.085577209252836,1.074881491732821,0.010695717520014858,heldout_donor
D09_S1_C013_T024,D09,D09_S1,vascular,24.0,test,2.55928592884446,2.5394757917723036,0.019810137072156397,heldout_donor
D09_S1_C014_T000,D09,D09_S1,vascular,0.0,test,0.6557829284270333,0.6628764840009301,-0.007093555573896793,heldout_donor
D09_S1_C014_T012,D09,D09_S1,vascular,12.0,test,1.2678608267158373,1.2673644558712451,0.0004963708445921977,heldout_donor
D09_S1_C014_T024,D09,D09_S1,vascular,24.0,test,2.6313772724099525,2.6611218881402756,-0.029744615730323165,heldout_donor
D09_S1_C015_T000,D09,D09_S1,tumor,0.0,test,0.8539625096657724,0.8680288001890014,-0.014066290523229052,heldout_donor
D09_S1_C015_T012,D09,D09_S1,tumor,12.0,test,1.405758679081099,1.3833509402463753,0.02240773883472369,heldout_donor
D09_S1_C015_T024,D09,D09_S1,tumor,24.0,test,2.656790261595267,2.6699457777680293,-0.013155516172762116,heldout_donor
D09_S1_C016_T000,D09,D09_S1,tumor,0.0,test,0.7663290182685687,0.803340679228952,-0.03701166096038333,heldout_donor
D09_S1_C016_T012,D09,D09_S1,tumor,12.0,test,1.2749766668401545,1.2727059877262858,0.00227067911386869,heldout_donor
D09_S1_C016_T024,D09,D09_S1,tumor,24.0,test,2.5500240373639333,2.558233346575386,-0.008209309211452798,heldout_donor
D09_S1_C017_T000,D09,D09_S1,tumor,0.0,test,0.8129821836018991,0.8110846594840123,0.0018975241178867952,heldout_donor
D09_S1_C017_T012,D09,D09_S1,tumor,12.0,test,1.3930049292410132,1.3646852254976172,0.028319703743395985,heldout_donor
D09_S1_C017_T024,D09,D09_S1,tumor,24.0,test,2.694678459252809,2.6747074278261267,0.019971031426682107,heldout_donor
D09_S1_C018_T000,D09,D09_S1,t_cell,0.0,test,0.68544433725149,0.7046453359984317,-0.0192009987469417,heldout_donor
D09_S1_C018_T012,D09,D09_S1,t_cell,12.0,test,1.2945757628805397,1.2821069081153822,0.012468854765157467,heldout_donor
D09_S1_C018_T024,D09,D09_S1,t_cell,24.0,test,2.6350905536752323,2.608637631555171,0.026452922120061118,heldout_donor
D09_S1_C019_T000,D09,D09_S1,tumor,0.0,test,0.9311426391934385,0.9241061209383199,0.00703651825511864,heldout_donor
D09_S1_C019_T012,D09,D09_S1,tumor,12.0,test,1.5339597094970545,1.512400724569797,0.021558984927257496,heldout_donor
D09_S1_C019_T024,D09,D09_S1,tumor,24.0,test,2.690493450707276,2.690842122811987,-0.000348672104711234,heldout_donor
D09_S1_C020_T000,D09,D09_S1,tumor,0.0,test,0.8772553517035586,0.8900102425725257,-0.012754890868967084,heldout_donor
D09_S1_C020_T012,D09,D09_S1,tumor,12.0,test,1.4954040936236068,1.4708856127191647,0.024518480904442086,heldout_donor
D09_S1_C020_T024,D09,D09_S1,tumor,24.0,test,2.680175244533418,2.6889691731290792,-0.008793928595661082,heldout_donor
D09_S1_C021_T000,D09,D09_S1,t_cell,0.0,test,0.7516674751416321,0.750158721418639,0.0015087537229930836,heldout_donor
D09_S1_C021_T012,D09,D09_S1,t_cell,12.0,test,1.417896174757924,1.4034578033835934,0.014438371374330572,heldout_donor
D09_S1_C021_T024,D09,D09_S1,t_cell,24.0,test,2.7333302596743287,2.703762700662684,0.02956755901164465,heldout_donor
D09_S1_C022_T000,D09,D09_S1,macrophage,0.0,test,0.7870911135865065,0.7174498306243636,0.06964128296214289,heldout_donor
D09_S1_C022_T012,D09,D09_S1,macrophage,12.0,test,1.3428922411345057,1.2741251817937378,0.06876705934076788,heldout_donor
D09_S1_C022_T024,D09,D09_S1,macrophage,24.0,test,2.67557393048092,2.654965765902373,0.020608164578546972,heldout_donor
D09_S1_C023_T000,D09,D09_S1,fibroblast,0.0,test,0.7350208178140881,0.7159695863238332,0.019051231490254894,heldout_donor
D09_S1_C023_T012,D09,D09_S1,fibroblast,12.0,test,1.244168114218852,1.208872146042053,0.03529596817679903,heldout_donor
D09_S1_C023_T024,D09,D09_S1,fibroblast,24.0,test,2.5951513605193393,2.5757285640862877,0.01942279643305156,heldout_donor
D09_S1_C024_T000,D09,D09_S1,vascular,0.0,test,0.6385272918102638,0.6591965169009822,-0.020669225090718446,heldout_donor
D09_S1_C024_T012,D09,D09_S1,vascular,12.0,test,1.2130635256238333,1.2159545230942197,-0.0028909974703863472,heldout_donor
D09_S1_C024_T024,D09,D09_S1,vascular,24.0,test,2.5785454785254096,2.569028684573448,0.009516793951961589,heldout_donor
D09_S1_C025_T000,D09,D09_S1,tumor,0.0,test,0.9346724497907483,0.9328944672973333,0.0017779824934149868,heldout_donor
D09_S1_C025_T012,D09,D09_S1,tumor,12.0,test,1.5505187154112055,1.5218039036634436,0.028714811747761804,heldout_donor
D09_S1_C025_T024,D09,D09_S1,tumor,24.0,test,2.7157183948958905,2.7486030861464337,-0.03288469125054316,heldout_donor
D09_S1_C026_T000,D09,D09_S1,tumor,0.0,test,0.8720069533777354,0.9104780362584085,-0.038471082880673135,heldout_donor
D09_S1_C026_T012,D09,D09_S1,tumor,12.0,test,1.4466293553251164,1.432307572735573,0.01432178258954342,heldout_donor
D09_S1_C026_T024,D09,D09_S1,tumor,24.0,test,2.6696493848782845,2.656434451413581,0.013214933464703371,heldout_donor
D09_S1_C027_T000,D09,D09_S1,tumor,0.0,test,0.9139854574253861,0.8857032423636491,0.028282215061737004,heldout_donor
D09_S1_C027_T012,D09,D09_S1,tumor,12.0,test,1.4690566023526923,1.434340438535824,0.03471616381686826,heldout_donor
D09_S1_C027_T024,D09,D09_S1,tumor,24.0,test,2.650869201111959,2.6424727172376667,0.008396483874292038,heldout_donor
D09_S1_C028_T000,D09,D09_S1,macrophage,0.0,test,0.7963256828291091,0.7151498408805498,0.08117584194855931,heldout_donor
D09_S1_C028_T012,D09,D09_S1,macrophage,12.0,test,1.4040362347114455,1.3625796337077747,0.04145660100367077,heldout_donor
D09_S1_C028_T024,D09,D09_S1,macrophage,24.0,test,2.7393815447914065,2.7341267411760586,0.005254803615347914,heldout_donor
D09_S1_C029_T000,D09,D09_S1,macrophage,0.0,test,0.7151766259889157,0.6583658234258658,0.056810802563049934,heldout_donor
D09_S1_C029_T012,D09,D09_S1,macrophage,12.0,test,1.2455584281400351,1.2132115576171287,0.03234687052290641,heldout_donor
D09_S1_C029_T024,D09,D09_S1,macrophage,24.0,test,2.584587276773561,2.603380548328784,-0.018793271555223257,heldout_donor
D09_S1_C030_T000,D09,D09_S1,tumor,0.0,test,0.8263972255747177,0.8435976904422929,-0.017200464867575205,heldout_donor
D09_S1_C030_T012,D09,D09_S1,tumor,12.0,test,1.4384849429302706,1.3982256140336766,0.040259328896594004,heldout_donor
D09_S1_C030_T024,D09,D09_S1,tumor,24.0,test,2.664562452571163,2.626481731578303,0.03808072099285997,heldout_donor
D09_S1_C031_T000,D09,D09_S1,tumor,0.0,test,0.8720262027213084,0.8633383187007244,0.008687884020583958,heldout_donor
D09_S1_C031_T012,D09,D09_S1,tumor,12.0,test,1.5011810164269928,1.4766653356917114,0.02451568073528132,heldout_donor
D09_S1_C031_T024,D09,D09_S1,tumor,24.0,test,2.696613319722138,2.717238398368483,-0.02062507864634533,heldout_donor
D09_S1_C032_T000,D09,D09_S1,tumor,0.0,test,0.8905936759901966,0.8953513900399693,-0.0047577140497727655,heldout_donor
D09_S1_C032_T012,D09,D09_S1,tumor,12.0,test,1.5108370865377116,1.4843134716320048,0.02652361490570687,heldout_donor
D09_S1_C032_T024,D09,D09_S1,tumor,24.0,test,2.765862617416545,2.7704584934783574,-0.004595876061812554,heldout_donor
D09_S1_C033_T000,D09,D09_S1,macrophage,0.0,test,0.8168837962328704,0.7568679171192824,0.06001587911358808,heldout_donor
D09_S1_C033_T012,D09,D09_S1,macrophage,12.0,test,1.4112801889808173,1.3562493359178531,0.05503085306296418,heldout_donor
D09_S1_C033_T024,D09,D09_S1,macrophage,24.0,test,2.648612762613103,2.6214221200169723,0.027190642596130576,heldout_donor
D09_S1_C034_T000,D09,D09_S1,fibroblast,0.0,test,0.7190158903248294,0.6638513347085551,0.05516455561627431,heldout_donor
D09_S1_C034_T012,D09,D09_S1,fibroblast,12.0,test,1.2614947368151592,1.224393153608441,0.0371015832067183,heldout_donor
D09_S1_C034_T024,D09,D09_S1,fibroblast,24.0,test,2.648526335100613,2.61460111918236,0.03392521591825304,heldout_donor
D09_S1_C035_T000,D09,D09_S1,fibroblast,0.0,test,0.7420046200997268,0.7191012568437999,0.0229033632559269,heldout_donor
D09_S1_C035_T012,D09,D09_S1,fibroblast,12.0,test,1.3235888962682276,1.2978081886783823,0.025780707589845298,heldout_donor
D09_S1_C035_T024,D09,D09_S1,fibroblast,24.0,test,2.6374071344877956,2.6247830632099114,0.01262407127788423,heldout_donor
D10_S0_C000_T000,D10,D10_S0,tumor,0.0,test,1.1059649568746204,1.029913633625649,0.07605132324897146,heldout_donor
D10_S0_C000_T012,D10,D10_S0,tumor,12.0,test,1.7729302203608128,1.6845590158713166,0.0883712044894962,heldout_donor
D10_S0_C000_T024,D10,D10_S0,tumor,24.0,test,2.7248134854897783,2.765038720198176,-0.04022523470839756,heldout_donor
D10_S0_C001_T000,D10,D10_S0,t_cell,0.0,test,0.763227674505173,0.7110235089163175,0.052204165588855544,heldout_donor
D10_S0_C001_T012,D10,D10_S0,t_cell,12.0,test,1.3573407528828694,1.279901617558918,0.07743913532395141,heldout_donor
D10_S0_C001_T024,D10,D10_S0,t_cell,24.0,test,2.642292199384808,2.679334842892961,-0.037042643508153006,heldout_donor
D10_S0_C002_T000,D10,D10_S0,fibroblast,0.0,test,0.8434597494340642,0.7576698985919303,0.08578985084213386,heldout_donor
D10_S0_C002_T012,D10,D10_S0,fibroblast,12.0,test,1.4663518292163673,1.3825013863169675,0.0838504428993998,heldout_donor
D10_S0_C002_T024,D10,D10_S0,fibroblast,24.0,test,2.7266856696698336,2.697980707704316,0.02870496196551775,heldout_donor
D10_S0_C003_T000,D10,D10_S0,t_cell,0.0,test,0.8174564188068993,0.7572993174904563,0.06015710131644303,heldout_donor
D10_S0_C003_T012,D10,D10_S0,t_cell,12.0,test,1.4082142456297941,1.3085406313209311,0.09967361430886301,heldout_donor
D10_S0_C003_T024,D10,D10_S0,t_cell,24.0,test,2.6006534317646257,2.5957557471144055,0.004897684650220224,heldout_donor
D10_S0_C004_T000,D10,D10_S0,vascular,0.0,test,0.7700539181008496,0.7259816640367814,0.04407225406406812,heldout_donor
D10_S0_C004_T012,D10,D10_S0,vascular,12.0,test,1.3902663470467735,1.3373557977807846,0.052910549265988926,heldout_donor
D10_S0_C004_T024,D10,D10_S0,vascular,24.0,test,2.7024797062771717,2.7183421558140974,-0.015862449536925727,heldout_donor
D10_S0_C005_T000,D10,D10_S0,t_cell,0.0,test,0.7683565630377187,0.7042076497441563,0.06414891329356243,heldout_donor
D10_S0_C005_T012,D10,D10_S0,t_cell,12.0,test,1.3299294599013047,1.2393147286573716,0.09061473124393316,heldout_donor
D10_S0_C005_T024,D10,D10_S0,t_cell,24.0,test,2.5903047402788806,2.590700179032193,-0.0003954387533124937,heldout_donor
D10_S0_C006_T000,D10,D10_S0,vascular,0.0,test,0.8182622016378703,0.7375626249939623,0.08069957664390803,heldout_donor
D10_S0_C006_T012,D10,D10_S0,vascular,12.0,test,1.4237074900939048,1.3242682230593323,0.09943926703457251,heldout_donor
D10_S0_C006_T024,D10,D10_S0,vascular,24.0,test,2.647193425568638,2.6984490584571064,-0.05125563288846857,heldout_donor
D10_S0_C007_T000,D10,D10_S0,tumor,0.0,test,1.0604783937169053,1.051695395753162,0.008782997963743266,heldout_donor
D10_S0_C007_T012,D10,D10_S0,tumor,12.0,test,1.6588105021118997,1.6037199412059526,0.055090560905947106,heldout_donor
D10_S0_C007_T024,D10,D10_S0,tumor,24.0,test,2.7348683305470933,2.76625527230189,-0.03138694175479673,heldout_donor
D10_S0_C008_T000,D10,D10_S0,tumor,0.0,test,0.9617171887312156,0.9420581714687325,0.01965901726248309,heldout_donor
D10_S0_C008_T012,D10,D10_S0,tumor,12.0,test,1.4404124157737437,1.3855361486130513,0.05487626716069238,heldout_donor
D10_S0_C008_T024,D10,D10_S0,tumor,24.0,test,2.6694432381149773,2.6437076332240723,0.025735604890904984,heldout_donor
D10_S0_C009_T000,D10,D10_S0,tumor,0.0,test,1.0079563491179862,1.011573990704208,-0.003617641586221909,heldout_donor
D10_S0_C009_T012,D10,D10_S0,tumor,12.0,test,1.6188831002679682,1.5639065732607813,0.054976527007186915,heldout_donor
D10_S0_C009_T024,D10,D10_S0,tumor,24.0,test,2.772608399064831,2.7756000000000003,-0.0029916009351693695,heldout_donor
D10_S0_C010_T000,D10,D10_S0,t_cell,0.0,test,0.8103560789317508,0.8197647660493053,-0.009408687117554493,heldout_donor
D10_S0_C010_T012,D10,D10_S0,t_cell,12.0,test,1.4978642169008285,1.453652901505587,0.04421131539524148,heldout_donor
D10_S0_C010_T024,D10,D10_S0,t_cell,24.0,test,2.72704066303705,2.73611070281559,-0.009070039778540373,heldout_donor
D10_S0_C011_T000,D10,D10_S0,tumor,0.0,test,1.1085777033287276,1.047351788911846,0.06122591441688163,heldout_donor
D10_S0_C011_T012,D10,D10_S0,tumor,12.0,test,1.7270911521750716,1.6348893315732755,0.09220182060179605,heldout_donor
D10_S0_C011_T024,D10,D10_S0,tumor,24.0,test,2.698631448683227,2.7463939746959034,-0.04776252601267661,heldout_donor
D10_S0_C012_T000,D10,D10_S0,macrophage,0.0,test,0.9630640603396405,0.884925677951072,0.07813838238856852,heldout_donor
D10_S0_C012_T012,D10,D10_S0,macrophage,12.0,test,1.5506690534962049,1.491123787305538,0.0595452661906668,heldout_donor
D10_S0_C012_T024,D10,D10_S0,macrophage,24.0,test,2.745467600819352,2.711733562676453,0.03373403814289899,heldout_donor
D10_S0_C013_T000,D10,D10_S0,t_cell,0.0,test,0.9051449898174077,0.8318423375480695,0.07330265226933819,heldout_donor
D10_S0_C013_T012,D10,D10_S0,t_cell,12.0,test,1.4666969904297171,1.3835127816789854,0.08318420875073174,heldout_donor
D10_S0_C013_T024,D10,D10_S0,t_cell,24.0,test,2.617741030749511,2.6639922113969337,-0.04625118064742262,heldout_donor
D10_S0_C014_T000,D10,D10_S0,tumor,0.0,test,1.0531548793217331,0.9949251350483568,0.05822974427337635,heldout_donor
D10_S0_C014_T012,D10,D10_S0,tumor,12.0,test,1.7258774887897248,1.6312108218438075,0.0946666669459173,heldout_donor
D10_S0_C014_T024,D10,D10_S0,tumor,24.0,test,2.7339942489529396,2.767928822799847,-0.033934573846907234,heldout_donor
D10_S0_C015_T000,D10,D10_S0,tumor,0.0,test,1.085173164342305,1.04324454936446,0.04192861497784506,heldout_donor
D10_S0_C015_T012,D10,D10_S0,tumor,12.0,test,1.6588646913037115,1.6046880789981053,0.05417661230560622,heldout_donor
D10_S0_C015_T024,D10,D10_S0,tumor,24.0,test,2.7223288248277773,2.739844464480028,-0.01751563965225067,heldout_donor
D10_S0_C016_T000,D10,D10_S0,macrophage,0.0,test,0.9940731496579258,0.910168317054376,0.08390483260354986,heldout_donor
D10_S0_C016_T012,D10,D10_S0,macrophage,12.0,test,1.547142587174078,1.4643770480537444,0.08276553912033369,heldout_donor
D10_S0_C016_T024,D10,D10_S0,macrophage,24.0,test,2.7279771467888025,2.7408061868682916,-0.01282904007948904,heldout_donor
D10_S0_C017_T000,D10,D10_S0,t_cell,0.0,test,0.8479606230741961,0.7964399823880142,0.051520640686181896,heldout_donor
D10_S0_C017_T012,D10,D10_S0,t_cell,12.0,test,1.4303411164545192,1.3463142598996256,0.08402685655489361,heldout_donor
D10_S0_C017_T024,D10,D10_S0,t_cell,24.0,test,2.604562764996195,2.612484460048459,-0.007921695052264255,heldout_donor
D10_S0_C018_T000,D10,D10_S0,tumor,0.0,test,1.2244704814700516,1.161087975946135,0.06338250552391655,heldout_donor
D10_S0_C018_T012,D10,D10_S0,tumor,12.0,test,1.9102280295604153,1.842266624447388,0.06796140511302728,heldout_donor
D10_S0_C018_T024,D10,D10_S0,tumor,24.0,test,2.72047817984749,2.7558734686701896,-0.03539528882269938,heldout_donor
D10_S0_C019_T000,D10,D10_S0,t_cell,0.0,test,0.7689321302213583,0.7724978922423732,-0.0035657620210148844,heldout_donor
D10_S0_C019_T012,D10,D10_S0,t_cell,12.0,test,1.4161833053736215,1.3676629384249133,0.048520366948708205,heldout_donor
D10_S0_C019_T024,D10,D10_S0,t_cell,24.0,test,2.7215400733761768,2.701511424618822,0.020028648757354883,heldout_donor
D10_S0_C020_T000,D10,D10_S0,fibroblast,0.0,test,0.8577137544359248,0.7970700048214203,0.06064374961450447,heldout_donor
D10_S0_C020_T012,D10,D10_S0,fibroblast,12.0,test,1.5112282008272973,1.4402183848686527,0.07100981595864453,heldout_donor
D10_S0_C020_T024,D10,D10_S0,fibroblast,24.0,test,2.752152811900038,2.7756000000000003,-0.02344718809996227,heldout_donor
D10_S0_C021_T000,D10,D10_S0,tumor,0.0,test,1.1106988372333169,1.094175044698313,0.01652379253500391,heldout_donor
D10_S0_C021_T012,D10,D10_S0,tumor,12.0,test,1.8126049844864844,1.754340617026654,0.058264367459830435,heldout_donor
D10_S0_C021_T024,D10,D10_S0,tumor,24.0,test,2.770755625717113,2.7756000000000003,-0.004844374282887198,heldout_donor
D10_S0_C022_T000,D10,D10_S0,fibroblast,0.0,test,0.8000006916838316,0.7500610386122364,0.0499396530715952,heldout_donor
D10_S0_C022_T012,D10,D10_S0,fibroblast,12.0,test,1.45291643287547,1.4009931721262188,0.05192326074925124,heldout_donor
D10_S0_C022_T024,D10,D10_S0,fibroblast,24.0,test,2.743671895287157,2.7061032082306014,0.03756868705655547,heldout_donor
D10_S0_C023_T000,D10,D10_S0,macrophage,0.0,test,1.0034163159680733,0.8991874511853334,0.10422886478273996,heldout_donor
D10_S0_C023_T012,D10,D10_S0,macrophage,12.0,test,1.6399072466970934,1.5263173473495502,0.11358989934754327,heldout_donor
D10_S0_C023_T024,D10,D10_S0,macrophage,24.0,test,2.6966684199695297,2.7564583281607073,-0.05978990819117769,heldout_donor
D10_S0_C024_T000,D10,D10_S0,tumor,0.0,test,0.9368684588753681,0.9353321153464647,0.0015363435289034166,heldout_donor
D10_S0_C024_T012,D10,D10_S0,tumor,12.0,test,1.5197375048006014,1.4816880418623084,0.03804946293829303,heldout_donor
D10_S0_C024_T024,D10,D10_S0,tumor,24.0,test,2.7464098389657807,2.7192802112516516,0.02712962771412908,heldout_donor
D10_S0_C025_T000,D10,D10_S0,fibroblast,0.0,test,0.9192914885503716,0.8473555409253785,0.07193594762499311,heldout_donor
D10_S0_C025_T012,D10,D10_S0,fibroblast,12.0,test,1.577432780174891,1.501475001605852,0.07595777856903907,heldout_donor
D10_S0_C025_T024,D10,D10_S0,fibroblast,24.0,test,2.736647182390262,2.772818881321578,-0.03617169893131589,heldout_donor
D10_S0_C026_T000,D10,D10_S0,t_cell,0.0,test,0.8955062116311717,0.8470476939062063,0.048458517724965455,heldout_donor
D10_S0_C026_T012,D10,D10_S0,t_cell,12.0,test,1.548170618915714,1.47013465350551,0.07803596541020408,heldout_donor
D10_S0_C026_T024,D10,D10_S0,t_cell,24.0,test,2.626254095861517,2.67182602474652,-0.04557192888500339,heldout_donor
D10_S0_C027_T000,D10,D10_S0,t_cell,0.0,test,0.7790263720684227,0.7454396661054589,0.03358670596296387,heldout_donor
D10_S0_C027_T012,D10,D10_S0,t_cell,12.0,test,1.3987713869324925,1.3377637128067976,0.061007674125694855,heldout_donor
D10_S0_C027_T024,D10,D10_S0,t_cell,24.0,test,2.7299591217048973,2.7533855044329467,-0.023426382728049422,heldout_donor
D10_S0_C028_T000,D10,D10_S0,tumor,0.0,test,1.1276589201054479,1.0802076063061978,0.04745131379925005,heldout_donor
D10_S0_C028_T012,D10,D10_S0,tumor,12.0,test,1.7428147150894437,1.6551062417905054,0.08770847329893838,heldout_donor
D10_S0_C028_T024,D10,D10_S0,tumor,24.0,test,2.7345160224044203,2.77191745324664,-0.037401430842219696,heldout_donor
D10_S0_C029_T000,D10,D10_S0,macrophage,0.0,test,1.0172955093163603,0.9293426748093049,0.08795283450705538,heldout_donor
D10_S0_C029_T012,D10,D10_S0,macrophage,12.0,test,1.6556671948092705,1.5813892394515339,0.07427795535773662,heldout_donor
D10_S0_C029_T024,D10,D10_S0,macrophage,24.0,test,2.761998880941175,2.7756000000000003,-0.01360111905882544,heldout_donor
D10_S0_C030_T000,D10,D10_S0,t_cell,0.0,test,0.7024309768809425,0.6653443295536833,0.03708664732725919,heldout_donor
D10_S0_C030_T012,D10,D10_S0,t_cell,12.0,test,1.3303438746742107,1.2891671261682411,0.04117674850596953,heldout_donor
D10_S0_C030_T024,D10,D10_S0,t_cell,24.0,test,2.6297076432134348,2.5902453920894617,0.03946225112397306,heldout_donor
D10_S0_C031_T000,D10,D10_S0,t_cell,0.0,test,0.867990207186867,0.8075868012707608,0.06040340591610627,heldout_donor
D10_S0_C031_T012,D10,D10_S0,t_cell,12.0,test,1.4945147004005492,1.3978004932601236,0.09671420714042567,heldout_donor
D10_S0_C031_T024,D10,D10_S0,t_cell,24.0,test,2.6247978127065736,2.690329072597624,-0.06553125989105046,heldout_donor
D10_S0_C032_T000,D10,D10_S0,t_cell,0.0,test,0.7234293738550672,0.7005863150869015,0.022843058768165725,heldout_donor
D10_S0_C032_T012,D10,D10_S0,t_cell,12.0,test,1.354424787672082,1.2950978013850785,0.059326986287003614,heldout_donor
D10_S0_C032_T024,D10,D10_S0,t_cell,24.0,test,2.7053626263311608,2.659155668437929,0.04620695789323159,heldout_donor
D10_S0_C033_T000,D10,D10_S0,tumor,0.0,test,1.03606370725356,0.9693633677479339,0.06670033950562604,heldout_donor
D10_S0_C033_T012,D10,D10_S0,tumor,12.0,test,1.6772157677799435,1.5948790546576102,0.08233671312233337,heldout_donor
D10_S0_C033_T024,D10,D10_S0,tumor,24.0,test,2.715622162982821,2.753233529175657,-0.03761136619283567,heldout_donor
D10_S0_C034_T000,D10,D10_S0,tumor,0.0,test,0.9935602541218539,0.9825331491253744,0.01102710499647952,heldout_donor
D10_S0_C034_T012,D10,D10_S0,tumor,12.0,test,1.5817889658569115,1.5433561221645,0.03843284369241151,heldout_donor
D10_S0_C034_T024,D10,D10_S0,tumor,24.0,test,2.763324334727588,2.758905594403124,0.00441874032446421,heldout_donor
D10_S0_C035_T000,D10,D10_S0,t_cell,0.0,test,0.790608212589293,0.7441906534055654,0.046417559183727586,heldout_donor
D10_S0_C035_T012,D10,D10_S0,t_cell,12.0,test,1.4219107163429858,1.3631114000442817,0.05879931629870416,heldout_donor
D10_S0_C035_T024,D10,D10_S0,t_cell,24.0,test,2.7199742547289887,2.7244632100906525,-0.004488955361663827,heldout_donor
D10_S1_C000_T000,D10,D10_S1,fibroblast,0.0,test,0.8320849194234073,0.7464237832969884,0.0856611361264189,heldout_donor
D10_S1_C000_T012,D10,D10_S1,fibroblast,12.0,test,1.425424435309202,1.3620341172760786,0.06339031803312345,heldout_donor
D10_S1_C000_T024,D10,D10_S1,fibroblast,24.0,test,2.71344990520862,2.7272894923586595,-0.013839587150039634,heldout_donor
D10_S1_C001_T000,D10,D10_S1,macrophage,0.0,test,0.9351446974327958,0.8654750780858956,0.06966961934690019,heldout_donor
D10_S1_C001_T012,D10,D10_S1,macrophage,12.0,test,1.5056707482379863,1.4351395463262444,0.07053120191174189,heldout_donor
D10_S1_C001_T024,D10,D10_S1,macrophage,24.0,test,2.7339447756677178,2.739448084557292,-0.005503308889574399,heldout_donor
D10_S1_C002_T000,D10,D10_S1,t_cell,0.0,test,0.8338917154950894,0.7732156144903048,0.0606761010047846,heldout_donor
D10_S1_C002_T012,D10,D10_S1,t_cell,12.0,test,1.4858059839655358,1.4169962319857214,0.06880975197981432,heldout_donor
D10_S1_C002_T024,D10,D10_S1,t_cell,24.0,test,2.714910122936758,2.729634940411192,-0.014724817474434104,heldout_donor
D10_S1_C003_T000,D10,D10_S1,macrophage,0.0,test,0.9517302938544457,0.8661063611441706,0.08562393271027513,heldout_donor
D10_S1_C003_T012,D10,D10_S1,macrophage,12.0,test,1.4911574832563284,1.4249927071690396,0.06616477608728877,heldout_donor
D10_S1_C003_T024,D10,D10_S1,macrophage,24.0,test,2.743901250890475,2.734021231037749,0.009880019852726019,heldout_donor
D10_S1_C004_T000,D10,D10_S1,vascular,0.0,test,0.7288911615140675,0.7267420406595902,0.002149120854477271,heldout_donor
D10_S1_C004_T012,D10,D10_S1,vascular,12.0,test,1.3567053232217574,1.3286420261743241,0.028063297047433267,heldout_donor
D10_S1_C004_T024,D10,D10_S1,vascular,24.0,test,2.68780425645306,2.634534667229435,0.05326958922362479,heldout_donor
D10_S1_C005_T000,D10,D10_S1,tumor,0.0,test,1.0376096863539406,0.9849174681834906,0.05269221817045,heldout_donor
D10_S1_C005_T012,D10,D10_S1,tumor,12.0,test,1.647178519512024,1.577160639395426,0.07001788011659804,heldout_donor
D10_S1_C005_T024,D10,D10_S1,tumor,24.0,test,2.741031029444206,2.7756000000000003,-0.03456897055579411,heldout_donor
D10_S1_C006_T000,D10,D10_S1,t_cell,0.0,test,0.7858796325082178,0.7781673906656992,0.007712241842518619,heldout_donor
D10_S1_C006_T012,D10,D10_S1,t_cell,12.0,test,1.3767516827011683,1.3387145455480303,0.038037137153138056,heldout_donor
D10_S1_C006_T024,D10,D10_S1,t_cell,24.0,test,2.6996330958423327,2.6823455991490888,0.01728749669324392,heldout_donor
D10_S1_C007_T000,D10,D10_S1,tumor,0.0,test,0.9960288459359493,0.9899562405734819,0.006072605362467454,heldout_donor
D10_S1_C007_T012,D10,D10_S1,tumor,12.0,test,1.5994443300562258,1.5456294133626385,0.05381491669358729,heldout_donor
D10_S1_C007_T024,D10,D10_S1,tumor,24.0,test,2.7146979266427658,2.754162449852776,-0.03946452321001015,heldout_donor
D10_S1_C008_T000,D10,D10_S1,t_cell,0.0,test,0.7663569024347878,0.7305312245488037,0.03582567788598412,heldout_donor
D10_S1_C008_T012,D10,D10_S1,t_cell,12.0,test,1.335364551189843,1.2785789522321782,0.056785598957664885,heldout_donor
D10_S1_C008_T024,D10,D10_S1,t_cell,24.0,test,2.6943310145522803,2.6712690544161455,0.023061960136134818,heldout_donor
D10_S1_C009_T000,D10,D10_S1,fibroblast,0.0,test,0.7881628619008056,0.7434664832338349,0.04469637866697074,heldout_donor
D10_S1_C009_T012,D10,D10_S1,fibroblast,12.0,test,1.3098214802846382,1.251243664366099,0.05857781591853928,heldout_donor
D10_S1_C009_T024,D10,D10_S1,fibroblast,24.0,test,2.692239848155468,2.640052571892574,0.05218727626289388,heldout_donor
D10_S1_C010_T000,D10,D10_S1,tumor,0.0,test,1.0352804570504022,1.039244666626217,-0.003964209575814781,heldout_donor
D10_S1_C010_T012,D10,D10_S1,tumor,12.0,test,1.6555858086662716,1.6220366962787698,0.0335491123875018,heldout_donor
D10_S1_C010_T024,D10,D10_S1,tumor,24.0,test,2.7754750005954976,2.7756000000000003,-0.00012499940450272362,heldout_donor
D10_S1_C011_T000,D10,D10_S1,tumor,0.0,test,1.0302729674049653,1.0056749391506237,0.024598028254341653,heldout_donor
D10_S1_C011_T012,D10,D10_S1,tumor,12.0,test,1.6277683901579678,1.562840919229077,0.06492747092889073,heldout_donor
D10_S1_C011_T024,D10,D10_S1,tumor,24.0,test,2.7528004951577527,2.7756000000000003,-0.022799504842247575,heldout_donor
D10_S1_C012_T000,D10,D10_S1,tumor,0.0,test,0.9081672687621956,0.9011550874027963,0.007012181359399294,heldout_donor
D10_S1_C012_T012,D10,D10_S1,tumor,12.0,test,1.5671221354625924,1.5226015211395327,0.04452061432305965,heldout_donor
D10_S1_C012_T024,D10,D10_S1,tumor,24.0,test,2.749720753622042,2.70608403409551,0.04363671952653192,heldout_donor
D10_S1_C013_T000,D10,D10_S1,fibroblast,0.0,test,0.9253838574202446,0.8626211905782306,0.06276266684201404,heldout_donor
D10_S1_C013_T012,D10,D10_S1,fibroblast,12.0,test,1.4651040550477996,1.3954019343899973,0.06970212065780235,heldout_donor
D10_S1_C013_T024,D10,D10_S1,fibroblast,24.0,test,2.7081275468582184,2.6972285841168433,0.01089896274137514,heldout_donor
D10_S1_C014_T000,D10,D10_S1,fibroblast,0.0,test,0.8655499364729881,0.8031487676684954,0.062401168804492646,heldout_donor
D10_S1_C014_T012,D10,D10_S1,fibroblast,12.0,test,1.4066885400778664,1.3302739958514607,0.0764145442264057,heldout_donor
D10_S1_C014_T024,D10,D10_S1,fibroblast,24.0,test,2.6870310568050115,2.6437082596208805,0.04332279718413101,heldout_donor
D10_S1_C015_T000,D10,D10_S1,macrophage,0.0,test,0.9034224439593296,0.8614357236079151,0.041986720351414486,heldout_donor
D10_S1_C015_T012,D10,D10_S1,macrophage,12.0,test,1.494257491429674,1.450775585499706,0.043481905929968034,heldout_donor
D10_S1_C015_T024,D10,D10_S1,macrophage,24.0,test,2.7756000000000003,2.7289053531938854,0.0466946468061149,heldout_donor
D10_S1_C016_T000,D10,D10_S1,t_cell,0.0,test,0.7460079301878957,0.7576605975339896,-0.011652667346093937,heldout_donor
D10_S1_C016_T012,D10,D10_S1,t_cell,12.0,test,1.2853380575026372,1.262461862319198,0.022876195183439085,heldout_donor
D10_S1_C016_T024,D10,D10_S1,t_cell,24.0,test,2.6625335846898834,2.612620774489062,0.0499128102008215,heldout_donor
D10_S1_C017_T000,D10,D10_S1,fibroblast,0.0,test,0.8328451180244514,0.7485407050606411,0.0843044129638103,heldout_donor
D10_S1_C017_T012,D10,D10_S1,fibroblast,12.0,test,1.521545462401464,1.445809574114696,0.07573588828676803,heldout_donor
D10_S1_C017_T024,D10,D10_S1,fibroblast,24.0,test,2.7382027872363546,2.773942731157268,-0.0357399439209134,heldout_donor
D10_S1_C018_T000,D10,D10_S1,fibroblast,0.0,test,0.7380629921104986,0.7034610910980488,0.034601901012449865,heldout_donor
D10_S1_C018_T012,D10,D10_S1,fibroblast,12.0,test,1.2569572735992762,1.2074725889965954,0.04948468460268085,heldout_donor
D10_S1_C018_T024,D10,D10_S1,fibroblast,24.0,test,2.677485087072114,2.671286694210474,0.006198392861640034,heldout_donor
D10_S1_C019_T000,D10,D10_S1,tumor,0.0,test,1.1040729654338781,1.0555055460680336,0.04856741936584452,heldout_donor
D10_S1_C019_T012,D10,D10_S1,tumor,12.0,test,1.7846765417205752,1.736678491511544,0.04799805020903114,heldout_donor
D10_S1_C019_T024,D10,D10_S1,tumor,24.0,test,2.736983698310012,2.7567543736255438,-0.019770675315531783,heldout_donor
D10_S1_C020_T000,D10,D10_S1,tumor,0.0,test,0.9986310991008657,0.9713734115184514,0.027257687582414314,heldout_donor
D10_S1_C020_T012,D10,D10_S1,tumor,12.0,test,1.6501854675604088,1.5857379279115789,0.06444753964882999,heldout_donor
D10_S1_C020_T024,D10,D10_S1,tumor,24.0,test,2.7340889639414616,2.768076355357496,-0.03398739141603446,heldout_donor
D10_S1_C021_T000,D10,D10_S1,tumor,0.0,test,1.013574391619336,1.0121502045772144,0.0014241870421216607,heldout_donor
D10_S1_C021_T012,D10,D10_S1,tumor,12.0,test,1.6172034255709526,1.557454461842167,0.059748963728785576,heldout_donor
D10_S1_C021_T024,D10,D10_S1,tumor,24.0,test,2.714173068184868,2.7277846132019516,-0.013611545017083504,heldout_donor
D10_S1_C022_T000,D10,D10_S1,t_cell,0.0,test,0.715744151103539,0.728038263631293,-0.01229411252775403,heldout_donor
D10_S1_C022_T012,D10,D10_S1,t_cell,12.0,test,1.3077660760708731,1.2833444021219822,0.024421673948890943,heldout_donor
D10_S1_C022_T024,D10,D10_S1,t_cell,24.0,test,2.717652465373234,2.624852017223906,0.09280044814932786,heldout_donor
D10_S1_C023_T000,D10,D10_S1,t_cell,0.0,test,0.7195677332027899,0.7198899093318374,-0.00032217612904750226,heldout_donor
D10_S1_C023_T012,D10,D10_S1,t_cell,12.0,test,1.29561937545082,1.2575415689629341,0.038077806487885946,heldout_donor
D10_S1_C023_T024,D10,D10_S1,t_cell,24.0,test,2.681741262388801,2.609366564954337,0.0723746974344639,heldout_donor
D10_S1_C024_T000,D10,D10_S1,t_cell,0.0,test,0.8613182240583,0.8233191428149036,0.03799908124339646,heldout_donor
D10_S1_C024_T012,D10,D10_S1,t_cell,12.0,test,1.5450844505955488,1.4798870111703935,0.06519743942515532,heldout_donor
D10_S1_C024_T024,D10,D10_S1,t_cell,24.0,test,2.7293587261509034,2.7471170232501696,-0.01775829709926624,heldout_donor
D10_S1_C025_T000,D10,D10_S1,tumor,0.0,test,0.9937130239982785,0.9915248487143186,0.002188175283959981,heldout_donor
D10_S1_C025_T012,D10,D10_S1,tumor,12.0,test,1.6250564867663764,1.565089891285043,0.05996659548133332,heldout_donor
D10_S1_C025_T024,D10,D10_S1,tumor,24.0,test,2.7616415854501595,2.7756000000000003,-0.013958414549840814,heldout_donor
D10_S1_C026_T000,D10,D10_S1,fibroblast,0.0,test,0.9429794031261349,0.8804835104915858,0.06249589263454913,heldout_donor
D10_S1_C026_T012,D10,D10_S1,fibroblast,12.0,test,1.5810311465402191,1.528315570073603,0.052715576466616065,heldout_donor
D10_S1_C026_T024,D10,D10_S1,fibroblast,24.0,test,2.7513535749616924,2.774251934964293,-0.022898360002600704,heldout_donor
D10_S1_C027_T000,D10,D10_S1,tumor,0.0,test,1.0558329023775574,1.0068679097163777,0.04896499266117971,heldout_donor
D10_S1_C027_T012,D10,D10_S1,tumor,12.0,test,1.674110865028813,1.6136771785893953,0.06043368643941771,heldout_donor
D10_S1_C027_T024,D10,D10_S1,tumor,24.0,test,2.7406010101454275,2.7654631249682446,-0.024862114822817194,heldout_donor
D10_S1_C028_T000,D10,D10_S1,t_cell,0.0,test,0.7841019693009161,0.7530021010853553,0.031099868215560877,heldout_donor
D10_S1_C028_T012,D10,D10_S1,t_cell,12.0,test,1.4087243596385388,1.3571331856154245,0.051591174023114306,heldout_donor
D10_S1_C028_T024,D10,D10_S1,t_cell,24.0,test,2.700250126819526,2.697064491240813,0.0031856355787129864,heldout_donor
D10_S1_C029_T000,D10,D10_S1,tumor,0.0,test,1.0146364381782538,0.9916713695653104,0.02296506861294334,heldout_donor
D10_S1_C029_T012,D10,D10_S1,tumor,12.0,test,1.6625211318183313,1.6074503822355555,0.0550707495827758,heldout_donor
D10_S1_C029_T024,D10,D10_S1,tumor,24.0,test,2.7547066453578917,2.7756000000000003,-0.02089335464210862,heldout_donor
D10_S1_C030_T000,D10,D10_S1,fibroblast,0.0,test,0.8681765489369027,0.8442787960122475,0.023897752924655125,heldout_donor
D10_S1_C030_T012,D10,D10_S1,fibroblast,12.0,test,1.4574087403328806,1.4074833757609138,0.049925364571966835,heldout_donor
D10_S1_C030_T024,D10,D10_S1,fibroblast,24.0,test,2.7756000000000003,2.7756000000000003,0.0,heldout_donor
D10_S1_C031_T000,D10,D10_S1,macrophage,0.0,test,0.9612854429779154,0.8689058433380432,0.09237959963987219,heldout_donor
D10_S1_C031_T012,D10,D10_S1,macrophage,12.0,test,1.5400707088311743,1.465326355185215,0.07474435364595933,heldout_donor
D10_S1_C031_T024,D10,D10_S1,macrophage,24.0,test,2.7574350515728776,2.7709362691151593,-0.01350121754228173,heldout_donor
D10_S1_C032_T000,D10,D10_S1,tumor,0.0,test,0.9941551278409202,1.005135910991697,-0.010980783150776885,heldout_donor
D10_S1_C032_T012,D10,D10_S1,tumor,12.0,test,1.6322162223384655,1.5880057837880466,0.04421043855041895,heldout_donor
D10_S1_C032_T024,D10,D10_S1,tumor,24.0,test,2.7612004925523417,2.7493044927952583,0.011895999757083331,heldout_donor
D10_S1_C033_T000,D10,D10_S1,macrophage,0.0,test,0.9400122388203347,0.8839723391590818,0.05603989966125289,heldout_donor
D10_S1_C033_T012,D10,D10_S1,macrophage,12.0,test,1.5935107702182254,1.5336234632797963,0.05988730693842914,heldout_donor
D10_S1_C033_T024,D10,D10_S1,macrophage,24.0,test,2.760314017850943,2.77341411951292,-0.013100101661976726,heldout_donor
D10_S1_C034_T000,D10,D10_S1,tumor,0.0,test,1.1105441987444347,1.0774300934559196,0.033114105288515105,heldout_donor
D10_S1_C034_T012,D10,D10_S1,tumor,12.0,test,1.7247397667729227,1.6529533947400092,0.07178637203291349,heldout_donor
D10_S1_C034_T024,D10,D10_S1,tumor,24.0,test,2.738194848758348,2.763189048092661,-0.024994199334313016,heldout_donor
D10_S1_C035_T000,D10,D10_S1,tumor,0.0,test,1.0179113260945565,0.9723674856597546,0.04554384043480186,heldout_donor
D10_S1_C035_T012,D10,D10_S1,tumor,12.0,test,1.6436022974806423,1.5508233767158082,0.09277892076483418,heldout_donor
D10_S1_C035_T024,D10,D10_S1,tumor,24.0,test,2.7322218548075154,2.7630013456460594,-0.03077949083854392,heldout_donor
D11_S0_C000_T000,D11,D11_S0,macrophage,0.0,test,0.9252126411086287,0.8523377887983912,0.07287485231023749,heldout_donor
D11_S0_C000_T012,D11,D11_S0,macrophage,12.0,test,1.5616809561823914,1.490004638095245,0.07167631808714647,heldout_donor
D11_S0_C000_T024,D11,D11_S0,macrophage,24.0,test,2.713031473960022,2.7234580635845105,-0.010426589624488614,heldout_donor
D11_S0_C001_T000,D11,D11_S0,t_cell,0.0,test,0.7133485265729411,0.6991593253855847,0.014189201187356448,heldout_donor
D11_S0_C001_T012,D11,D11_S0,t_cell,12.0,test,1.3208628531348694,1.2741469243656454,0.046715928769224035,heldout_donor
D11_S0_C001_T024,D11,D11_S0,t_cell,24.0,test,2.5444353268224513,2.5051822193051687,0.039253107517282615,heldout_donor
D11_S0_C002_T000,D11,D11_S0,tumor,0.0,test,0.9760539646066797,0.9697664603239946,0.006287504282685097,heldout_donor
D11_S0_C002_T012,D11,D11_S0,tumor,12.0,test,1.5948614722744519,1.5570778391003253,0.037783633174126585,heldout_donor
D11_S0_C002_T024,D11,D11_S0,tumor,24.0,test,2.7347792493347076,2.732789150276663,0.001990099058044592,heldout_donor
D11_S0_C003_T000,D11,D11_S0,macrophage,0.0,test,0.886563942112773,0.826703237089804,0.05986070502296903,heldout_donor
D11_S0_C003_T012,D11,D11_S0,macrophage,12.0,test,1.5391878415381082,1.489669471125183,0.04951837041292517,heldout_donor
D11_S0_C003_T024,D11,D11_S0,macrophage,24.0,test,2.746094486036819,2.7471395188074985,-0.001045032770679466,heldout_donor
D11_S0_C004_T000,D11,D11_S0,tumor,0.0,test,0.8965559844463808,0.8854426798153457,0.011113304631035104,heldout_donor
D11_S0_C004_T012,D11,D11_S0,tumor,12.0,test,1.5228076051650294,1.4813485325990203,0.041459072566009114,heldout_donor
D11_S0_C004_T024,D11,D11_S0,tumor,24.0,test,2.6611489497192657,2.683009366417699,-0.021860416698433305,heldout_donor
D11_S0_C005_T000,D11,D11_S0,vascular,0.0,test,0.678909081948597,0.6354306392597382,0.04347844268885881,heldout_donor
D11_S0_C005_T012,D11,D11_S0,vascular,12.0,test,1.296782710102561,1.2507472628979568,0.046035447204604285,heldout_donor
D11_S0_C005_T024,D11,D11_S0,vascular,24.0,test,2.619940261811307,2.5997880471872215,0.020152214624085563,heldout_donor
D11_S0_C006_T000,D11,D11_S0,macrophage,0.0,test,0.8735508609601326,0.7994647255107811,0.0740861354493515,heldout_donor
D11_S0_C006_T012,D11,D11_S0,macrophage,12.0,test,1.5135809486744933,1.4485258823217482,0.06505506635274516,heldout_donor
D11_S0_C006_T024,D11,D11_S0,macrophage,24.0,test,2.7052001092719165,2.7225034695224846,-0.01730336025056811,heldout_donor
D11_S0_C007_T000,D11,D11_S0,tumor,0.0,test,0.8588526019671521,0.8766589982463775,-0.017806396279225423,heldout_donor
D11_S0_C007_T012,D11,D11_S0,tumor,12.0,test,1.487569807249359,1.4659358914618674,0.02163391578749163,heldout_donor
D11_S0_C007_T024,D11,D11_S0,tumor,24.0,test,2.6781384668165686,2.6672457961614393,0.010892670655129333,heldout_donor
D11_S0_C008_T000,D11,D11_S0,t_cell,0.0,test,0.7441085383385178,0.7542079874288389,-0.010099449090321122,heldout_donor
D11_S0_C008_T012,D11,D11_S0,t_cell,12.0,test,1.4174242952124692,1.4080294287864765,0.009394866425992632,heldout_donor
D11_S0_C008_T024,D11,D11_S0,t_cell,24.0,test,2.6879320292678193,2.6593655899945583,0.02856643927326097,heldout_donor
D11_S0_C009_T000,D11,D11_S0,vascular,0.0,test,0.7239398449194026,0.6877188427449437,0.036221002174458894,heldout_donor
D11_S0_C009_T012,D11,D11_S0,vascular,12.0,test,1.458489531887864,1.4109136368825426,0.047575895005321334,heldout_donor
D11_S0_C009_T024,D11,D11_S0,vascular,24.0,test,2.6423793333615073,2.6470534467285014,-0.0046741133669940815,heldout_donor
D11_S0_C010_T000,D11,D11_S0,tumor,0.0,test,1.045482222423083,1.0488745984554264,-0.003392376032343325,heldout_donor
D11_S0_C010_T012,D11,D11_S0,tumor,12.0,test,1.6809493847865946,1.647473928012817,0.03347545677377761,heldout_donor
D11_S0_C010_T024,D11,D11_S0,tumor,24.0,test,2.7316423887449113,2.7555293163306875,-0.023886927585776263,heldout_donor
D11_S0_C011_T000,D11,D11_S0,macrophage,0.0,test,0.8703341416283613,0.7987276273682938,0.07160651426006748,heldout_donor
D11_S0_C011_T012,D11,D11_S0,macrophage,12.0,test,1.342296806738526,1.28995838212359,0.052338424614935875,heldout_donor
D11_S0_C011_T024,D11,D11_S0,macrophage,24.0,test,2.616012438619455,2.597738443719516,0.018273994899939083,heldout_donor
D11_S0_C012_T000,D11,D11_S0,tumor,0.0,test,0.8913410232330997,0.9011039663187194,-0.009762943085619646,heldout_donor
D11_S0_C012_T012,D11,D11_S0,tumor,12.0,test,1.54309313847747,1.508650295748729,0.034442842728740874,heldout_donor
D11_S0_C012_T024,D11,D11_S0,tumor,24.0,test,2.7399043578731885,2.7244730411892637,0.015431316683924834,heldout_donor
D11_S0_C013_T000,D11,D11_S0,macrophage,0.0,test,1.0125759140222121,0.9640204802986098,0.04855543372360238,heldout_donor
D11_S0_C013_T012,D11,D11_S0,macrophage,12.0,test,1.6686640865795384,1.6425544014662044,0.026109685113334002,heldout_donor
D11_S0_C013_T024,D11,D11_S0,macrophage,24.0,test,2.764331336805906,2.7756000000000003,-0.011268663194094142,heldout_donor
D11_S0_C014_T000,D11,D11_S0,tumor,0.0,test,0.9086900198644325,0.909510914511425,-0.0008208946469924205,heldout_donor
D11_S0_C014_T012,D11,D11_S0,tumor,12.0,test,1.5322272439718643,1.4866661721648504,0.04556107180701385,heldout_donor
D11_S0_C014_T024,D11,D11_S0,tumor,24.0,test,2.6613611842770317,2.636479344734757,0.02488183954227452,heldout_donor
D11_S0_C015_T000,D11,D11_S0,fibroblast,0.0,test,0.887590189399889,0.8444935157758778,0.04309667362401115,heldout_donor
D11_S0_C015_T012,D11,D11_S0,fibroblast,12.0,test,1.451713353747647,1.4053341869831992,0.046379166764447755,heldout_donor
D11_S0_C015_T024,D11,D11_S0,fibroblast,24.0,test,2.6517872456866076,2.646899673942362,0.004887571744245811,heldout_donor
D11_S0_C016_T000,D11,D11_S0,tumor,0.0,test,0.9373017913478291,0.9425624492928625,-0.005260657945033387,heldout_donor
D11_S0_C016_T012,D11,D11_S0,tumor,12.0,test,1.5393891586340678,1.5154268731613612,0.023962285472706624,heldout_donor
D11_S0_C016_T024,D11,D11_S0,tumor,24.0,test,2.654244673239456,2.6605422885527266,-0.006297615313270555,heldout_donor
D11_S0_C017_T000,D11,D11_S0,t_cell,0.0,test,0.6738456346020356,0.6752601875083176,-0.0014145529062820072,heldout_donor
D11_S0_C017_T012,D11,D11_S0,t_cell,12.0,test,1.3386033150963157,1.3221912733230163,0.016412041773299357,heldout_donor
D11_S0_C017_T024,D11,D11_S0,t_cell,24.0,test,2.638669551799309,2.6144306250973863,0.024238926701922736,heldout_donor
D11_S0_C018_T000,D11,D11_S0,tumor,0.0,test,0.8678976746105893,0.8828524845281008,-0.014954809917511525,heldout_donor
D11_S0_C018_T012,D11,D11_S0,tumor,12.0,test,1.4871957510779013,1.4625662970194546,0.02462945405844663,heldout_donor
D11_S0_C018_T024,D11,D11_S0,tumor,24.0,test,2.7005955874358536,2.684404051291868,0.01619153614398572,heldout_donor
D11_S0_C019_T000,D11,D11_S0,tumor,0.0,test,0.9076107301997742,0.8826142534337418,0.02499647676603245,heldout_donor
D11_S0_C019_T012,D11,D11_S0,tumor,12.0,test,1.5356462486304892,1.4913519807200806,0.04429426791040858,heldout_donor
D11_S0_C019_T024,D11,D11_S0,tumor,24.0,test,2.6994937509626533,2.69075744520259,0.008736305760063345,heldout_donor
D11_S0_C020_T000,D11,D11_S0,t_cell,0.0,test,0.6544294532059733,0.6258846195283978,0.028544833677575543,heldout_donor
D11_S0_C020_T012,D11,D11_S0,t_cell,12.0,test,1.2198913864688994,1.1786709757683131,0.04122041070058624,heldout_donor
D11_S0_C020_T024,D11,D11_S0,t_cell,24.0,test,2.5243544276347216,2.4925944685618777,0.0317599590728439,heldout_donor
D11_S0_C021_T000,D11,D11_S0,macrophage,0.0,test,0.7413005921326039,0.6814677258274145,0.05983286630518936,heldout_donor
D11_S0_C021_T012,D11,D11_S0,macrophage,12.0,test,1.3237064906231208,1.2746570840330986,0.049049406590022215,heldout_donor
D11_S0_C021_T024,D11,D11_S0,macrophage,24.0,test,2.65083231916566,2.633346933137025,0.01748538602863503,heldout_donor
D11_S0_C022_T000,D11,D11_S0,macrophage,0.0,test,0.9255934069351179,0.8413692668699575,0.08422414006516044,heldout_donor
D11_S0_C022_T012,D11,D11_S0,macrophage,12.0,test,1.577038723183281,1.507067238719941,0.0699714844633399,heldout_donor
D11_S0_C022_T024,D11,D11_S0,macrophage,24.0,test,2.7409720665255337,2.7574896784408436,-0.01651761191530987,heldout_donor
D11_S0_C023_T000,D11,D11_S0,tumor,0.0,test,0.9652247744487278,0.9328626487840314,0.03236212566469643,heldout_donor
D11_S0_C023_T012,D11,D11_S0,tumor,12.0,test,1.4966387608886587,1.4323878557589247,0.06425090512973397,heldout_donor
D11_S0_C023_T024,D11,D11_S0,tumor,24.0,test,2.6159526664005606,2.6146251823801703,0.0013274840203902905,heldout_donor
D11_S0_C024_T000,D11,D11_S0,tumor,0.0,test,1.07540444467034,1.0411691158914511,0.034235328778888796,heldout_donor
D11_S0_C024_T012,D11,D11_S0,tumor,12.0,test,1.6996108850758673,1.6653012163632408,0.03430966871262653,heldout_donor
D11_S0_C024_T024,D11,D11_S0,tumor,24.0,test,2.674705164101573,2.7110152915083683,-0.03631012740679518,heldout_donor
D11_S0_C025_T000,D11,D11_S0,tumor,0.0,test,0.9943175792237985,1.0001422603043826,-0.005824681080584093,heldout_donor
D11_S0_C025_T012,D11,D11_S0,tumor,12.0,test,1.7145096295840911,1.698967054722371,0.015542574861720171,heldout_donor
D11_S0_C025_T024,D11,D11_S0,tumor,24.0,test,2.751595025135522,2.7612601984438454,-0.009665173308323283,heldout_donor
D11_S0_C026_T000,D11,D11_S0,tumor,0.0,test,0.9374539826238318,0.9403588192930319,-0.0029048366692000505,heldout_donor
D11_S0_C026_T012,D11,D11_S0,tumor,12.0,test,1.5925551357291188,1.5683015167863703,0.024253618942748467,heldout_donor
D11_S0_C026_T024,D11,D11_S0,tumor,24.0,test,2.6687208328440573,2.699896643096938,-0.031175810252880964,heldout_donor
D11_S0_C027_T000,D11,D11_S0,tumor,0.0,test,0.9359375769391701,0.9387722602509396,-0.0028346833117695036,heldout_donor
D11_S0_C027_T012,D11,D11_S0,tumor,12.0,test,1.57858988642422,1.538793890884103,0.039795995540117035,heldout_donor
D11_S0_C027_T024,D11,D11_S0,tumor,24.0,test,2.7161829478471677,2.710592681694358,0.005590266152809775,heldout_donor
D11_S0_C028_T000,D11,D11_S0,vascular,0.0,test,0.6720218933051934,0.6789827860946398,-0.006960892789446449,heldout_donor
D11_S0_C028_T012,D11,D11_S0,vascular,12.0,test,1.3550725614992758,1.3291895668324942,0.025882994666781567,heldout_donor
D11_S0_C028_T024,D11,D11_S0,vascular,24.0,test,2.6351623198266996,2.5963667140848474,0.038795605741852146,heldout_donor
D11_S0_C029_T000,D11,D11_S0,tumor,0.0,test,0.9279298254320363,0.9383137250391186,-0.010383899607082303,heldout_donor
D11_S0_C029_T012,D11,D11_S0,tumor,12.0,test,1.578258357502396,1.5635224151789002,0.014735942323495843,heldout_donor
D11_S0_C029_T024,D11,D11_S0,tumor,24.0,test,2.7209198677833415,2.7465107095604933,-0.025590841777151763,heldout_donor
D11_S0_C030_T000,D11,D11_S0,tumor,0.0,test,0.9531289010706857,0.9562398380581146,-0.003110936987428925,heldout_donor
D11_S0_C030_T012,D11,D11_S0,tumor,12.0,test,1.5803967108975323,1.5518561416619543,0.028540569235578017,heldout_donor
D11_S0_C030_T024,D11,D11_S0,tumor,24.0,test,2.7245786043084577,2.7123935452959773,0.012185059012480348,heldout_donor
D11_S0_C031_T000,D11,D11_S0,vascular,0.0,test,0.6525025706924186,0.6252001917500811,0.027302378942337446,heldout_donor
D11_S0_C031_T012,D11,D11_S0,vascular,12.0,test,1.3024523538851458,1.277299236485177,0.02515311739996884,heldout_donor
D11_S0_C031_T024,D11,D11_S0,vascular,24.0,test,2.6369231184701127,2.5903921237461143,0.046530994723998464,heldout_donor
D11_S0_C032_T000,D11,D11_S0,t_cell,0.0,test,0.7341232792824546,0.6991470849339279,0.034976194348526723,heldout_donor
D11_S0_C032_T012,D11,D11_S0,t_cell,12.0,test,1.303179869680306,1.2581719412023527,0.04500792847795343,heldout_donor
D11_S0_C032_T024,D11,D11_S0,t_cell,24.0,test,2.5549560886494707,2.546690407513981,0.008265681135489533,heldout_donor
D11_S0_C033_T000,D11,D11_S0,vascular,0.0,test,0.6779485523467204,0.6995368952530654,-0.021588342906345037,heldout_donor
D11_S0_C033_T012,D11,D11_S0,vascular,12.0,test,1.3095920653534041,1.2823254542480127,0.027266611105391414,heldout_donor
D11_S0_C033_T024,D11,D11_S0,vascular,24.0,test,2.6273358169265952,2.6151033710952403,0.012232445831354966,heldout_donor
D11_S0_C034_T000,D11,D11_S0,fibroblast,0.0,test,0.8110615509196406,0.7269742736457427,0.08408727727389786,heldout_donor
D11_S0_C034_T012,D11,D11_S0,fibroblast,12.0,test,1.4466932719710954,1.3902318373378575,0.05646143463323794,heldout_donor
D11_S0_C034_T024,D11,D11_S0,fibroblast,24.0,test,2.677084558821755,2.6377714271926878,0.03931313162906713,heldout_donor
D11_S0_C035_T000,D11,D11_S0,vascular,0.0,test,0.684331424638544,0.6315191902913038,0.05281223434724025,heldout_donor
D11_S0_C035_T012,D11,D11_S0,vascular,12.0,test,1.2363253550341715,1.1914477736161315,0.04487758141803999,heldout_donor
D11_S0_C035_T024,D11,D11_S0,vascular,24.0,test,2.5599123265824106,2.523827913359851,0.03608441322255951,heldout_donor
D11_S1_C000_T000,D11,D11_S1,macrophage,0.0,test,0.7920548517404612,0.7422489001134707,0.04980595162699053,heldout_donor
D11_S1_C000_T012,D11,D11_S1,macrophage,12.0,test,1.3103874433682778,1.282600337463337,0.027787105904940823,heldout_donor
D11_S1_C000_T024,D11,D11_S1,macrophage,24.0,test,2.5602344903664416,2.5775731282607817,-0.017338637894340092,heldout_donor
D11_S1_C001_T000,D11,D11_S1,tumor,0.0,test,0.9482449959186193,0.924629987474875,0.023615008443744312,heldout_donor
D11_S1_C001_T012,D11,D11_S1,tumor,12.0,test,1.593217676671971,1.537534455106185,0.05568322156578609,heldout_donor
D11_S1_C001_T024,D11,D11_S1,tumor,24.0,test,2.6765711940895445,2.659461379401238,0.017109814688306635,heldout_donor
D11_S1_C002_T000,D11,D11_S1,macrophage,0.0,test,0.7740785513143856,0.7293431996205294,0.04473535169385623,heldout_donor
D11_S1_C002_T012,D11,D11_S1,macrophage,12.0,test,1.3591592960425496,1.3387609890825714,0.02039830695997824,heldout_donor
D11_S1_C002_T024,D11,D11_S1,macrophage,24.0,test,2.626113569526514,2.635299254751246,-0.009185685224732065,heldout_donor
D11_S1_C003_T000,D11,D11_S1,tumor,0.0,test,0.9581278158547958,0.9572741920822643,0.0008536237725315088,heldout_donor
D11_S1_C003_T012,D11,D11_S1,tumor,12.0,test,1.5819778937118658,1.553639397368073,0.028338496343792707,heldout_donor
D11_S1_C003_T024,D11,D11_S1,tumor,24.0,test,2.6316236234693875,2.6636487781256903,-0.032025154656302846,heldout_donor
D11_S1_C004_T000,D11,D11_S1,t_cell,0.0,test,0.7835903909574552,0.7396482968656589,0.04394209409179628,heldout_donor
D11_S1_C004_T012,D11,D11_S1,t_cell,12.0,test,1.454293101218829,1.4053011462233063,0.04899195499552267,heldout_donor
D11_S1_C004_T024,D11,D11_S1,t_cell,24.0,test,2.668015743716555,2.632628189284669,0.03538755443188624,heldout_donor
D11_S1_C005_T000,D11,D11_S1,t_cell,0.0,test,0.7179111593636514,0.7328992543595295,-0.014988094995878165,heldout_donor
D11_S1_C005_T012,D11,D11_S1,t_cell,12.0,test,1.3766970650170203,1.3772937018678673,-0.0005966368508469877,heldout_donor
D11_S1_C005_T024,D11,D11_S1,t_cell,24.0,test,2.648113964302684,2.65452498672815,-0.006411022425466317,heldout_donor
D11_S1_C006_T000,D11,D11_S1,macrophage,0.0,test,0.8611698967687144,0.8195717957236316,0.04159810104508277,heldout_donor
D11_S1_C006_T012,D11,D11_S1,macrophage,12.0,test,1.407132143661782,1.3679736952048456,0.0391584484569365,heldout_donor
D11_S1_C006_T024,D11,D11_S1,macrophage,24.0,test,2.5905433635223862,2.6283332138287734,-0.03778985030638715,heldout_donor
D11_S1_C007_T000,D11,D11_S1,macrophage,0.0,test,0.8205330072917871,0.7879302847105721,0.03260272258121499,heldout_donor
D11_S1_C007_T012,D11,D11_S1,macrophage,12.0,test,1.383086855490468,1.3513835553088271,0.031703300181640914,heldout_donor
D11_S1_C007_T024,D11,D11_S1,macrophage,24.0,test,2.619066895818111,2.6319633407049583,-0.01289644488684738,heldout_donor
D11_S1_C008_T000,D11,D11_S1,tumor,0.0,test,1.0622609608476887,1.06724298303021,-0.004982022182521195,heldout_donor
D11_S1_C008_T012,D11,D11_S1,tumor,12.0,test,1.7290825594002692,1.6900164052777378,0.03906615412253145,heldout_donor
D11_S1_C008_T024,D11,D11_S1,tumor,24.0,test,2.7106159902521645,2.7481309108868426,-0.037514920634678095,heldout_donor
D11_S1_C009_T000,D11,D11_S1,macrophage,0.0,test,0.6899189453107654,0.6568385451256954,0.03308040018506997,heldout_donor
D11_S1_C009_T012,D11,D11_S1,macrophage,12.0,test,1.1735283093072695,1.1391747601928244,0.0343535491144451,heldout_donor
D11_S1_C009_T024,D11,D11_S1,macrophage,24.0,test,2.5108669288097634,2.495791243398807,0.015075685410956385,heldout_donor
D11_S1_C010_T000,D11,D11_S1,tumor,0.0,test,0.9309652098252947,0.9610306478200803,-0.03006543799478556,heldout_donor
D11_S1_C010_T012,D11,D11_S1,tumor,12.0,test,1.5832723041320693,1.5832060166465158,6.628748555348452e-05,heldout_donor
D11_S1_C010_T024,D11,D11_S1,tumor,24.0,test,2.6241315929129416,2.6605346814148985,-0.03640308850195684,heldout_donor
D11_S1_C011_T000,D11,D11_S1,tumor,0.0,test,0.7908048199972303,0.7907958218428355,8.998154394812552e-06,heldout_donor
D11_S1_C011_T012,D11,D11_S1,tumor,12.0,test,1.3569663020800096,1.3210284393646148,0.035937862715394786,heldout_donor
D11_S1_C011_T024,D11,D11_S1,tumor,24.0,test,2.518736061687854,2.5192315863115806,-0.0004955246237265953,heldout_donor
D11_S1_C012_T000,D11,D11_S1,t_cell,0.0,test,0.7942640851737126,0.8164703038500187,-0.022206218676306122,heldout_donor
D11_S1_C012_T012,D11,D11_S1,t_cell,12.0,test,1.4916259616659238,1.4596556237999039,0.03197033786601988,heldout_donor
D11_S1_C012_T024,D11,D11_S1,t_cell,24.0,test,2.6837145438749377,2.6940545705038046,-0.010340026628866905,heldout_donor
D11_S1_C013_T000,D11,D11_S1,fibroblast,0.0,test,0.6521689265978807,0.6456484310466456,0.006520495551235128,heldout_donor
D11_S1_C013_T012,D11,D11_S1,fibroblast,12.0,test,1.199069994891651,1.1692954979738117,0.029774496917839288,heldout_donor
D11_S1_C013_T024,D11,D11_S1,fibroblast,24.0,test,2.509836315092457,2.4928328550655285,0.01700346002692843,heldout_donor
D11_S1_C014_T000,D11,D11_S1,t_cell,0.0,test,0.7692081757231585,0.7641305990817672,0.0050775766413913015,heldout_donor
D11_S1_C014_T012,D11,D11_S1,t_cell,12.0,test,1.4272430986753522,1.3877446949758618,0.039498403699490314,heldout_donor
D11_S1_C014_T024,D11,D11_S1,t_cell,24.0,test,2.670383674618952,2.662840020233838,0.0075436543851141735,heldout_donor
D11_S1_C015_T000,D11,D11_S1,fibroblast,0.0,test,0.799038332597956,0.7898581448986471,0.00918018769930884,heldout_donor
D11_S1_C015_T012,D11,D11_S1,fibroblast,12.0,test,1.3693559248265956,1.3370999426309238,0.03225598219567183,heldout_donor
D11_S1_C015_T024,D11,D11_S1,fibroblast,24.0,test,2.56790698636841,2.5868775784853772,-0.01897059211696739,heldout_donor
D11_S1_C016_T000,D11,D11_S1,vascular,0.0,test,0.7073812898667772,0.6884846374630642,0.018896652403712966,heldout_donor
D11_S1_C016_T012,D11,D11_S1,vascular,12.0,test,1.3079772623531347,1.2902286267250682,0.0177486356280665,heldout_donor
D11_S1_C016_T024,D11,D11_S1,vascular,24.0,test,2.5853793890852965,2.5811435858900706,0.0042358031952258735,heldout_donor
D11_S1_C017_T000,D11,D11_S1,macrophage,0.0,test,0.7782600094376527,0.7500226225304099,0.028237386907242867,heldout_donor
D11_S1_C017_T012,D11,D11_S1,macrophage,12.0,test,1.29610515214012,1.2602229505095197,0.035882201630600186,heldout_donor
D11_S1_C017_T024,D11,D11_S1,macrophage,24.0,test,2.5670126184649997,2.57632672785583,-0.009314109390830438,heldout_donor
D11_S1_C018_T000,D11,D11_S1,vascular,0.0,test,0.7018586316466362,0.699896637972105,0.001961993674531204,heldout_donor
D11_S1_C018_T012,D11,D11_S1,vascular,12.0,test,1.3216495685110674,1.301997755894138,0.019651812616929387,heldout_donor
D11_S1_C018_T024,D11,D11_S1,vascular,24.0,test,2.581336820195839,2.5518490948003256,0.029487725395513475,heldout_donor
D11_S1_C019_T000,D11,D11_S1,tumor,0.0,test,0.8338389115416689,0.8526990153796403,-0.01886010383797143,heldout_donor
D11_S1_C019_T012,D11,D11_S1,tumor,12.0,test,1.42625829894333,1.4028815908244205,0.02337670811890935,heldout_donor
D11_S1_C019_T024,D11,D11_S1,tumor,24.0,test,2.5309990779791502,2.5538851980453483,-0.022886120066198057,heldout_donor
D11_S1_C020_T000,D11,D11_S1,fibroblast,0.0,test,0.8020495345767151,0.7377744422384724,0.06427509233824269,heldout_donor
D11_S1_C020_T012,D11,D11_S1,fibroblast,12.0,test,1.394595172943191,1.3299759034960976,0.06461926944709329,heldout_donor
D11_S1_C020_T024,D11,D11_S1,fibroblast,24.0,test,2.675525393228024,2.6674787506032978,0.008046642624726097,heldout_donor
D11_S1_C021_T000,D11,D11_S1,vascular,0.0,test,0.6949938453996936,0.6734285425928117,0.021565302806881848,heldout_donor
D11_S1_C021_T012,D11,D11_S1,vascular,12.0,test,1.2717072635082753,1.257543781012287,0.014163482495988422,heldout_donor
D11_S1_C021_T024,D11,D11_S1,vascular,24.0,test,2.569564898774263,2.586696120875494,-0.017131222101230748,heldout_donor
D11_S1_C022_T000,D11,D11_S1,vascular,0.0,test,0.6125482057396627,0.6579915792926033,-0.04544337355294059,heldout_donor
D11_S1_C022_T012,D11,D11_S1,vascular,12.0,test,1.1823753036380318,1.2021829609010417,-0.019807657263009926,heldout_donor
D11_S1_C022_T024,D11,D11_S1,vascular,24.0,test,2.514608238313863,2.5472638268740235,-0.03265558856016071,heldout_donor
D11_S1_C023_T000,D11,D11_S1,tumor,0.0,test,0.8478022285087451,0.877897680476715,-0.03009545196796992,heldout_donor
D11_S1_C023_T012,D11,D11_S1,tumor,12.0,test,1.430309111173558,1.4273918191521584,0.0029172920213995646,heldout_donor
D11_S1_C023_T024,D11,D11_S1,tumor,24.0,test,2.6240619666102467,2.6509435111322963,-0.026881544522049605,heldout_donor
D11_S1_C024_T000,D11,D11_S1,t_cell,0.0,test,0.6990951773227997,0.7181180093973614,-0.01902283207456168,heldout_donor
D11_S1_C024_T012,D11,D11_S1,t_cell,12.0,test,1.2891818270651083,1.29887726195759,-0.009695434892481591,heldout_donor
D11_S1_C024_T024,D11,D11_S1,t_cell,24.0,test,2.557806384365801,2.5680392633142985,-0.010232878948497337,heldout_donor
D11_S1_C025_T000,D11,D11_S1,macrophage,0.0,test,0.9233713565571985,0.8829740798049289,0.04039727675226956,heldout_donor
D11_S1_C025_T012,D11,D11_S1,macrophage,12.0,test,1.4806113727831645,1.4423584625447232,0.03825291023844124,heldout_donor
D11_S1_C025_T024,D11,D11_S1,macrophage,24.0,test,2.6400417674927312,2.685968994295785,-0.045927226803053944,heldout_donor
D11_S1_C026_T000,D11,D11_S1,tumor,0.0,test,0.7625200851632279,0.794275580756176,-0.0317554955929481,heldout_donor
D11_S1_C026_T012,D11,D11_S1,tumor,12.0,test,1.3224247767898363,1.3032978840299103,0.019126892759925962,heldout_donor
D11_S1_C026_T024,D11,D11_S1,tumor,24.0,test,2.5476196710661694,2.574951728723014,-0.027332057656844544,heldout_donor
D11_S1_C027_T000,D11,D11_S1,vascular,0.0,test,0.5844483479566861,0.6015657177070376,-0.017117369750351497,heldout_donor
D11_S1_C027_T012,D11,D11_S1,vascular,12.0,test,1.1498769271694345,1.1353526256243027,0.014524301545131735,heldout_donor
D11_S1_C027_T024,D11,D11_S1,vascular,24.0,test,2.4897291109856785,2.4809609628362326,0.008768148149445931,heldout_donor
D11_S1_C028_T000,D11,D11_S1,t_cell,0.0,test,0.6996034121616181,0.7431121026838288,-0.043508690522210625,heldout_donor
D11_S1_C028_T012,D11,D11_S1,t_cell,12.0,test,1.3164612959741062,1.3233625645354807,-0.006901268561374518,heldout_donor
D11_S1_C028_T024,D11,D11_S1,t_cell,24.0,test,2.5943199980371325,2.6168084078088065,-0.02248840977167399,heldout_donor
D11_S1_C029_T000,D11,D11_S1,fibroblast,0.0,test,0.7367665543750679,0.6955350943411999,0.04123146003386802,heldout_donor
D11_S1_C029_T012,D11,D11_S1,fibroblast,12.0,test,1.2645168198777164,1.2427897800029444,0.02172703987477198,heldout_donor
D11_S1_C029_T024,D11,D11_S1,fibroblast,24.0,test,2.5274690773007973,2.5395956133859907,-0.012126536085193429,heldout_donor
D11_S1_C030_T000,D11,D11_S1,macrophage,0.0,test,0.8192730450093546,0.7503905143680594,0.06888253064129524,heldout_donor
D11_S1_C030_T012,D11,D11_S1,macrophage,12.0,test,1.3358651697344197,1.275587471031392,0.06027769870302779,heldout_donor
D11_S1_C030_T024,D11,D11_S1,macrophage,24.0,test,2.574890345199107,2.5815339713281125,-0.0066436261290054865,heldout_donor
D11_S1_C031_T000,D11,D11_S1,vascular,0.0,test,0.6025853898482257,0.5869571533054613,0.015628236542764462,heldout_donor
D11_S1_C031_T012,D11,D11_S1,vascular,12.0,test,1.0985628422728488,1.0790226720391387,0.01954017023371013,heldout_donor
D11_S1_C031_T024,D11,D11_S1,vascular,24.0,test,2.4623832179448195,2.4094737535873216,0.05290946435749788,heldout_donor
D11_S1_C032_T000,D11,D11_S1,t_cell,0.0,test,0.5719173485491086,0.6128172289484388,-0.040899880399330235,heldout_donor
D11_S1_C032_T012,D11,D11_S1,t_cell,12.0,test,1.1482382150717898,1.1679296346107302,-0.01969141953894038,heldout_donor
D11_S1_C032_T024,D11,D11_S1,t_cell,24.0,test,2.512165705310394,2.4689471779138525,0.04321852739654153,heldout_donor
D11_S1_C033_T000,D11,D11_S1,macrophage,0.0,test,0.9243363405220493,0.868144171159202,0.05619216936284732,heldout_donor
D11_S1_C033_T012,D11,D11_S1,macrophage,12.0,test,1.5211536346593464,1.5068764747494972,0.014277159909849235,heldout_donor
D11_S1_C033_T024,D11,D11_S1,macrophage,24.0,test,2.611346937140897,2.6433046462655905,-0.03195770912469342,heldout_donor
D11_S1_C034_T000,D11,D11_S1,fibroblast,0.0,test,0.855993021417671,0.7895759321857346,0.06641708923193634,heldout_donor
D11_S1_C034_T012,D11,D11_S1,fibroblast,12.0,test,1.4594136377944944,1.3948510945596928,0.0645625432348016,heldout_donor
D11_S1_C034_T024,D11,D11_S1,fibroblast,24.0,test,2.6814506511476286,2.6677524732213955,0.013698177926233068,heldout_donor
D11_S1_C035_T000,D11,D11_S1,macrophage,0.0,test,0.9060802225415809,0.8683148672910967,0.03776535525048419,heldout_donor
D11_S1_C035_T012,D11,D11_S1,macrophage,12.0,test,1.477455118583236,1.4571721721811572,0.02028294640207884,heldout_donor
D11_S1_C035_T024,D11,D11_S1,macrophage,24.0,test,2.599948608539529,2.6680818258283443,-0.06813321728881538,heldout_donor
