row_id,graph_type,source,target,weight
D00_S0_C000_T000,organelle,ER,mitochondria,0.39657697072999026
D00_S0_C000_T000,organelle,ER,Golgi,0.2974327280474927
D00_S0_C000_T000,organelle,mitochondria,lipid_droplet,0.33247813374278784
D00_S0_C001_T000,organelle,ER,mitochondria,0.7229844742017513
D00_S0_C001_T000,organelle,ER,Golgi,0.5422383556513135
D00_S0_C001_T000,organelle,mitochondria,lipid_droplet,0.49814809600319454
D00_S0_C002_T000,organelle,ER,mitochondria,0.5868001713746543
D00_S0_C002_T000,organelle,ER,Golgi,0.4401001285309908
D00_S0_C002_T000,organelle,mitochondria,lipid_droplet,0.4139450682117796
D00_S0_C003_T000,organelle,ER,mitochondria,0.5251990672078889
D00_S0_C003_T000,organelle,ER,Golgi,0.3938993004059167
D00_S0_C003_T000,organelle,mitochondria,lipid_droplet,0.3931502659875816
D00_S0_C004_T000,organelle,ER,mitochondria,0.6064149259953691
D00_S0_C004_T000,organelle,ER,Golgi,0.4548111944965268
D00_S0_C004_T000,organelle,mitochondria,lipid_droplet,0.4693549131637699
D00_S0_C005_T000,organelle,ER,mitochondria,0.7857216464384756
D00_S0_C005_T000,organelle,ER,Golgi,0.5892912348288567
D00_S0_C005_T000,organelle,mitochondria,lipid_droplet,0.5572501295297496
D00_S0_C006_T000,organelle,ER,mitochondria,0.5541680746266797
D00_S0_C006_T000,organelle,ER,Golgi,0.4156260559700098
D00_S0_C006_T000,organelle,mitochondria,lipid_droplet,0.4008736935357425
D00_S0_C007_T000,organelle,ER,mitochondria,0.4898929027600417
D00_S0_C007_T000,organelle,ER,Golgi,0.3674196770700313
D00_S0_C007_T000,organelle,mitochondria,lipid_droplet,0.3586408431243626
D00_S0_C008_T000,organelle,ER,mitochondria,0.5659600068740183
D00_S0_C008_T000,organelle,ER,Golgi,0.4244700051555137
D00_S0_C008_T000,organelle,mitochondria,lipid_droplet,0.41982254178155975
D00_S0_C009_T000,organelle,ER,mitochondria,0.7160387649580233
D00_S0_C009_T000,organelle,ER,Golgi,0.5370290737185175
D00_S0_C009_T000,organelle,mitochondria,lipid_droplet,0.4550831587258448
D00_S0_C010_T000,organelle,ER,mitochondria,0.4471385533561724
D00_S0_C010_T000,organelle,ER,Golgi,0.3353539150171293
D00_S0_C010_T000,organelle,mitochondria,lipid_droplet,0.3468959503809285
D00_S0_C011_T000,organelle,ER,mitochondria,0.8047472679143964
D00_S0_C011_T000,organelle,ER,Golgi,0.6035604509357974
D00_S0_C011_T000,organelle,mitochondria,lipid_droplet,0.5426812078664762
D00_S0_C012_T000,organelle,ER,mitochondria,0.7378546201847914
D00_S0_C012_T000,organelle,ER,Golgi,0.5533909651385935
D00_S0_C012_T000,organelle,mitochondria,lipid_droplet,0.5232711423039722
D00_S0_C013_T000,organelle,ER,mitochondria,0.5216884079285647
D00_S0_C013_T000,organelle,ER,Golgi,0.39126630594642353
D00_S0_C013_T000,organelle,mitochondria,lipid_droplet,0.3646432966586738
D00_S0_C014_T000,organelle,ER,mitochondria,0.7002339767493485
D00_S0_C014_T000,organelle,ER,Golgi,0.5251754825620114
D00_S0_C014_T000,organelle,mitochondria,lipid_droplet,0.46981427308525847
D00_S0_C015_T000,organelle,ER,mitochondria,0.6465789471118666
D00_S0_C015_T000,organelle,ER,Golgi,0.48493421033389994
D00_S0_C015_T000,organelle,mitochondria,lipid_droplet,0.4760781577773632
D00_S0_C016_T000,organelle,ER,mitochondria,0.5257094944023879
D00_S0_C016_T000,organelle,ER,Golgi,0.3942821208017909
D00_S0_C016_T000,organelle,mitochondria,lipid_droplet,0.3703488318315172
D00_S0_C017_T000,organelle,ER,mitochondria,0.5339862735549745
D00_S0_C017_T000,organelle,ER,Golgi,0.4004897051662309
D00_S0_C017_T000,organelle,mitochondria,lipid_droplet,0.3484494027654068
D00_S0_C018_T000,organelle,ER,mitochondria,0.6514076960559381
D00_S0_C018_T000,organelle,ER,Golgi,0.48855577204195355
D00_S0_C018_T000,organelle,mitochondria,lipid_droplet,0.4749284603803029
D00_S0_C019_T000,organelle,ER,mitochondria,0.57689316279755
D00_S0_C019_T000,organelle,ER,Golgi,0.4326698720981625
D00_S0_C019_T000,organelle,mitochondria,lipid_droplet,0.42836251400644887
D00_S0_C020_T000,organelle,ER,mitochondria,0.5367169048733377
D00_S0_C020_T000,organelle,ER,Golgi,0.40253767865500323
D00_S0_C020_T000,organelle,mitochondria,lipid_droplet,0.3665400085620514
D00_S0_C021_T000,organelle,ER,mitochondria,0.8604199362037078
D00_S0_C021_T000,organelle,ER,Golgi,0.6453149521527809
D00_S0_C021_T000,organelle,mitochondria,lipid_droplet,0.5840750682292448
D00_S0_C022_T000,organelle,ER,mitochondria,0.4658829554488007
D00_S0_C022_T000,organelle,ER,Golgi,0.34941221658660054
D00_S0_C022_T000,organelle,mitochondria,lipid_droplet,0.38431467001584896
D00_S0_C023_T000,organelle,ER,mitochondria,0.5339594577550055
D00_S0_C023_T000,organelle,ER,Golgi,0.40046959331625415
D00_S0_C023_T000,organelle,mitochondria,lipid_droplet,0.38851260339209015
D00_S0_C024_T000,organelle,ER,mitochondria,0.43978129188836723
D00_S0_C024_T000,organelle,ER,Golgi,0.3298359689162754
D00_S0_C024_T000,organelle,mitochondria,lipid_droplet,0.30210522272047835
D00_S0_C025_T000,organelle,ER,mitochondria,0.7394140867061086
D00_S0_C025_T000,organelle,ER,Golgi,0.5545605650295815
D00_S0_C025_T000,organelle,mitochondria,lipid_droplet,0.47216400258429364
D00_S0_C026_T000,organelle,ER,mitochondria,0.5378558067161008
D00_S0_C026_T000,organelle,ER,Golgi,0.4033918550370756
D00_S0_C026_T000,organelle,mitochondria,lipid_droplet,0.37999433900352064
D00_S0_C027_T000,organelle,ER,mitochondria,0.3649729182731852
D00_S0_C027_T000,organelle,ER,Golgi,0.2737296887048889
D00_S0_C027_T000,organelle,mitochondria,lipid_droplet,0.2873974585047737
D00_S0_C028_T000,organelle,ER,mitochondria,0.6311626474315271
D00_S0_C028_T000,organelle,ER,Golgi,0.4733719855736453
D00_S0_C028_T000,organelle,mitochondria,lipid_droplet,0.43718688140169304
D00_S0_C029_T000,organelle,ER,mitochondria,0.5136576519076472
D00_S0_C029_T000,organelle,ER,Golgi,0.3852432389307354
D00_S0_C029_T000,organelle,mitochondria,lipid_droplet,0.36825998175734254
D00_S0_C030_T000,organelle,ER,mitochondria,0.6041197104151539
D00_S0_C030_T000,organelle,ER,Golgi,0.4530897828113654
D00_S0_C030_T000,organelle,mitochondria,lipid_droplet,0.42057915564362014
D00_S0_C031_T000,organelle,ER,mitochondria,0.8800198431245054
D00_S0_C031_T000,organelle,ER,Golgi,0.6600148823433791
D00_S0_C031_T000,organelle,mitochondria,lipid_droplet,0.6095804766139984
D00_S0_C032_T000,organelle,ER,mitochondria,0.6693349172599363
D00_S0_C032_T000,organelle,ER,Golgi,0.5020011879449522
D00_S0_C032_T000,organelle,mitochondria,lipid_droplet,0.4550552465485304
D00_S0_C033_T000,organelle,ER,mitochondria,0.31952263241776985
D00_S0_C033_T000,organelle,ER,Golgi,0.2396419743133274
D00_S0_C033_T000,organelle,mitochondria,lipid_droplet,0.2694959084188455
D00_S0_C034_T000,organelle,ER,mitochondria,0.2017335675844745
D00_S0_C034_T000,organelle,ER,Golgi,0.15130017568835588
D00_S0_C034_T000,organelle,mitochondria,lipid_droplet,0.184397436323831
D00_S0_C035_T000,organelle,ER,mitochondria,0.7933437695802538
D00_S0_C035_T000,organelle,ER,Golgi,0.5950078271851903
D00_S0_C035_T000,organelle,mitochondria,lipid_droplet,0.5498273592656993
D00_S0_C000_T012,organelle,ER,mitochondria,0.538836737398888
D00_S0_C000_T012,organelle,ER,Golgi,0.40412755304916603
D00_S0_C000_T012,organelle,mitochondria,lipid_droplet,0.4445271304241576
D00_S0_C001_T012,organelle,ER,mitochondria,0.946492394265599
D00_S0_C001_T012,organelle,ER,Golgi,0.7098692956991992
D00_S0_C001_T012,organelle,mitochondria,lipid_droplet,0.6609416106666779
D00_S0_C002_T012,organelle,ER,mitochondria,0.7811051947652279
D00_S0_C002_T012,organelle,ER,Golgi,0.5858288960739209
D00_S0_C002_T012,organelle,mitochondria,lipid_droplet,0.543129742502079
D00_S0_C003_T012,organelle,ER,mitochondria,0.7333587340863078
D00_S0_C003_T012,organelle,ER,Golgi,0.5500190505647309
D00_S0_C003_T012,organelle,mitochondria,lipid_droplet,0.5591884415939152
D00_S0_C004_T012,organelle,ER,mitochondria,0.7879903572062775
D00_S0_C004_T012,organelle,ER,Golgi,0.5909927679047081
D00_S0_C004_T012,organelle,mitochondria,lipid_droplet,0.6245372882946946
D00_S0_C005_T012,organelle,ER,mitochondria,0.9781996993377343
D00_S0_C005_T012,organelle,ER,Golgi,0.7336497745033007
D00_S0_C005_T012,organelle,mitochondria,lipid_droplet,0.7149209262238625
D00_S0_C006_T012,organelle,ER,mitochondria,0.7577438747449845
D00_S0_C006_T012,organelle,ER,Golgi,0.5683079060587384
D00_S0_C006_T012,organelle,mitochondria,lipid_droplet,0.5701973575026037
D00_S0_C007_T012,organelle,ER,mitochondria,0.6590858904131722
D00_S0_C007_T012,organelle,ER,Golgi,0.49431441780987917
D00_S0_C007_T012,organelle,mitochondria,lipid_droplet,0.482692759543335
D00_S0_C008_T012,organelle,ER,mitochondria,0.774063815895385
D00_S0_C008_T012,organelle,ER,Golgi,0.5805478619215387
D00_S0_C008_T012,organelle,mitochondria,lipid_droplet,0.5806888288449896
D00_S0_C009_T012,organelle,ER,mitochondria,0.8716807619793361
D00_S0_C009_T012,organelle,ER,Golgi,0.6537605714845021
D00_S0_C009_T012,organelle,mitochondria,lipid_droplet,0.5726204044113303
D00_S0_C010_T012,organelle,ER,mitochondria,0.5821878179110891
D00_S0_C010_T012,organelle,ER,Golgi,0.4366408634333168
D00_S0_C010_T012,organelle,mitochondria,lipid_droplet,0.4611051371596464
D00_S0_C011_T012,organelle,ER,mitochondria,1.0254487392678344
D00_S0_C011_T012,organelle,ER,Golgi,0.7690865544508758
D00_S0_C011_T012,organelle,mitochondria,lipid_droplet,0.7138267290959052
D00_S0_C012_T012,organelle,ER,mitochondria,0.9843922479660863
D00_S0_C012_T012,organelle,ER,Golgi,0.7382941859745646
D00_S0_C012_T012,organelle,mitochondria,lipid_droplet,0.7002575357067624
D00_S0_C013_T012,organelle,ER,mitochondria,0.7095524217765503
D00_S0_C013_T012,organelle,ER,Golgi,0.5321643163324128
D00_S0_C013_T012,organelle,mitochondria,lipid_droplet,0.5036360368486072
D00_S0_C014_T012,organelle,ER,mitochondria,0.9042070371135285
D00_S0_C014_T012,organelle,ER,Golgi,0.6781552778351463
D00_S0_C014_T012,organelle,mitochondria,lipid_droplet,0.6159387271141543
D00_S0_C015_T012,organelle,ER,mitochondria,0.8842918164583125
D00_S0_C015_T012,organelle,ER,Golgi,0.6632188623437343
D00_S0_C015_T012,organelle,mitochondria,lipid_droplet,0.6539652234246711
D00_S0_C016_T012,organelle,ER,mitochondria,0.7505909036834157
D00_S0_C016_T012,organelle,ER,Golgi,0.5629431777625618
D00_S0_C016_T012,organelle,mitochondria,lipid_droplet,0.5190193988156517
D00_S0_C017_T012,organelle,ER,mitochondria,0.669810841025738
D00_S0_C017_T012,organelle,ER,Golgi,0.5023581307693035
D00_S0_C017_T012,organelle,mitochondria,lipid_droplet,0.45501113260856496
D00_S0_C018_T012,organelle,ER,mitochondria,0.8528674433883618
D00_S0_C018_T012,organelle,ER,Golgi,0.6396505825412714
D00_S0_C018_T012,organelle,mitochondria,lipid_droplet,0.6223944431515873
D00_S0_C019_T012,organelle,ER,mitochondria,0.7634417792712276
D00_S0_C019_T012,organelle,ER,Golgi,0.5725813344534207
D00_S0_C019_T012,organelle,mitochondria,lipid_droplet,0.5640310062390472
D00_S0_C020_T012,organelle,ER,mitochondria,0.7594266998136129
D00_S0_C020_T012,organelle,ER,Golgi,0.5695700248602097
D00_S0_C020_T012,organelle,mitochondria,lipid_droplet,0.5147583874841221
D00_S0_C021_T012,organelle,ER,mitochondria,1.085732933484514
D00_S0_C021_T012,organelle,ER,Golgi,0.8142997001133856
D00_S0_C021_T012,organelle,mitochondria,lipid_droplet,0.7685464508820704
D00_S0_C022_T012,organelle,ER,mitochondria,0.6346452375679603
D00_S0_C022_T012,organelle,ER,Golgi,0.47598392817597024
D00_S0_C022_T012,organelle,mitochondria,lipid_droplet,0.5170987658673082
D00_S0_C023_T012,organelle,ER,mitochondria,0.681448521592319
D00_S0_C023_T012,organelle,ER,Golgi,0.5110863911942392
D00_S0_C023_T012,organelle,mitochondria,lipid_droplet,0.5044382413330437
D00_S0_C024_T012,organelle,ER,mitochondria,0.5967563775465268
D00_S0_C024_T012,organelle,ER,Golgi,0.4475672831598951
D00_S0_C024_T012,organelle,mitochondria,lipid_droplet,0.4098973007114371
D00_S0_C025_T012,organelle,ER,mitochondria,0.9853872232933256
D00_S0_C025_T012,organelle,ER,Golgi,0.7390404174699943
D00_S0_C025_T012,organelle,mitochondria,lipid_droplet,0.6446437840364259
D00_S0_C026_T012,organelle,ER,mitochondria,0.6471758576846403
D00_S0_C026_T012,organelle,ER,Golgi,0.4853818932634802
D00_S0_C026_T012,organelle,mitochondria,lipid_droplet,0.470377586733402
D00_S0_C027_T012,organelle,ER,mitochondria,0.6003447414715871
D00_S0_C027_T012,organelle,ER,Golgi,0.45025855610369037
D00_S0_C027_T012,organelle,mitochondria,lipid_droplet,0.4447259245861799
D00_S0_C028_T012,organelle,ER,mitochondria,0.7635732756377973
D00_S0_C028_T012,organelle,ER,Golgi,0.572679956728348
D00_S0_C028_T012,organelle,mitochondria,lipid_droplet,0.5476344102242701
D00_S0_C029_T012,organelle,ER,mitochondria,0.7287661884354599
D00_S0_C029_T012,organelle,ER,Golgi,0.546574641326595
D00_S0_C029_T012,organelle,mitochondria,lipid_droplet,0.514160954209617
D00_S0_C030_T012,organelle,ER,mitochondria,0.883217984025554
D00_S0_C030_T012,organelle,ER,Golgi,0.6624134880191654
D00_S0_C030_T012,organelle,mitochondria,lipid_droplet,0.6077179028795995
D00_S0_C031_T012,organelle,ER,mitochondria,1.1195023910914637
D00_S0_C031_T012,organelle,ER,Golgi,0.8396267933185977
D00_S0_C031_T012,organelle,mitochondria,lipid_droplet,0.8055391770601491
D00_S0_C032_T012,organelle,ER,mitochondria,0.9126323345958046
D00_S0_C032_T012,organelle,ER,Golgi,0.6844742509468534
D00_S0_C032_T012,organelle,mitochondria,lipid_droplet,0.6252156637181735
D00_S0_C033_T012,organelle,ER,mitochondria,0.50926950979738
D00_S0_C033_T012,organelle,ER,Golgi,0.38195213234803493
D00_S0_C033_T012,organelle,mitochondria,lipid_droplet,0.3947615048034835
D00_S0_C034_T012,organelle,ER,mitochondria,0.37084251368201976
D00_S0_C034_T012,organelle,ER,Golgi,0.27813188526151483
D00_S0_C034_T012,organelle,mitochondria,lipid_droplet,0.31649950847742875
D00_S0_C035_T012,organelle,ER,mitochondria,0.9616047118003364
D00_S0_C035_T012,organelle,ER,Golgi,0.7212035338502523
D00_S0_C035_T012,organelle,mitochondria,lipid_droplet,0.6797734264753852
D00_S0_C000_T024,organelle,ER,mitochondria,0.8165396189153732
D00_S0_C000_T024,organelle,ER,Golgi,0.6124047141865299
D00_S0_C000_T024,organelle,mitochondria,lipid_droplet,0.6450967904034552
D00_S0_C001_T024,organelle,ER,mitochondria,1.308456799255283
D00_S0_C001_T024,organelle,ER,Golgi,0.9813425994414622
D00_S0_C001_T024,organelle,mitochondria,lipid_droplet,0.9156512395904057
D00_S0_C002_T024,organelle,ER,mitochondria,1.0099522018984548
D00_S0_C002_T024,organelle,ER,Golgi,0.7574641514238412
D00_S0_C002_T024,organelle,mitochondria,lipid_droplet,0.7493935565845862
D00_S0_C003_T024,organelle,ER,mitochondria,1.0821173267270299
D00_S0_C003_T024,organelle,ER,Golgi,0.8115879950452725
D00_S0_C003_T024,organelle,mitochondria,lipid_droplet,0.7911645296998664
D00_S0_C004_T024,organelle,ER,mitochondria,1.1020941096731436
D00_S0_C004_T024,organelle,ER,Golgi,0.8265705822548577
D00_S0_C004_T024,organelle,mitochondria,lipid_droplet,0.8021517603202291
D00_S0_C005_T024,organelle,ER,mitochondria,1.2935642422236935
D00_S0_C005_T024,organelle,ER,Golgi,0.9701731816677701
D00_S0_C005_T024,organelle,mitochondria,lipid_droplet,0.9074603332230315
D00_S0_C006_T024,organelle,ER,mitochondria,1.0461365416943598
D00_S0_C006_T024,organelle,ER,Golgi,0.7846024062707698
D00_S0_C006_T024,organelle,mitochondria,lipid_droplet,0.7713750979318978
D00_S0_C007_T024,organelle,ER,mitochondria,0.9463637742982433
D00_S0_C007_T024,organelle,ER,Golgi,0.7097728307236825
D00_S0_C007_T024,organelle,mitochondria,lipid_droplet,0.7165000758640339
D00_S0_C008_T024,organelle,ER,mitochondria,1.0416032687680965
D00_S0_C008_T024,organelle,ER,Golgi,0.7812024515760724
D00_S0_C008_T024,organelle,mitochondria,lipid_droplet,0.7688817978224531
D00_S0_C009_T024,organelle,ER,mitochondria,1.1711366778360581
D00_S0_C009_T024,organelle,ER,Golgi,0.8783525083770436
D00_S0_C009_T024,organelle,mitochondria,lipid_droplet,0.8171847283150151
D00_S0_C010_T024,organelle,ER,mitochondria,0.8601363495435534
D00_S0_C010_T024,organelle,ER,Golgi,0.6451022621576651
D00_S0_C010_T024,organelle,mitochondria,lipid_droplet,0.6690749922489545
D00_S0_C011_T024,organelle,ER,mitochondria,1.3934727450768754
D00_S0_C011_T024,organelle,ER,Golgi,1.0451045588076564
D00_S0_C011_T024,organelle,mitochondria,lipid_droplet,0.9624100097922814
D00_S0_C012_T024,organelle,ER,mitochondria,1.2744827263074445
D00_S0_C012_T024,organelle,ER,Golgi,0.9558620447305834
D00_S0_C012_T024,organelle,mitochondria,lipid_droplet,0.8969654994690945
D00_S0_C013_T024,organelle,ER,mitochondria,0.973198753534171
D00_S0_C013_T024,organelle,ER,Golgi,0.7298990651506282
D00_S0_C013_T024,organelle,mitochondria,lipid_droplet,0.7234014087102008
D00_S0_C014_T024,organelle,ER,mitochondria,1.260510468662216
D00_S0_C014_T024,organelle,ER,Golgi,0.945382851496662
D00_S0_C014_T024,organelle,mitochondria,lipid_droplet,0.8892807577642188
D00_S0_C015_T024,organelle,ER,mitochondria,1.2083234750143799
D00_S0_C015_T024,organelle,ER,Golgi,0.9062426062607849
D00_S0_C015_T024,organelle,mitochondria,lipid_droplet,0.8605779112579091
D00_S0_C016_T024,organelle,ER,mitochondria,1.0167993753485909
D00_S0_C016_T024,organelle,ER,Golgi,0.7625995315114431
D00_S0_C016_T024,organelle,mitochondria,lipid_droplet,0.739670614631937
D00_S0_C017_T024,organelle,ER,mitochondria,1.0355521310720308
D00_S0_C017_T024,organelle,ER,Golgi,0.7766640983040232
D00_S0_C017_T024,organelle,mitochondria,lipid_droplet,0.7308324020354319
D00_S0_C018_T024,organelle,ER,mitochondria,1.1012149760275354
D00_S0_C018_T024,organelle,ER,Golgi,0.8259112320206515
D00_S0_C018_T024,organelle,mitochondria,lipid_droplet,0.8016682368151444
D00_S0_C019_T024,organelle,ER,mitochondria,0.9957264099483293
D00_S0_C019_T024,organelle,ER,Golgi,0.7467948074612469
D00_S0_C019_T024,organelle,mitochondria,lipid_droplet,0.7436495254715811
D00_S0_C020_T024,organelle,ER,mitochondria,1.0753887133835935
D00_S0_C020_T024,organelle,ER,Golgi,0.8065415350376952
D00_S0_C020_T024,organelle,mitochondria,lipid_droplet,0.7651749154334313
D00_S0_C021_T024,organelle,ER,mitochondria,1.4136184287757054
D00_S0_C021_T024,organelle,ER,Golgi,1.0602138215817791
D00_S0_C021_T024,organelle,mitochondria,lipid_droplet,0.9734901358266381
D00_S0_C022_T024,organelle,ER,mitochondria,0.928638496198503
D00_S0_C022_T024,organelle,ER,Golgi,0.6964788721488773
D00_S0_C022_T024,organelle,mitochondria,lipid_droplet,0.7067511729091767
D00_S0_C023_T024,organelle,ER,mitochondria,0.935505428693937
D00_S0_C023_T024,organelle,ER,Golgi,0.7016290715204527
D00_S0_C023_T024,organelle,mitochondria,lipid_droplet,0.7076968419867753
D00_S0_C024_T024,organelle,ER,mitochondria,0.8480291664145427
D00_S0_C024_T024,organelle,ER,Golgi,0.636021874810907
D00_S0_C024_T024,organelle,mitochondria,lipid_droplet,0.6190279160079173
D00_S0_C025_T024,organelle,ER,mitochondria,1.3537171674358879
D00_S0_C025_T024,organelle,ER,Golgi,1.015287875576916
D00_S0_C025_T024,organelle,mitochondria,lipid_droplet,0.9254868032075352
D00_S0_C026_T024,organelle,ER,mitochondria,0.9938085115881031
D00_S0_C026_T024,organelle,ER,Golgi,0.7453563836910774
D00_S0_C026_T024,organelle,mitochondria,lipid_droplet,0.7344071315577292
D00_S0_C027_T024,organelle,ER,mitochondria,0.8967555200957436
D00_S0_C027_T024,organelle,ER,Golgi,0.6725666400718077
D00_S0_C027_T024,organelle,mitochondria,lipid_droplet,0.6892155360526591
D00_S0_C028_T024,organelle,ER,mitochondria,1.121545488820079
D00_S0_C028_T024,organelle,ER,Golgi,0.8411591166150594
D00_S0_C028_T024,organelle,mitochondria,lipid_droplet,0.8128500188510435
D00_S0_C029_T024,organelle,ER,mitochondria,1.0060033983085828
D00_S0_C029_T024,organelle,ER,Golgi,0.7545025487314371
D00_S0_C029_T024,organelle,mitochondria,lipid_droplet,0.7493018690697206
D00_S0_C030_T024,organelle,ER,mitochondria,1.1823106258477922
D00_S0_C030_T024,organelle,ER,Golgi,0.8867329693858441
D00_S0_C030_T024,organelle,mitochondria,lipid_droplet,0.8462708442162858
D00_S0_C031_T024,organelle,ER,mitochondria,1.440545978419995
D00_S0_C031_T024,organelle,ER,Golgi,1.0804094838149962
D00_S0_C031_T024,organelle,mitochondria,lipid_droplet,0.9883002881309972
D00_S0_C032_T024,organelle,ER,mitochondria,1.2554732967939375
D00_S0_C032_T024,organelle,ER,Golgi,0.9416049725954532
D00_S0_C032_T024,organelle,mitochondria,lipid_droplet,0.8865103132366656
D00_S0_C033_T024,organelle,ER,mitochondria,0.8222204127055673
D00_S0_C033_T024,organelle,ER,Golgi,0.6166653095291755
D00_S0_C033_T024,organelle,mitochondria,lipid_droplet,0.6366188128542933
D00_S0_C034_T024,organelle,ER,mitochondria,0.7360143951193292
D00_S0_C034_T024,organelle,ER,Golgi,0.5520107963394969
D00_S0_C034_T024,organelle,mitochondria,lipid_droplet,0.5942301246511914
D00_S0_C035_T024,organelle,ER,mitochondria,1.2208274535369579
D00_S0_C035_T024,organelle,ER,Golgi,0.9156205901527183
D00_S0_C035_T024,organelle,mitochondria,lipid_droplet,0.867455099445327
D00_S0_C000_T048,organelle,ER,mitochondria,1.3719343439879597
D00_S0_C000_T048,organelle,ER,Golgi,1.0289507579909698
D00_S0_C000_T048,organelle,mitochondria,lipid_droplet,0.9505638891933779
D00_S0_C001_T048,organelle,ER,mitochondria,1.8
D00_S0_C001_T048,organelle,ER,Golgi,1.35
D00_S0_C001_T048,organelle,mitochondria,lipid_droplet,1.1860000000000002
D00_S0_C002_T048,organelle,ER,mitochondria,1.595167779685685
D00_S0_C002_T048,organelle,ER,Golgi,1.1963758347642637
D00_S0_C002_T048,organelle,mitochondria,lipid_droplet,1.0733422788271267
D00_S0_C003_T048,organelle,ER,mitochondria,1.6240377559932346
D00_S0_C003_T048,organelle,ER,Golgi,1.218028316994926
D00_S0_C003_T048,organelle,mitochondria,lipid_droplet,1.0892207657962791
D00_S0_C004_T048,organelle,ER,mitochondria,1.6023648614281643
D00_S0_C004_T048,organelle,ER,Golgi,1.2017736460711232
D00_S0_C004_T048,organelle,mitochondria,lipid_droplet,1.0773006737854904
D00_S0_C005_T048,organelle,ER,mitochondria,1.7689797973172554
D00_S0_C005_T048,organelle,ER,Golgi,1.3267348479879415
D00_S0_C005_T048,organelle,mitochondria,lipid_droplet,1.1689388885244905
D00_S0_C006_T048,organelle,ER,mitochondria,1.6412962877612476
D00_S0_C006_T048,organelle,ER,Golgi,1.2309722158209357
D00_S0_C006_T048,organelle,mitochondria,lipid_droplet,1.0987129582686863
D00_S0_C007_T048,organelle,ER,mitochondria,1.5454808706917456
D00_S0_C007_T048,organelle,ER,Golgi,1.1591106530188091
D00_S0_C007_T048,organelle,mitochondria,lipid_droplet,1.0460144788804602
D00_S0_C008_T048,organelle,ER,mitochondria,1.5706887430698535
D00_S0_C008_T048,organelle,ER,Golgi,1.1780165573023902
D00_S0_C008_T048,organelle,mitochondria,lipid_droplet,1.0598788086884194
D00_S0_C009_T048,organelle,ER,mitochondria,1.7753157706276803
D00_S0_C009_T048,organelle,ER,Golgi,1.3314868279707603
D00_S0_C009_T048,organelle,mitochondria,lipid_droplet,1.1724236738452243
D00_S0_C010_T048,organelle,ER,mitochondria,1.4044248254120482
D00_S0_C010_T048,organelle,ER,Golgi,1.053318619059036
D00_S0_C010_T048,organelle,mitochondria,lipid_droplet,0.9684336539766265
D00_S0_C011_T048,organelle,ER,mitochondria,1.8
D00_S0_C011_T048,organelle,ER,Golgi,1.35
D00_S0_C011_T048,organelle,mitochondria,lipid_droplet,1.1860000000000002
D00_S0_C012_T048,organelle,ER,mitochondria,1.798602904937277
D00_S0_C012_T048,organelle,ER,Golgi,1.3489521787029577
D00_S0_C012_T048,organelle,mitochondria,lipid_droplet,1.1852315977155023
D00_S0_C013_T048,organelle,ER,mitochondria,1.6068867414532653
D00_S0_C013_T048,organelle,ER,Golgi,1.205165056089949
D00_S0_C013_T048,organelle,mitochondria,lipid_droplet,1.079787707799296
D00_S0_C014_T048,organelle,ER,mitochondria,1.7530984354386172
D00_S0_C014_T048,organelle,ER,Golgi,1.314823826578963
D00_S0_C014_T048,organelle,mitochondria,lipid_droplet,1.1602041394912395
D00_S0_C015_T048,organelle,ER,mitochondria,1.6303383447550757
D00_S0_C015_T048,organelle,ER,Golgi,1.2227537585663066
D00_S0_C015_T048,organelle,mitochondria,lipid_droplet,1.0926860896152917
D00_S0_C016_T048,organelle,ER,mitochondria,1.581025575375622
D00_S0_C016_T048,organelle,ER,Golgi,1.1857691815317164
D00_S0_C016_T048,organelle,mitochondria,lipid_droplet,1.0655640664565922
D00_S0_C017_T048,organelle,ER,mitochondria,1.680265036926677
D00_S0_C017_T048,organelle,ER,Golgi,1.2601987776950077
D00_S0_C017_T048,organelle,mitochondria,lipid_droplet,1.1201457703096724
D00_S0_C018_T048,organelle,ER,mitochondria,1.636832417687039
D00_S0_C018_T048,organelle,ER,Golgi,1.2276243132652793
D00_S0_C018_T048,organelle,mitochondria,lipid_droplet,1.0962578297278716
D00_S0_C019_T048,organelle,ER,mitochondria,1.5549231874914542
D00_S0_C019_T048,organelle,ER,Golgi,1.1661923906185907
D00_S0_C019_T048,organelle,mitochondria,lipid_droplet,1.0512077531203
D00_S0_C020_T048,organelle,ER,mitochondria,1.7475994257533423
D00_S0_C020_T048,organelle,ER,Golgi,1.3106995693150068
D00_S0_C020_T048,organelle,mitochondria,lipid_droplet,1.1571796841643383
D00_S0_C021_T048,organelle,ER,mitochondria,1.8
D00_S0_C021_T048,organelle,ER,Golgi,1.35
D00_S0_C021_T048,organelle,mitochondria,lipid_droplet,1.1860000000000002
D00_S0_C022_T048,organelle,ER,mitochondria,1.4152565015290888
D00_S0_C022_T048,organelle,ER,Golgi,1.0614423761468166
D00_S0_C022_T048,organelle,mitochondria,lipid_droplet,0.9743910758409988
D00_S0_C023_T048,organelle,ER,mitochondria,1.5146889584010912
D00_S0_C023_T048,organelle,ER,Golgi,1.1360167188008183
D00_S0_C023_T048,organelle,mitochondria,lipid_droplet,1.0290789271206002
D00_S0_C024_T048,organelle,ER,mitochondria,1.4586456614870538
D00_S0_C024_T048,organelle,ER,Golgi,1.0939842461152902
D00_S0_C024_T048,organelle,mitochondria,lipid_droplet,0.9982551138178797
D00_S0_C025_T048,organelle,ER,mitochondria,1.8
D00_S0_C025_T048,organelle,ER,Golgi,1.35
D00_S0_C025_T048,organelle,mitochondria,lipid_droplet,1.1860000000000002
D00_S0_C026_T048,organelle,ER,mitochondria,1.59164860635673
D00_S0_C026_T048,organelle,ER,Golgi,1.1937364547675475
D00_S0_C026_T048,organelle,mitochondria,lipid_droplet,1.0714067334962014
D00_S0_C027_T048,organelle,ER,mitochondria,1.5543855587245428
D00_S0_C027_T048,organelle,ER,Golgi,1.165789169043407
D00_S0_C027_T048,organelle,mitochondria,lipid_droplet,1.0509120572984987
D00_S0_C028_T048,organelle,ER,mitochondria,1.6391791490388588
D00_S0_C028_T048,organelle,ER,Golgi,1.229384361779144
D00_S0_C028_T048,organelle,mitochondria,lipid_droplet,1.0975485319713725
D00_S0_C029_T048,organelle,ER,mitochondria,1.5978952366524102
D00_S0_C029_T048,organelle,ER,Golgi,1.1984214274893077
D00_S0_C029_T048,organelle,mitochondria,lipid_droplet,1.0748423801588256
D00_S0_C030_T048,organelle,ER,mitochondria,1.7608516839889388
D00_S0_C030_T048,organelle,ER,Golgi,1.320638762991704
D00_S0_C030_T048,organelle,mitochondria,lipid_droplet,1.1644684261939164
D00_S0_C031_T048,organelle,ER,mitochondria,1.8
D00_S0_C031_T048,organelle,ER,Golgi,1.35
D00_S0_C031_T048,organelle,mitochondria,lipid_droplet,1.1860000000000002
D00_S0_C032_T048,organelle,ER,mitochondria,1.8
D00_S0_C032_T048,organelle,ER,Golgi,1.35
D00_S0_C032_T048,organelle,mitochondria,lipid_droplet,1.1860000000000002
D00_S0_C033_T048,organelle,ER,mitochondria,1.4831204519676309
D00_S0_C033_T048,organelle,ER,Golgi,1.1123403389757232
D00_S0_C033_T048,organelle,mitochondria,lipid_droplet,1.011716248582197
D00_S0_C034_T048,organelle,ER,mitochondria,1.2720988118514494
D00_S0_C034_T048,organelle,ER,Golgi,0.954074108888587
D00_S0_C034_T048,organelle,mitochondria,lipid_droplet,0.8956543465182971
D00_S0_C035_T048,organelle,ER,mitochondria,1.7682612237920554
D00_S0_C035_T048,organelle,ER,Golgi,1.3261959178440414
D00_S0_C035_T048,organelle,mitochondria,lipid_droplet,1.1685436730856307
D00_S1_C000_T000,organelle,ER,mitochondria,0.42621514079351674
D00_S1_C000_T000,organelle,ER,Golgi,0.31966135559513753
D00_S1_C000_T000,organelle,mitochondria,lipid_droplet,0.3195291201800172
D00_S1_C001_T000,organelle,ER,mitochondria,0.4144887784742189
D00_S1_C001_T000,organelle,ER,Golgi,0.3108665838556642
D00_S1_C001_T000,organelle,mitochondria,lipid_droplet,0.32226127298858176
D00_S1_C002_T000,organelle,ER,mitochondria,0.37191813725786416
D00_S1_C002_T000,organelle,ER,Golgi,0.2789386029433981
D00_S1_C002_T000,organelle,mitochondria,lipid_droplet,0.27064863115370374
D00_S1_C003_T000,organelle,ER,mitochondria,0.7325764073003901
D00_S1_C003_T000,organelle,ER,Golgi,0.5494323054752925
D00_S1_C003_T000,organelle,mitochondria,lipid_droplet,0.4767908400709256
D00_S1_C004_T000,organelle,ER,mitochondria,0.5366097510538712
D00_S1_C004_T000,organelle,ER,Golgi,0.4024573132904034
D00_S1_C004_T000,organelle,mitochondria,lipid_droplet,0.39601733842207054
D00_S1_C005_T000,organelle,ER,mitochondria,0.48424682947050496
D00_S1_C005_T000,organelle,ER,Golgi,0.36318512210287873
D00_S1_C005_T000,organelle,mitochondria,lipid_droplet,0.3380837062582923
D00_S1_C006_T000,organelle,ER,mitochondria,0.5020323589557039
D00_S1_C006_T000,organelle,ER,Golgi,0.3765242692167779
D00_S1_C006_T000,organelle,mitochondria,lipid_droplet,0.370086731615125
D00_S1_C007_T000,organelle,ER,mitochondria,0.6763956569445438
D00_S1_C007_T000,organelle,ER,Golgi,0.5072967427084079
D00_S1_C007_T000,organelle,mitochondria,lipid_droplet,0.4659999734945619
D00_S1_C008_T000,organelle,ER,mitochondria,0.46502513574801835
D00_S1_C008_T000,organelle,ER,Golgi,0.34876885181101375
D00_S1_C008_T000,organelle,mitochondria,lipid_droplet,0.3374677874765759
D00_S1_C009_T000,organelle,ER,mitochondria,0.6514621448546485
D00_S1_C009_T000,organelle,ER,Golgi,0.48859660864098636
D00_S1_C009_T000,organelle,mitochondria,lipid_droplet,0.4675817518996186
D00_S1_C010_T000,organelle,ER,mitochondria,0.5338340945253175
D00_S1_C010_T000,organelle,ER,Golgi,0.4003755708939881
D00_S1_C010_T000,organelle,mitochondria,lipid_droplet,0.37681156933113547
D00_S1_C011_T000,organelle,ER,mitochondria,0.5302467449051765
D00_S1_C011_T000,organelle,ER,Golgi,0.3976850586788824
D00_S1_C011_T000,organelle,mitochondria,lipid_droplet,0.38370587101028536
D00_S1_C012_T000,organelle,ER,mitochondria,0.475723318877099
D00_S1_C012_T000,organelle,ER,Golgi,0.35679248915782424
D00_S1_C012_T000,organelle,mitochondria,lipid_droplet,0.40160779478389197
D00_S1_C013_T000,organelle,ER,mitochondria,0.8267795734101557
D00_S1_C013_T000,organelle,ER,Golgi,0.6200846800576167
D00_S1_C013_T000,organelle,mitochondria,lipid_droplet,0.5461781496385003
D00_S1_C014_T000,organelle,ER,mitochondria,0.583655218258753
D00_S1_C014_T000,organelle,ER,Golgi,0.4377414136940647
D00_S1_C014_T000,organelle,mitochondria,lipid_droplet,0.36477999428440866
D00_S1_C015_T000,organelle,ER,mitochondria,0.5434340993177955
D00_S1_C015_T000,organelle,ER,Golgi,0.40757557448834664
D00_S1_C015_T000,organelle,mitochondria,lipid_droplet,0.3896875673770032
D00_S1_C016_T000,organelle,ER,mitochondria,0.4959892797369407
D00_S1_C016_T000,organelle,ER,Golgi,0.3719919598027055
D00_S1_C016_T000,organelle,mitochondria,lipid_droplet,0.35945549609339983
D00_S1_C017_T000,organelle,ER,mitochondria,0.6118564430867309
D00_S1_C017_T000,organelle,ER,Golgi,0.4588923323150482
D00_S1_C017_T000,organelle,mitochondria,lipid_droplet,0.4472580439306966
D00_S1_C018_T000,organelle,ER,mitochondria,0.49173100086426236
D00_S1_C018_T000,organelle,ER,Golgi,0.36879825064819677
D00_S1_C018_T000,organelle,mitochondria,lipid_droplet,0.3543854866122078
D00_S1_C019_T000,organelle,ER,mitochondria,0.40418443239263946
D00_S1_C019_T000,organelle,ER,Golgi,0.3031383242944796
D00_S1_C019_T000,organelle,mitochondria,lipid_droplet,0.3343685655056241
D00_S1_C020_T000,organelle,ER,mitochondria,0.41470459024927353
D00_S1_C020_T000,organelle,ER,Golgi,0.3110284426869552
D00_S1_C020_T000,organelle,mitochondria,lipid_droplet,0.33276841582099975
D00_S1_C021_T000,organelle,ER,mitochondria,0.7801100596079945
D00_S1_C021_T000,organelle,ER,Golgi,0.5850825447059959
D00_S1_C021_T000,organelle,mitochondria,lipid_droplet,0.5482146052935596
D00_S1_C022_T000,organelle,ER,mitochondria,0.7369148654595458
D00_S1_C022_T000,organelle,ER,Golgi,0.5526861490946593
D00_S1_C022_T000,organelle,mitochondria,lipid_droplet,0.49262194021201
D00_S1_C023_T000,organelle,ER,mitochondria,0.48058536313693656
D00_S1_C023_T000,organelle,ER,Golgi,0.3604390223527024
D00_S1_C023_T000,organelle,mitochondria,lipid_droplet,0.351393014751094
D00_S1_C024_T000,organelle,ER,mitochondria,0.5357897815787257
D00_S1_C024_T000,organelle,ER,Golgi,0.4018423361840443
D00_S1_C024_T000,organelle,mitochondria,lipid_droplet,0.3866929660213582
D00_S1_C025_T000,organelle,ER,mitochondria,0.6839690775668981
D00_S1_C025_T000,organelle,ER,Golgi,0.5129768081751735
D00_S1_C025_T000,organelle,mitochondria,lipid_droplet,0.493614423537188
D00_S1_C026_T000,organelle,ER,mitochondria,0.71830976394966
D00_S1_C026_T000,organelle,ER,Golgi,0.5387323229622449
D00_S1_C026_T000,organelle,mitochondria,lipid_droplet,0.48107363613125864
D00_S1_C027_T000,organelle,ER,mitochondria,0.733438461994391
D00_S1_C027_T000,organelle,ER,Golgi,0.5500788464957933
D00_S1_C027_T000,organelle,mitochondria,lipid_droplet,0.48432898774653366
D00_S1_C028_T000,organelle,ER,mitochondria,0.5408147200079655
D00_S1_C028_T000,organelle,ER,Golgi,0.40561104000597414
D00_S1_C028_T000,organelle,mitochondria,lipid_droplet,0.4024163790291374
D00_S1_C029_T000,organelle,ER,mitochondria,0.4234038493119366
D00_S1_C029_T000,organelle,ER,Golgi,0.31755288698395245
D00_S1_C029_T000,organelle,mitochondria,lipid_droplet,0.3112169972068838
D00_S1_C030_T000,organelle,ER,mitochondria,0.8357756559810138
D00_S1_C030_T000,organelle,ER,Golgi,0.6268317419857603
D00_S1_C030_T000,organelle,mitochondria,lipid_droplet,0.5674105944058117
D00_S1_C031_T000,organelle,ER,mitochondria,0.581037896748862
D00_S1_C031_T000,organelle,ER,Golgi,0.43577842256164645
D00_S1_C031_T000,organelle,mitochondria,lipid_droplet,0.40710727715501943
D00_S1_C032_T000,organelle,ER,mitochondria,0.6667967752880204
D00_S1_C032_T000,organelle,ER,Golgi,0.5000975814660154
D00_S1_C032_T000,organelle,mitochondria,lipid_droplet,0.467477267186475
D00_S1_C033_T000,organelle,ER,mitochondria,0.2109435711769191
D00_S1_C033_T000,organelle,ER,Golgi,0.15820767838268932
D00_S1_C033_T000,organelle,mitochondria,lipid_droplet,0.1930092225076944
D00_S1_C034_T000,organelle,ER,mitochondria,0.2912557631955161
D00_S1_C034_T000,organelle,ER,Golgi,0.21844182239663706
D00_S1_C034_T000,organelle,mitochondria,lipid_droplet,0.21277734040713925
D00_S1_C035_T000,organelle,ER,mitochondria,0.5011532291739862
D00_S1_C035_T000,organelle,ER,Golgi,0.37586492188048964
D00_S1_C035_T000,organelle,mitochondria,lipid_droplet,0.39865406931785835
D00_S1_C000_T012,organelle,ER,mitochondria,0.5983956329926716
D00_S1_C000_T012,organelle,ER,Golgi,0.4487967247445037
D00_S1_C000_T012,organelle,mitochondria,lipid_droplet,0.43587216881858604
D00_S1_C001_T012,organelle,ER,mitochondria,0.5860336572217418
D00_S1_C001_T012,organelle,ER,Golgi,0.43952524291630635
D00_S1_C001_T012,organelle,mitochondria,lipid_droplet,0.45873138904906213
D00_S1_C002_T012,organelle,ER,mitochondria,0.5363566843882697
D00_S1_C002_T012,organelle,ER,Golgi,0.40226751329120225
D00_S1_C002_T012,organelle,mitochondria,lipid_droplet,0.3846954168153383
D00_S1_C003_T012,organelle,ER,mitochondria,0.9136967443776104
D00_S1_C003_T012,organelle,ER,Golgi,0.6852725582832078
D00_S1_C003_T012,organelle,mitochondria,lipid_droplet,0.6195768047381022
D00_S1_C004_T012,organelle,ER,mitochondria,0.7664230980380767
D00_S1_C004_T012,organelle,ER,Golgi,0.5748173235285575
D00_S1_C004_T012,organelle,mitochondria,lipid_droplet,0.559364997408656
D00_S1_C005_T012,organelle,ER,mitochondria,0.6940924059530129
D00_S1_C005_T012,organelle,ER,Golgi,0.5205693044647597
D00_S1_C005_T012,organelle,mitochondria,lipid_droplet,0.48642275378903155
D00_S1_C006_T012,organelle,ER,mitochondria,0.7347603279034958
D00_S1_C006_T012,organelle,ER,Golgi,0.5510702459276218
D00_S1_C006_T012,organelle,mitochondria,lipid_droplet,0.5274303380744609
D00_S1_C007_T012,organelle,ER,mitochondria,0.8866164159305028
D00_S1_C007_T012,organelle,ER,Golgi,0.6649623119478771
D00_S1_C007_T012,organelle,mitochondria,lipid_droplet,0.6113548146659414
D00_S1_C008_T012,organelle,ER,mitochondria,0.7646073157034522
D00_S1_C008_T012,organelle,ER,Golgi,0.5734554867775892
D00_S1_C008_T012,organelle,mitochondria,lipid_droplet,0.5371783683538967
D00_S1_C009_T012,organelle,ER,mitochondria,0.7963954950040556
D00_S1_C009_T012,organelle,ER,Golgi,0.5972966212530417
D00_S1_C009_T012,organelle,mitochondria,lipid_droplet,0.5944182161218489
D00_S1_C010_T012,organelle,ER,mitochondria,0.7129599468048476
D00_S1_C010_T012,organelle,ER,Golgi,0.5347199601036358
D00_S1_C010_T012,organelle,mitochondria,lipid_droplet,0.5114271376309765
D00_S1_C011_T012,organelle,ER,mitochondria,0.7626473913386329
D00_S1_C011_T012,organelle,ER,Golgi,0.5719855435039747
D00_S1_C011_T012,organelle,mitochondria,lipid_droplet,0.5504655135592351
D00_S1_C012_T012,organelle,ER,mitochondria,0.6399507109853986
D00_S1_C012_T012,organelle,ER,Golgi,0.47996303323904893
D00_S1_C012_T012,organelle,mitochondria,lipid_droplet,0.5416348632227302
D00_S1_C013_T012,organelle,ER,mitochondria,1.0093507600193086
D00_S1_C013_T012,organelle,ER,Golgi,0.7570130700144815
D00_S1_C013_T012,organelle,mitochondria,lipid_droplet,0.6928536629946261
D00_S1_C014_T012,organelle,ER,mitochondria,0.7505721432346353
D00_S1_C014_T012,organelle,ER,Golgi,0.5629291074259765
D00_S1_C014_T012,organelle,mitochondria,lipid_droplet,0.49414434064844853
D00_S1_C015_T012,organelle,ER,mitochondria,0.7080733893611411
D00_S1_C015_T012,organelle,ER,Golgi,0.5310550420208557
D00_S1_C015_T012,organelle,mitochondria,lipid_droplet,0.525709368036325
D00_S1_C016_T012,organelle,ER,mitochondria,0.7188092832871233
D00_S1_C016_T012,organelle,ER,Golgi,0.5391069624653425
D00_S1_C016_T012,organelle,mitochondria,lipid_droplet,0.5111061558656329
D00_S1_C017_T012,organelle,ER,mitochondria,0.8092734550248588
D00_S1_C017_T012,organelle,ER,Golgi,0.6069550912686441
D00_S1_C017_T012,organelle,mitochondria,lipid_droplet,0.6065234166032045
D00_S1_C018_T012,organelle,ER,mitochondria,0.6919877417897577
D00_S1_C018_T012,organelle,ER,Golgi,0.5189908063423183
D00_S1_C018_T012,organelle,mitochondria,lipid_droplet,0.5033862841103376
D00_S1_C019_T012,organelle,ER,mitochondria,0.550561539964166
D00_S1_C019_T012,organelle,ER,Golgi,0.41292115497312454
D00_S1_C019_T012,organelle,mitochondria,lipid_droplet,0.4566342585265576
D00_S1_C020_T012,organelle,ER,mitochondria,0.6454054054470627
D00_S1_C020_T012,organelle,ER,Golgi,0.484054054085297
D00_S1_C020_T012,organelle,mitochondria,lipid_droplet,0.507694662236451
D00_S1_C021_T012,organelle,ER,mitochondria,0.9117550411631137
D00_S1_C021_T012,organelle,ER,Golgi,0.6838162808723353
D00_S1_C021_T012,organelle,mitochondria,lipid_droplet,0.6557453728385594
D00_S1_C022_T012,organelle,ER,mitochondria,0.9043982020260595
D00_S1_C022_T012,organelle,ER,Golgi,0.6782986515195446
D00_S1_C022_T012,organelle,mitochondria,lipid_droplet,0.6063145117774034
D00_S1_C023_T012,organelle,ER,mitochondria,0.7470109086996801
D00_S1_C023_T012,organelle,ER,Golgi,0.56025818152476
D00_S1_C023_T012,organelle,mitochondria,lipid_droplet,0.5477356570752518
D00_S1_C024_T012,organelle,ER,mitochondria,0.6631810906352521
D00_S1_C024_T012,organelle,ER,Golgi,0.4973858179764391
D00_S1_C024_T012,organelle,mitochondria,lipid_droplet,0.48890835924515935
D00_S1_C025_T012,organelle,ER,mitochondria,0.8022330493763499
D00_S1_C025_T012,organelle,ER,Golgi,0.6016747870322624
D00_S1_C025_T012,organelle,mitochondria,lipid_droplet,0.5994514582971149
D00_S1_C026_T012,organelle,ER,mitochondria,0.8874672867443524
D00_S1_C026_T012,organelle,ER,Golgi,0.6656004650582643
D00_S1_C026_T012,organelle,mitochondria,lipid_droplet,0.6173741285034579
D00_S1_C027_T012,organelle,ER,mitochondria,0.9429663938061991
D00_S1_C027_T012,organelle,ER,Golgi,0.7072247953546493
D00_S1_C027_T012,organelle,mitochondria,lipid_droplet,0.6462513455523519
D00_S1_C028_T012,organelle,ER,mitochondria,0.8110315411522638
D00_S1_C028_T012,organelle,ER,Golgi,0.6082736558641979
D00_S1_C028_T012,organelle,mitochondria,lipid_droplet,0.6072843376291703
D00_S1_C029_T012,organelle,ER,mitochondria,0.6873067123261201
D00_S1_C029_T012,organelle,ER,Golgi,0.51548003424459
D00_S1_C029_T012,organelle,mitochondria,lipid_droplet,0.5007873737664772
D00_S1_C030_T012,organelle,ER,mitochondria,1.0313127070500314
D00_S1_C030_T012,organelle,ER,Golgi,0.7734845302875235
D00_S1_C030_T012,organelle,mitochondria,lipid_droplet,0.7318521086921023
D00_S1_C031_T012,organelle,ER,mitochondria,0.7095145148460338
D00_S1_C031_T012,organelle,ER,Golgi,0.5321358861345253
D00_S1_C031_T012,organelle,mitochondria,lipid_droplet,0.501281317055245
D00_S1_C032_T012,organelle,ER,mitochondria,0.8372733510688664
D00_S1_C032_T012,organelle,ER,Golgi,0.6279550133016498
D00_S1_C032_T012,organelle,mitochondria,lipid_droplet,0.5946470911185291
D00_S1_C033_T012,organelle,ER,mitochondria,0.38179167323530916
D00_S1_C033_T012,organelle,ER,Golgi,0.2863437549264819
D00_S1_C033_T012,organelle,mitochondria,lipid_droplet,0.29584403800239256
D00_S1_C034_T012,organelle,ER,mitochondria,0.5061925603200523
D00_S1_C034_T012,organelle,ER,Golgi,0.37964442024003925
D00_S1_C034_T012,organelle,mitochondria,lipid_droplet,0.35431482458469976
D00_S1_C035_T012,organelle,ER,mitochondria,0.6938396480925417
D00_S1_C035_T012,organelle,ER,Golgi,0.5203797360694062
D00_S1_C035_T012,organelle,mitochondria,lipid_droplet,0.5452502865490263
D00_S1_C000_T024,organelle,ER,mitochondria,0.9118393564910517
D00_S1_C000_T024,organelle,ER,Golgi,0.6838795173682888
D00_S1_C000_T024,organelle,mitochondria,lipid_droplet,0.6881049614253381
D00_S1_C001_T024,organelle,ER,mitochondria,0.8681851136919767
D00_S1_C001_T024,organelle,ER,Golgi,0.6511388352689825
D00_S1_C001_T024,organelle,mitochondria,lipid_droplet,0.6735018125305872
D00_S1_C002_T024,organelle,ER,mitochondria,0.8769225242661774
D00_S1_C002_T024,organelle,ER,Golgi,0.6576918931996331
D00_S1_C002_T024,organelle,mitochondria,lipid_droplet,0.65234910583074
D00_S1_C003_T024,organelle,ER,mitochondria,1.2464714342939578
D00_S1_C003_T024,organelle,ER,Golgi,0.9348535757204683
D00_S1_C003_T024,organelle,mitochondria,lipid_droplet,0.8782735588550364
D00_S1_C004_T024,organelle,ER,mitochondria,1.0292391064291588
D00_S1_C004_T024,organelle,ER,Golgi,0.7719293298218691
D00_S1_C004_T024,organelle,mitochondria,lipid_droplet,0.7620815085360375
D00_S1_C005_T024,organelle,ER,mitochondria,0.9412703982388644
D00_S1_C005_T024,organelle,ER,Golgi,0.7059527986791483
D00_S1_C005_T024,organelle,mitochondria,lipid_droplet,0.678177528794802
D00_S1_C006_T024,organelle,ER,mitochondria,1.0744457431495131
D00_S1_C006_T024,organelle,ER,Golgi,0.8058343073621348
D00_S1_C006_T024,organelle,mitochondria,lipid_droplet,0.7869451587322323
D00_S1_C007_T024,organelle,ER,mitochondria,1.2213800433145723
D00_S1_C007_T024,organelle,ER,Golgi,0.9160350324859292
D00_S1_C007_T024,organelle,mitochondria,lipid_droplet,0.8677590238230148
D00_S1_C008_T024,organelle,ER,mitochondria,1.124950765596465
D00_S1_C008_T024,organelle,ER,Golgi,0.8437130741973488
D00_S1_C008_T024,organelle,mitochondria,lipid_droplet,0.8147229210780558
D00_S1_C009_T024,organelle,ER,mitochondria,1.1530824983993972
D00_S1_C009_T024,organelle,ER,Golgi,0.8648118737995479
D00_S1_C009_T024,organelle,mitochondria,lipid_droplet,0.8301953741196686
D00_S1_C010_T024,organelle,ER,mitochondria,1.0340821090030285
D00_S1_C010_T024,organelle,ER,Golgi,0.7755615817522714
D00_S1_C010_T024,organelle,mitochondria,lipid_droplet,0.7647451599516657
D00_S1_C011_T024,organelle,ER,mitochondria,1.1000305987837953
D00_S1_C011_T024,organelle,ER,Golgi,0.8250229490878465
D00_S1_C011_T024,organelle,mitochondria,lipid_droplet,0.8010168293310875
D00_S1_C012_T024,organelle,ER,mitochondria,0.9467308185366006
D00_S1_C012_T024,organelle,ER,Golgi,0.7100481139024504
D00_S1_C012_T024,organelle,mitochondria,lipid_droplet,0.7167019501951304
D00_S1_C013_T024,organelle,ER,mitochondria,1.3010046543879288
D00_S1_C013_T024,organelle,ER,Golgi,0.9757534907909466
D00_S1_C013_T024,organelle,mitochondria,lipid_droplet,0.9115525599133609
D00_S1_C014_T024,organelle,ER,mitochondria,1.1017744200133701
D00_S1_C014_T024,organelle,ER,Golgi,0.8263308150100276
D00_S1_C014_T024,organelle,mitochondria,lipid_droplet,0.7673492242894215
D00_S1_C015_T024,organelle,ER,mitochondria,1.0673391183168488
D00_S1_C015_T024,organelle,ER,Golgi,0.8005043387376366
D00_S1_C015_T024,organelle,mitochondria,lipid_droplet,0.7830365150742669
D00_S1_C016_T024,organelle,ER,mitochondria,1.0094965564545393
D00_S1_C016_T024,organelle,ER,Golgi,0.7571224173409045
D00_S1_C016_T024,organelle,mitochondria,lipid_droplet,0.7512231060499968
D00_S1_C017_T024,organelle,ER,mitochondria,1.1752069411166242
D00_S1_C017_T024,organelle,ER,Golgi,0.8814052058374682
D00_S1_C017_T024,organelle,mitochondria,lipid_droplet,0.8423638176141433
D00_S1_C018_T024,organelle,ER,mitochondria,1.073944862894638
D00_S1_C018_T024,organelle,ER,Golgi,0.8054586471709785
D00_S1_C018_T024,organelle,mitochondria,lipid_droplet,0.786669674592051
D00_S1_C019_T024,organelle,ER,mitochondria,0.8857110501894806
D00_S1_C019_T024,organelle,ER,Golgi,0.6642832876421104
D00_S1_C019_T024,organelle,mitochondria,lipid_droplet,0.6831410776042144
D00_S1_C020_T024,organelle,ER,mitochondria,1.0197702771762813
D00_S1_C020_T024,organelle,ER,Golgi,0.764827707882211
D00_S1_C020_T024,organelle,mitochondria,lipid_droplet,0.7568736524469548
D00_S1_C021_T024,organelle,ER,mitochondria,1.1842092488992637
D00_S1_C021_T024,organelle,ER,Golgi,0.8881569366744477
D00_S1_C021_T024,organelle,mitochondria,lipid_droplet,0.8473150868945951
D00_S1_C022_T024,organelle,ER,mitochondria,1.1951112214428574
D00_S1_C022_T024,organelle,ER,Golgi,0.896333416082143
D00_S1_C022_T024,organelle,mitochondria,lipid_droplet,0.8424370962050278
D00_S1_C023_T024,organelle,ER,mitochondria,1.0597828343743267
D00_S1_C023_T024,organelle,ER,Golgi,0.7948371257807451
D00_S1_C023_T024,organelle,mitochondria,lipid_droplet,0.7788805589058798
D00_S1_C024_T024,organelle,ER,mitochondria,0.9549925738236381
D00_S1_C024_T024,organelle,ER,Golgi,0.7162444303677286
D00_S1_C024_T024,organelle,mitochondria,lipid_droplet,0.7212459156030011
D00_S1_C025_T024,organelle,ER,mitochondria,1.1921653681804618
D00_S1_C025_T024,organelle,ER,Golgi,0.8941240261353464
D00_S1_C025_T024,organelle,mitochondria,lipid_droplet,0.851690952499254
D00_S1_C026_T024,organelle,ER,mitochondria,1.2253363221712292
D00_S1_C026_T024,organelle,ER,Golgi,0.9190022416284219
D00_S1_C026_T024,organelle,mitochondria,lipid_droplet,0.8699349771941762
D00_S1_C027_T024,organelle,ER,mitochondria,1.402324501360531
D00_S1_C027_T024,organelle,ER,Golgi,1.0517433760203982
D00_S1_C027_T024,organelle,mitochondria,lipid_droplet,0.9672784757482922
D00_S1_C028_T024,organelle,ER,mitochondria,1.0487358008066046
D00_S1_C028_T024,organelle,ER,Golgi,0.7865518506049534
D00_S1_C028_T024,organelle,mitochondria,lipid_droplet,0.7728046904436325
D00_S1_C029_T024,organelle,ER,mitochondria,0.945912391867132
D00_S1_C029_T024,organelle,ER,Golgi,0.7094342939003491
D00_S1_C029_T024,organelle,mitochondria,lipid_droplet,0.7162518155269226
D00_S1_C030_T024,organelle,ER,mitochondria,1.415854491094663
D00_S1_C030_T024,organelle,ER,Golgi,1.0618908683209973
D00_S1_C030_T024,organelle,mitochondria,lipid_droplet,0.9747199701020648
D00_S1_C031_T024,organelle,ER,mitochondria,0.9562134689850732
D00_S1_C031_T024,organelle,ER,Golgi,0.717160101738805
D00_S1_C031_T024,organelle,mitochondria,lipid_droplet,0.70656485715015
D00_S1_C032_T024,organelle,ER,mitochondria,1.062866331089243
D00_S1_C032_T024,organelle,ER,Golgi,0.7971497483169323
D00_S1_C032_T024,organelle,mitochondria,lipid_droplet,0.7805764820990837
D00_S1_C033_T024,organelle,ER,mitochondria,0.6942697513633467
D00_S1_C033_T024,organelle,ER,Golgi,0.52070231352251
D00_S1_C033_T024,organelle,mitochondria,lipid_droplet,0.5244653696074875
D00_S1_C034_T024,organelle,ER,mitochondria,0.8226812695809187
D00_S1_C034_T024,organelle,ER,Golgi,0.617010952185689
D00_S1_C034_T024,organelle,mitochondria,lipid_droplet,0.6073148574166722
D00_S1_C035_T024,organelle,ER,mitochondria,1.0097106103879454
D00_S1_C035_T024,organelle,ER,Golgi,0.757282957790959
D00_S1_C035_T024,organelle,mitochondria,lipid_droplet,0.75134083571337
D00_S1_C000_T048,organelle,ER,mitochondria,1.4807210488723794
D00_S1_C000_T048,organelle,ER,Golgi,1.1105407866542847
D00_S1_C000_T048,organelle,mitochondria,lipid_droplet,1.0103965768798087
D00_S1_C001_T048,organelle,ER,mitochondria,1.4995397396818124
D00_S1_C001_T048,organelle,ER,Golgi,1.1246548047613594
D00_S1_C001_T048,organelle,mitochondria,lipid_droplet,1.0207468568249969
D00_S1_C002_T048,organelle,ER,mitochondria,1.4919597213095008
D00_S1_C002_T048,organelle,ER,Golgi,1.1189697909821257
D00_S1_C002_T048,organelle,mitochondria,lipid_droplet,1.0165778467202256
D00_S1_C003_T048,organelle,ER,mitochondria,1.7941231524541275
D00_S1_C003_T048,organelle,ER,Golgi,1.3455923643405956
D00_S1_C003_T048,organelle,mitochondria,lipid_droplet,1.1827677338497702
D00_S1_C004_T048,organelle,ER,mitochondria,1.5899361827880318
D00_S1_C004_T048,organelle,ER,Golgi,1.192452137091024
D00_S1_C004_T048,organelle,mitochondria,lipid_droplet,1.0704649005334177
D00_S1_C005_T048,organelle,ER,mitochondria,1.4606040796719775
D00_S1_C005_T048,organelle,ER,Golgi,1.095453059753983
D00_S1_C005_T048,organelle,mitochondria,lipid_droplet,0.9993322438195877
D00_S1_C006_T048,organelle,ER,mitochondria,1.6590195947057513
D00_S1_C006_T048,organelle,ER,Golgi,1.2442646960293136
D00_S1_C006_T048,organelle,mitochondria,lipid_droplet,1.1084607770881634
D00_S1_C007_T048,organelle,ER,mitochondria,1.6889409837816176
D00_S1_C007_T048,organelle,ER,Golgi,1.2667057378362132
D00_S1_C007_T048,organelle,mitochondria,lipid_droplet,1.1249175410798897
D00_S1_C008_T048,organelle,ER,mitochondria,1.7215947541761585
D00_S1_C008_T048,organelle,ER,Golgi,1.2911960656321189
D00_S1_C008_T048,organelle,mitochondria,lipid_droplet,1.1428771147968873
D00_S1_C009_T048,organelle,ER,mitochondria,1.6495044026990366
D00_S1_C009_T048,organelle,ER,Golgi,1.2371283020242774
D00_S1_C009_T048,organelle,mitochondria,lipid_droplet,1.1032274214844702
D00_S1_C010_T048,organelle,ER,mitochondria,1.5869595593066124
D00_S1_C010_T048,organelle,ER,Golgi,1.1902196694799594
D00_S1_C010_T048,organelle,mitochondria,lipid_droplet,1.068827757618637
D00_S1_C011_T048,organelle,ER,mitochondria,1.685683616874329
D00_S1_C011_T048,organelle,ER,Golgi,1.2642627126557469
D00_S1_C011_T048,organelle,mitochondria,lipid_droplet,1.123125989280881
D00_S1_C012_T048,organelle,ER,mitochondria,1.4844428190261194
D00_S1_C012_T048,organelle,ER,Golgi,1.1133321142695896
D00_S1_C012_T048,organelle,mitochondria,lipid_droplet,1.0124435504643658
D00_S1_C013_T048,organelle,ER,mitochondria,1.8
D00_S1_C013_T048,organelle,ER,Golgi,1.35
D00_S1_C013_T048,organelle,mitochondria,lipid_droplet,1.1860000000000002
D00_S1_C014_T048,organelle,ER,mitochondria,1.6799979096456494
D00_S1_C014_T048,organelle,ER,Golgi,1.259998432234237
D00_S1_C014_T048,organelle,mitochondria,lipid_droplet,1.1199988503051073
D00_S1_C015_T048,organelle,ER,mitochondria,1.5682186305265298
D00_S1_C015_T048,organelle,ER,Golgi,1.1761639728948974
D00_S1_C015_T048,organelle,mitochondria,lipid_droplet,1.0585202467895916
D00_S1_C016_T048,organelle,ER,mitochondria,1.6039141621861543
D00_S1_C016_T048,organelle,ER,Golgi,1.2029356216396159
D00_S1_C016_T048,organelle,mitochondria,lipid_droplet,1.078152789202385
D00_S1_C017_T048,organelle,ER,mitochondria,1.6233410147686558
D00_S1_C017_T048,organelle,ER,Golgi,1.2175057610764919
D00_S1_C017_T048,organelle,mitochondria,lipid_droplet,1.0888375581227607
D00_S1_C018_T048,organelle,ER,mitochondria,1.6353297691877131
D00_S1_C018_T048,organelle,ER,Golgi,1.2264973268907848
D00_S1_C018_T048,organelle,mitochondria,lipid_droplet,1.0954313730532423
D00_S1_C019_T048,organelle,ER,mitochondria,1.5012863576999975
D00_S1_C019_T048,organelle,ER,Golgi,1.125964768274998
D00_S1_C019_T048,organelle,mitochondria,lipid_droplet,1.0217074967349986
D00_S1_C020_T048,organelle,ER,mitochondria,1.463634864339924
D00_S1_C020_T048,organelle,ER,Golgi,1.097726148254943
D00_S1_C020_T048,organelle,mitochondria,lipid_droplet,1.0009991753869583
D00_S1_C021_T048,organelle,ER,mitochondria,1.715173508470151
D00_S1_C021_T048,organelle,ER,Golgi,1.286380131352613
D00_S1_C021_T048,organelle,mitochondria,lipid_droplet,1.139345429658583
D00_S1_C022_T048,organelle,ER,mitochondria,1.8
D00_S1_C022_T048,organelle,ER,Golgi,1.35
D00_S1_C022_T048,organelle,mitochondria,lipid_droplet,1.1860000000000002
D00_S1_C023_T048,organelle,ER,mitochondria,1.6530003344457278
D00_S1_C023_T048,organelle,ER,Golgi,1.239750250834296
D00_S1_C023_T048,organelle,mitochondria,lipid_droplet,1.1051501839451503
D00_S1_C024_T048,organelle,ER,mitochondria,1.5364632154391877
D00_S1_C024_T048,organelle,ER,Golgi,1.1523474115793908
D00_S1_C024_T048,organelle,mitochondria,lipid_droplet,1.0410547684915534
D00_S1_C025_T048,organelle,ER,mitochondria,1.6956563329249092
D00_S1_C025_T048,organelle,ER,Golgi,1.2717422496936819
D00_S1_C025_T048,organelle,mitochondria,lipid_droplet,1.1286109831087001
D00_S1_C026_T048,organelle,ER,mitochondria,1.7866433669327715
D00_S1_C026_T048,organelle,ER,Golgi,1.3399825251995785
D00_S1_C026_T048,organelle,mitochondria,lipid_droplet,1.1786538518130245
D00_S1_C027_T048,organelle,ER,mitochondria,1.8
D00_S1_C027_T048,organelle,ER,Golgi,1.35
D00_S1_C027_T048,organelle,mitochondria,lipid_droplet,1.1860000000000002
D00_S1_C028_T048,organelle,ER,mitochondria,1.6289589142216474
D00_S1_C028_T048,organelle,ER,Golgi,1.2217191856662355
D00_S1_C028_T048,organelle,mitochondria,lipid_droplet,1.0919274028219061
D00_S1_C029_T048,organelle,ER,mitochondria,1.5212662789661355
D00_S1_C029_T048,organelle,ER,Golgi,1.1409497092246017
D00_S1_C029_T048,organelle,mitochondria,lipid_droplet,1.0326964534313747
D00_S1_C030_T048,organelle,ER,mitochondria,1.8
D00_S1_C030_T048,organelle,ER,Golgi,1.35
D00_S1_C030_T048,organelle,mitochondria,lipid_droplet,1.1860000000000002
D00_S1_C031_T048,organelle,ER,mitochondria,1.5184022022373473
D00_S1_C031_T048,organelle,ER,Golgi,1.1388016516780106
D00_S1_C031_T048,organelle,mitochondria,lipid_droplet,1.031121211230541
D00_S1_C032_T048,organelle,ER,mitochondria,1.690801598963201
D00_S1_C032_T048,organelle,ER,Golgi,1.2681011992224007
D00_S1_C032_T048,organelle,mitochondria,lipid_droplet,1.1259408794297607
D00_S1_C033_T048,organelle,ER,mitochondria,1.289684836499984
D00_S1_C033_T048,organelle,ER,Golgi,0.9672636273749879
D00_S1_C033_T048,organelle,mitochondria,lipid_droplet,0.9053266600749912
D00_S1_C034_T048,organelle,ER,mitochondria,1.4464909142992193
D00_S1_C034_T048,organelle,ER,Golgi,1.0848681857244145
D00_S1_C034_T048,organelle,mitochondria,lipid_droplet,0.9915700028645706
D00_S1_C035_T048,organelle,ER,mitochondria,1.4788092601861524
D00_S1_C035_T048,organelle,ER,Golgi,1.1091069451396143
D00_S1_C035_T048,organelle,mitochondria,lipid_droplet,1.009345093102384
D01_S0_C000_T000,organelle,ER,mitochondria,0.4239841996624004
D01_S0_C000_T000,organelle,ER,Golgi,0.31798814974680034
D01_S0_C000_T000,organelle,mitochondria,lipid_droplet,0.2598431081502957
D01_S0_C001_T000,organelle,ER,mitochondria,0.821911484207377
D01_S0_C001_T000,organelle,ER,Golgi,0.6164336131555328
D01_S0_C001_T000,organelle,mitochondria,lipid_droplet,0.5229749798366135
D01_S0_C002_T000,organelle,ER,mitochondria,0.3778582811927291
D01_S0_C002_T000,organelle,ER,Golgi,0.2833937108945468
D01_S0_C002_T000,organelle,mitochondria,lipid_droplet,0.25809631962445334
D01_S0_C003_T000,organelle,ER,mitochondria,0.5256957878210783
D01_S0_C003_T000,organelle,ER,Golgi,0.3942718408658087
D01_S0_C003_T000,organelle,mitochondria,lipid_droplet,0.3651917175028855
D01_S0_C004_T000,organelle,ER,mitochondria,0.5081130546183064
D01_S0_C004_T000,organelle,ER,Golgi,0.38108479096372977
D01_S0_C004_T000,organelle,mitochondria,lipid_droplet,0.32037220235628233
D01_S0_C005_T000,organelle,ER,mitochondria,0.8510504722796621
D01_S0_C005_T000,organelle,ER,Golgi,0.6382878542097465
D01_S0_C005_T000,organelle,mitochondria,lipid_droplet,0.5314288620543679
D01_S0_C006_T000,organelle,ER,mitochondria,0.41225262684217306
D01_S0_C006_T000,organelle,ER,Golgi,0.3091894701316298
D01_S0_C006_T000,organelle,mitochondria,lipid_droplet,0.2480500943701085
D01_S0_C007_T000,organelle,ER,mitochondria,0.8999134285291434
D01_S0_C007_T000,organelle,ER,Golgi,0.6749350713968575
D01_S0_C007_T000,organelle,mitochondria,lipid_droplet,0.5580250462066763
D01_S0_C008_T000,organelle,ER,mitochondria,0.7475721780669644
D01_S0_C008_T000,organelle,ER,Golgi,0.5606791335502233
D01_S0_C008_T000,organelle,mitochondria,lipid_droplet,0.441177953412114
D01_S0_C009_T000,organelle,ER,mitochondria,0.7643793412655219
D01_S0_C009_T000,organelle,ER,Golgi,0.5732845059491414
D01_S0_C009_T000,organelle,mitochondria,lipid_droplet,0.48921407392411287
D01_S0_C010_T000,organelle,ER,mitochondria,0.6437903319751549
D01_S0_C010_T000,organelle,ER,Golgi,0.48284274898136614
D01_S0_C010_T000,organelle,mitochondria,lipid_droplet,0.3818986215028643
D01_S0_C011_T000,organelle,ER,mitochondria,0.6793706435435141
D01_S0_C011_T000,organelle,ER,Golgi,0.5095279826576355
D01_S0_C011_T000,organelle,mitochondria,lipid_droplet,0.4407955247134268
D01_S0_C012_T000,organelle,ER,mitochondria,0.4875480448927978
D01_S0_C012_T000,organelle,ER,Golgi,0.36566103366959835
D01_S0_C012_T000,organelle,mitochondria,lipid_droplet,0.3073387235973696
D01_S0_C013_T000,organelle,ER,mitochondria,0.48176263306766004
D01_S0_C013_T000,organelle,ER,Golgi,0.361321974800745
D01_S0_C013_T000,organelle,mitochondria,lipid_droplet,0.31247537911130746
D01_S0_C014_T000,organelle,ER,mitochondria,0.9186511651958171
D01_S0_C014_T000,organelle,ER,Golgi,0.6889883738968628
D01_S0_C014_T000,organelle,mitochondria,lipid_droplet,0.5753295593753824
D01_S0_C015_T000,organelle,ER,mitochondria,0.6383782399527795
D01_S0_C015_T000,organelle,ER,Golgi,0.47878367996458465
D01_S0_C015_T000,organelle,mitochondria,lipid_droplet,0.3887626216720996
D01_S0_C016_T000,organelle,ER,mitochondria,0.6247618115224701
D01_S0_C016_T000,organelle,ER,Golgi,0.4685713586418526
D01_S0_C016_T000,organelle,mitochondria,lipid_droplet,0.3878158409535733
D01_S0_C017_T000,organelle,ER,mitochondria,0.2779545611037433
D01_S0_C017_T000,organelle,ER,Golgi,0.20846592082780746
D01_S0_C017_T000,organelle,mitochondria,lipid_droplet,0.16328727351419184
D01_S0_C018_T000,organelle,ER,mitochondria,0.4432694460873872
D01_S0_C018_T000,organelle,ER,Golgi,0.33245208456554043
D01_S0_C018_T000,organelle,mitochondria,lipid_droplet,0.24911415116199156
D01_S0_C019_T000,organelle,ER,mitochondria,0.463750904003913
D01_S0_C019_T000,organelle,ER,Golgi,0.34781317800293476
D01_S0_C019_T000,organelle,mitochondria,lipid_droplet,0.30230996356237827
D01_S0_C020_T000,organelle,ER,mitochondria,0.41578143227080694
D01_S0_C020_T000,organelle,ER,Golgi,0.3118360742031052
D01_S0_C020_T000,organelle,mitochondria,lipid_droplet,0.2733672282870402
D01_S0_C021_T000,organelle,ER,mitochondria,0.39830326554375417
D01_S0_C021_T000,organelle,ER,Golgi,0.2987274491578156
D01_S0_C021_T000,organelle,mitochondria,lipid_droplet,0.24096615439724905
D01_S0_C022_T000,organelle,ER,mitochondria,0.5055099120298671
D01_S0_C022_T000,organelle,ER,Golgi,0.37913243402240027
D01_S0_C022_T000,organelle,mitochondria,lipid_droplet,0.3416927022447697
D01_S0_C023_T000,organelle,ER,mitochondria,0.6615888229298633
D01_S0_C023_T000,organelle,ER,Golgi,0.49619161719739746
D01_S0_C023_T000,organelle,mitochondria,lipid_droplet,0.4262477934204131
D01_S0_C024_T000,organelle,ER,mitochondria,0.4812616766208366
D01_S0_C024_T000,organelle,ER,Golgi,0.3609462574656274
D01_S0_C024_T000,organelle,mitochondria,lipid_droplet,0.2878310124861689
D01_S0_C025_T000,organelle,ER,mitochondria,0.782018101323577
D01_S0_C025_T000,organelle,ER,Golgi,0.5865135759926827
D01_S0_C025_T000,organelle,mitochondria,lipid_droplet,0.4891396985340043
D01_S0_C026_T000,organelle,ER,mitochondria,0.8728648044995951
D01_S0_C026_T000,organelle,ER,Golgi,0.6546486033746963
D01_S0_C026_T000,organelle,mitochondria,lipid_droplet,0.5319848273520041
D01_S0_C027_T000,organelle,ER,mitochondria,0.5884068968091143
D01_S0_C027_T000,organelle,ER,Golgi,0.4413051726068357
D01_S0_C027_T000,organelle,mitochondria,lipid_droplet,0.39897785739981245
D01_S0_C028_T000,organelle,ER,mitochondria,0.320971647283515
D01_S0_C028_T000,organelle,ER,Golgi,0.24072873546263626
D01_S0_C028_T000,organelle,mitochondria,lipid_droplet,0.16497599189768217
D01_S0_C029_T000,organelle,ER,mitochondria,0.4958078204249363
D01_S0_C029_T000,organelle,ER,Golgi,0.37185586531870224
D01_S0_C029_T000,organelle,mitochondria,lipid_droplet,0.35276630837310496
D01_S0_C030_T000,organelle,ER,mitochondria,0.5520412123983158
D01_S0_C030_T000,organelle,ER,Golgi,0.41403090929873687
D01_S0_C030_T000,organelle,mitochondria,lipid_droplet,0.371402794497502
D01_S0_C031_T000,organelle,ER,mitochondria,0.34528843323260855
D01_S0_C031_T000,organelle,ER,Golgi,0.2589663249244564
D01_S0_C031_T000,organelle,mitochondria,lipid_droplet,0.25657005522930143
D01_S0_C032_T000,organelle,ER,mitochondria,0.37099962478081916
D01_S0_C032_T000,organelle,ER,Golgi,0.27824971858561437
D01_S0_C032_T000,organelle,mitochondria,lipid_droplet,0.22873138227944875
D01_S0_C033_T000,organelle,ER,mitochondria,0.6487078975672838
D01_S0_C033_T000,organelle,ER,Golgi,0.4865309231754628
D01_S0_C033_T000,organelle,mitochondria,lipid_droplet,0.39031655397342063
D01_S0_C034_T000,organelle,ER,mitochondria,0.7107995654129405
D01_S0_C034_T000,organelle,ER,Golgi,0.5330996740597054
D01_S0_C034_T000,organelle,mitochondria,lipid_droplet,0.46023059419853396
D01_S0_C035_T000,organelle,ER,mitochondria,0.7403094339937284
D01_S0_C035_T000,organelle,ER,Golgi,0.5552320754952963
D01_S0_C035_T000,organelle,mitochondria,lipid_droplet,0.4697893318884951
D01_S0_C000_T012,organelle,ER,mitochondria,0.6746395941322804
D01_S0_C000_T012,organelle,ER,Golgi,0.5059796955992103
D01_S0_C000_T012,organelle,mitochondria,lipid_droplet,0.4546753689419244
D01_S0_C001_T012,organelle,ER,mitochondria,1.104564200747974
D01_S0_C001_T012,organelle,ER,Golgi,0.8284231505609805
D01_S0_C001_T012,organelle,mitochondria,lipid_droplet,0.7433665007471271
D01_S0_C002_T012,organelle,ER,mitochondria,0.6780286314444514
D01_S0_C002_T012,organelle,ER,Golgi,0.5085214735833385
D01_S0_C002_T012,organelle,mitochondria,lipid_droplet,0.4710056206156762
D01_S0_C003_T012,organelle,ER,mitochondria,0.7705020795699838
D01_S0_C003_T012,organelle,ER,Golgi,0.5778765596774879
D01_S0_C003_T012,organelle,mitochondria,lipid_droplet,0.5715239064444219
D01_S0_C004_T012,organelle,ER,mitochondria,0.710073158570134
D01_S0_C004_T012,organelle,ER,Golgi,0.5325548689276005
D01_S0_C004_T012,organelle,mitochondria,lipid_droplet,0.46725795598605674
D01_S0_C005_T012,organelle,ER,mitochondria,1.0673118975103493
D01_S0_C005_T012,organelle,ER,Golgi,0.800483923132762
D01_S0_C005_T012,organelle,mitochondria,lipid_droplet,0.7154821498923993
D01_S0_C006_T012,organelle,ER,mitochondria,0.6547331029691974
D01_S0_C006_T012,organelle,ER,Golgi,0.49104982722689805
D01_S0_C006_T012,organelle,mitochondria,lipid_droplet,0.4313678217934493
D01_S0_C007_T012,organelle,ER,mitochondria,1.1714028227897841
D01_S0_C007_T012,organelle,ER,Golgi,0.878552117092338
D01_S0_C007_T012,organelle,mitochondria,lipid_droplet,0.7721400431368732
D01_S0_C008_T012,organelle,ER,mitochondria,1.0366387408098232
D01_S0_C008_T012,organelle,ER,Golgi,0.7774790556073674
D01_S0_C008_T012,organelle,mitochondria,lipid_droplet,0.658618905930067
D01_S0_C009_T012,organelle,ER,mitochondria,1.0866483575629617
D01_S0_C009_T012,organelle,ER,Golgi,0.8149862681722213
D01_S0_C009_T012,organelle,mitochondria,lipid_droplet,0.7410277309333044
D01_S0_C010_T012,organelle,ER,mitochondria,0.8600261380247026
D01_S0_C010_T012,organelle,ER,Golgi,0.6450196035185269
D01_S0_C010_T012,organelle,mitochondria,lipid_droplet,0.5525220226847529
D01_S0_C011_T012,organelle,ER,mitochondria,0.8928837544616467
D01_S0_C011_T012,organelle,ER,Golgi,0.669662815846235
D01_S0_C011_T012,organelle,mitochondria,lipid_droplet,0.6148940441232236
D01_S0_C012_T012,organelle,ER,mitochondria,0.6781409146816203
D01_S0_C012_T012,organelle,ER,Golgi,0.5086056860112153
D01_S0_C012_T012,organelle,mitochondria,lipid_droplet,0.4407200924863058
D01_S0_C013_T012,organelle,ER,mitochondria,0.7993608693639878
D01_S0_C013_T012,organelle,ER,Golgi,0.5995206520229908
D01_S0_C013_T012,organelle,mitochondria,lipid_droplet,0.5518399368130065
D01_S0_C014_T012,organelle,ER,mitochondria,1.2443316908673616
D01_S0_C014_T012,organelle,ER,Golgi,0.9332487681505213
D01_S0_C014_T012,organelle,mitochondria,lipid_droplet,0.823403892800356
D01_S0_C015_T012,organelle,ER,mitochondria,0.8208463168360786
D01_S0_C015_T012,organelle,ER,Golgi,0.6156347376270589
D01_S0_C015_T012,organelle,mitochondria,lipid_droplet,0.534421156947083
D01_S0_C016_T012,organelle,ER,mitochondria,0.95516193720504
D01_S0_C016_T012,organelle,ER,Golgi,0.7163714529037799
D01_S0_C016_T012,organelle,mitochondria,lipid_droplet,0.6177027729039716
D01_S0_C017_T012,organelle,ER,mitochondria,0.5244459300476697
D01_S0_C017_T012,organelle,ER,Golgi,0.3933344475357523
D01_S0_C017_T012,organelle,mitochondria,lipid_droplet,0.3285957501686271
D01_S0_C018_T012,organelle,ER,mitochondria,0.6935576985470223
D01_S0_C018_T012,organelle,ER,Golgi,0.5201682739102668
D01_S0_C018_T012,organelle,mitochondria,lipid_droplet,0.44597343126974087
D01_S0_C019_T012,organelle,ER,mitochondria,0.6544633459036314
D01_S0_C019_T012,organelle,ER,Golgi,0.4908475094277236
D01_S0_C019_T012,organelle,mitochondria,lipid_droplet,0.4621742821648118
D01_S0_C020_T012,organelle,ER,mitochondria,0.7144119913749946
D01_S0_C020_T012,organelle,ER,Golgi,0.5358089935312459
D01_S0_C020_T012,organelle,mitochondria,lipid_droplet,0.49491071620088756
D01_S0_C021_T012,organelle,ER,mitochondria,0.6848072796496816
D01_S0_C021_T012,organelle,ER,Golgi,0.5136054597372612
D01_S0_C021_T012,organelle,mitochondria,lipid_droplet,0.43364561496799625
D01_S0_C022_T012,organelle,ER,mitochondria,0.7712853953816663
D01_S0_C022_T012,organelle,ER,Golgi,0.5784640465362497
D01_S0_C022_T012,organelle,mitochondria,lipid_droplet,0.5449532865710761
D01_S0_C023_T012,organelle,ER,mitochondria,0.8289973260993954
D01_S0_C023_T012,organelle,ER,Golgi,0.6217479945745465
D01_S0_C023_T012,organelle,mitochondria,lipid_droplet,0.5576881758212979
D01_S0_C024_T012,organelle,ER,mitochondria,0.8574575492707275
D01_S0_C024_T012,organelle,ER,Golgi,0.6430931619530456
D01_S0_C024_T012,organelle,mitochondria,lipid_droplet,0.5530065347747161
D01_S0_C025_T012,organelle,ER,mitochondria,1.0347519537403223
D01_S0_C025_T012,organelle,ER,Golgi,0.7760639653052417
D01_S0_C025_T012,organelle,mitochondria,lipid_droplet,0.6871012280005842
D01_S0_C026_T012,organelle,ER,mitochondria,1.1519803904300234
D01_S0_C026_T012,organelle,ER,Golgi,0.8639852928225176
D01_S0_C026_T012,organelle,mitochondria,lipid_droplet,0.7475426596276947
D01_S0_C027_T012,organelle,ER,mitochondria,0.7888854689172685
D01_S0_C027_T012,organelle,ER,Golgi,0.5916641016879514
D01_S0_C027_T012,organelle,mitochondria,lipid_droplet,0.5534369416732148
D01_S0_C028_T012,organelle,ER,mitochondria,0.5365662352880243
D01_S0_C028_T012,organelle,ER,Golgi,0.4024246764660182
D01_S0_C028_T012,organelle,mitochondria,lipid_droplet,0.3272133668024114
D01_S0_C029_T012,organelle,ER,mitochondria,0.7605649112465079
D01_S0_C029_T012,organelle,ER,Golgi,0.5704236834348809
D01_S0_C029_T012,organelle,mitochondria,lipid_droplet,0.5626563198559538
D01_S0_C030_T012,organelle,ER,mitochondria,0.8764589645495107
D01_S0_C030_T012,organelle,ER,Golgi,0.6573442234121329
D01_S0_C030_T012,organelle,mitochondria,lipid_droplet,0.6146977643574866
D01_S0_C031_T012,organelle,ER,mitochondria,0.6606030237332428
D01_S0_C031_T012,organelle,ER,Golgi,0.49545226779993207
D01_S0_C031_T012,organelle,mitochondria,lipid_droplet,0.48226200547272363
D01_S0_C032_T012,organelle,ER,mitochondria,0.6166614895514322
D01_S0_C032_T012,organelle,ER,Golgi,0.46249611716357414
D01_S0_C032_T012,organelle,mitochondria,lipid_droplet,0.40759554244407087
D01_S0_C033_T012,organelle,ER,mitochondria,0.900035824010567
D01_S0_C033_T012,organelle,ER,Golgi,0.6750268680079252
D01_S0_C033_T012,organelle,mitochondria,lipid_droplet,0.584875303732358
D01_S0_C034_T012,organelle,ER,mitochondria,0.985005606360456
D01_S0_C034_T012,organelle,ER,Golgi,0.7387542047703419
D01_S0_C034_T012,organelle,mitochondria,lipid_droplet,0.6730324300387709
D01_S0_C035_T012,organelle,ER,mitochondria,0.9040813341316462
D01_S0_C035_T012,organelle,ER,Golgi,0.6780610005987346
D01_S0_C035_T012,organelle,mitochondria,lipid_droplet,0.6123991533607669
D01_S0_C000_T024,organelle,ER,mitochondria,1.162533933338518
D01_S0_C000_T024,organelle,ER,Golgi,0.8719004500038885
D01_S0_C000_T024,organelle,mitochondria,lipid_droplet,0.8353936633361849
D01_S0_C001_T024,organelle,ER,mitochondria,1.522159164402739
D01_S0_C001_T024,organelle,ER,Golgi,1.1416193733020543
D01_S0_C001_T024,organelle,mitochondria,lipid_droplet,1.0331875404215065
D01_S0_C002_T024,organelle,ER,mitochondria,1.0633759550174113
D01_S0_C002_T024,organelle,ER,Golgi,0.7975319662630584
D01_S0_C002_T024,organelle,mitochondria,lipid_droplet,0.7808567752595763
D01_S0_C003_T024,organelle,ER,mitochondria,1.1380584385436385
D01_S0_C003_T024,organelle,ER,Golgi,0.8535438289077288
D01_S0_C003_T024,organelle,mitochondria,lipid_droplet,0.8219321411990013
D01_S0_C004_T024,organelle,ER,mitochondria,1.1364666014011389
D01_S0_C004_T024,organelle,ER,Golgi,0.8523499510508541
D01_S0_C004_T024,organelle,mitochondria,lipid_droplet,0.7975771215289521
D01_S0_C005_T024,organelle,ER,mitochondria,1.4864142000474454
D01_S0_C005_T024,organelle,ER,Golgi,1.114810650035584
D01_S0_C005_T024,organelle,mitochondria,lipid_droplet,1.013527810026095
D01_S0_C006_T024,organelle,ER,mitochondria,1.1281265626323878
D01_S0_C006_T024,organelle,ER,Golgi,0.8460949219742908
D01_S0_C006_T024,organelle,mitochondria,lipid_droplet,0.7997360218299858
D01_S0_C007_T024,organelle,ER,mitochondria,1.5978722436953008
D01_S0_C007_T024,organelle,ER,Golgi,1.1984041827714755
D01_S0_C007_T024,organelle,mitochondria,lipid_droplet,1.0748297340324156
D01_S0_C008_T024,organelle,ER,mitochondria,1.4531466046927055
D01_S0_C008_T024,organelle,ER,Golgi,1.0898599535195292
D01_S0_C008_T024,organelle,mitochondria,lipid_droplet,0.9952306325809881
D01_S0_C009_T024,organelle,ER,mitochondria,1.454774781544008
D01_S0_C009_T024,organelle,ER,Golgi,1.091081086158006
D01_S0_C009_T024,organelle,mitochondria,lipid_droplet,0.9961261298492043
D01_S0_C010_T024,organelle,ER,mitochondria,1.266094281509279
D01_S0_C010_T024,organelle,ER,Golgi,0.9495707111319593
D01_S0_C010_T024,organelle,mitochondria,lipid_droplet,0.8739140843730888
D01_S0_C011_T024,organelle,ER,mitochondria,1.2904718179546169
D01_S0_C011_T024,organelle,ER,Golgi,0.9678538634659626
D01_S0_C011_T024,organelle,mitochondria,lipid_droplet,0.9057594998750393
D01_S0_C012_T024,organelle,ER,mitochondria,1.0377628370504872
D01_S0_C012_T024,organelle,ER,Golgi,0.7783221277878654
D01_S0_C012_T024,organelle,mitochondria,lipid_droplet,0.7223535029112613
D01_S0_C013_T024,organelle,ER,mitochondria,1.2620101783881696
D01_S0_C013_T024,organelle,ER,Golgi,0.9465076337911272
D01_S0_C013_T024,organelle,mitochondria,lipid_droplet,0.8901055981134933
D01_S0_C014_T024,organelle,ER,mitochondria,1.581431531416383
D01_S0_C014_T024,organelle,ER,Golgi,1.1860736485622871
D01_S0_C014_T024,organelle,mitochondria,lipid_droplet,1.0657873422790107
D01_S0_C015_T024,organelle,ER,mitochondria,1.2388386500644886
D01_S0_C015_T024,organelle,ER,Golgi,0.9291289875483664
D01_S0_C015_T024,organelle,mitochondria,lipid_droplet,0.8674495905227173
D01_S0_C016_T024,organelle,ER,mitochondria,1.370750747726497
D01_S0_C016_T024,organelle,ER,Golgi,1.0280630607948729
D01_S0_C016_T024,organelle,mitochondria,lipid_droplet,0.9499129112495734
D01_S0_C017_T024,organelle,ER,mitochondria,0.8727369486960256
D01_S0_C017_T024,organelle,ER,Golgi,0.6545527115220192
D01_S0_C017_T024,organelle,mitochondria,lipid_droplet,0.6070602031468204
D01_S0_C018_T024,organelle,ER,mitochondria,1.107548079468661
D01_S0_C018_T024,organelle,ER,Golgi,0.8306610596014957
D01_S0_C018_T024,organelle,mitochondria,lipid_droplet,0.7670118614624578
D01_S0_C019_T024,organelle,ER,mitochondria,1.0563969914170879
D01_S0_C019_T024,organelle,ER,Golgi,0.7922977435628159
D01_S0_C019_T024,organelle,mitochondria,lipid_droplet,0.7770183452793984
D01_S0_C020_T024,organelle,ER,mitochondria,1.144103837018824
D01_S0_C020_T024,organelle,ER,Golgi,0.8580778777641179
D01_S0_C020_T024,organelle,mitochondria,lipid_droplet,0.8252571103603532
D01_S0_C021_T024,organelle,ER,mitochondria,1.0781818147844104
D01_S0_C021_T024,organelle,ER,Golgi,0.8086363610883078
D01_S0_C021_T024,organelle,mitochondria,lipid_droplet,0.7598844509943681
D01_S0_C022_T024,organelle,ER,mitochondria,1.1820387691363048
D01_S0_C022_T024,organelle,ER,Golgi,0.8865290768522286
D01_S0_C022_T024,organelle,mitochondria,lipid_droplet,0.8461213230249678
D01_S0_C023_T024,organelle,ER,mitochondria,1.3019595269546107
D01_S0_C023_T024,organelle,ER,Golgi,0.976469645215958
D01_S0_C023_T024,organelle,mitochondria,lipid_droplet,0.9120777398250359
D01_S0_C024_T024,organelle,ER,mitochondria,1.3383715069243065
D01_S0_C024_T024,organelle,ER,Golgi,1.0037786301932299
D01_S0_C024_T024,organelle,mitochondria,lipid_droplet,0.9321043288083686
D01_S0_C025_T024,organelle,ER,mitochondria,1.3514467288584808
D01_S0_C025_T024,organelle,ER,Golgi,1.0135850466438607
D01_S0_C025_T024,organelle,mitochondria,lipid_droplet,0.9392957008721645
D01_S0_C026_T024,organelle,ER,mitochondria,1.5509034831682609
D01_S0_C026_T024,organelle,ER,Golgi,1.1631776123761957
D01_S0_C026_T024,organelle,mitochondria,lipid_droplet,1.0489969157425436
D01_S0_C027_T024,organelle,ER,mitochondria,1.2494835837345635
D01_S0_C027_T024,organelle,ER,Golgi,0.9371126878009226
D01_S0_C027_T024,organelle,mitochondria,lipid_droplet,0.88321597105401
D01_S0_C028_T024,organelle,ER,mitochondria,0.9983167818827465
D01_S0_C028_T024,organelle,ER,Golgi,0.7487375864120599
D01_S0_C028_T024,organelle,mitochondria,lipid_droplet,0.678801197349993
D01_S0_C029_T024,organelle,ER,mitochondria,1.1212573741908964
D01_S0_C029_T024,organelle,ER,Golgi,0.8409430306431723
D01_S0_C029_T024,organelle,mitochondria,lipid_droplet,0.8126915558049932
D01_S0_C030_T024,organelle,ER,mitochondria,1.2734966606772342
D01_S0_C030_T024,organelle,ER,Golgi,0.9551224955079256
D01_S0_C030_T024,organelle,mitochondria,lipid_droplet,0.8964231633724788
D01_S0_C031_T024,organelle,ER,mitochondria,0.9899191092935635
D01_S0_C031_T024,organelle,ER,Golgi,0.7424393319701726
D01_S0_C031_T024,organelle,mitochondria,lipid_droplet,0.74045551011146
D01_S0_C032_T024,organelle,ER,mitochondria,1.0811788726638794
D01_S0_C032_T024,organelle,ER,Golgi,0.8108841544979095
D01_S0_C032_T024,organelle,mitochondria,lipid_droplet,0.7687514395674128
D01_S0_C033_T024,organelle,ER,mitochondria,1.336106614094573
D01_S0_C033_T024,organelle,ER,Golgi,1.0020799605709296
D01_S0_C033_T024,organelle,mitochondria,lipid_droplet,0.9308586377520152
D01_S0_C034_T024,organelle,ER,mitochondria,1.3257940992330737
D01_S0_C034_T024,organelle,ER,Golgi,0.9943455744248053
D01_S0_C034_T024,organelle,mitochondria,lipid_droplet,0.9251867545781907
D01_S0_C035_T024,organelle,ER,mitochondria,1.3289569764786984
D01_S0_C035_T024,organelle,ER,Golgi,0.9967177323590237
D01_S0_C035_T024,organelle,mitochondria,lipid_droplet,0.9269263370632841
D01_S0_C000_T048,organelle,ER,mitochondria,1.7580921630565296
D01_S0_C000_T048,organelle,ER,Golgi,1.3185691222923972
D01_S0_C000_T048,organelle,mitochondria,lipid_droplet,1.1629506896810913
D01_S0_C001_T048,organelle,ER,mitochondria,1.8
D01_S0_C001_T048,organelle,ER,Golgi,1.35
D01_S0_C001_T048,organelle,mitochondria,lipid_droplet,1.1860000000000002
D01_S0_C002_T048,organelle,ER,mitochondria,1.5943374876069003
D01_S0_C002_T048,organelle,ER,Golgi,1.1957531157051753
D01_S0_C002_T048,organelle,mitochondria,lipid_droplet,1.0728856181837954
D01_S0_C003_T048,organelle,ER,mitochondria,1.705978700658739
D01_S0_C003_T048,organelle,ER,Golgi,1.2794840254940543
D01_S0_C003_T048,organelle,mitochondria,lipid_droplet,1.1342882853623066
D01_S0_C004_T048,organelle,ER,mitochondria,1.7907545833849015
D01_S0_C004_T048,organelle,ER,Golgi,1.3430659375386762
D01_S0_C004_T048,organelle,mitochondria,lipid_droplet,1.1809150208616959
D01_S0_C005_T048,organelle,ER,mitochondria,1.8
D01_S0_C005_T048,organelle,ER,Golgi,1.35
D01_S0_C005_T048,organelle,mitochondria,lipid_droplet,1.1860000000000002
D01_S0_C006_T048,organelle,ER,mitochondria,1.725784156896946
D01_S0_C006_T048,organelle,ER,Golgi,1.2943381176727096
D01_S0_C006_T048,organelle,mitochondria,lipid_droplet,1.1451812862933204
D01_S0_C007_T048,organelle,ER,mitochondria,1.8
D01_S0_C007_T048,organelle,ER,Golgi,1.35
D01_S0_C007_T048,organelle,mitochondria,lipid_droplet,1.1860000000000002
D01_S0_C008_T048,organelle,ER,mitochondria,1.8
D01_S0_C008_T048,organelle,ER,Golgi,1.35
D01_S0_C008_T048,organelle,mitochondria,lipid_droplet,1.1860000000000002
D01_S0_C009_T048,organelle,ER,mitochondria,1.8
D01_S0_C009_T048,organelle,ER,Golgi,1.35
D01_S0_C009_T048,organelle,mitochondria,lipid_droplet,1.1860000000000002
D01_S0_C010_T048,organelle,ER,mitochondria,1.8
D01_S0_C010_T048,organelle,ER,Golgi,1.35
D01_S0_C010_T048,organelle,mitochondria,lipid_droplet,1.1860000000000002
D01_S0_C011_T048,organelle,ER,mitochondria,1.7451341224058525
D01_S0_C011_T048,organelle,ER,Golgi,1.3088505918043893
D01_S0_C011_T048,organelle,mitochondria,lipid_droplet,1.155823767323219
D01_S0_C012_T048,organelle,ER,mitochondria,1.6710352482074675
D01_S0_C012_T048,organelle,ER,Golgi,1.2532764361556006
D01_S0_C012_T048,organelle,mitochondria,lipid_droplet,1.1150693865141073
D01_S0_C013_T048,organelle,ER,mitochondria,1.7950538793115636
D01_S0_C013_T048,organelle,ER,Golgi,1.3462904094836727
D01_S0_C013_T048,organelle,mitochondria,lipid_droplet,1.18327963362136
D01_S0_C014_T048,organelle,ER,mitochondria,1.8
D01_S0_C014_T048,organelle,ER,Golgi,1.35
D01_S0_C014_T048,organelle,mitochondria,lipid_droplet,1.1860000000000002
D01_S0_C015_T048,organelle,ER,mitochondria,1.8
D01_S0_C015_T048,organelle,ER,Golgi,1.35
D01_S0_C015_T048,organelle,mitochondria,lipid_droplet,1.1860000000000002
D01_S0_C016_T048,organelle,ER,mitochondria,1.8
D01_S0_C016_T048,organelle,ER,Golgi,1.35
D01_S0_C016_T048,organelle,mitochondria,lipid_droplet,1.1860000000000002
D01_S0_C017_T048,organelle,ER,mitochondria,1.5413176210471846
D01_S0_C017_T048,organelle,ER,Golgi,1.1559882157853885
D01_S0_C017_T048,organelle,mitochondria,lipid_droplet,1.0437246915759517
D01_S0_C018_T048,organelle,ER,mitochondria,1.7624028838671337
D01_S0_C018_T048,organelle,ER,Golgi,1.3218021629003502
D01_S0_C018_T048,organelle,mitochondria,lipid_droplet,1.1653215861269237
D01_S0_C019_T048,organelle,ER,mitochondria,1.7429714538191838
D01_S0_C019_T048,organelle,ER,Golgi,1.3072285903643879
D01_S0_C019_T048,organelle,mitochondria,lipid_droplet,1.1546342996005512
D01_S0_C020_T048,organelle,ER,mitochondria,1.7137870613941257
D01_S0_C020_T048,organelle,ER,Golgi,1.2853402960455944
D01_S0_C020_T048,organelle,mitochondria,lipid_droplet,1.1385828837667693
D01_S0_C021_T048,organelle,ER,mitochondria,1.7338282048173383
D01_S0_C021_T048,organelle,ER,Golgi,1.3003711536130038
D01_S0_C021_T048,organelle,mitochondria,lipid_droplet,1.1496055126495361
D01_S0_C022_T048,organelle,ER,mitochondria,1.7137551488150697
D01_S0_C022_T048,organelle,ER,Golgi,1.2853163616113024
D01_S0_C022_T048,organelle,mitochondria,lipid_droplet,1.1385653318482885
D01_S0_C023_T048,organelle,ER,mitochondria,1.8
D01_S0_C023_T048,organelle,ER,Golgi,1.35
D01_S0_C023_T048,organelle,mitochondria,lipid_droplet,1.1860000000000002
D01_S0_C024_T048,organelle,ER,mitochondria,1.8
D01_S0_C024_T048,organelle,ER,Golgi,1.35
D01_S0_C024_T048,organelle,mitochondria,lipid_droplet,1.1860000000000002
D01_S0_C025_T048,organelle,ER,mitochondria,1.8
D01_S0_C025_T048,organelle,ER,Golgi,1.35
D01_S0_C025_T048,organelle,mitochondria,lipid_droplet,1.1860000000000002
D01_S0_C026_T048,organelle,ER,mitochondria,1.8
D01_S0_C026_T048,organelle,ER,Golgi,1.35
D01_S0_C026_T048,organelle,mitochondria,lipid_droplet,1.1860000000000002
D01_S0_C027_T048,organelle,ER,mitochondria,1.729717375393975
D01_S0_C027_T048,organelle,ER,Golgi,1.2972880315454813
D01_S0_C027_T048,organelle,mitochondria,lipid_droplet,1.1473445564666862
D01_S0_C028_T048,organelle,ER,mitochondria,1.6431804044980545
D01_S0_C028_T048,organelle,ER,Golgi,1.2323853033735408
D01_S0_C028_T048,organelle,mitochondria,lipid_droplet,1.09974922247393
D01_S0_C029_T048,organelle,ER,mitochondria,1.6288278457234275
D01_S0_C029_T048,organelle,ER,Golgi,1.2216208842925707
D01_S0_C029_T048,organelle,mitochondria,lipid_droplet,1.0918553151478851
D01_S0_C030_T048,organelle,ER,mitochondria,1.75545830975464
D01_S0_C030_T048,organelle,ER,Golgi,1.31659373231598
D01_S0_C030_T048,organelle,mitochondria,lipid_droplet,1.161502070365052
D01_S0_C031_T048,organelle,ER,mitochondria,1.6086371100029442
D01_S0_C031_T048,organelle,ER,Golgi,1.206477832502208
D01_S0_C031_T048,organelle,mitochondria,lipid_droplet,1.0807504105016195
D01_S0_C032_T048,organelle,ER,mitochondria,1.6398520310138194
D01_S0_C032_T048,organelle,ER,Golgi,1.2298890232603645
D01_S0_C032_T048,organelle,mitochondria,lipid_droplet,1.0979186170576007
D01_S0_C033_T048,organelle,ER,mitochondria,1.8
D01_S0_C033_T048,organelle,ER,Golgi,1.35
D01_S0_C033_T048,organelle,mitochondria,lipid_droplet,1.1860000000000002
D01_S0_C034_T048,organelle,ER,mitochondria,1.8
D01_S0_C034_T048,organelle,ER,Golgi,1.35
D01_S0_C034_T048,organelle,mitochondria,lipid_droplet,1.1860000000000002
D01_S0_C035_T048,organelle,ER,mitochondria,1.8
D01_S0_C035_T048,organelle,ER,Golgi,1.35
D01_S0_C035_T048,organelle,mitochondria,lipid_droplet,1.1860000000000002
D01_S1_C000_T000,organelle,ER,mitochondria,0.9560158829468975
D01_S1_C000_T000,organelle,ER,Golgi,0.7170119122101731
D01_S1_C000_T000,organelle,mitochondria,lipid_droplet,0.5899108012192105
D01_S1_C001_T000,organelle,ER,mitochondria,0.42419862638806405
D01_S1_C001_T000,organelle,ER,Golgi,0.318148969791048
D01_S1_C001_T000,organelle,mitochondria,lipid_droplet,0.2682901685279965
D01_S1_C002_T000,organelle,ER,mitochondria,0.767558754059248
D01_S1_C002_T000,organelle,ER,Golgi,0.575669065544436
D01_S1_C002_T000,organelle,mitochondria,lipid_droplet,0.4401347435328304
D01_S1_C003_T000,organelle,ER,mitochondria,0.632127480986496
D01_S1_C003_T000,organelle,ER,Golgi,0.47409561073987194
D01_S1_C003_T000,organelle,mitochondria,lipid_droplet,0.3638828002410644
D01_S1_C004_T000,organelle,ER,mitochondria,0.6641057482025141
D01_S1_C004_T000,organelle,ER,Golgi,0.4980793111518856
D01_S1_C004_T000,organelle,mitochondria,lipid_droplet,0.4441254599238676
D01_S1_C005_T000,organelle,ER,mitochondria,0.7278754116010482
D01_S1_C005_T000,organelle,ER,Golgi,0.5459065587007861
D01_S1_C005_T000,organelle,mitochondria,lipid_droplet,0.4142920935164971
D01_S1_C006_T000,organelle,ER,mitochondria,0.8614507434242129
D01_S1_C006_T000,organelle,ER,Golgi,0.6460880575681597
D01_S1_C006_T000,organelle,mitochondria,lipid_droplet,0.5465645378001458
D01_S1_C007_T000,organelle,ER,mitochondria,0.5390118335317559
D01_S1_C007_T000,organelle,ER,Golgi,0.40425887514881687
D01_S1_C007_T000,organelle,mitochondria,lipid_droplet,0.34268828906327253
D01_S1_C008_T000,organelle,ER,mitochondria,0.6056111786000016
D01_S1_C008_T000,organelle,ER,Golgi,0.4542083839500012
D01_S1_C008_T000,organelle,mitochondria,lipid_droplet,0.3841158019307443
D01_S1_C009_T000,organelle,ER,mitochondria,0.644775734773273
D01_S1_C009_T000,organelle,ER,Golgi,0.48358180107995474
D01_S1_C009_T000,organelle,mitochondria,lipid_droplet,0.3805048240729123
D01_S1_C010_T000,organelle,ER,mitochondria,0.3496131452682053
D01_S1_C010_T000,organelle,ER,Golgi,0.262209858951154
D01_S1_C010_T000,organelle,mitochondria,lipid_droplet,0.22695421638163538
D01_S1_C011_T000,organelle,ER,mitochondria,0.7405380241195852
D01_S1_C011_T000,organelle,ER,Golgi,0.5554035180896889
D01_S1_C011_T000,organelle,mitochondria,lipid_droplet,0.44471519754707806
D01_S1_C012_T000,organelle,ER,mitochondria,0.5649712268900018
D01_S1_C012_T000,organelle,ER,Golgi,0.42372842016750134
D01_S1_C012_T000,organelle,mitochondria,lipid_droplet,0.3640850504918885
D01_S1_C013_T000,organelle,ER,mitochondria,0.27044063220835235
D01_S1_C013_T000,organelle,ER,Golgi,0.20283047415626426
D01_S1_C013_T000,organelle,mitochondria,lipid_droplet,0.15644084512402076
D01_S1_C014_T000,organelle,ER,mitochondria,0.6392375617998304
D01_S1_C014_T000,organelle,ER,Golgi,0.4794281713498728
D01_S1_C014_T000,organelle,mitochondria,lipid_droplet,0.4348270292968117
D01_S1_C015_T000,organelle,ER,mitochondria,0.43457100634336465
D01_S1_C015_T000,organelle,ER,Golgi,0.3259282547575235
D01_S1_C015_T000,organelle,mitochondria,lipid_droplet,0.2592023513058889
D01_S1_C016_T000,organelle,ER,mitochondria,0.5542314942195756
D01_S1_C016_T000,organelle,ER,Golgi,0.4156736206646817
D01_S1_C016_T000,organelle,mitochondria,lipid_droplet,0.3594843795059471
D01_S1_C017_T000,organelle,ER,mitochondria,0.6107335289594866
D01_S1_C017_T000,organelle,ER,Golgi,0.45805014671961497
D01_S1_C017_T000,organelle,mitochondria,lipid_droplet,0.3762375252336861
D01_S1_C018_T000,organelle,ER,mitochondria,0.3100700250553136
D01_S1_C018_T000,organelle,ER,Golgi,0.2325525187914852
D01_S1_C018_T000,organelle,mitochondria,lipid_droplet,0.1787932200571191
D01_S1_C019_T000,organelle,ER,mitochondria,0.5187819443556404
D01_S1_C019_T000,organelle,ER,Golgi,0.3890864582667303
D01_S1_C019_T000,organelle,mitochondria,lipid_droplet,0.31275290268928574
D01_S1_C020_T000,organelle,ER,mitochondria,0.5736782185632754
D01_S1_C020_T000,organelle,ER,Golgi,0.43025866392245654
D01_S1_C020_T000,organelle,mitochondria,lipid_droplet,0.346708333059847
D01_S1_C021_T000,organelle,ER,mitochondria,0.47410636035172216
D01_S1_C021_T000,organelle,ER,Golgi,0.3555797702637916
D01_S1_C021_T000,organelle,mitochondria,lipid_droplet,0.3004440296841155
D01_S1_C022_T000,organelle,ER,mitochondria,0.2775886411920678
D01_S1_C022_T000,organelle,ER,Golgi,0.20819148089405082
D01_S1_C022_T000,organelle,mitochondria,lipid_droplet,0.17464121853870346
D01_S1_C023_T000,organelle,ER,mitochondria,0.7725224249251168
D01_S1_C023_T000,organelle,ER,Golgi,0.5793918186938376
D01_S1_C023_T000,organelle,mitochondria,lipid_droplet,0.47658960163722186
D01_S1_C024_T000,organelle,ER,mitochondria,0.7897505215341719
D01_S1_C024_T000,organelle,ER,Golgi,0.5923128911506289
D01_S1_C024_T000,organelle,mitochondria,lipid_droplet,0.5066399398809069
D01_S1_C025_T000,organelle,ER,mitochondria,0.7559378909343802
D01_S1_C025_T000,organelle,ER,Golgi,0.5669534182007852
D01_S1_C025_T000,organelle,mitochondria,lipid_droplet,0.4503303215384553
D01_S1_C026_T000,organelle,ER,mitochondria,0.5150526567740359
D01_S1_C026_T000,organelle,ER,Golgi,0.3862894925805269
D01_S1_C026_T000,organelle,mitochondria,lipid_droplet,0.31284406009328886
D01_S1_C027_T000,organelle,ER,mitochondria,0.5047858017893161
D01_S1_C027_T000,organelle,ER,Golgi,0.37858935134198707
D01_S1_C027_T000,organelle,mitochondria,lipid_droplet,0.31288595497711397
D01_S1_C028_T000,organelle,ER,mitochondria,0.765346110505419
D01_S1_C028_T000,organelle,ER,Golgi,0.5740095828790642
D01_S1_C028_T000,organelle,mitochondria,lipid_droplet,0.46040813637836486
D01_S1_C029_T000,organelle,ER,mitochondria,0.717478532643903
D01_S1_C029_T000,organelle,ER,Golgi,0.5381088994829273
D01_S1_C029_T000,organelle,mitochondria,lipid_droplet,0.44395127273528207
D01_S1_C030_T000,organelle,ER,mitochondria,0.42524176992440704
D01_S1_C030_T000,organelle,ER,Golgi,0.31893132744330527
D01_S1_C030_T000,organelle,mitochondria,lipid_droplet,0.2898357588824098
D01_S1_C031_T000,organelle,ER,mitochondria,0.9291383533929689
D01_S1_C031_T000,organelle,ER,Golgi,0.6968537650447266
D01_S1_C031_T000,organelle,mitochondria,lipid_droplet,0.5544131463676242
D01_S1_C032_T000,organelle,ER,mitochondria,0.425277709975162
D01_S1_C032_T000,organelle,ER,Golgi,0.3189582824813715
D01_S1_C032_T000,organelle,mitochondria,lipid_droplet,0.22744782208803327
D01_S1_C033_T000,organelle,ER,mitochondria,0.7336497137451459
D01_S1_C033_T000,organelle,ER,Golgi,0.5502372853088594
D01_S1_C033_T000,organelle,mitochondria,lipid_droplet,0.4417318845348368
D01_S1_C034_T000,organelle,ER,mitochondria,0.8361187229785977
D01_S1_C034_T000,organelle,ER,Golgi,0.6270890422339482
D01_S1_C034_T000,organelle,mitochondria,lipid_droplet,0.5320656103743069
D01_S1_C035_T000,organelle,ER,mitochondria,0.7529924168950959
D01_S1_C035_T000,organelle,ER,Golgi,0.5647443126713219
D01_S1_C035_T000,organelle,mitochondria,lipid_droplet,0.4747609236896757
D01_S1_C000_T012,organelle,ER,mitochondria,1.1867490819454105
D01_S1_C000_T012,organelle,ER,Golgi,0.8900618114590579
D01_S1_C000_T012,organelle,mitochondria,lipid_droplet,0.7715404527301348
D01_S1_C001_T012,organelle,ER,mitochondria,0.5902377816340203
D01_S1_C001_T012,organelle,ER,Golgi,0.4426783362255152
D01_S1_C001_T012,organelle,mitochondria,lipid_droplet,0.40806538873829684
D01_S1_C002_T012,organelle,ER,mitochondria,0.8458070122333867
D01_S1_C002_T012,organelle,ER,Golgi,0.6343552591750401
D01_S1_C002_T012,organelle,mitochondria,lipid_droplet,0.5163960005830933
D01_S1_C003_T012,organelle,ER,mitochondria,0.8147895533604311
D01_S1_C003_T012,organelle,ER,Golgi,0.6110921650203234
D01_S1_C003_T012,organelle,mitochondria,lipid_droplet,0.5051016683866004
D01_S1_C004_T012,organelle,ER,mitochondria,0.8672459657749448
D01_S1_C004_T012,organelle,ER,Golgi,0.6504344743312086
D01_S1_C004_T012,organelle,mitochondria,lipid_droplet,0.6020623842848807
D01_S1_C005_T012,organelle,ER,mitochondria,0.9491475254421524
D01_S1_C005_T012,organelle,ER,Golgi,0.7118606440816143
D01_S1_C005_T012,organelle,mitochondria,lipid_droplet,0.5805922077047323
D01_S1_C006_T012,organelle,ER,mitochondria,1.0218572727166695
D01_S1_C006_T012,organelle,ER,Golgi,0.7663929545375021
D01_S1_C006_T012,organelle,mitochondria,lipid_droplet,0.6863606692253821
D01_S1_C007_T012,organelle,ER,mitochondria,0.7629359447875269
D01_S1_C007_T012,organelle,ER,Golgi,0.5722019585906452
D01_S1_C007_T012,organelle,mitochondria,lipid_droplet,0.5251097289553708
D01_S1_C008_T012,organelle,ER,mitochondria,0.804803661631142
D01_S1_C008_T012,organelle,ER,Golgi,0.6036027462233565
D01_S1_C008_T012,organelle,mitochondria,lipid_droplet,0.5409211950460785
D01_S1_C009_T012,organelle,ER,mitochondria,0.9506309792554161
D01_S1_C009_T012,organelle,ER,Golgi,0.712973234441562
D01_S1_C009_T012,organelle,mitochondria,lipid_droplet,0.6073431385172298
D01_S1_C010_T012,organelle,ER,mitochondria,0.579876454681713
D01_S1_C010_T012,organelle,ER,Golgi,0.43490734101128475
D01_S1_C010_T012,organelle,mitochondria,lipid_droplet,0.3849592119904211
D01_S1_C011_T012,organelle,ER,mitochondria,0.968900945909832
D01_S1_C011_T012,organelle,ER,Golgi,0.726675709432374
D01_S1_C011_T012,organelle,mitochondria,lipid_droplet,0.6256494553018642
D01_S1_C012_T012,organelle,ER,mitochondria,0.7203849733451688
D01_S1_C012_T012,organelle,ER,Golgi,0.5402887300088766
D01_S1_C012_T012,organelle,mitochondria,lipid_droplet,0.49071743914677224
D01_S1_C013_T012,organelle,ER,mitochondria,0.468937485219608
D01_S1_C013_T012,organelle,ER,Golgi,0.351703113914706
D01_S1_C013_T012,organelle,mitochondria,lipid_droplet,0.28581695230750437
D01_S1_C014_T012,organelle,ER,mitochondria,0.8962602287359679
D01_S1_C014_T012,organelle,ER,Golgi,0.672195171551976
D01_S1_C014_T012,organelle,mitochondria,lipid_droplet,0.6419435388476353
D01_S1_C015_T012,organelle,ER,mitochondria,0.5562754092231995
D01_S1_C015_T012,organelle,ER,Golgi,0.4172065569173996
D01_S1_C015_T012,organelle,mitochondria,lipid_droplet,0.36354275780080375
D01_S1_C016_T012,organelle,ER,mitochondria,0.7430110917385054
D01_S1_C016_T012,organelle,ER,Golgi,0.5572583188038791
D01_S1_C016_T012,organelle,mitochondria,lipid_droplet,0.5157824615132316
D01_S1_C017_T012,organelle,ER,mitochondria,0.7619128074021579
D01_S1_C017_T012,organelle,ER,Golgi,0.5714346055516184
D01_S1_C017_T012,organelle,mitochondria,lipid_droplet,0.502707386699143
D01_S1_C018_T012,organelle,ER,mitochondria,0.5236508604410482
D01_S1_C018_T012,organelle,ER,Golgi,0.3927381453307862
D01_S1_C018_T012,organelle,mitochondria,lipid_droplet,0.3433746124454
D01_S1_C019_T012,organelle,ER,mitochondria,0.6877794379765165
D01_S1_C019_T012,organelle,ER,Golgi,0.5158345784823875
D01_S1_C019_T012,organelle,mitochondria,lipid_droplet,0.43925293322926656
D01_S1_C020_T012,organelle,ER,mitochondria,0.8341341250795798
D01_S1_C020_T012,organelle,ER,Golgi,0.6256005938096849
D01_S1_C020_T012,organelle,mitochondria,lipid_droplet,0.5435591004582492
D01_S1_C021_T012,organelle,ER,mitochondria,0.6480561718369505
D01_S1_C021_T012,organelle,ER,Golgi,0.4860421288777129
D01_S1_C021_T012,organelle,mitochondria,lipid_droplet,0.44807765036299585
D01_S1_C022_T012,organelle,ER,mitochondria,0.5180721308194235
D01_S1_C022_T012,organelle,ER,Golgi,0.38855409811456765
D01_S1_C022_T012,organelle,mitochondria,lipid_droplet,0.3353476006713118
D01_S1_C023_T012,organelle,ER,mitochondria,1.012498435005696
D01_S1_C023_T012,organelle,ER,Golgi,0.759373826254272
D01_S1_C023_T012,organelle,mitochondria,lipid_droplet,0.6639882425097193
D01_S1_C024_T012,organelle,ER,mitochondria,1.0979416878821362
D01_S1_C024_T012,organelle,ER,Golgi,0.8234562659116021
D01_S1_C024_T012,organelle,mitochondria,lipid_droplet,0.7350564012741987
D01_S1_C025_T012,organelle,ER,mitochondria,0.9773168854374021
D01_S1_C025_T012,organelle,ER,Golgi,0.7329876640780516
D01_S1_C025_T012,organelle,mitochondria,lipid_droplet,0.6253693706275212
D01_S1_C026_T012,organelle,ER,mitochondria,0.7565431259784519
D01_S1_C026_T012,organelle,ER,Golgi,0.5674073444838389
D01_S1_C026_T012,organelle,mitochondria,lipid_droplet,0.49681525568234347
D01_S1_C027_T012,organelle,ER,mitochondria,0.7439267586506682
D01_S1_C027_T012,organelle,ER,Golgi,0.5579450689880011
D01_S1_C027_T012,organelle,mitochondria,lipid_droplet,0.4701532163745062
D01_S1_C028_T012,organelle,ER,mitochondria,0.9463224533497253
D01_S1_C028_T012,organelle,ER,Golgi,0.709741840012294
D01_S1_C028_T012,organelle,mitochondria,lipid_droplet,0.6255024034478724
D01_S1_C029_T012,organelle,ER,mitochondria,0.941353300937539
D01_S1_C029_T012,organelle,ER,Golgi,0.7060149757031542
D01_S1_C029_T012,organelle,mitochondria,lipid_droplet,0.6220917484162859
D01_S1_C030_T012,organelle,ER,mitochondria,0.6582078529087854
D01_S1_C030_T012,organelle,ER,Golgi,0.493655889681589
D01_S1_C030_T012,organelle,mitochondria,lipid_droplet,0.4614465705868719
D01_S1_C031_T012,organelle,ER,mitochondria,1.1067092460193309
D01_S1_C031_T012,organelle,ER,Golgi,0.8300319345144982
D01_S1_C031_T012,organelle,mitochondria,lipid_droplet,0.7127687634543719
D01_S1_C032_T012,organelle,ER,mitochondria,0.6710242216110038
D01_S1_C032_T012,organelle,ER,Golgi,0.5032681662082529
D01_S1_C032_T012,organelle,mitochondria,lipid_droplet,0.4129388367978462
D01_S1_C033_T012,organelle,ER,mitochondria,0.9739659924514472
D01_S1_C033_T012,organelle,ER,Golgi,0.7304744943385855
D01_S1_C033_T012,organelle,mitochondria,lipid_droplet,0.6447236920503256
D01_S1_C034_T012,organelle,ER,mitochondria,0.9576721955289661
D01_S1_C034_T012,organelle,ER,Golgi,0.7182541466467246
D01_S1_C034_T012,organelle,mitochondria,lipid_droplet,0.6504475201930562
D01_S1_C035_T012,organelle,ER,mitochondria,0.9624040598278264
D01_S1_C035_T012,organelle,ER,Golgi,0.7218030448708698
D01_S1_C035_T012,organelle,mitochondria,lipid_droplet,0.6545269648272207
D01_S1_C000_T024,organelle,ER,mitochondria,1.5750085551754904
D01_S1_C000_T024,organelle,ER,Golgi,1.181256416381618
D01_S1_C000_T024,organelle,mitochondria,lipid_droplet,1.06225470534652
D01_S1_C001_T024,organelle,ER,mitochondria,0.9766531225164257
D01_S1_C001_T024,organelle,ER,Golgi,0.7324898418873192
D01_S1_C001_T024,organelle,mitochondria,lipid_droplet,0.7193866271384621
D01_S1_C002_T024,organelle,ER,mitochondria,1.189713782749768
D01_S1_C002_T024,organelle,ER,Golgi,0.8922853370623259
D01_S1_C002_T024,organelle,mitochondria,lipid_droplet,0.7946677636895465
D01_S1_C003_T024,organelle,ER,mitochondria,1.1049275698553727
D01_S1_C003_T024,organelle,ER,Golgi,0.8286956773915295
D01_S1_C003_T024,organelle,mitochondria,lipid_droplet,0.7597767177820881
D01_S1_C004_T024,organelle,ER,mitochondria,1.2435164812355173
D01_S1_C004_T024,organelle,ER,Golgi,0.932637360926638
D01_S1_C004_T024,organelle,mitochondria,lipid_droplet,0.8799340646795346
D01_S1_C005_T024,organelle,ER,mitochondria,1.3817334167852637
D01_S1_C005_T024,organelle,ER,Golgi,1.0363000625889478
D01_S1_C005_T024,organelle,mitochondria,lipid_droplet,0.926681244142729
D01_S1_C006_T024,organelle,ER,mitochondria,1.400014830784046
D01_S1_C006_T024,organelle,ER,Golgi,1.0500111230880345
D01_S1_C006_T024,organelle,mitochondria,lipid_droplet,0.9660081569312253
D01_S1_C007_T024,organelle,ER,mitochondria,1.178070756161089
D01_S1_C007_T024,organelle,ER,Golgi,0.8835530671208167
D01_S1_C007_T024,organelle,mitochondria,lipid_droplet,0.843938915888599
D01_S1_C008_T024,organelle,ER,mitochondria,1.1547883660054858
D01_S1_C008_T024,organelle,ER,Golgi,0.8660912745041144
D01_S1_C008_T024,organelle,mitochondria,lipid_droplet,0.8311336013030173
D01_S1_C009_T024,organelle,ER,mitochondria,1.3234839680756858
D01_S1_C009_T024,organelle,ER,Golgi,0.9926129760567644
D01_S1_C009_T024,organelle,mitochondria,lipid_droplet,0.9239161824416273
D01_S1_C010_T024,organelle,ER,mitochondria,0.962516152443202
D01_S1_C010_T024,organelle,ER,Golgi,0.7218871143324015
D01_S1_C010_T024,organelle,mitochondria,lipid_droplet,0.70402604837674
D01_S1_C011_T024,organelle,ER,mitochondria,1.3262088266093217
D01_S1_C011_T024,organelle,ER,Golgi,0.9946566199569913
D01_S1_C011_T024,organelle,mitochondria,lipid_droplet,0.9250031337129274
D01_S1_C012_T024,organelle,ER,mitochondria,1.016829219961261
D01_S1_C012_T024,organelle,ER,Golgi,0.7626219149709457
D01_S1_C012_T024,organelle,mitochondria,lipid_droplet,0.7511828059958012
D01_S1_C013_T024,organelle,ER,mitochondria,0.7949916596022822
D01_S1_C013_T024,organelle,ER,Golgi,0.5962437447017117
D01_S1_C013_T024,organelle,mitochondria,lipid_droplet,0.5583988681627363
D01_S1_C014_T024,organelle,ER,mitochondria,1.256060066543585
D01_S1_C014_T024,organelle,ER,Golgi,0.9420450499076888
D01_S1_C014_T024,organelle,mitochondria,lipid_droplet,0.8868330365989718
D01_S1_C015_T024,organelle,ER,mitochondria,0.9956965261604591
D01_S1_C015_T024,organelle,ER,Golgi,0.7467723946203444
D01_S1_C015_T024,organelle,mitochondria,lipid_droplet,0.6950424296007486
D01_S1_C016_T024,organelle,ER,mitochondria,1.0984356648167548
D01_S1_C016_T024,organelle,ER,Golgi,0.8238267486125661
D01_S1_C016_T024,organelle,mitochondria,lipid_droplet,0.8001396156492151
D01_S1_C017_T024,organelle,ER,mitochondria,1.1083497784810903
D01_S1_C017_T024,organelle,ER,Golgi,0.8312623338608177
D01_S1_C017_T024,organelle,mitochondria,lipid_droplet,0.7660212220325874
D01_S1_C018_T024,organelle,ER,mitochondria,0.926400867048875
D01_S1_C018_T024,organelle,ER,Golgi,0.6948006502866563
D01_S1_C018_T024,organelle,mitochondria,lipid_droplet,0.6505609455726108
D01_S1_C019_T024,organelle,ER,mitochondria,1.0783593444387198
D01_S1_C019_T024,organelle,ER,Golgi,0.8087695083290398
D01_S1_C019_T024,organelle,mitochondria,lipid_droplet,0.7464685884243193
D01_S1_C020_T024,organelle,ER,mitochondria,1.1955437838740512
D01_S1_C020_T024,organelle,ER,Golgi,0.8966578379055384
D01_S1_C020_T024,organelle,mitochondria,lipid_droplet,0.8453091968935896
D01_S1_C021_T024,organelle,ER,mitochondria,0.9560078335936456
D01_S1_C021_T024,organelle,ER,Golgi,0.7170058751952342
D01_S1_C021_T024,organelle,mitochondria,lipid_droplet,0.7166765893314418
D01_S1_C022_T024,organelle,ER,mitochondria,0.8207592117090922
D01_S1_C022_T024,organelle,ER,Golgi,0.6155694087818191
D01_S1_C022_T024,organelle,mitochondria,lipid_droplet,0.5866937293983142
D01_S1_C023_T024,organelle,ER,mitochondria,1.3676621983461277
D01_S1_C023_T024,organelle,ER,Golgi,1.0257466487595956
D01_S1_C023_T024,organelle,mitochondria,lipid_droplet,0.9482142090903702
D01_S1_C024_T024,organelle,ER,mitochondria,1.3961373438590579
D01_S1_C024_T024,organelle,ER,Golgi,1.0471030078942933
D01_S1_C024_T024,organelle,mitochondria,lipid_droplet,0.9638755391224818
D01_S1_C025_T024,organelle,ER,mitochondria,1.4282626725305207
D01_S1_C025_T024,organelle,ER,Golgi,1.0711970043978907
D01_S1_C025_T024,organelle,mitochondria,lipid_droplet,0.9815444698917866
D01_S1_C026_T024,organelle,ER,mitochondria,1.1569112286168788
D01_S1_C026_T024,organelle,ER,Golgi,0.8676834214626591
D01_S1_C026_T024,organelle,mitochondria,lipid_droplet,0.8198404574101463
D01_S1_C027_T024,organelle,ER,mitochondria,1.0944767468415988
D01_S1_C027_T024,organelle,ER,Golgi,0.8208575601311991
D01_S1_C027_T024,organelle,mitochondria,lipid_droplet,0.7659775730385731
D01_S1_C028_T024,organelle,ER,mitochondria,1.4212504309551626
D01_S1_C028_T024,organelle,ER,Golgi,1.0659378232163719
D01_S1_C028_T024,organelle,mitochondria,lipid_droplet,0.9776877370253394
D01_S1_C029_T024,organelle,ER,mitochondria,1.3927581528139419
D01_S1_C029_T024,organelle,ER,Golgi,1.0445686146104565
D01_S1_C029_T024,organelle,mitochondria,lipid_droplet,0.962016984047668
D01_S1_C030_T024,organelle,ER,mitochondria,1.0509081537573164
D01_S1_C030_T024,organelle,ER,Golgi,0.7881811153179873
D01_S1_C030_T024,organelle,mitochondria,lipid_droplet,0.7739994845665241
D01_S1_C031_T024,organelle,ER,mitochondria,1.5596956705581682
D01_S1_C031_T024,organelle,ER,Golgi,1.169771752918626
D01_S1_C031_T024,organelle,mitochondria,lipid_droplet,1.0538326188069926
D01_S1_C032_T024,organelle,ER,mitochondria,0.9573773850627375
D01_S1_C032_T024,organelle,ER,Golgi,0.7180330387970532
D01_S1_C032_T024,organelle,mitochondria,lipid_droplet,0.6521081059289725
D01_S1_C033_T024,organelle,ER,mitochondria,1.3822140084665244
D01_S1_C033_T024,organelle,ER,Golgi,1.0366605063498933
D01_S1_C033_T024,organelle,mitochondria,lipid_droplet,0.9562177046565885
D01_S1_C034_T024,organelle,ER,mitochondria,1.382729474337245
D01_S1_C034_T024,organelle,ER,Golgi,1.0370471057529338
D01_S1_C034_T024,organelle,mitochondria,lipid_droplet,0.9565012108854847
D01_S1_C035_T024,organelle,ER,mitochondria,1.3499331409592954
D01_S1_C035_T024,organelle,ER,Golgi,1.0124498557194714
D01_S1_C035_T024,organelle,mitochondria,lipid_droplet,0.9384632275276126
D01_S1_C000_T048,organelle,ER,mitochondria,1.8
D01_S1_C000_T048,organelle,ER,Golgi,1.35
D01_S1_C000_T048,organelle,mitochondria,lipid_droplet,1.1860000000000002
D01_S1_C001_T048,organelle,ER,mitochondria,1.5427192236300629
D01_S1_C001_T048,organelle,ER,Golgi,1.1570394177225471
D01_S1_C001_T048,organelle,mitochondria,lipid_droplet,1.0444955729965346
D01_S1_C002_T048,organelle,ER,mitochondria,1.7504398808660917
D01_S1_C002_T048,organelle,ER,Golgi,1.3128299106495689
D01_S1_C002_T048,organelle,mitochondria,lipid_droplet,1.1587419344763505
D01_S1_C003_T048,organelle,ER,mitochondria,1.7950335620385833
D01_S1_C003_T048,organelle,ER,Golgi,1.3462751715289376
D01_S1_C003_T048,organelle,mitochondria,lipid_droplet,1.183268459121221
D01_S1_C004_T048,organelle,ER,mitochondria,1.776480427912897
D01_S1_C004_T048,organelle,ER,Golgi,1.3323603209346726
D01_S1_C004_T048,organelle,mitochondria,lipid_droplet,1.1730642353520935
D01_S1_C005_T048,organelle,ER,mitochondria,1.8
D01_S1_C005_T048,organelle,ER,Golgi,1.35
D01_S1_C005_T048,organelle,mitochondria,lipid_droplet,1.1860000000000002
D01_S1_C006_T048,organelle,ER,mitochondria,1.7943835248211573
D01_S1_C006_T048,organelle,ER,Golgi,1.345787643615868
D01_S1_C006_T048,organelle,mitochondria,lipid_droplet,1.1829109386516365
D01_S1_C007_T048,organelle,ER,mitochondria,1.7150998348860838
D01_S1_C007_T048,organelle,ER,Golgi,1.2863248761645627
D01_S1_C007_T048,organelle,mitochondria,lipid_droplet,1.1393049091873462
D01_S1_C008_T048,organelle,ER,mitochondria,1.604074265268886
D01_S1_C008_T048,organelle,ER,Golgi,1.2030556989516645
D01_S1_C008_T048,organelle,mitochondria,lipid_droplet,1.0782408458978874
D01_S1_C009_T048,organelle,ER,mitochondria,1.7955919766289525
D01_S1_C009_T048,organelle,ER,Golgi,1.3466939824717143
D01_S1_C009_T048,organelle,mitochondria,lipid_droplet,1.183575587145924
D01_S1_C010_T048,organelle,ER,mitochondria,1.6299968267935492
D01_S1_C010_T048,organelle,ER,Golgi,1.2224976200951618
D01_S1_C010_T048,organelle,mitochondria,lipid_droplet,1.0924982547364521
D01_S1_C011_T048,organelle,ER,mitochondria,1.8
D01_S1_C011_T048,organelle,ER,Golgi,1.35
D01_S1_C011_T048,organelle,mitochondria,lipid_droplet,1.1860000000000002
D01_S1_C012_T048,organelle,ER,mitochondria,1.5554529350341326
D01_S1_C012_T048,organelle,ER,Golgi,1.1665897012755995
D01_S1_C012_T048,organelle,mitochondria,lipid_droplet,1.051499114268773
D01_S1_C013_T048,organelle,ER,mitochondria,1.5024433412566043
D01_S1_C013_T048,organelle,ER,Golgi,1.126832505942453
D01_S1_C013_T048,organelle,mitochondria,lipid_droplet,1.0223438376911325
D01_S1_C014_T048,organelle,ER,mitochondria,1.7072419771772265
D01_S1_C014_T048,organelle,ER,Golgi,1.28043148288292
D01_S1_C014_T048,organelle,mitochondria,lipid_droplet,1.1349830874474747
D01_S1_C015_T048,organelle,ER,mitochondria,1.531339379508788
D01_S1_C015_T048,organelle,ER,Golgi,1.148504534631591
D01_S1_C015_T048,organelle,mitochondria,lipid_droplet,1.0382366587298335
D01_S1_C016_T048,organelle,ER,mitochondria,1.591310081256622
D01_S1_C016_T048,organelle,ER,Golgi,1.1934825609424666
D01_S1_C016_T048,organelle,mitochondria,lipid_droplet,1.0712205446911423
D01_S1_C017_T048,organelle,ER,mitochondria,1.6642391509839962
D01_S1_C017_T048,organelle,ER,Golgi,1.2481793632379972
D01_S1_C017_T048,organelle,mitochondria,lipid_droplet,1.111331533041198
D01_S1_C018_T048,organelle,ER,mitochondria,1.5045636652459617
D01_S1_C018_T048,organelle,ER,Golgi,1.1284227489344714
D01_S1_C018_T048,organelle,mitochondria,lipid_droplet,1.023510015885279
D01_S1_C019_T048,organelle,ER,mitochondria,1.6604386571352021
D01_S1_C019_T048,organelle,ER,Golgi,1.2453289928514015
D01_S1_C019_T048,organelle,mitochondria,lipid_droplet,1.1092412614243612
D01_S1_C020_T048,organelle,ER,mitochondria,1.8
D01_S1_C020_T048,organelle,ER,Golgi,1.35
D01_S1_C020_T048,organelle,mitochondria,lipid_droplet,1.1860000000000002
D01_S1_C021_T048,organelle,ER,mitochondria,1.478352491148571
D01_S1_C021_T048,organelle,ER,Golgi,1.1087643683614283
D01_S1_C021_T048,organelle,mitochondria,lipid_droplet,1.009093870131714
D01_S1_C022_T048,organelle,ER,mitochondria,1.4117672305031468
D01_S1_C022_T048,organelle,ER,Golgi,1.0588254228773601
D01_S1_C022_T048,organelle,mitochondria,lipid_droplet,0.9724719767767307
D01_S1_C023_T048,organelle,ER,mitochondria,1.8
D01_S1_C023_T048,organelle,ER,Golgi,1.35
D01_S1_C023_T048,organelle,mitochondria,lipid_droplet,1.1860000000000002
D01_S1_C024_T048,organelle,ER,mitochondria,1.8
D01_S1_C024_T048,organelle,ER,Golgi,1.35
D01_S1_C024_T048,organelle,mitochondria,lipid_droplet,1.1860000000000002
D01_S1_C025_T048,organelle,ER,mitochondria,1.8
D01_S1_C025_T048,organelle,ER,Golgi,1.35
D01_S1_C025_T048,organelle,mitochondria,lipid_droplet,1.1860000000000002
D01_S1_C026_T048,organelle,ER,mitochondria,1.648263419269577
D01_S1_C026_T048,organelle,ER,Golgi,1.2361975644521828
D01_S1_C026_T048,organelle,mitochondria,lipid_droplet,1.1025448805982674
D01_S1_C027_T048,organelle,ER,mitochondria,1.7186036359903605
D01_S1_C027_T048,organelle,ER,Golgi,1.2889527269927703
D01_S1_C027_T048,organelle,mitochondria,lipid_droplet,1.1412319997946982
D01_S1_C028_T048,organelle,ER,mitochondria,1.8
D01_S1_C028_T048,organelle,ER,Golgi,1.35
D01_S1_C028_T048,organelle,mitochondria,lipid_droplet,1.1860000000000002
D01_S1_C029_T048,organelle,ER,mitochondria,1.8
D01_S1_C029_T048,organelle,ER,Golgi,1.35
D01_S1_C029_T048,organelle,mitochondria,lipid_droplet,1.1860000000000002
D01_S1_C030_T048,organelle,ER,mitochondria,1.573267822785689
D01_S1_C030_T048,organelle,ER,Golgi,1.1799508670892669
D01_S1_C030_T048,organelle,mitochondria,lipid_droplet,1.061297302532129
D01_S1_C031_T048,organelle,ER,mitochondria,1.8
D01_S1_C031_T048,organelle,ER,Golgi,1.35
D01_S1_C031_T048,organelle,mitochondria,lipid_droplet,1.1860000000000002
D01_S1_C032_T048,organelle,ER,mitochondria,1.6404156155734595
D01_S1_C032_T048,organelle,ER,Golgi,1.2303117116800946
D01_S1_C032_T048,organelle,mitochondria,lipid_droplet,1.0982285885654028
D01_S1_C033_T048,organelle,ER,mitochondria,1.8
D01_S1_C033_T048,organelle,ER,Golgi,1.35
D01_S1_C033_T048,organelle,mitochondria,lipid_droplet,1.1860000000000002
D01_S1_C034_T048,organelle,ER,mitochondria,1.8
D01_S1_C034_T048,organelle,ER,Golgi,1.35
D01_S1_C034_T048,organelle,mitochondria,lipid_droplet,1.1860000000000002
D01_S1_C035_T048,organelle,ER,mitochondria,1.7196572726460957
D01_S1_C035_T048,organelle,ER,Golgi,1.2897429544845718
D01_S1_C035_T048,organelle,mitochondria,lipid_droplet,1.1418114999553528
D02_S0_C000_T000,organelle,ER,mitochondria,0.4373397457319854
D02_S0_C000_T000,organelle,ER,Golgi,0.32800480929898906
D02_S0_C000_T000,organelle,mitochondria,lipid_droplet,0.32450720928088334
D02_S0_C001_T000,organelle,ER,mitochondria,0.499060816659514
D02_S0_C001_T000,organelle,ER,Golgi,0.3742956124946355
D02_S0_C001_T000,organelle,mitochondria,lipid_droplet,0.351331884926243
D02_S0_C002_T000,organelle,ER,mitochondria,0.5449296782835794
D02_S0_C002_T000,organelle,ER,Golgi,0.4086972587126846
D02_S0_C002_T000,organelle,mitochondria,lipid_droplet,0.37938368631193575
D02_S0_C003_T000,organelle,ER,mitochondria,0.45017444649600485
D02_S0_C003_T000,organelle,ER,Golgi,0.3376308348720036
D02_S0_C003_T000,organelle,mitochondria,lipid_droplet,0.330447949488592
D02_S0_C004_T000,organelle,ER,mitochondria,0.5958944955621618
D02_S0_C004_T000,organelle,ER,Golgi,0.4469208716716213
D02_S0_C004_T000,organelle,mitochondria,lipid_droplet,0.4016239060805331
D02_S0_C005_T000,organelle,ER,mitochondria,0.3540851470636532
D02_S0_C005_T000,organelle,ER,Golgi,0.2655638602977399
D02_S0_C005_T000,organelle,mitochondria,lipid_droplet,0.24047254758644854
D02_S0_C006_T000,organelle,ER,mitochondria,0.7733124307496702
D02_S0_C006_T000,organelle,ER,Golgi,0.5799843230622526
D02_S0_C006_T000,organelle,mitochondria,lipid_droplet,0.5011299336221711
D02_S0_C007_T000,organelle,ER,mitochondria,0.543279172384169
D02_S0_C007_T000,organelle,ER,Golgi,0.40745937928812676
D02_S0_C007_T000,organelle,mitochondria,lipid_droplet,0.3957024584569055
D02_S0_C008_T000,organelle,ER,mitochondria,0.3754970417707893
D02_S0_C008_T000,organelle,ER,Golgi,0.281622781328092
D02_S0_C008_T000,organelle,mitochondria,lipid_droplet,0.26433315260870976
D02_S0_C009_T000,organelle,ER,mitochondria,0.7695683929086216
D02_S0_C009_T000,organelle,ER,Golgi,0.5771762946814661
D02_S0_C009_T000,organelle,mitochondria,lipid_droplet,0.5326863595123528
D02_S0_C010_T000,organelle,ER,mitochondria,0.5608603361611382
D02_S0_C010_T000,organelle,ER,Golgi,0.42064525212085363
D02_S0_C010_T000,organelle,mitochondria,lipid_droplet,0.4387523065238962
D02_S0_C011_T000,organelle,ER,mitochondria,0.545795195039987
D02_S0_C011_T000,organelle,ER,Golgi,0.40934639627999025
D02_S0_C011_T000,organelle,mitochondria,lipid_droplet,0.40001231476431015
D02_S0_C012_T000,organelle,ER,mitochondria,0.40140997262584377
D02_S0_C012_T000,organelle,ER,Golgi,0.3010574794693828
D02_S0_C012_T000,organelle,mitochondria,lipid_droplet,0.324562589390032
D02_S0_C013_T000,organelle,ER,mitochondria,0.5942434816156387
D02_S0_C013_T000,organelle,ER,Golgi,0.44568261121172903
D02_S0_C013_T000,organelle,mitochondria,lipid_droplet,0.41927085585578816
D02_S0_C014_T000,organelle,ER,mitochondria,0.3707326458805784
D02_S0_C014_T000,organelle,ER,Golgi,0.2780494844104338
D02_S0_C014_T000,organelle,mitochondria,lipid_droplet,0.27387023992611836
D02_S0_C015_T000,organelle,ER,mitochondria,0.7863709101725288
D02_S0_C015_T000,organelle,ER,Golgi,0.5897781826293966
D02_S0_C015_T000,organelle,mitochondria,lipid_droplet,0.5660953439320309
D02_S0_C016_T000,organelle,ER,mitochondria,0.7969231900447451
D02_S0_C016_T000,organelle,ER,Golgi,0.5976923925335589
D02_S0_C016_T000,organelle,mitochondria,lipid_droplet,0.5260284894293628
D02_S0_C017_T000,organelle,ER,mitochondria,0.6851496109549512
D02_S0_C017_T000,organelle,ER,Golgi,0.5138622082162134
D02_S0_C017_T000,organelle,mitochondria,lipid_droplet,0.48504945888693923
D02_S0_C018_T000,organelle,ER,mitochondria,0.8278814616281064
D02_S0_C018_T000,organelle,ER,Golgi,0.6209110962210798
D02_S0_C018_T000,organelle,mitochondria,lipid_droplet,0.5533809713318038
D02_S0_C019_T000,organelle,ER,mitochondria,0.4340244815001609
D02_S0_C019_T000,organelle,ER,Golgi,0.32551836112512067
D02_S0_C019_T000,organelle,mitochondria,lipid_droplet,0.3363125680837508
D02_S0_C020_T000,organelle,ER,mitochondria,0.7222346690916998
D02_S0_C020_T000,organelle,ER,Golgi,0.5416760018187748
D02_S0_C020_T000,organelle,mitochondria,lipid_droplet,0.48695368278312534
D02_S0_C021_T000,organelle,ER,mitochondria,0.4080815732382854
D02_S0_C021_T000,organelle,ER,Golgi,0.30606117992871407
D02_S0_C021_T000,organelle,mitochondria,lipid_droplet,0.29429749471518823
D02_S0_C022_T000,organelle,ER,mitochondria,0.44029152664490157
D02_S0_C022_T000,organelle,ER,Golgi,0.33021864498367615
D02_S0_C022_T000,organelle,mitochondria,lipid_droplet,0.36393512442555587
D02_S0_C023_T000,organelle,ER,mitochondria,0.5797221173127042
D02_S0_C023_T000,organelle,ER,Golgi,0.4347915879845281
D02_S0_C023_T000,organelle,mitochondria,lipid_droplet,0.3996765470861501
D02_S0_C024_T000,organelle,ER,mitochondria,0.4948592762219982
D02_S0_C024_T000,organelle,ER,Golgi,0.3711444571664987
D02_S0_C024_T000,organelle,mitochondria,lipid_droplet,0.387856757563956
D02_S0_C025_T000,organelle,ER,mitochondria,0.44379998988240243
D02_S0_C025_T000,organelle,ER,Golgi,0.3328499924118018
D02_S0_C025_T000,organelle,mitochondria,lipid_droplet,0.3183263361047695
D02_S0_C026_T000,organelle,ER,mitochondria,0.6532743727181547
D02_S0_C026_T000,organelle,ER,Golgi,0.489955779538616
D02_S0_C026_T000,organelle,mitochondria,lipid_droplet,0.4507082779949849
D02_S0_C027_T000,organelle,ER,mitochondria,0.6968748603039447
D02_S0_C027_T000,organelle,ER,Golgi,0.5226561452279586
D02_S0_C027_T000,organelle,mitochondria,lipid_droplet,0.5033603749381297
D02_S0_C028_T000,organelle,ER,mitochondria,0.6055943168846195
D02_S0_C028_T000,organelle,ER,Golgi,0.45419573766346466
D02_S0_C028_T000,organelle,mitochondria,lipid_droplet,0.4282545169408398
D02_S0_C029_T000,organelle,ER,mitochondria,0.76372774514073
D02_S0_C029_T000,organelle,ER,Golgi,0.5727958088555476
D02_S0_C029_T000,organelle,mitochondria,lipid_droplet,0.5307891353230476
D02_S0_C030_T000,organelle,ER,mitochondria,0.4048109000012597
D02_S0_C030_T000,organelle,ER,Golgi,0.3036081750009448
D02_S0_C030_T000,organelle,mitochondria,lipid_droplet,0.33784628171832176
D02_S0_C031_T000,organelle,ER,mitochondria,0.9652099363486069
D02_S0_C031_T000,organelle,ER,Golgi,0.7239074522614551
D02_S0_C031_T000,organelle,mitochondria,lipid_droplet,0.6133906637992305
D02_S0_C032_T000,organelle,ER,mitochondria,0.34264260795998563
D02_S0_C032_T000,organelle,ER,Golgi,0.25698195596998924
D02_S0_C032_T000,organelle,mitochondria,lipid_droplet,0.3055057582497094
D02_S0_C033_T000,organelle,ER,mitochondria,0.5318514611131102
D02_S0_C033_T000,organelle,ER,Golgi,0.39888859583483266
D02_S0_C033_T000,organelle,mitochondria,lipid_droplet,0.36832587812551937
D02_S0_C034_T000,organelle,ER,mitochondria,0.8645433308862556
D02_S0_C034_T000,organelle,ER,Golgi,0.6484074981646917
D02_S0_C034_T000,organelle,mitochondria,lipid_droplet,0.5593311609947208
D02_S0_C035_T000,organelle,ER,mitochondria,0.6283497450242428
D02_S0_C035_T000,organelle,ER,Golgi,0.4712623087681821
D02_S0_C035_T000,organelle,mitochondria,lipid_droplet,0.43230720674804823
D02_S0_C000_T012,organelle,ER,mitochondria,0.5853985520825729
D02_S0_C000_T012,organelle,ER,Golgi,0.43904891406192964
D02_S0_C000_T012,organelle,mitochondria,lipid_droplet,0.4174025035921388
D02_S0_C001_T012,organelle,ER,mitochondria,0.6151476751000791
D02_S0_C001_T012,organelle,ER,Golgi,0.4613607563250593
D02_S0_C001_T012,organelle,mitochondria,lipid_droplet,0.4182366889091519
D02_S0_C002_T012,organelle,ER,mitochondria,0.7238071048389216
D02_S0_C002_T012,organelle,ER,Golgi,0.5428553286291913
D02_S0_C002_T012,organelle,mitochondria,lipid_droplet,0.49075400955429466
D02_S0_C003_T012,organelle,ER,mitochondria,0.6769004347605816
D02_S0_C003_T012,organelle,ER,Golgi,0.5076753260704362
D02_S0_C003_T012,organelle,mitochondria,lipid_droplet,0.47982760384377293
D02_S0_C004_T012,organelle,ER,mitochondria,0.7910571727325579
D02_S0_C004_T012,organelle,ER,Golgi,0.5932928795494185
D02_S0_C004_T012,organelle,mitochondria,lipid_droplet,0.5421631995497174
D02_S0_C005_T012,organelle,ER,mitochondria,0.4530609031917278
D02_S0_C005_T012,organelle,ER,Golgi,0.33979567739379585
D02_S0_C005_T012,organelle,mitochondria,lipid_droplet,0.31833507867107513
D02_S0_C006_T012,organelle,ER,mitochondria,0.8439298721049067
D02_S0_C006_T012,organelle,ER,Golgi,0.63294740407868
D02_S0_C006_T012,organelle,mitochondria,lipid_droplet,0.5621559893577492
D02_S0_C007_T012,organelle,ER,mitochondria,0.7031097306516355
D02_S0_C007_T012,organelle,ER,Golgi,0.5273322979887266
D02_S0_C007_T012,organelle,mitochondria,lipid_droplet,0.5255620366897378
D02_S0_C008_T012,organelle,ER,mitochondria,0.5040882785651598
D02_S0_C008_T012,organelle,ER,Golgi,0.3780662089238699
D02_S0_C008_T012,organelle,mitochondria,lipid_droplet,0.3296411986594919
D02_S0_C009_T012,organelle,ER,mitochondria,0.9126300738759229
D02_S0_C009_T012,organelle,ER,Golgi,0.6844725554069422
D02_S0_C009_T012,organelle,mitochondria,lipid_droplet,0.6232801370970579
D02_S0_C010_T012,organelle,ER,mitochondria,0.7252390509104945
D02_S0_C010_T012,organelle,ER,Golgi,0.5439292881828708
D02_S0_C010_T012,organelle,mitochondria,lipid_droplet,0.5679665079322951
D02_S0_C011_T012,organelle,ER,mitochondria,0.7273021939893545
D02_S0_C011_T012,organelle,ER,Golgi,0.5454766454920159
D02_S0_C011_T012,organelle,mitochondria,lipid_droplet,0.5220996968410156
D02_S0_C012_T012,organelle,ER,mitochondria,0.5058560386493275
D02_S0_C012_T012,organelle,ER,Golgi,0.37939202898699564
D02_S0_C012_T012,organelle,mitochondria,lipid_droplet,0.4054453034743638
D02_S0_C013_T012,organelle,ER,mitochondria,0.6159824309808583
D02_S0_C013_T012,organelle,ER,Golgi,0.46198682323564366
D02_S0_C013_T012,organelle,mitochondria,lipid_droplet,0.4547603575105535
D02_S0_C014_T012,organelle,ER,mitochondria,0.5151083702311032
D02_S0_C014_T012,organelle,ER,Golgi,0.3863312776733274
D02_S0_C014_T012,organelle,mitochondria,lipid_droplet,0.37315059140389284
D02_S0_C015_T012,organelle,ER,mitochondria,0.9925721368137725
D02_S0_C015_T012,organelle,ER,Golgi,0.7444291026103294
D02_S0_C015_T012,organelle,mitochondria,lipid_droplet,0.725205908045307
D02_S0_C016_T012,organelle,ER,mitochondria,0.9284171976641891
D02_S0_C016_T012,organelle,ER,Golgi,0.6963128982481418
D02_S0_C016_T012,organelle,mitochondria,lipid_droplet,0.6129075139582532
D02_S0_C017_T012,organelle,ER,mitochondria,0.8464496227983266
D02_S0_C017_T012,organelle,ER,Golgi,0.634837217098745
D02_S0_C017_T012,organelle,mitochondria,lipid_droplet,0.6003995924612275
D02_S0_C018_T012,organelle,ER,mitochondria,1.0223118222042376
D02_S0_C018_T012,organelle,ER,Golgi,0.7667338666531782
D02_S0_C018_T012,organelle,mitochondria,lipid_droplet,0.691814264300366
D02_S0_C019_T012,organelle,ER,mitochondria,0.5431672911502627
D02_S0_C019_T012,organelle,ER,Golgi,0.40737546836269706
D02_S0_C019_T012,organelle,mitochondria,lipid_droplet,0.4092241536677804
D02_S0_C020_T012,organelle,ER,mitochondria,0.8043912570799379
D02_S0_C020_T012,organelle,ER,Golgi,0.6032934428099535
D02_S0_C020_T012,organelle,mitochondria,lipid_droplet,0.5417488686157588
D02_S0_C021_T012,organelle,ER,mitochondria,0.5800209137004522
D02_S0_C021_T012,organelle,ER,Golgi,0.4350156852753391
D02_S0_C021_T012,organelle,mitochondria,lipid_droplet,0.4044778312207532
D02_S0_C022_T012,organelle,ER,mitochondria,0.6425525791377337
D02_S0_C022_T012,organelle,ER,Golgi,0.4819144343533003
D02_S0_C022_T012,organelle,mitochondria,lipid_droplet,0.5099066216102828
D02_S0_C023_T012,organelle,ER,mitochondria,0.7207608736967812
D02_S0_C023_T012,organelle,ER,Golgi,0.540570655272586
D02_S0_C023_T012,organelle,mitochondria,lipid_droplet,0.4941897244595933
D02_S0_C024_T012,organelle,ER,mitochondria,0.6802570308743292
D02_S0_C024_T012,organelle,ER,Golgi,0.510192773155747
D02_S0_C024_T012,organelle,mitochondria,lipid_droplet,0.5172941611083562
D02_S0_C025_T012,organelle,ER,mitochondria,0.5498508082926873
D02_S0_C025_T012,organelle,ER,Golgi,0.4123881062195155
D02_S0_C025_T012,organelle,mitochondria,lipid_droplet,0.39240748684922383
D02_S0_C026_T012,organelle,ER,mitochondria,0.8149895287874743
D02_S0_C026_T012,organelle,ER,Golgi,0.6112421465906057
D02_S0_C026_T012,organelle,mitochondria,lipid_droplet,0.5519583849778467
D02_S0_C027_T012,organelle,ER,mitochondria,0.8242910644997329
D02_S0_C027_T012,organelle,ER,Golgi,0.6182182983747997
D02_S0_C027_T012,organelle,mitochondria,lipid_droplet,0.599907537062202
D02_S0_C028_T012,organelle,ER,mitochondria,0.8229269237949013
D02_S0_C028_T012,organelle,ER,Golgi,0.617195192846176
D02_S0_C028_T012,organelle,mitochondria,lipid_droplet,0.5760635836133297
D02_S0_C029_T012,organelle,ER,mitochondria,0.8675671202523962
D02_S0_C029_T012,organelle,ER,Golgi,0.6506753401892972
D02_S0_C029_T012,organelle,mitochondria,lipid_droplet,0.6110197444113155
D02_S0_C030_T012,organelle,ER,mitochondria,0.5601283084278866
D02_S0_C030_T012,organelle,ER,Golgi,0.420096231320915
D02_S0_C030_T012,organelle,mitochondria,lipid_droplet,0.4567440190102371
D02_S0_C031_T012,organelle,ER,mitochondria,1.0931335104528503
D02_S0_C031_T012,organelle,ER,Golgi,0.8198501328396377
D02_S0_C031_T012,organelle,mitochondria,lipid_droplet,0.6921706371841723
D02_S0_C032_T012,organelle,ER,mitochondria,0.468505184663867
D02_S0_C032_T012,organelle,ER,Golgi,0.3513788884979002
D02_S0_C032_T012,organelle,mitochondria,lipid_droplet,0.38443883437655085
D02_S0_C033_T012,organelle,ER,mitochondria,0.7096295075178454
D02_S0_C033_T012,organelle,ER,Golgi,0.5322221306383841
D02_S0_C033_T012,organelle,mitochondria,lipid_droplet,0.47928785731271123
D02_S0_C034_T012,organelle,ER,mitochondria,1.0429577331042064
D02_S0_C034_T012,organelle,ER,Golgi,0.7822182998281548
D02_S0_C034_T012,organelle,mitochondria,lipid_droplet,0.6682794470161567
D02_S0_C035_T012,organelle,ER,mitochondria,0.8195407164941101
D02_S0_C035_T012,organelle,ER,Golgi,0.6146555373705825
D02_S0_C035_T012,organelle,mitochondria,lipid_droplet,0.5643492492729865
D02_S0_C000_T024,organelle,ER,mitochondria,0.8179177292818901
D02_S0_C000_T024,organelle,ER,Golgi,0.6134382969614176
D02_S0_C000_T024,organelle,mitochondria,lipid_droplet,0.589932702597855
D02_S0_C001_T024,organelle,ER,mitochondria,0.8976225613256146
D02_S0_C001_T024,organelle,ER,Golgi,0.6732169209942109
D02_S0_C001_T024,organelle,mitochondria,lipid_droplet,0.6095279954571022
D02_S0_C002_T024,organelle,ER,mitochondria,0.9565244461309779
D02_S0_C002_T024,organelle,ER,Golgi,0.7173933345982334
D02_S0_C002_T024,organelle,mitochondria,lipid_droplet,0.6607581829220497
D02_S0_C003_T024,organelle,ER,mitochondria,1.0028043818246133
D02_S0_C003_T024,organelle,ER,Golgi,0.75210328636846
D02_S0_C003_T024,organelle,mitochondria,lipid_droplet,0.7254742524513216
D02_S0_C004_T024,organelle,ER,mitochondria,1.1076442567240108
D02_S0_C004_T024,organelle,ER,Golgi,0.8307331925430081
D02_S0_C004_T024,organelle,mitochondria,lipid_droplet,0.7922737895704892
D02_S0_C005_T024,organelle,ER,mitochondria,0.7199856039592943
D02_S0_C005_T024,organelle,ER,Golgi,0.5399892029694707
D02_S0_C005_T024,organelle,mitochondria,lipid_droplet,0.5029555622661002
D02_S0_C006_T024,organelle,ER,mitochondria,1.145187478603662
D02_S0_C006_T024,organelle,ER,Golgi,0.8588906089527465
D02_S0_C006_T024,organelle,mitochondria,lipid_droplet,0.7729594426171341
D02_S0_C007_T024,organelle,ER,mitochondria,1.0113281192931483
D02_S0_C007_T024,organelle,ER,Golgi,0.7584960894698611
D02_S0_C007_T024,organelle,mitochondria,lipid_droplet,0.7522304656112315
D02_S0_C008_T024,organelle,ER,mitochondria,0.61212851909794
D02_S0_C008_T024,organelle,ER,Golgi,0.459096389323455
D02_S0_C008_T024,organelle,mitochondria,lipid_droplet,0.3972466813949768
D02_S0_C009_T024,organelle,ER,mitochondria,1.1794474900320029
D02_S0_C009_T024,organelle,ER,Golgi,0.8845856175240021
D02_S0_C009_T024,organelle,mitochondria,lipid_droplet,0.8382738378616571
D02_S0_C010_T024,organelle,ER,mitochondria,0.9145422135821868
D02_S0_C010_T024,organelle,ER,Golgi,0.6859066601866401
D02_S0_C010_T024,organelle,mitochondria,lipid_droplet,0.6989982174702027
D02_S0_C011_T024,organelle,ER,mitochondria,1.024113088199574
D02_S0_C011_T024,organelle,ER,Golgi,0.7680848161496805
D02_S0_C011_T024,organelle,mitochondria,lipid_droplet,0.735174096571654
D02_S0_C012_T024,organelle,ER,mitochondria,0.8276378267769698
D02_S0_C012_T024,organelle,ER,Golgi,0.6207283700827274
D02_S0_C012_T024,organelle,mitochondria,lipid_droplet,0.6470909722886145
D02_S0_C013_T024,organelle,ER,mitochondria,0.952860443834382
D02_S0_C013_T024,organelle,ER,Golgi,0.7146453328757865
D02_S0_C013_T024,organelle,mitochondria,lipid_droplet,0.7097463034450702
D02_S0_C014_T024,organelle,ER,mitochondria,0.683486523490722
D02_S0_C014_T024,organelle,ER,Golgi,0.5126148926180415
D02_S0_C014_T024,organelle,mitochondria,lipid_droplet,0.5069724302732483
D02_S0_C015_T024,organelle,ER,mitochondria,1.2925550898396887
D02_S0_C015_T024,organelle,ER,Golgi,0.9694163173797665
D02_S0_C015_T024,organelle,mitochondria,lipid_droplet,0.906905299411829
D02_S0_C016_T024,organelle,ER,mitochondria,1.2368715390675324
D02_S0_C016_T024,organelle,ER,Golgi,0.9276536543006493
D02_S0_C016_T024,organelle,mitochondria,lipid_droplet,0.8562191593574885
D02_S0_C017_T024,organelle,ER,mitochondria,1.1101859755509458
D02_S0_C017_T024,organelle,ER,Golgi,0.8326394816632093
D02_S0_C017_T024,organelle,mitochondria,lipid_droplet,0.8041044145827043
D02_S0_C018_T024,organelle,ER,mitochondria,1.344870166227591
D02_S0_C018_T024,organelle,ER,Golgi,1.0086526246706933
D02_S0_C018_T024,organelle,mitochondria,lipid_droplet,0.9356785914251751
D02_S0_C019_T024,organelle,ER,mitochondria,0.8247285138243943
D02_S0_C019_T024,organelle,ER,Golgi,0.6185463853682958
D02_S0_C019_T024,organelle,mitochondria,lipid_droplet,0.6301884171353174
D02_S0_C020_T024,organelle,ER,mitochondria,1.0508690298416814
D02_S0_C020_T024,organelle,ER,Golgi,0.788151772381261
D02_S0_C020_T024,organelle,mitochondria,lipid_droplet,0.7491621839206503
D02_S0_C021_T024,organelle,ER,mitochondria,0.8381525806982848
D02_S0_C021_T024,organelle,ER,Golgi,0.6286144355237135
D02_S0_C021_T024,organelle,mitochondria,lipid_droplet,0.6047210627063493
D02_S0_C022_T024,organelle,ER,mitochondria,0.8742001693237358
D02_S0_C022_T024,organelle,ER,Golgi,0.6556501269928019
D02_S0_C022_T024,organelle,mitochondria,lipid_droplet,0.6768100931280547
D02_S0_C023_T024,organelle,ER,mitochondria,0.8942848979355628
D02_S0_C023_T024,organelle,ER,Golgi,0.6707136734516721
D02_S0_C023_T024,organelle,mitochondria,lipid_droplet,0.6348246676898859
D02_S0_C024_T024,organelle,ER,mitochondria,0.8951703720830126
D02_S0_C024_T024,organelle,ER,Golgi,0.6713777790622595
D02_S0_C024_T024,organelle,mitochondria,lipid_droplet,0.6883437046456571
D02_S0_C025_T024,organelle,ER,mitochondria,0.7157559033990243
D02_S0_C025_T024,organelle,ER,Golgi,0.5368169275492682
D02_S0_C025_T024,organelle,mitochondria,lipid_droplet,0.5198064974045172
D02_S0_C026_T024,organelle,ER,mitochondria,1.0666832593355993
D02_S0_C026_T024,organelle,ER,Golgi,0.8000124445016994
D02_S0_C026_T024,organelle,mitochondria,lipid_droplet,0.74501802205282
D02_S0_C027_T024,organelle,ER,mitochondria,1.1391586906809368
D02_S0_C027_T024,organelle,ER,Golgi,0.8543690180107026
D02_S0_C027_T024,organelle,mitochondria,lipid_droplet,0.8225372798745152
D02_S0_C028_T024,organelle,ER,mitochondria,1.0608388007958032
D02_S0_C028_T024,organelle,ER,Golgi,0.7956291005968523
D02_S0_C028_T024,organelle,mitochondria,lipid_droplet,0.7567976829665064
D02_S0_C029_T024,organelle,ER,mitochondria,1.1502664192737495
D02_S0_C029_T024,organelle,ER,Golgi,0.8626998144553122
D02_S0_C029_T024,organelle,mitochondria,lipid_droplet,0.8271793031024579
D02_S0_C030_T024,organelle,ER,mitochondria,0.8886485370830803
D02_S0_C030_T024,organelle,ER,Golgi,0.6664864028123103
D02_S0_C030_T024,organelle,mitochondria,lipid_droplet,0.6847566953956943
D02_S0_C031_T024,organelle,ER,mitochondria,1.3938051441474115
D02_S0_C031_T024,organelle,ER,Golgi,1.0453538581105586
D02_S0_C031_T024,organelle,mitochondria,lipid_droplet,0.9235154165096033
D02_S0_C032_T024,organelle,ER,mitochondria,0.7146989104771964
D02_S0_C032_T024,organelle,ER,Golgi,0.5360241828578973
D02_S0_C032_T024,organelle,mitochondria,lipid_droplet,0.5867413291241872
D02_S0_C033_T024,organelle,ER,mitochondria,0.8946565312875783
D02_S0_C033_T024,organelle,ER,Golgi,0.6709923984656837
D02_S0_C033_T024,organelle,mitochondria,lipid_droplet,0.6355145453618839
D02_S0_C034_T024,organelle,ER,mitochondria,1.2865923786504607
D02_S0_C034_T024,organelle,ER,Golgi,0.9649442839878455
D02_S0_C034_T024,organelle,mitochondria,lipid_droplet,0.8592565472004265
D02_S0_C035_T024,organelle,ER,mitochondria,1.1088494214757783
D02_S0_C035_T024,organelle,ER,Golgi,0.8316370661068337
D02_S0_C035_T024,organelle,mitochondria,lipid_droplet,0.789742823531387
D02_S0_C000_T048,organelle,ER,mitochondria,1.5490072189555342
D02_S0_C000_T048,organelle,ER,Golgi,1.1617554142166506
D02_S0_C000_T048,organelle,mitochondria,lipid_droplet,1.0479539704255438
D02_S0_C001_T048,organelle,ER,mitochondria,1.5128958626783198
D02_S0_C001_T048,organelle,ER,Golgi,1.1346718970087397
D02_S0_C001_T048,organelle,mitochondria,lipid_droplet,1.028092724473076
D02_S0_C002_T048,organelle,ER,mitochondria,1.6847324996279105
D02_S0_C002_T048,organelle,ER,Golgi,1.2635493747209328
D02_S0_C002_T048,organelle,mitochondria,lipid_droplet,1.122602874795351
D02_S0_C003_T048,organelle,ER,mitochondria,1.5841237078328168
D02_S0_C003_T048,organelle,ER,Golgi,1.1880927808746127
D02_S0_C003_T048,organelle,mitochondria,lipid_droplet,1.0672680393080494
D02_S0_C004_T048,organelle,ER,mitochondria,1.7497287045600938
D02_S0_C004_T048,organelle,ER,Golgi,1.3122965284200703
D02_S0_C004_T048,organelle,mitochondria,lipid_droplet,1.1583507875080516
D02_S0_C005_T048,organelle,ER,mitochondria,1.481943281775862
D02_S0_C005_T048,organelle,ER,Golgi,1.1114574613318964
D02_S0_C005_T048,organelle,mitochondria,lipid_droplet,1.0110688049767242
D02_S0_C006_T048,organelle,ER,mitochondria,1.8
D02_S0_C006_T048,organelle,ER,Golgi,1.35
D02_S0_C006_T048,organelle,mitochondria,lipid_droplet,1.1860000000000002
D02_S0_C007_T048,organelle,ER,mitochondria,1.6902134356001062
D02_S0_C007_T048,organelle,ER,Golgi,1.2676600767000796
D02_S0_C007_T048,organelle,mitochondria,lipid_droplet,1.1256173895800585
D02_S0_C008_T048,organelle,ER,mitochondria,1.2826038997545097
D02_S0_C008_T048,organelle,ER,Golgi,0.9619529248158822
D02_S0_C008_T048,organelle,mitochondria,lipid_droplet,0.9014321448649805
D02_S0_C009_T048,organelle,ER,mitochondria,1.8
D02_S0_C009_T048,organelle,ER,Golgi,1.35
D02_S0_C009_T048,organelle,mitochondria,lipid_droplet,1.1860000000000002
D02_S0_C010_T048,organelle,ER,mitochondria,1.6643089280086154
D02_S0_C010_T048,organelle,ER,Golgi,1.2482316960064614
D02_S0_C010_T048,organelle,mitochondria,lipid_droplet,1.1113699104047385
D02_S0_C011_T048,organelle,ER,mitochondria,1.6563793235157451
D02_S0_C011_T048,organelle,ER,Golgi,1.2422844926368088
D02_S0_C011_T048,organelle,mitochondria,lipid_droplet,1.10700862793366
D02_S0_C012_T048,organelle,ER,mitochondria,1.3960208748791703
D02_S0_C012_T048,organelle,ER,Golgi,1.0470156561593778
D02_S0_C012_T048,organelle,mitochondria,lipid_droplet,0.9638114811835437
D02_S0_C013_T048,organelle,ER,mitochondria,1.5529787573861358
D02_S0_C013_T048,organelle,ER,Golgi,1.1647340680396019
D02_S0_C013_T048,organelle,mitochondria,lipid_droplet,1.0501383165623748
D02_S0_C014_T048,organelle,ER,mitochondria,1.3334738541607654
D02_S0_C014_T048,organelle,ER,Golgi,1.0001053906205741
D02_S0_C014_T048,organelle,mitochondria,lipid_droplet,0.9294106197884211
D02_S0_C015_T048,organelle,ER,mitochondria,1.8
D02_S0_C015_T048,organelle,ER,Golgi,1.35
D02_S0_C015_T048,organelle,mitochondria,lipid_droplet,1.1860000000000002
D02_S0_C016_T048,organelle,ER,mitochondria,1.8
D02_S0_C016_T048,organelle,ER,Golgi,1.35
D02_S0_C016_T048,organelle,mitochondria,lipid_droplet,1.1860000000000002
D02_S0_C017_T048,organelle,ER,mitochondria,1.7327986130433406
D02_S0_C017_T048,organelle,ER,Golgi,1.2995989597825055
D02_S0_C017_T048,organelle,mitochondria,lipid_droplet,1.1490392371738374
D02_S0_C018_T048,organelle,ER,mitochondria,1.8
D02_S0_C018_T048,organelle,ER,Golgi,1.35
D02_S0_C018_T048,organelle,mitochondria,lipid_droplet,1.1860000000000002
D02_S0_C019_T048,organelle,ER,mitochondria,1.4937994206059633
D02_S0_C019_T048,organelle,ER,Golgi,1.1203495654544724
D02_S0_C019_T048,organelle,mitochondria,lipid_droplet,1.0175896813332799
D02_S0_C020_T048,organelle,ER,mitochondria,1.8
D02_S0_C020_T048,organelle,ER,Golgi,1.35
D02_S0_C020_T048,organelle,mitochondria,lipid_droplet,1.1860000000000002
D02_S0_C021_T048,organelle,ER,mitochondria,1.5825362007048571
D02_S0_C021_T048,organelle,ER,Golgi,1.1869021505286428
D02_S0_C021_T048,organelle,mitochondria,lipid_droplet,1.0663949103876715
D02_S0_C022_T048,organelle,ER,mitochondria,1.5024188651792492
D02_S0_C022_T048,organelle,ER,Golgi,1.1268141488844368
D02_S0_C022_T048,organelle,mitochondria,lipid_droplet,1.022330375848587
D02_S0_C023_T048,organelle,ER,mitochondria,1.5877433519531292
D02_S0_C023_T048,organelle,ER,Golgi,1.1908075139648469
D02_S0_C023_T048,organelle,mitochondria,lipid_droplet,1.0692588435742212
D02_S0_C024_T048,organelle,ER,mitochondria,1.6013593771523107
D02_S0_C024_T048,organelle,ER,Golgi,1.201019532864233
D02_S0_C024_T048,organelle,mitochondria,lipid_droplet,1.0767476574337709
D02_S0_C025_T048,organelle,ER,mitochondria,1.3805054153358882
D02_S0_C025_T048,organelle,ER,Golgi,1.0353790615019163
D02_S0_C025_T048,organelle,mitochondria,lipid_droplet,0.9552779784347385
D02_S0_C026_T048,organelle,ER,mitochondria,1.7448149186529867
D02_S0_C026_T048,organelle,ER,Golgi,1.30861118898974
D02_S0_C026_T048,organelle,mitochondria,lipid_droplet,1.1556482052591428
D02_S0_C027_T048,organelle,ER,mitochondria,1.7829646136344721
D02_S0_C027_T048,organelle,ER,Golgi,1.3372234602258541
D02_S0_C027_T048,organelle,mitochondria,lipid_droplet,1.1766305374989598
D02_S0_C028_T048,organelle,ER,mitochondria,1.7195124020739962
D02_S0_C028_T048,organelle,ER,Golgi,1.2896343015554972
D02_S0_C028_T048,organelle,mitochondria,lipid_droplet,1.141731821140698
D02_S0_C029_T048,organelle,ER,mitochondria,1.797862962889061
D02_S0_C029_T048,organelle,ER,Golgi,1.3483972221667957
D02_S0_C029_T048,organelle,mitochondria,lipid_droplet,1.1848246295889837
D02_S0_C030_T048,organelle,ER,mitochondria,1.5134812352048812
D02_S0_C030_T048,organelle,ER,Golgi,1.135110926403661
D02_S0_C030_T048,organelle,mitochondria,lipid_droplet,1.0284146793626847
D02_S0_C031_T048,organelle,ER,mitochondria,1.8
D02_S0_C031_T048,organelle,ER,Golgi,1.35
D02_S0_C031_T048,organelle,mitochondria,lipid_droplet,1.1860000000000002
D02_S0_C032_T048,organelle,ER,mitochondria,1.3118145077202765
D02_S0_C032_T048,organelle,ER,Golgi,0.9838608807902074
D02_S0_C032_T048,organelle,mitochondria,lipid_droplet,0.9174979792461522
D02_S0_C033_T048,organelle,ER,mitochondria,1.6332516449278096
D02_S0_C033_T048,organelle,ER,Golgi,1.2249387336958573
D02_S0_C033_T048,organelle,mitochondria,lipid_droplet,1.0942884047102954
D02_S0_C034_T048,organelle,ER,mitochondria,1.8
D02_S0_C034_T048,organelle,ER,Golgi,1.35
D02_S0_C034_T048,organelle,mitochondria,lipid_droplet,1.1860000000000002
D02_S0_C035_T048,organelle,ER,mitochondria,1.7909150555497897
D02_S0_C035_T048,organelle,ER,Golgi,1.3431862916623423
D02_S0_C035_T048,organelle,mitochondria,lipid_droplet,1.1810032805523845
D02_S1_C000_T000,organelle,ER,mitochondria,0.6505316655380629
D02_S1_C000_T000,organelle,ER,Golgi,0.48789874915354714
D02_S1_C000_T000,organelle,mitochondria,lipid_droplet,0.4618133879937679
D02_S1_C001_T000,organelle,ER,mitochondria,0.47556786853843613
D02_S1_C001_T000,organelle,ER,Golgi,0.3566759014038271
D02_S1_C001_T000,organelle,mitochondria,lipid_droplet,0.35220856704317016
D02_S1_C002_T000,organelle,ER,mitochondria,0.5300051061640032
D02_S1_C002_T000,organelle,ER,Golgi,0.3975038296230024
D02_S1_C002_T000,organelle,mitochondria,lipid_droplet,0.34549050141145754
D02_S1_C003_T000,organelle,ER,mitochondria,0.78288677970542
D02_S1_C003_T000,organelle,ER,Golgi,0.587165084779065
D02_S1_C003_T000,organelle,mitochondria,lipid_droplet,0.5311664195306987
D02_S1_C004_T000,organelle,ER,mitochondria,0.39166897999483247
D02_S1_C004_T000,organelle,ER,Golgi,0.29375173499612434
D02_S1_C004_T000,organelle,mitochondria,lipid_droplet,0.28694647812270224
D02_S1_C005_T000,organelle,ER,mitochondria,0.7375143778587647
D02_S1_C005_T000,organelle,ER,Golgi,0.5531357833940735
D02_S1_C005_T000,organelle,mitochondria,lipid_droplet,0.5026117757996555
D02_S1_C006_T000,organelle,ER,mitochondria,0.6659498662216651
D02_S1_C006_T000,organelle,ER,Golgi,0.49946239966624884
D02_S1_C006_T000,organelle,mitochondria,lipid_droplet,0.4737354651910163
D02_S1_C007_T000,organelle,ER,mitochondria,0.9354387219288212
D02_S1_C007_T000,organelle,ER,Golgi,0.7015790414466159
D02_S1_C007_T000,organelle,mitochondria,lipid_droplet,0.6160645082029883
D02_S1_C008_T000,organelle,ER,mitochondria,0.3764736987050039
D02_S1_C008_T000,organelle,ER,Golgi,0.28235527402875293
D02_S1_C008_T000,organelle,mitochondria,lipid_droplet,0.2873583852977614
D02_S1_C009_T000,organelle,ER,mitochondria,0.6523784127309931
D02_S1_C009_T000,organelle,ER,Golgi,0.4892838095482448
D02_S1_C009_T000,organelle,mitochondria,lipid_droplet,0.46391311206168806
D02_S1_C010_T000,organelle,ER,mitochondria,0.6863747085304197
D02_S1_C010_T000,organelle,ER,Golgi,0.5147810313978147
D02_S1_C010_T000,organelle,mitochondria,lipid_droplet,0.45678388391286456
D02_S1_C011_T000,organelle,ER,mitochondria,0.20864831026255068
D02_S1_C011_T000,organelle,ER,Golgi,0.156486232696913
D02_S1_C011_T000,organelle,mitochondria,lipid_droplet,0.16393849007105843
D02_S1_C012_T000,organelle,ER,mitochondria,0.83148041343928
D02_S1_C012_T000,organelle,ER,Golgi,0.62361031007946
D02_S1_C012_T000,organelle,mitochondria,lipid_droplet,0.5708263295796735
D02_S1_C013_T000,organelle,ER,mitochondria,0.473249234747367
D02_S1_C013_T000,organelle,ER,Golgi,0.3549369260605253
D02_S1_C013_T000,organelle,mitochondria,lipid_droplet,0.35374715837642273
D02_S1_C014_T000,organelle,ER,mitochondria,0.5999237460560614
D02_S1_C014_T000,organelle,ER,Golgi,0.449942809542046
D02_S1_C014_T000,organelle,mitochondria,lipid_droplet,0.4036510971514471
D02_S1_C015_T000,organelle,ER,mitochondria,0.4073821302773803
D02_S1_C015_T000,organelle,ER,Golgi,0.3055365977080352
D02_S1_C015_T000,organelle,mitochondria,lipid_droplet,0.3491256415750418
D02_S1_C016_T000,organelle,ER,mitochondria,0.4930023311278291
D02_S1_C016_T000,organelle,ER,Golgi,0.3697517483458718
D02_S1_C016_T000,organelle,mitochondria,lipid_droplet,0.35147113617181663
D02_S1_C017_T000,organelle,ER,mitochondria,0.32645871258495573
D02_S1_C017_T000,organelle,ER,Golgi,0.2448440344387168
D02_S1_C017_T000,organelle,mitochondria,lipid_droplet,0.27563135687798823
D02_S1_C018_T000,organelle,ER,mitochondria,0.7153238984127555
D02_S1_C018_T000,organelle,ER,Golgi,0.5364929238095666
D02_S1_C018_T000,organelle,mitochondria,lipid_droplet,0.43965469604159124
D02_S1_C019_T000,organelle,ER,mitochondria,0.6844266533657585
D02_S1_C019_T000,organelle,ER,Golgi,0.5133199900243188
D02_S1_C019_T000,organelle,mitochondria,lipid_droplet,0.4938489471873238
D02_S1_C020_T000,organelle,ER,mitochondria,0.5667695265535106
D02_S1_C020_T000,organelle,ER,Golgi,0.425077144915133
D02_S1_C020_T000,organelle,mitochondria,lipid_droplet,0.412781162841904
D02_S1_C021_T000,organelle,ER,mitochondria,0.4556918244106177
D02_S1_C021_T000,organelle,ER,Golgi,0.34176886830796327
D02_S1_C021_T000,organelle,mitochondria,lipid_droplet,0.34600758504598134
D02_S1_C022_T000,organelle,ER,mitochondria,0.40484496964456934
D02_S1_C022_T000,organelle,ER,Golgi,0.303633727233427
D02_S1_C022_T000,organelle,mitochondria,lipid_droplet,0.2873102359544977
D02_S1_C023_T000,organelle,ER,mitochondria,0.7991157091552483
D02_S1_C023_T000,organelle,ER,Golgi,0.5993367818664362
D02_S1_C023_T000,organelle,mitochondria,lipid_droplet,0.5510724486379218
D02_S1_C024_T000,organelle,ER,mitochondria,0.3954248462494509
D02_S1_C024_T000,organelle,ER,Golgi,0.29656863468708816
D02_S1_C024_T000,organelle,mitochondria,lipid_droplet,0.2838120267377344
D02_S1_C025_T000,organelle,ER,mitochondria,0.35338273776006224
D02_S1_C025_T000,organelle,ER,Golgi,0.2650370533200467
D02_S1_C025_T000,organelle,mitochondria,lipid_droplet,0.2629740144127187
D02_S1_C026_T000,organelle,ER,mitochondria,0.6056655614377315
D02_S1_C026_T000,organelle,ER,Golgi,0.45424917107829865
D02_S1_C026_T000,organelle,mitochondria,lipid_droplet,0.3935207481621328
D02_S1_C027_T000,organelle,ER,mitochondria,0.5868295181439532
D02_S1_C027_T000,organelle,ER,Golgi,0.4401221386079649
D02_S1_C027_T000,organelle,mitochondria,lipid_droplet,0.40172003586300864
D02_S1_C028_T000,organelle,ER,mitochondria,0.5817284371350229
D02_S1_C028_T000,organelle,ER,Golgi,0.43629632785126715
D02_S1_C028_T000,organelle,mitochondria,lipid_droplet,0.42176823368171484
D02_S1_C029_T000,organelle,ER,mitochondria,0.5372943367392368
D02_S1_C029_T000,organelle,ER,Golgi,0.4029707525544276
D02_S1_C029_T000,organelle,mitochondria,lipid_droplet,0.42259769748103904
D02_S1_C030_T000,organelle,ER,mitochondria,0.7381411156760391
D02_S1_C030_T000,organelle,ER,Golgi,0.5536058367570293
D02_S1_C030_T000,organelle,mitochondria,lipid_droplet,0.4788247890186179
D02_S1_C031_T000,organelle,ER,mitochondria,0.5332846955387694
D02_S1_C031_T000,organelle,ER,Golgi,0.3999635216540771
D02_S1_C031_T000,organelle,mitochondria,lipid_droplet,0.36275906774527955
D02_S1_C032_T000,organelle,ER,mitochondria,0.3081900228141234
D02_S1_C032_T000,organelle,ER,Golgi,0.23114251711059253
D02_S1_C032_T000,organelle,mitochondria,lipid_droplet,0.23288007768450097
D02_S1_C033_T000,organelle,ER,mitochondria,0.8795650301829254
D02_S1_C033_T000,organelle,ER,Golgi,0.6596737726371941
D02_S1_C033_T000,organelle,mitochondria,lipid_droplet,0.5912671792538247
D02_S1_C034_T000,organelle,ER,mitochondria,0.594677120476711
D02_S1_C034_T000,organelle,ER,Golgi,0.4460078403575332
D02_S1_C034_T000,organelle,mitochondria,lipid_droplet,0.40125824375328356
D02_S1_C035_T000,organelle,ER,mitochondria,0.8254844872031921
D02_S1_C035_T000,organelle,ER,Golgi,0.6191133654023941
D02_S1_C035_T000,organelle,mitochondria,lipid_droplet,0.49789982527496707
D02_S1_C000_T012,organelle,ER,mitochondria,0.7827383486221565
D02_S1_C000_T012,organelle,ER,Golgi,0.5870537614666174
D02_S1_C000_T012,organelle,mitochondria,lipid_droplet,0.5667316007376966
D02_S1_C001_T012,organelle,ER,mitochondria,0.6472902382764959
D02_S1_C001_T012,organelle,ER,Golgi,0.48546767870737195
D02_S1_C001_T012,organelle,mitochondria,lipid_droplet,0.4717707975653761
D02_S1_C002_T012,organelle,ER,mitochondria,0.6730747537971414
D02_S1_C002_T012,organelle,ER,Golgi,0.5048060653478561
D02_S1_C002_T012,organelle,mitochondria,lipid_droplet,0.4429171505888156
D02_S1_C003_T012,organelle,ER,mitochondria,0.935222907838903
D02_S1_C003_T012,organelle,ER,Golgi,0.7014171808791773
D02_S1_C003_T012,organelle,mitochondria,lipid_droplet,0.6534804154470805
D02_S1_C004_T012,organelle,ER,mitochondria,0.5163335522634601
D02_S1_C004_T012,organelle,ER,Golgi,0.38725016419759506
D02_S1_C004_T012,organelle,mitochondria,lipid_droplet,0.3907008882672059
D02_S1_C005_T012,organelle,ER,mitochondria,0.8668337300781894
D02_S1_C005_T012,organelle,ER,Golgi,0.650125297558642
D02_S1_C005_T012,organelle,mitochondria,lipid_droplet,0.602810261197255
D02_S1_C006_T012,organelle,ER,mitochondria,0.828272896130488
D02_S1_C006_T012,organelle,ER,Golgi,0.621204672097866
D02_S1_C006_T012,organelle,mitochondria,lipid_droplet,0.5816549821619791
D02_S1_C007_T012,organelle,ER,mitochondria,1.0987616466327308
D02_S1_C007_T012,organelle,ER,Golgi,0.824071234974548
D02_S1_C007_T012,organelle,mitochondria,lipid_droplet,0.7402437098908553
D02_S1_C008_T012,organelle,ER,mitochondria,0.48579817976981365
D02_S1_C008_T012,organelle,ER,Golgi,0.36434863482736024
D02_S1_C008_T012,organelle,mitochondria,lipid_droplet,0.3423186523263142
D02_S1_C009_T012,organelle,ER,mitochondria,0.7501618465450324
D02_S1_C009_T012,organelle,ER,Golgi,0.5626213849087742
D02_S1_C009_T012,organelle,mitochondria,lipid_droplet,0.5367389238361452
D02_S1_C010_T012,organelle,ER,mitochondria,0.8129274494615201
D02_S1_C010_T012,organelle,ER,Golgi,0.60969558709614
D02_S1_C010_T012,organelle,mitochondria,lipid_droplet,0.544879545199119
D02_S1_C011_T012,organelle,ER,mitochondria,0.2962116002461093
D02_S1_C011_T012,organelle,ER,Golgi,0.222158700184582
D02_S1_C011_T012,organelle,mitochondria,lipid_droplet,0.22567052893650363
D02_S1_C012_T012,organelle,ER,mitochondria,1.007453874692897
D02_S1_C012_T012,organelle,ER,Golgi,0.7555904060196728
D02_S1_C012_T012,organelle,mitochondria,lipid_droplet,0.7046496109837839
D02_S1_C013_T012,organelle,ER,mitochondria,0.6397802415214425
D02_S1_C013_T012,organelle,ER,Golgi,0.4798351811410819
D02_S1_C013_T012,organelle,mitochondria,lipid_droplet,0.4777136727898068
D02_S1_C014_T012,organelle,ER,mitochondria,0.7246263360287438
D02_S1_C014_T012,organelle,ER,Golgi,0.5434697520215579
D02_S1_C014_T012,organelle,mitochondria,lipid_droplet,0.4772625608736649
D02_S1_C015_T012,organelle,ER,mitochondria,0.5024070945405993
D02_S1_C015_T012,organelle,ER,Golgi,0.3768053209054495
D02_S1_C015_T012,organelle,mitochondria,lipid_droplet,0.4181957525014608
D02_S1_C016_T012,organelle,ER,mitochondria,0.6362462981873963
D02_S1_C016_T012,organelle,ER,Golgi,0.4771847236405472
D02_S1_C016_T012,organelle,mitochondria,lipid_droplet,0.45657916884597877
D02_S1_C017_T012,organelle,ER,mitochondria,0.49266953187050444
D02_S1_C017_T012,organelle,ER,Golgi,0.36950214890287836
D02_S1_C017_T012,organelle,mitochondria,lipid_droplet,0.38805857275490596
D02_S1_C018_T012,organelle,ER,mitochondria,0.8041831674558694
D02_S1_C018_T012,organelle,ER,Golgi,0.6031373755919021
D02_S1_C018_T012,organelle,mitochondria,lipid_droplet,0.5191881595926078
D02_S1_C019_T012,organelle,ER,mitochondria,0.8861141725440257
D02_S1_C019_T012,organelle,ER,Golgi,0.6645856294080192
D02_S1_C019_T012,organelle,mitochondria,lipid_droplet,0.643956960093296
D02_S1_C020_T012,organelle,ER,mitochondria,0.6931739514101072
D02_S1_C020_T012,organelle,ER,Golgi,0.5198804635575804
D02_S1_C020_T012,organelle,mitochondria,lipid_droplet,0.4944852636507059
D02_S1_C021_T012,organelle,ER,mitochondria,0.5911976642224167
D02_S1_C021_T012,organelle,ER,Golgi,0.4433982481668125
D02_S1_C021_T012,organelle,mitochondria,lipid_droplet,0.431853903483137
D02_S1_C022_T012,organelle,ER,mitochondria,0.5615202909535109
D02_S1_C022_T012,organelle,ER,Golgi,0.42114021821513314
D02_S1_C022_T012,organelle,mitochondria,lipid_droplet,0.39197947465473076
D02_S1_C023_T012,organelle,ER,mitochondria,0.9062414666081321
D02_S1_C023_T012,organelle,ER,Golgi,0.679681099956099
D02_S1_C023_T012,organelle,mitochondria,lipid_droplet,0.6451951986402552
D02_S1_C024_T012,organelle,ER,mitochondria,0.48286375498234035
D02_S1_C024_T012,organelle,ER,Golgi,0.3621478162367553
D02_S1_C024_T012,organelle,mitochondria,lipid_droplet,0.33514114619038426
D02_S1_C025_T012,organelle,ER,mitochondria,0.5332475574482285
D02_S1_C025_T012,organelle,ER,Golgi,0.39993566808617137
D02_S1_C025_T012,organelle,mitochondria,lipid_droplet,0.3826827370557259
D02_S1_C026_T012,organelle,ER,mitochondria,0.6914635703556703
D02_S1_C026_T012,organelle,ER,Golgi,0.5185976777667527
D02_S1_C026_T012,organelle,mitochondria,lipid_droplet,0.44573134799557673
D02_S1_C027_T012,organelle,ER,mitochondria,0.674167421533786
D02_S1_C027_T012,organelle,ER,Golgi,0.5056255661503395
D02_S1_C027_T012,organelle,mitochondria,lipid_droplet,0.45692332769260435
D02_S1_C028_T012,organelle,ER,mitochondria,0.7784147974225317
D02_S1_C028_T012,organelle,ER,Golgi,0.5838110980668988
D02_S1_C028_T012,organelle,mitochondria,lipid_droplet,0.5768381165375446
D02_S1_C029_T012,organelle,ER,mitochondria,0.7136063306003089
D02_S1_C029_T012,organelle,ER,Golgi,0.5352047479502317
D02_S1_C029_T012,organelle,mitochondria,lipid_droplet,0.5445860835582342
D02_S1_C030_T012,organelle,ER,mitochondria,0.8470932700942715
D02_S1_C030_T012,organelle,ER,Golgi,0.6353199525707036
D02_S1_C030_T012,organelle,mitochondria,lipid_droplet,0.5557591782639425
D02_S1_C031_T012,organelle,ER,mitochondria,0.6821068752014815
D02_S1_C031_T012,organelle,ER,Golgi,0.5115801564011111
D02_S1_C031_T012,organelle,mitochondria,lipid_droplet,0.45913235836426053
D02_S1_C032_T012,organelle,ER,mitochondria,0.4077982698124977
D02_S1_C032_T012,organelle,ER,Golgi,0.3058487023593733
D02_S1_C032_T012,organelle,mitochondria,lipid_droplet,0.30521606586345457
D02_S1_C033_T012,organelle,ER,mitochondria,1.0714980799165095
D02_S1_C033_T012,organelle,ER,Golgi,0.8036235599373821
D02_S1_C033_T012,organelle,mitochondria,lipid_droplet,0.7399782977755056
D02_S1_C034_T012,organelle,ER,mitochondria,0.7283169957371219
D02_S1_C034_T012,organelle,ER,Golgi,0.5462377468028414
D02_S1_C034_T012,organelle,mitochondria,lipid_droplet,0.5063136672952853
D02_S1_C035_T012,organelle,ER,mitochondria,0.9732509487098595
D02_S1_C035_T012,organelle,ER,Golgi,0.7299382115323947
D02_S1_C035_T012,organelle,mitochondria,lipid_droplet,0.5884169839237713
D02_S1_C000_T024,organelle,ER,mitochondria,1.0341615942704077
D02_S1_C000_T024,organelle,ER,Golgi,0.7756211957028057
D02_S1_C000_T024,organelle,mitochondria,lipid_droplet,0.7647888768487243
D02_S1_C001_T024,organelle,ER,mitochondria,0.932927156447301
D02_S1_C001_T024,organelle,ER,Golgi,0.6996953673354758
D02_S1_C001_T024,organelle,mitochondria,lipid_droplet,0.696238876272741
D02_S1_C002_T024,organelle,ER,mitochondria,0.8889115593335815
D02_S1_C002_T024,organelle,ER,Golgi,0.6666836695001861
D02_S1_C002_T024,organelle,mitochondria,lipid_droplet,0.6052274540681257
D02_S1_C003_T024,organelle,ER,mitochondria,1.1716714721800174
D02_S1_C003_T024,organelle,ER,Golgi,0.878753604135013
D02_S1_C003_T024,organelle,mitochondria,lipid_droplet,0.8404193096990096
D02_S1_C004_T024,organelle,ER,mitochondria,0.752840009863539
D02_S1_C004_T024,organelle,ER,Golgi,0.5646300073976542
D02_S1_C004_T024,organelle,mitochondria,lipid_droplet,0.5823001283717341
D02_S1_C005_T024,organelle,ER,mitochondria,1.1284896067333872
D02_S1_C005_T024,organelle,ER,Golgi,0.8463672050500404
D02_S1_C005_T024,organelle,mitochondria,lipid_droplet,0.8040052607273399
D02_S1_C006_T024,organelle,ER,mitochondria,1.0626865523696611
D02_S1_C006_T024,organelle,ER,Golgi,0.7970149142772458
D02_S1_C006_T024,organelle,mitochondria,lipid_droplet,0.7804776038033137
D02_S1_C007_T024,organelle,ER,mitochondria,1.3837904970731907
D02_S1_C007_T024,organelle,ER,Golgi,1.037842872804893
D02_S1_C007_T024,organelle,mitochondria,lipid_droplet,0.957084773390255
D02_S1_C008_T024,organelle,ER,mitochondria,0.7287907118459064
D02_S1_C008_T024,organelle,ER,Golgi,0.5465930338844298
D02_S1_C008_T024,organelle,mitochondria,lipid_droplet,0.5150017006981954
D02_S1_C009_T024,organelle,ER,mitochondria,1.0573601632320426
D02_S1_C009_T024,organelle,ER,Golgi,0.793020122424032
D02_S1_C009_T024,organelle,mitochondria,lipid_droplet,0.7719385576111227
D02_S1_C010_T024,organelle,ER,mitochondria,1.036435049251845
D02_S1_C010_T024,organelle,ER,Golgi,0.7773262869388837
D02_S1_C010_T024,organelle,mitochondria,lipid_droplet,0.712044721882025
D02_S1_C011_T024,organelle,ER,mitochondria,0.55144098745047
D02_S1_C011_T024,organelle,ER,Golgi,0.4135807405878525
D02_S1_C011_T024,organelle,mitochondria,lipid_droplet,0.4067361451010174
D02_S1_C012_T024,organelle,ER,mitochondria,1.3239229811991184
D02_S1_C012_T024,organelle,ER,Golgi,0.9929422358993388
D02_S1_C012_T024,organelle,mitochondria,lipid_droplet,0.9241576396595153
D02_S1_C013_T024,organelle,ER,mitochondria,0.9408696573527986
D02_S1_C013_T024,organelle,ER,Golgi,0.705652243014599
D02_S1_C013_T024,organelle,mitochondria,lipid_droplet,0.7134783115440393
D02_S1_C014_T024,organelle,ER,mitochondria,0.9293750734161338
D02_S1_C014_T024,organelle,ER,Golgi,0.6970313050621003
D02_S1_C014_T024,organelle,mitochondria,lipid_droplet,0.6369357651058463
D02_S1_C015_T024,organelle,ER,mitochondria,0.7243769969442394
D02_S1_C015_T024,organelle,ER,Golgi,0.5432827477081795
D02_S1_C015_T024,organelle,mitochondria,lipid_droplet,0.5944073483193317
D02_S1_C016_T024,organelle,ER,mitochondria,0.9537572367061198
D02_S1_C016_T024,organelle,ER,Golgi,0.7153179275295898
D02_S1_C016_T024,organelle,mitochondria,lipid_droplet,0.6977102912617206
D02_S1_C017_T024,organelle,ER,mitochondria,0.720006430068492
D02_S1_C017_T024,organelle,ER,Golgi,0.540004822551369
D02_S1_C017_T024,organelle,mitochondria,lipid_droplet,0.5733814924664138
D02_S1_C018_T024,organelle,ER,mitochondria,1.0284962569497407
D02_S1_C018_T024,organelle,ER,Golgi,0.7713721927123055
D02_S1_C018_T024,organelle,mitochondria,lipid_droplet,0.6946657114781587
D02_S1_C019_T024,organelle,ER,mitochondria,1.1109672021278671
D02_S1_C019_T024,organelle,ER,Golgi,0.8332254015959004
D02_S1_C019_T024,organelle,mitochondria,lipid_droplet,0.8070319611703269
D02_S1_C020_T024,organelle,ER,mitochondria,0.9334893634308113
D02_S1_C020_T024,organelle,ER,Golgi,0.7001170225731085
D02_S1_C020_T024,organelle,mitochondria,lipid_droplet,0.6753445797551113
D02_S1_C021_T024,organelle,ER,mitochondria,0.8960379118445008
D02_S1_C021_T024,organelle,ER,Golgi,0.6720284338833755
D02_S1_C021_T024,organelle,mitochondria,lipid_droplet,0.6513991315555516
D02_S1_C022_T024,organelle,ER,mitochondria,0.8223516176323828
D02_S1_C022_T024,organelle,ER,Golgi,0.6167637132242871
D02_S1_C022_T024,organelle,mitochondria,lipid_droplet,0.5862414200192743
D02_S1_C023_T024,organelle,ER,mitochondria,1.0863078670374773
D02_S1_C023_T024,organelle,ER,Golgi,0.814730900278108
D02_S1_C023_T024,organelle,mitochondria,lipid_droplet,0.7899118301108563
D02_S1_C024_T024,organelle,ER,mitochondria,0.6820793478087964
D02_S1_C024_T024,organelle,ER,Golgi,0.5115595108565973
D02_S1_C024_T024,organelle,mitochondria,lipid_droplet,0.48275652247243755
D02_S1_C025_T024,organelle,ER,mitochondria,0.7789417323024055
D02_S1_C025_T024,organelle,ER,Golgi,0.5842062992268041
D02_S1_C025_T024,organelle,mitochondria,lipid_droplet,0.5710894512986179
D02_S1_C026_T024,organelle,ER,mitochondria,0.9808153970483361
D02_S1_C026_T024,organelle,ER,Golgi,0.735611547786252
D02_S1_C026_T024,organelle,mitochondria,lipid_droplet,0.6415182577285836
D02_S1_C027_T024,organelle,ER,mitochondria,0.8826188909506152
D02_S1_C027_T024,organelle,ER,Golgi,0.6619641682129613
D02_S1_C027_T024,organelle,mitochondria,lipid_droplet,0.6051430659111696
D02_S1_C028_T024,organelle,ER,mitochondria,1.0554198296275346
D02_S1_C028_T024,organelle,ER,Golgi,0.791564872220651
D02_S1_C028_T024,organelle,mitochondria,lipid_droplet,0.7764809062951441
D02_S1_C029_T024,organelle,ER,mitochondria,0.9496601146413036
D02_S1_C029_T024,organelle,ER,Golgi,0.7122450859809777
D02_S1_C029_T024,organelle,mitochondria,lipid_droplet,0.718313063052717
D02_S1_C030_T024,organelle,ER,mitochondria,1.0856620013184923
D02_S1_C030_T024,organelle,ER,Golgi,0.8142465009888693
D02_S1_C030_T024,organelle,mitochondria,lipid_droplet,0.7533762163297952
D02_S1_C031_T024,organelle,ER,mitochondria,0.9740090226345646
D02_S1_C031_T024,organelle,ER,Golgi,0.7305067669759234
D02_S1_C031_T024,organelle,mitochondria,lipid_droplet,0.6568833846966098
D02_S1_C032_T024,organelle,ER,mitochondria,0.7361055528535252
D02_S1_C032_T024,organelle,ER,Golgi,0.552079164640144
D02_S1_C032_T024,organelle,mitochondria,lipid_droplet,0.540767912685045
D02_S1_C033_T024,organelle,ER,mitochondria,1.342656706608905
D02_S1_C033_T024,organelle,ER,Golgi,1.0069925299566789
D02_S1_C033_T024,organelle,mitochondria,lipid_droplet,0.9344611886348979
D02_S1_C034_T024,organelle,ER,mitochondria,1.014029855704513
D02_S1_C034_T024,organelle,ER,Golgi,0.7605223917783848
D02_S1_C034_T024,organelle,mitochondria,lipid_droplet,0.7334887130917837
D02_S1_C035_T024,organelle,ER,mitochondria,1.1910692277366317
D02_S1_C035_T024,organelle,ER,Golgi,0.8933019208024737
D02_S1_C035_T024,organelle,mitochondria,lipid_droplet,0.7541945304705701
D02_S1_C000_T048,organelle,ER,mitochondria,1.7029448738189312
D02_S1_C000_T048,organelle,ER,Golgi,1.2772086553641984
D02_S1_C000_T048,organelle,mitochondria,lipid_droplet,1.1326196806004123
D02_S1_C001_T048,organelle,ER,mitochondria,1.6365325334853276
D02_S1_C001_T048,organelle,ER,Golgi,1.2273994001139956
D02_S1_C001_T048,organelle,mitochondria,lipid_droplet,1.0960928934169303
D02_S1_C002_T048,organelle,ER,mitochondria,1.641964094194744
D02_S1_C002_T048,organelle,ER,Golgi,1.231473070646058
D02_S1_C002_T048,organelle,mitochondria,lipid_droplet,1.0990802518071092
D02_S1_C003_T048,organelle,ER,mitochondria,1.7792836195160264
D02_S1_C003_T048,organelle,ER,Golgi,1.3344627146370198
D02_S1_C003_T048,organelle,mitochondria,lipid_droplet,1.1746059907338147
D02_S1_C004_T048,organelle,ER,mitochondria,1.5960626562265505
D02_S1_C004_T048,organelle,ER,Golgi,1.197046992169913
D02_S1_C004_T048,organelle,mitochondria,lipid_droplet,1.0738344609246029
D02_S1_C005_T048,organelle,ER,mitochondria,1.751250853779482
D02_S1_C005_T048,organelle,ER,Golgi,1.3134381403346116
D02_S1_C005_T048,organelle,mitochondria,lipid_droplet,1.1591879695787153
D02_S1_C006_T048,organelle,ER,mitochondria,1.7166906598258727
D02_S1_C006_T048,organelle,ER,Golgi,1.2875179948694044
D02_S1_C006_T048,organelle,mitochondria,lipid_droplet,1.1401798629042301
D02_S1_C007_T048,organelle,ER,mitochondria,1.8
D02_S1_C007_T048,organelle,ER,Golgi,1.35
D02_S1_C007_T048,organelle,mitochondria,lipid_droplet,1.1860000000000002
D02_S1_C008_T048,organelle,ER,mitochondria,1.412432670472177
D02_S1_C008_T048,organelle,ER,Golgi,1.0593245028541327
D02_S1_C008_T048,organelle,mitochondria,lipid_droplet,0.9728379687596975
D02_S1_C009_T048,organelle,ER,mitochondria,1.5923467313470119
D02_S1_C009_T048,organelle,ER,Golgi,1.1942600485102588
D02_S1_C009_T048,organelle,mitochondria,lipid_droplet,1.0717907022408566
D02_S1_C010_T048,organelle,ER,mitochondria,1.7821312153584166
D02_S1_C010_T048,organelle,ER,Golgi,1.3365984115188123
D02_S1_C010_T048,organelle,mitochondria,lipid_droplet,1.1761721684471291
D02_S1_C011_T048,organelle,ER,mitochondria,1.1983992676856017
D02_S1_C011_T048,organelle,ER,Golgi,0.8987994507642012
D02_S1_C011_T048,organelle,mitochondria,lipid_droplet,0.8551195972270811
D02_S1_C012_T048,organelle,ER,mitochondria,1.8
D02_S1_C012_T048,organelle,ER,Golgi,1.35
D02_S1_C012_T048,organelle,mitochondria,lipid_droplet,1.1860000000000002
D02_S1_C013_T048,organelle,ER,mitochondria,1.5778916139634438
D02_S1_C013_T048,organelle,ER,Golgi,1.1834187104725828
D02_S1_C013_T048,organelle,mitochondria,lipid_droplet,1.063840387679894
D02_S1_C014_T048,organelle,ER,mitochondria,1.6939105869853512
D02_S1_C014_T048,organelle,ER,Golgi,1.2704329402390133
D02_S1_C014_T048,organelle,mitochondria,lipid_droplet,1.1276508228419433
D02_S1_C015_T048,organelle,ER,mitochondria,1.4397596386313065
D02_S1_C015_T048,organelle,ER,Golgi,1.0798197289734799
D02_S1_C015_T048,organelle,mitochondria,lipid_droplet,0.9878678012472186
D02_S1_C016_T048,organelle,ER,mitochondria,1.5924219160160713
D02_S1_C016_T048,organelle,ER,Golgi,1.1943164370120534
D02_S1_C016_T048,organelle,mitochondria,lipid_droplet,1.0718320538088393
D02_S1_C017_T048,organelle,ER,mitochondria,1.4116062383437802
D02_S1_C017_T048,organelle,ER,Golgi,1.0587046787578351
D02_S1_C017_T048,organelle,mitochondria,lipid_droplet,0.9723834310890791
D02_S1_C018_T048,organelle,ER,mitochondria,1.7012387065117314
D02_S1_C018_T048,organelle,ER,Golgi,1.2759290298837986
D02_S1_C018_T048,organelle,mitochondria,lipid_droplet,1.1316812885814522
D02_S1_C019_T048,organelle,ER,mitochondria,1.718056777955574
D02_S1_C019_T048,organelle,ER,Golgi,1.2885425834666804
D02_S1_C019_T048,organelle,mitochondria,lipid_droplet,1.1409312278755657
D02_S1_C020_T048,organelle,ER,mitochondria,1.6005623554600847
D02_S1_C020_T048,organelle,ER,Golgi,1.2004217665950636
D02_S1_C020_T048,organelle,mitochondria,lipid_droplet,1.0763092955030467
D02_S1_C021_T048,organelle,ER,mitochondria,1.5308123459460237
D02_S1_C021_T048,organelle,ER,Golgi,1.1481092594595177
D02_S1_C021_T048,organelle,mitochondria,lipid_droplet,1.037946790270313
D02_S1_C022_T048,organelle,ER,mitochondria,1.6318189767491451
D02_S1_C022_T048,organelle,ER,Golgi,1.223864232561859
D02_S1_C022_T048,organelle,mitochondria,lipid_droplet,1.0935004372120298
D02_S1_C023_T048,organelle,ER,mitochondria,1.77911989440395
D02_S1_C023_T048,organelle,ER,Golgi,1.3343399208029625
D02_S1_C023_T048,organelle,mitochondria,lipid_droplet,1.1745159419221725
D02_S1_C024_T048,organelle,ER,mitochondria,1.3239465214870576
D02_S1_C024_T048,organelle,ER,Golgi,0.9929598911152933
D02_S1_C024_T048,organelle,mitochondria,lipid_droplet,0.9241705868178818
D02_S1_C025_T048,organelle,ER,mitochondria,1.5422074474258751
D02_S1_C025_T048,organelle,ER,Golgi,1.1566555855694063
D02_S1_C025_T048,organelle,mitochondria,lipid_droplet,1.0442140960842314
D02_S1_C026_T048,organelle,ER,mitochondria,1.705567557835312
D02_S1_C026_T048,organelle,ER,Golgi,1.2791756683764839
D02_S1_C026_T048,organelle,mitochondria,lipid_droplet,1.1340621568094216
D02_S1_C027_T048,organelle,ER,mitochondria,1.6126310126505834
D02_S1_C027_T048,organelle,ER,Golgi,1.2094732594879376
D02_S1_C027_T048,organelle,mitochondria,lipid_droplet,1.082947056957821
D02_S1_C028_T048,organelle,ER,mitochondria,1.6611102097258295
D02_S1_C028_T048,organelle,ER,Golgi,1.245832657294372
D02_S1_C028_T048,organelle,mitochondria,lipid_droplet,1.1096106153492062
D02_S1_C029_T048,organelle,ER,mitochondria,1.5478839861623435
D02_S1_C029_T048,organelle,ER,Golgi,1.1609129896217576
D02_S1_C029_T048,organelle,mitochondria,lipid_droplet,1.047336192389289
D02_S1_C030_T048,organelle,ER,mitochondria,1.8
D02_S1_C030_T048,organelle,ER,Golgi,1.35
D02_S1_C030_T048,organelle,mitochondria,lipid_droplet,1.1860000000000002
D02_S1_C031_T048,organelle,ER,mitochondria,1.6817732559788967
D02_S1_C031_T048,organelle,ER,Golgi,1.2613299419841726
D02_S1_C031_T048,organelle,mitochondria,lipid_droplet,1.1209752907883932
D02_S1_C032_T048,organelle,ER,mitochondria,1.4972384476151537
D02_S1_C032_T048,organelle,ER,Golgi,1.1229288357113654
D02_S1_C032_T048,organelle,mitochondria,lipid_droplet,1.0194811461883346
D02_S1_C033_T048,organelle,ER,mitochondria,1.8
D02_S1_C033_T048,organelle,ER,Golgi,1.35
D02_S1_C033_T048,organelle,mitochondria,lipid_droplet,1.1860000000000002
D02_S1_C034_T048,organelle,ER,mitochondria,1.6992006897278793
D02_S1_C034_T048,organelle,ER,Golgi,1.2744005172959094
D02_S1_C034_T048,organelle,mitochondria,lipid_droplet,1.1305603793503336
D02_S1_C035_T048,organelle,ER,mitochondria,1.8
D02_S1_C035_T048,organelle,ER,Golgi,1.35
D02_S1_C035_T048,organelle,mitochondria,lipid_droplet,1.1860000000000002
D03_S0_C000_T000,organelle,ER,mitochondria,0.4708729800939353
D03_S0_C000_T000,organelle,ER,Golgi,0.3531547350704515
D03_S0_C000_T000,organelle,mitochondria,lipid_droplet,0.3304458447179477
D03_S0_C001_T000,organelle,ER,mitochondria,0.7955846393456506
D03_S0_C001_T000,organelle,ER,Golgi,0.596688479509238
D03_S0_C001_T000,organelle,mitochondria,lipid_droplet,0.4901554854693207
D03_S0_C002_T000,organelle,ER,mitochondria,0.667363484148089
D03_S0_C002_T000,organelle,ER,Golgi,0.5005226131110667
D03_S0_C002_T000,organelle,mitochondria,lipid_droplet,0.4243405652389496
D03_S0_C003_T000,organelle,ER,mitochondria,0.5179077988517665
D03_S0_C003_T000,organelle,ER,Golgi,0.38843084913882486
D03_S0_C003_T000,organelle,mitochondria,lipid_droplet,0.34909033809241546
D03_S0_C004_T000,organelle,ER,mitochondria,0.648848129688415
D03_S0_C004_T000,organelle,ER,Golgi,0.48663609726631124
D03_S0_C004_T000,organelle,mitochondria,lipid_droplet,0.4045808697145434
D03_S0_C005_T000,organelle,ER,mitochondria,0.6568765118958008
D03_S0_C005_T000,organelle,ER,Golgi,0.49265738392185054
D03_S0_C005_T000,organelle,mitochondria,lipid_droplet,0.40404164871975173
D03_S0_C006_T000,organelle,ER,mitochondria,0.6549924848456946
D03_S0_C006_T000,organelle,ER,Golgi,0.49124436363427093
D03_S0_C006_T000,organelle,mitochondria,lipid_droplet,0.45106887962189746
D03_S0_C007_T000,organelle,ER,mitochondria,0.7057759861502054
D03_S0_C007_T000,organelle,ER,Golgi,0.529331989612654
D03_S0_C007_T000,organelle,mitochondria,lipid_droplet,0.46625315060162464
D03_S0_C008_T000,organelle,ER,mitochondria,0.6985923973041451
D03_S0_C008_T000,organelle,ER,Golgi,0.5239442979781088
D03_S0_C008_T000,organelle,mitochondria,lipid_droplet,0.4315476646379362
D03_S0_C009_T000,organelle,ER,mitochondria,0.5706019423367601
D03_S0_C009_T000,organelle,ER,Golgi,0.42795145675257007
D03_S0_C009_T000,organelle,mitochondria,lipid_droplet,0.3861497576369744
D03_S0_C010_T000,organelle,ER,mitochondria,0.5510442132555968
D03_S0_C010_T000,organelle,ER,Golgi,0.4132831599416976
D03_S0_C010_T000,organelle,mitochondria,lipid_droplet,0.3456148341550136
D03_S0_C011_T000,organelle,ER,mitochondria,0.3684492766264226
D03_S0_C011_T000,organelle,ER,Golgi,0.2763369574698169
D03_S0_C011_T000,organelle,mitochondria,lipid_droplet,0.27223354571751524
D03_S0_C012_T000,organelle,ER,mitochondria,0.7408499479353869
D03_S0_C012_T000,organelle,ER,Golgi,0.5556374609515402
D03_S0_C012_T000,organelle,mitochondria,lipid_droplet,0.49436262380703067
D03_S0_C013_T000,organelle,ER,mitochondria,0.9528029037310444
D03_S0_C013_T000,organelle,ER,Golgi,0.7146021777982833
D03_S0_C013_T000,organelle,mitochondria,lipid_droplet,0.5743134226963329
D03_S0_C014_T000,organelle,ER,mitochondria,0.5275173977667379
D03_S0_C014_T000,organelle,ER,Golgi,0.39563804832505345
D03_S0_C014_T000,organelle,mitochondria,lipid_droplet,0.3827765464542505
D03_S0_C015_T000,organelle,ER,mitochondria,0.8197139845478785
D03_S0_C015_T000,organelle,ER,Golgi,0.6147854884109089
D03_S0_C015_T000,organelle,mitochondria,lipid_droplet,0.5025932842231478
D03_S0_C016_T000,organelle,ER,mitochondria,0.5340515981561191
D03_S0_C016_T000,organelle,ER,Golgi,0.40053869861708935
D03_S0_C016_T000,organelle,mitochondria,lipid_droplet,0.34276038194903297
D03_S0_C017_T000,organelle,ER,mitochondria,0.799737217485029
D03_S0_C017_T000,organelle,ER,Golgi,0.5998029131137718
D03_S0_C017_T000,organelle,mitochondria,lipid_droplet,0.49805636970738754
D03_S0_C018_T000,organelle,ER,mitochondria,0.49392112179932873
D03_S0_C018_T000,organelle,ER,Golgi,0.37044084134949656
D03_S0_C018_T000,organelle,mitochondria,lipid_droplet,0.30602849463787407
D03_S0_C019_T000,organelle,ER,mitochondria,0.4673163547370008
D03_S0_C019_T000,organelle,ER,Golgi,0.3504872660527506
D03_S0_C019_T000,organelle,mitochondria,lipid_droplet,0.30415752996861084
D03_S0_C020_T000,organelle,ER,mitochondria,0.6014443036524217
D03_S0_C020_T000,organelle,ER,Golgi,0.4510832277393163
D03_S0_C020_T000,organelle,mitochondria,lipid_droplet,0.3806046477474044
D03_S0_C021_T000,organelle,ER,mitochondria,0.8089451312881643
D03_S0_C021_T000,organelle,ER,Golgi,0.6067088484661232
D03_S0_C021_T000,organelle,mitochondria,lipid_droplet,0.52508648699388
D03_S0_C022_T000,organelle,ER,mitochondria,0.4392444464825182
D03_S0_C022_T000,organelle,ER,Golgi,0.32943333486188864
D03_S0_C022_T000,organelle,mitochondria,lipid_droplet,0.2844237734351536
D03_S0_C023_T000,organelle,ER,mitochondria,0.7105691641048671
D03_S0_C023_T000,organelle,ER,Golgi,0.5329268730786504
D03_S0_C023_T000,organelle,mitochondria,lipid_droplet,0.43054881302481585
D03_S0_C024_T000,organelle,ER,mitochondria,0.6999627712340997
D03_S0_C024_T000,organelle,ER,Golgi,0.5249720784255747
D03_S0_C024_T000,organelle,mitochondria,lipid_droplet,0.46392751288174694
D03_S0_C025_T000,organelle,ER,mitochondria,0.7822546181200247
D03_S0_C025_T000,organelle,ER,Golgi,0.5866909635900186
D03_S0_C025_T000,organelle,mitochondria,lipid_droplet,0.46746569425766565
D03_S0_C026_T000,organelle,ER,mitochondria,0.7336591309141316
D03_S0_C026_T000,organelle,ER,Golgi,0.5502443481855988
D03_S0_C026_T000,organelle,mitochondria,lipid_droplet,0.4786018563956603
D03_S0_C027_T000,organelle,ER,mitochondria,0.4448819496828464
D03_S0_C027_T000,organelle,ER,Golgi,0.3336614622621348
D03_S0_C027_T000,organelle,mitochondria,lipid_droplet,0.33739695282832805
D03_S0_C028_T000,organelle,ER,mitochondria,0.593960177537977
D03_S0_C028_T000,organelle,ER,Golgi,0.4454701331534828
D03_S0_C028_T000,organelle,mitochondria,lipid_droplet,0.3896440677540479
D03_S0_C029_T000,organelle,ER,mitochondria,0.9820991587827868
D03_S0_C029_T000,organelle,ER,Golgi,0.7365743690870901
D03_S0_C029_T000,organelle,mitochondria,lipid_droplet,0.6211417311717068
D03_S0_C030_T000,organelle,ER,mitochondria,0.7764508892508902
D03_S0_C030_T000,organelle,ER,Golgi,0.5823381669381676
D03_S0_C030_T000,organelle,mitochondria,lipid_droplet,0.48468862643918503
D03_S0_C031_T000,organelle,ER,mitochondria,0.638654436346736
D03_S0_C031_T000,organelle,ER,Golgi,0.47899082726005204
D03_S0_C031_T000,organelle,mitochondria,lipid_droplet,0.4480929134426443
D03_S0_C032_T000,organelle,ER,mitochondria,0.615171358902367
D03_S0_C032_T000,organelle,ER,Golgi,0.4613785191767752
D03_S0_C032_T000,organelle,mitochondria,lipid_droplet,0.402861527315293
D03_S0_C033_T000,organelle,ER,mitochondria,0.6957005749517914
D03_S0_C033_T000,organelle,ER,Golgi,0.5217754312138435
D03_S0_C033_T000,organelle,mitochondria,lipid_droplet,0.4587314701200184
D03_S0_C034_T000,organelle,ER,mitochondria,0.7356700500606206
D03_S0_C034_T000,organelle,ER,Golgi,0.5517525375454655
D03_S0_C034_T000,organelle,mitochondria,lipid_droplet,0.4747490684745618
D03_S0_C035_T000,organelle,ER,mitochondria,0.6604260106334952
D03_S0_C035_T000,organelle,ER,Golgi,0.49531950797512136
D03_S0_C035_T000,organelle,mitochondria,lipid_droplet,0.4027750917670757
D03_S0_C000_T012,organelle,ER,mitochondria,0.6793670240209121
D03_S0_C000_T012,organelle,ER,Golgi,0.5095252680156841
D03_S0_C000_T012,organelle,mitochondria,lipid_droplet,0.49209945418601403
D03_S0_C001_T012,organelle,ER,mitochondria,1.058205674543181
D03_S0_C001_T012,organelle,ER,Golgi,0.7936542559073857
D03_S0_C001_T012,organelle,mitochondria,lipid_droplet,0.676689303180817
D03_S0_C002_T012,organelle,ER,mitochondria,0.8209869513867077
D03_S0_C002_T012,organelle,ER,Golgi,0.6157402135400308
D03_S0_C002_T012,organelle,mitochondria,lipid_droplet,0.562392011798562
D03_S0_C003_T012,organelle,ER,mitochondria,0.7579599331089758
D03_S0_C003_T012,organelle,ER,Golgi,0.5684699498317318
D03_S0_C003_T012,organelle,mitochondria,lipid_droplet,0.511062034895994
D03_S0_C004_T012,organelle,ER,mitochondria,0.8055146528668286
D03_S0_C004_T012,organelle,ER,Golgi,0.6041359896501214
D03_S0_C004_T012,organelle,mitochondria,lipid_droplet,0.5397868796338283
D03_S0_C005_T012,organelle,ER,mitochondria,0.7683064579899831
D03_S0_C005_T012,organelle,ER,Golgi,0.5762298434924873
D03_S0_C005_T012,organelle,mitochondria,lipid_droplet,0.5075984636905194
D03_S0_C006_T012,organelle,ER,mitochondria,0.9384532083512473
D03_S0_C006_T012,organelle,ER,Golgi,0.7038399062634355
D03_S0_C006_T012,organelle,mitochondria,lipid_droplet,0.6600721340603404
D03_S0_C007_T012,organelle,ER,mitochondria,0.9042258885660424
D03_S0_C007_T012,organelle,ER,Golgi,0.6781694164245318
D03_S0_C007_T012,organelle,mitochondria,lipid_droplet,0.6126429049005778
D03_S0_C008_T012,organelle,ER,mitochondria,0.942618666937058
D03_S0_C008_T012,organelle,ER,Golgi,0.7069640002027935
D03_S0_C008_T012,organelle,mitochondria,lipid_droplet,0.610926997871066
D03_S0_C009_T012,organelle,ER,mitochondria,0.7421455810324495
D03_S0_C009_T012,organelle,ER,Golgi,0.5566091857743372
D03_S0_C009_T012,organelle,mitochondria,lipid_droplet,0.5182182002884352
D03_S0_C010_T012,organelle,ER,mitochondria,0.7958069478047566
D03_S0_C010_T012,organelle,ER,Golgi,0.5968552108535674
D03_S0_C010_T012,organelle,mitochondria,lipid_droplet,0.5336415559607852
D03_S0_C011_T012,organelle,ER,mitochondria,0.5308190339527494
D03_S0_C011_T012,organelle,ER,Golgi,0.3981142754645621
D03_S0_C011_T012,organelle,mitochondria,lipid_droplet,0.4134378106989198
D03_S0_C012_T012,organelle,ER,mitochondria,1.0206726938530315
D03_S0_C012_T012,organelle,ER,Golgi,0.7655045203897737
D03_S0_C012_T012,organelle,mitochondria,lipid_droplet,0.7071554177751085
D03_S0_C013_T012,organelle,ER,mitochondria,1.1552447668306616
D03_S0_C013_T012,organelle,ER,Golgi,0.8664335751229961
D03_S0_C013_T012,organelle,mitochondria,lipid_droplet,0.7390332581797401
D03_S0_C014_T012,organelle,ER,mitochondria,0.6702163374032557
D03_S0_C014_T012,organelle,ER,Golgi,0.5026622530524418
D03_S0_C014_T012,organelle,mitochondria,lipid_droplet,0.5012927073486535
D03_S0_C015_T012,organelle,ER,mitochondria,1.0268118659588992
D03_S0_C015_T012,organelle,ER,Golgi,0.7701088994691744
D03_S0_C015_T012,organelle,mitochondria,lipid_droplet,0.6650758216188422
D03_S0_C016_T012,organelle,ER,mitochondria,0.6924946190933449
D03_S0_C016_T012,organelle,ER,Golgi,0.5193709643200086
D03_S0_C016_T012,organelle,mitochondria,lipid_droplet,0.46005699994486116
D03_S0_C017_T012,organelle,ER,mitochondria,1.064802091075748
D03_S0_C017_T012,organelle,ER,Golgi,0.7986015683068111
D03_S0_C017_T012,organelle,mitochondria,lipid_droplet,0.700528448584475
D03_S0_C018_T012,organelle,ER,mitochondria,0.7026972411071825
D03_S0_C018_T012,organelle,ER,Golgi,0.5270229308303869
D03_S0_C018_T012,organelle,mitochondria,lipid_droplet,0.456589336993249
D03_S0_C019_T012,organelle,ER,mitochondria,0.6476242681235183
D03_S0_C019_T012,organelle,ER,Golgi,0.4857182010926387
D03_S0_C019_T012,organelle,mitochondria,lipid_droplet,0.44455976511197426
D03_S0_C020_T012,organelle,ER,mitochondria,0.8306289326017516
D03_S0_C020_T012,organelle,ER,Golgi,0.6229716994513137
D03_S0_C020_T012,organelle,mitochondria,lipid_droplet,0.5689405624703655
D03_S0_C021_T012,organelle,ER,mitochondria,1.0891154719725173
D03_S0_C021_T012,organelle,ER,Golgi,0.816836603979388
D03_S0_C021_T012,organelle,mitochondria,lipid_droplet,0.7472000097408905
D03_S0_C022_T012,organelle,ER,mitochondria,0.5423799063401871
D03_S0_C022_T012,organelle,ER,Golgi,0.4067849297551403
D03_S0_C022_T012,organelle,mitochondria,lipid_droplet,0.37445699730151094
D03_S0_C023_T012,organelle,ER,mitochondria,0.8004578766571104
D03_S0_C023_T012,organelle,ER,Golgi,0.6003434074928329
D03_S0_C023_T012,organelle,mitochondria,lipid_droplet,0.522950119869337
D03_S0_C024_T012,organelle,ER,mitochondria,0.924190416413753
D03_S0_C024_T012,organelle,ER,Golgi,0.6931428123103147
D03_S0_C024_T012,organelle,mitochondria,lipid_droplet,0.6292325388998934
D03_S0_C025_T012,organelle,ER,mitochondria,0.9304179637858399
D03_S0_C025_T012,organelle,ER,Golgi,0.6978134728393799
D03_S0_C025_T012,organelle,mitochondria,lipid_droplet,0.5856033498583494
D03_S0_C026_T012,organelle,ER,mitochondria,0.9547153292372437
D03_S0_C026_T012,organelle,ER,Golgi,0.7160364969279327
D03_S0_C026_T012,organelle,mitochondria,lipid_droplet,0.6610604269766687
D03_S0_C027_T012,organelle,ER,mitochondria,0.6978011415532048
D03_S0_C027_T012,organelle,ER,Golgi,0.5233508561649036
D03_S0_C027_T012,organelle,mitochondria,lipid_droplet,0.5353083749620631
D03_S0_C028_T012,organelle,ER,mitochondria,0.7951042538721694
D03_S0_C028_T012,organelle,ER,Golgi,0.5963281904041271
D03_S0_C028_T012,organelle,mitochondria,lipid_droplet,0.5450398365290371
D03_S0_C029_T012,organelle,ER,mitochondria,1.121355758392924
D03_S0_C029_T012,organelle,ER,Golgi,0.8410168187946929
D03_S0_C029_T012,organelle,mitochondria,lipid_droplet,0.7544264273781753
D03_S0_C030_T012,organelle,ER,mitochondria,1.0165034416586873
D03_S0_C030_T012,organelle,ER,Golgi,0.7623775812440154
D03_S0_C030_T012,organelle,mitochondria,lipid_droplet,0.6597956445608523
D03_S0_C031_T012,organelle,ER,mitochondria,0.8751272738309941
D03_S0_C031_T012,organelle,ER,Golgi,0.6563454553732455
D03_S0_C031_T012,organelle,mitochondria,lipid_droplet,0.6315383582440957
D03_S0_C032_T012,organelle,ER,mitochondria,0.890602493476646
D03_S0_C032_T012,organelle,ER,Golgi,0.6679518701074845
D03_S0_C032_T012,organelle,mitochondria,lipid_droplet,0.6154894357965937
D03_S0_C033_T012,organelle,ER,mitochondria,1.0138525505278602
D03_S0_C033_T012,organelle,ER,Golgi,0.7603894128958951
D03_S0_C033_T012,organelle,mitochondria,lipid_droplet,0.6860214780737844
D03_S0_C034_T012,organelle,ER,mitochondria,0.959015009886984
D03_S0_C034_T012,organelle,ER,Golgi,0.7192612574152379
D03_S0_C034_T012,organelle,mitochondria,lipid_droplet,0.6543564198222495
D03_S0_C035_T012,organelle,ER,mitochondria,0.8934028006366443
D03_S0_C035_T012,organelle,ER,Golgi,0.6700521004774833
D03_S0_C035_T012,organelle,mitochondria,lipid_droplet,0.5876530139932876
D03_S0_C000_T024,organelle,ER,mitochondria,1.0455701798268175
D03_S0_C000_T024,organelle,ER,Golgi,0.7841776348701132
D03_S0_C000_T024,organelle,mitochondria,lipid_droplet,0.7710635989047496
D03_S0_C001_T024,organelle,ER,mitochondria,1.4366497685676356
D03_S0_C001_T024,organelle,ER,Golgi,1.0774873264257268
D03_S0_C001_T024,organelle,mitochondria,lipid_droplet,0.9854743078068047
D03_S0_C002_T024,organelle,ER,mitochondria,1.226249772579324
D03_S0_C002_T024,organelle,ER,Golgi,0.9196873294344929
D03_S0_C002_T024,organelle,mitochondria,lipid_droplet,0.8704373749186283
D03_S0_C003_T024,organelle,ER,mitochondria,1.0828366936902862
D03_S0_C003_T024,organelle,ER,Golgi,0.8121275202677147
D03_S0_C003_T024,organelle,mitochondria,lipid_droplet,0.7726525498408934
D03_S0_C004_T024,organelle,ER,mitochondria,1.232164503275603
D03_S0_C004_T024,organelle,ER,Golgi,0.9241233774567023
D03_S0_C004_T024,organelle,mitochondria,lipid_droplet,0.8683796929930413
D03_S0_C005_T024,organelle,ER,mitochondria,0.9989642996387326
D03_S0_C005_T024,organelle,ER,Golgi,0.7492232247290495
D03_S0_C005_T024,organelle,mitochondria,lipid_droplet,0.7155948165670267
D03_S0_C006_T024,organelle,ER,mitochondria,1.253536594216167
D03_S0_C006_T024,organelle,ER,Golgi,0.9401524456621252
D03_S0_C006_T024,organelle,mitochondria,lipid_droplet,0.8854451268188919
D03_S0_C007_T024,organelle,ER,mitochondria,1.3309538899987448
D03_S0_C007_T024,organelle,ER,Golgi,0.9982154174990585
D03_S0_C007_T024,organelle,mitochondria,lipid_droplet,0.9280246394993097
D03_S0_C008_T024,organelle,ER,mitochondria,1.255752380709106
D03_S0_C008_T024,organelle,ER,Golgi,0.9418142855318294
D03_S0_C008_T024,organelle,mitochondria,lipid_droplet,0.8813070538715286
D03_S0_C009_T024,organelle,ER,mitochondria,1.046925866944316
D03_S0_C009_T024,organelle,ER,Golgi,0.7851944002082369
D03_S0_C009_T024,organelle,mitochondria,lipid_droplet,0.764067896509053
D03_S0_C010_T024,organelle,ER,mitochondria,1.1170509497966021
D03_S0_C010_T024,organelle,ER,Golgi,0.8377882123474516
D03_S0_C010_T024,organelle,mitochondria,lipid_droplet,0.8057891152262339
D03_S0_C011_T024,organelle,ER,mitochondria,0.8877530425728688
D03_S0_C011_T024,organelle,ER,Golgi,0.6658147819296516
D03_S0_C011_T024,organelle,mitochondria,lipid_droplet,0.6842641734150778
D03_S0_C012_T024,organelle,ER,mitochondria,1.2822344460041866
D03_S0_C012_T024,organelle,ER,Golgi,0.96167583450314
D03_S0_C012_T024,organelle,mitochondria,lipid_droplet,0.9012289453023026
D03_S0_C013_T024,organelle,ER,mitochondria,1.4854908144076997
D03_S0_C013_T024,organelle,ER,Golgi,1.1141181108057747
D03_S0_C013_T024,organelle,mitochondria,lipid_droplet,1.013019947924235
D03_S0_C014_T024,organelle,ER,mitochondria,0.9337257156721418
D03_S0_C014_T024,organelle,ER,Golgi,0.7002942867541063
D03_S0_C014_T024,organelle,mitochondria,lipid_droplet,0.7095491436196781
D03_S0_C015_T024,organelle,ER,mitochondria,1.367834059330179
D03_S0_C015_T024,organelle,ER,Golgi,1.0258755444976342
D03_S0_C015_T024,organelle,mitochondria,lipid_droplet,0.9483087326315984
D03_S0_C016_T024,organelle,ER,mitochondria,0.9900144989889244
D03_S0_C016_T024,organelle,ER,Golgi,0.7425108742416933
D03_S0_C016_T024,organelle,mitochondria,lipid_droplet,0.6912397712575974
D03_S0_C017_T024,organelle,ER,mitochondria,1.364186282363724
D03_S0_C017_T024,organelle,ER,Golgi,1.0231397117727932
D03_S0_C017_T024,organelle,mitochondria,lipid_droplet,0.9463024553000483
D03_S0_C018_T024,organelle,ER,mitochondria,1.0388669382967732
D03_S0_C018_T024,organelle,ER,Golgi,0.7791502037225799
D03_S0_C018_T024,organelle,mitochondria,lipid_droplet,0.7274740306096739
D03_S0_C019_T024,organelle,ER,mitochondria,1.0229042620872066
D03_S0_C019_T024,organelle,ER,Golgi,0.767178196565405
D03_S0_C019_T024,organelle,mitochondria,lipid_droplet,0.7349966337584095
D03_S0_C020_T024,organelle,ER,mitochondria,1.23869781252408
D03_S0_C020_T024,organelle,ER,Golgi,0.9290233593930599
D03_S0_C020_T024,organelle,mitochondria,lipid_droplet,0.8772837968882441
D03_S0_C021_T024,organelle,ER,mitochondria,1.4353099499596618
D03_S0_C021_T024,organelle,ER,Golgi,1.0764824624697464
D03_S0_C021_T024,organelle,mitochondria,lipid_droplet,0.985420472477814
D03_S0_C022_T024,organelle,ER,mitochondria,0.7733455572550699
D03_S0_C022_T024,organelle,ER,Golgi,0.5800091679413024
D03_S0_C022_T024,organelle,mitochondria,lipid_droplet,0.5681906132348802
D03_S0_C023_T024,organelle,ER,mitochondria,1.2673508280980543
D03_S0_C023_T024,organelle,ER,Golgi,0.9505131210735407
D03_S0_C023_T024,organelle,mitochondria,lipid_droplet,0.8677032278804343
D03_S0_C024_T024,organelle,ER,mitochondria,1.2857746956613525
D03_S0_C024_T024,organelle,ER,Golgi,0.9643310217460144
D03_S0_C024_T024,organelle,mitochondria,lipid_droplet,0.903176082613744
D03_S0_C025_T024,organelle,ER,mitochondria,1.2951426834189639
D03_S0_C025_T024,organelle,ER,Golgi,0.9713570125642229
D03_S0_C025_T024,organelle,mitochondria,lipid_droplet,0.8795593676163819
D03_S0_C026_T024,organelle,ER,mitochondria,1.3026471787737528
D03_S0_C026_T024,organelle,ER,Golgi,0.9769853840803147
D03_S0_C026_T024,organelle,mitochondria,lipid_droplet,0.9124559483255641
D03_S0_C027_T024,organelle,ER,mitochondria,1.0394450130807442
D03_S0_C027_T024,organelle,ER,Golgi,0.7795837598105582
D03_S0_C027_T024,organelle,mitochondria,lipid_droplet,0.7676947571944093
D03_S0_C028_T024,organelle,ER,mitochondria,1.098203674280201
D03_S0_C028_T024,organelle,ER,Golgi,0.8236527557101507
D03_S0_C028_T024,organelle,mitochondria,lipid_droplet,0.8000120208541106
D03_S0_C029_T024,organelle,ER,mitochondria,1.4674874538137344
D03_S0_C029_T024,organelle,ER,Golgi,1.1006155903603008
D03_S0_C029_T024,organelle,mitochondria,lipid_droplet,1.003118099597554
D03_S0_C030_T024,organelle,ER,mitochondria,1.4656476854282154
D03_S0_C030_T024,organelle,ER,Golgi,1.0992357640711616
D03_S0_C030_T024,organelle,mitochondria,lipid_droplet,1.0021062269855185
D03_S0_C031_T024,organelle,ER,mitochondria,1.1967910223788267
D03_S0_C031_T024,organelle,ER,Golgi,0.89759326678412
D03_S0_C031_T024,organelle,mitochondria,lipid_droplet,0.8542350623083548
D03_S0_C032_T024,organelle,ER,mitochondria,1.2349272533955316
D03_S0_C032_T024,organelle,ER,Golgi,0.9261954400466487
D03_S0_C032_T024,organelle,mitochondria,lipid_droplet,0.8752099893675425
D03_S0_C033_T024,organelle,ER,mitochondria,1.342445312686727
D03_S0_C033_T024,organelle,ER,Golgi,1.0068339845150454
D03_S0_C033_T024,organelle,mitochondria,lipid_droplet,0.9343449219777
D03_S0_C034_T024,organelle,ER,mitochondria,1.2903813895868803
D03_S0_C034_T024,organelle,ER,Golgi,0.9677860421901603
D03_S0_C034_T024,organelle,mitochondria,lipid_droplet,0.9057097642727843
D03_S0_C035_T024,organelle,ER,mitochondria,1.2643429862580915
D03_S0_C035_T024,organelle,ER,Golgi,0.9482572396935687
D03_S0_C035_T024,organelle,mitochondria,lipid_droplet,0.8913886424419504
D03_S0_C000_T048,organelle,ER,mitochondria,1.6369095964885072
D03_S0_C000_T048,organelle,ER,Golgi,1.2276821973663803
D03_S0_C000_T048,organelle,mitochondria,lipid_droplet,1.096300278068679
D03_S0_C001_T048,organelle,ER,mitochondria,1.8
D03_S0_C001_T048,organelle,ER,Golgi,1.35
D03_S0_C001_T048,organelle,mitochondria,lipid_droplet,1.1860000000000002
D03_S0_C002_T048,organelle,ER,mitochondria,1.7529709820221209
D03_S0_C002_T048,organelle,ER,Golgi,1.3147282365165907
D03_S0_C002_T048,organelle,mitochondria,lipid_droplet,1.1601340401121665
D03_S0_C003_T048,organelle,ER,mitochondria,1.7744291085733044
D03_S0_C003_T048,organelle,ER,Golgi,1.3308218314299782
D03_S0_C003_T048,organelle,mitochondria,lipid_droplet,1.1719360097153175
D03_S0_C004_T048,organelle,ER,mitochondria,1.8
D03_S0_C004_T048,organelle,ER,Golgi,1.35
D03_S0_C004_T048,organelle,mitochondria,lipid_droplet,1.1860000000000002
D03_S0_C005_T048,organelle,ER,mitochondria,1.6071424854919039
D03_S0_C005_T048,organelle,ER,Golgi,1.2053568641189278
D03_S0_C005_T048,organelle,mitochondria,lipid_droplet,1.0799283670205473
D03_S0_C006_T048,organelle,ER,mitochondria,1.8
D03_S0_C006_T048,organelle,ER,Golgi,1.35
D03_S0_C006_T048,organelle,mitochondria,lipid_droplet,1.1860000000000002
D03_S0_C007_T048,organelle,ER,mitochondria,1.8
D03_S0_C007_T048,organelle,ER,Golgi,1.35
D03_S0_C007_T048,organelle,mitochondria,lipid_droplet,1.1860000000000002
D03_S0_C008_T048,organelle,ER,mitochondria,1.8
D03_S0_C008_T048,organelle,ER,Golgi,1.35
D03_S0_C008_T048,organelle,mitochondria,lipid_droplet,1.1860000000000002
D03_S0_C009_T048,organelle,ER,mitochondria,1.6750748811952316
D03_S0_C009_T048,organelle,ER,Golgi,1.2563061608964237
D03_S0_C009_T048,organelle,mitochondria,lipid_droplet,1.1172911846573774
D03_S0_C010_T048,organelle,ER,mitochondria,1.6911526720300174
D03_S0_C010_T048,organelle,ER,Golgi,1.268364504022513
D03_S0_C010_T048,organelle,mitochondria,lipid_droplet,1.1261339696165096
D03_S0_C011_T048,organelle,ER,mitochondria,1.491178888010735
D03_S0_C011_T048,organelle,ER,Golgi,1.1183841660080514
D03_S0_C011_T048,organelle,mitochondria,lipid_droplet,1.0161483884059044
D03_S0_C012_T048,organelle,ER,mitochondria,1.8
D03_S0_C012_T048,organelle,ER,Golgi,1.35
D03_S0_C012_T048,organelle,mitochondria,lipid_droplet,1.1860000000000002
D03_S0_C013_T048,organelle,ER,mitochondria,1.8
D03_S0_C013_T048,organelle,ER,Golgi,1.35
D03_S0_C013_T048,organelle,mitochondria,lipid_droplet,1.1860000000000002
D03_S0_C014_T048,organelle,ER,mitochondria,1.5552785059267067
D03_S0_C014_T048,organelle,ER,Golgi,1.1664588794450301
D03_S0_C014_T048,organelle,mitochondria,lipid_droplet,1.0514031782596887
D03_S0_C015_T048,organelle,ER,mitochondria,1.8
D03_S0_C015_T048,organelle,ER,Golgi,1.35
D03_S0_C015_T048,organelle,mitochondria,lipid_droplet,1.1860000000000002
D03_S0_C016_T048,organelle,ER,mitochondria,1.6186945302990026
D03_S0_C016_T048,organelle,ER,Golgi,1.214020897724252
D03_S0_C016_T048,organelle,mitochondria,lipid_droplet,1.0862819916644515
D03_S0_C017_T048,organelle,ER,mitochondria,1.8
D03_S0_C017_T048,organelle,ER,Golgi,1.35
D03_S0_C017_T048,organelle,mitochondria,lipid_droplet,1.1860000000000002
D03_S0_C018_T048,organelle,ER,mitochondria,1.59939003491059
D03_S0_C018_T048,organelle,ER,Golgi,1.1995425261829427
D03_S0_C018_T048,organelle,mitochondria,lipid_droplet,1.0756645192008245
D03_S0_C019_T048,organelle,ER,mitochondria,1.6411132761931038
D03_S0_C019_T048,organelle,ER,Golgi,1.2308349571448278
D03_S0_C019_T048,organelle,mitochondria,lipid_droplet,1.098612301906207
D03_S0_C020_T048,organelle,ER,mitochondria,1.7846486539601256
D03_S0_C020_T048,organelle,ER,Golgi,1.3384864904700942
D03_S0_C020_T048,organelle,mitochondria,lipid_droplet,1.1775567596780692
D03_S0_C021_T048,organelle,ER,mitochondria,1.8
D03_S0_C021_T048,organelle,ER,Golgi,1.35
D03_S0_C021_T048,organelle,mitochondria,lipid_droplet,1.1860000000000002
D03_S0_C022_T048,organelle,ER,mitochondria,1.426258354644077
D03_S0_C022_T048,organelle,ER,Golgi,1.0696937659830579
D03_S0_C022_T048,organelle,mitochondria,lipid_droplet,0.9804420950542425
D03_S0_C023_T048,organelle,ER,mitochondria,1.8
D03_S0_C023_T048,organelle,ER,Golgi,1.35
D03_S0_C023_T048,organelle,mitochondria,lipid_droplet,1.1860000000000002
D03_S0_C024_T048,organelle,ER,mitochondria,1.7880461430595525
D03_S0_C024_T048,organelle,ER,Golgi,1.3410346072946644
D03_S0_C024_T048,organelle,mitochondria,lipid_droplet,1.179425378682754
D03_S0_C025_T048,organelle,ER,mitochondria,1.8
D03_S0_C025_T048,organelle,ER,Golgi,1.35
D03_S0_C025_T048,organelle,mitochondria,lipid_droplet,1.1860000000000002
D03_S0_C026_T048,organelle,ER,mitochondria,1.7490590198824048
D03_S0_C026_T048,organelle,ER,Golgi,1.3117942649118035
D03_S0_C026_T048,organelle,mitochondria,lipid_droplet,1.1579824609353226
D03_S0_C027_T048,organelle,ER,mitochondria,1.52184378981564
D03_S0_C027_T048,organelle,ER,Golgi,1.14138284236173
D03_S0_C027_T048,organelle,mitochondria,lipid_droplet,1.0330140843986022
D03_S0_C028_T048,organelle,ER,mitochondria,1.7427480433106473
D03_S0_C028_T048,organelle,ER,Golgi,1.3070610324829854
D03_S0_C028_T048,organelle,mitochondria,lipid_droplet,1.154511423820856
D03_S0_C029_T048,organelle,ER,mitochondria,1.8
D03_S0_C029_T048,organelle,ER,Golgi,1.35
D03_S0_C029_T048,organelle,mitochondria,lipid_droplet,1.1860000000000002
D03_S0_C030_T048,organelle,ER,mitochondria,1.8
D03_S0_C030_T048,organelle,ER,Golgi,1.35
D03_S0_C030_T048,organelle,mitochondria,lipid_droplet,1.1860000000000002
D03_S0_C031_T048,organelle,ER,mitochondria,1.7273088826135516
D03_S0_C031_T048,organelle,ER,Golgi,1.2954816619601637
D03_S0_C031_T048,organelle,mitochondria,lipid_droplet,1.1460198854374535
D03_S0_C032_T048,organelle,ER,mitochondria,1.7458453766019695
D03_S0_C032_T048,organelle,ER,Golgi,1.3093840324514772
D03_S0_C032_T048,organelle,mitochondria,lipid_droplet,1.1562149571310834
D03_S0_C033_T048,organelle,ER,mitochondria,1.8
D03_S0_C033_T048,organelle,ER,Golgi,1.35
D03_S0_C033_T048,organelle,mitochondria,lipid_droplet,1.1860000000000002
D03_S0_C034_T048,organelle,ER,mitochondria,1.7549428714003286
D03_S0_C034_T048,organelle,ER,Golgi,1.3162071535502464
D03_S0_C034_T048,organelle,mitochondria,lipid_droplet,1.1612185792701808
D03_S0_C035_T048,organelle,ER,mitochondria,1.8
D03_S0_C035_T048,organelle,ER,Golgi,1.35
D03_S0_C035_T048,organelle,mitochondria,lipid_droplet,1.1860000000000002
D03_S1_C000_T000,organelle,ER,mitochondria,0.49093043444896733
D03_S1_C000_T000,organelle,ER,Golgi,0.3681978258367255
D03_S1_C000_T000,organelle,mitochondria,lipid_droplet,0.3229796250103523
D03_S1_C001_T000,organelle,ER,mitochondria,0.7239031191764076
D03_S1_C001_T000,organelle,ER,Golgi,0.5429273393823058
D03_S1_C001_T000,organelle,mitochondria,lipid_droplet,0.4834721208790145
D03_S1_C002_T000,organelle,ER,mitochondria,0.5398842500651145
D03_S1_C002_T000,organelle,ER,Golgi,0.4049131875488359
D03_S1_C002_T000,organelle,mitochondria,lipid_droplet,0.35778908856667757
D03_S1_C003_T000,organelle,ER,mitochondria,0.5481925247478519
D03_S1_C003_T000,organelle,ER,Golgi,0.4111443935608889
D03_S1_C003_T000,organelle,mitochondria,lipid_droplet,0.34169366357248393
D03_S1_C004_T000,organelle,ER,mitochondria,0.703908977905065
D03_S1_C004_T000,organelle,ER,Golgi,0.5279317334287987
D03_S1_C004_T000,organelle,mitochondria,lipid_droplet,0.4810440186833451
D03_S1_C005_T000,organelle,ER,mitochondria,0.5166802052628908
D03_S1_C005_T000,organelle,ER,Golgi,0.38751015394716815
D03_S1_C005_T000,organelle,mitochondria,lipid_droplet,0.29762775655138657
D03_S1_C006_T000,organelle,ER,mitochondria,0.8350176969594144
D03_S1_C006_T000,organelle,ER,Golgi,0.6262632727195608
D03_S1_C006_T000,organelle,mitochondria,lipid_droplet,0.5452894581022024
D03_S1_C007_T000,organelle,ER,mitochondria,0.4840552703471705
D03_S1_C007_T000,organelle,ER,Golgi,0.36304145276037786
D03_S1_C007_T000,organelle,mitochondria,lipid_droplet,0.3072384262642849
D03_S1_C008_T000,organelle,ER,mitochondria,0.5204971566529839
D03_S1_C008_T000,organelle,ER,Golgi,0.39037286748973793
D03_S1_C008_T000,organelle,mitochondria,lipid_droplet,0.3064241614563677
D03_S1_C009_T000,organelle,ER,mitochondria,0.5195530253539926
D03_S1_C009_T000,organelle,ER,Golgi,0.38966476901549446
D03_S1_C009_T000,organelle,mitochondria,lipid_droplet,0.35252441396924017
D03_S1_C010_T000,organelle,ER,mitochondria,0.48663977926662494
D03_S1_C010_T000,organelle,ER,Golgi,0.36497983444996873
D03_S1_C010_T000,organelle,mitochondria,lipid_droplet,0.31939244284163076
D03_S1_C011_T000,organelle,ER,mitochondria,1.0302513303472545
D03_S1_C011_T000,organelle,ER,Golgi,0.7726884977604409
D03_S1_C011_T000,organelle,mitochondria,lipid_droplet,0.6465921898702098
D03_S1_C012_T000,organelle,ER,mitochondria,0.49926970261864445
D03_S1_C012_T000,organelle,ER,Golgi,0.3744522769639833
D03_S1_C012_T000,organelle,mitochondria,lipid_droplet,0.35794940912375245
D03_S1_C013_T000,organelle,ER,mitochondria,0.5988878812888966
D03_S1_C013_T000,organelle,ER,Golgi,0.44916591096667247
D03_S1_C013_T000,organelle,mitochondria,lipid_droplet,0.399420308588387
D03_S1_C014_T000,organelle,ER,mitochondria,0.4189258124896754
D03_S1_C014_T000,organelle,ER,Golgi,0.3141943593672566
D03_S1_C014_T000,organelle,mitochondria,lipid_droplet,0.30405705507300484
D03_S1_C015_T000,organelle,ER,mitochondria,0.838270882197963
D03_S1_C015_T000,organelle,ER,Golgi,0.6287031616484722
D03_S1_C015_T000,organelle,mitochondria,lipid_droplet,0.5436011559723655
D03_S1_C016_T000,organelle,ER,mitochondria,0.8131750784136473
D03_S1_C016_T000,organelle,ER,Golgi,0.6098813088102355
D03_S1_C016_T000,organelle,mitochondria,lipid_droplet,0.5039924424462316
D03_S1_C017_T000,organelle,ER,mitochondria,0.6831181200258016
D03_S1_C017_T000,organelle,ER,Golgi,0.5123385900193512
D03_S1_C017_T000,organelle,mitochondria,lipid_droplet,0.4619982029452359
D03_S1_C018_T000,organelle,ER,mitochondria,0.5266195360394363
D03_S1_C018_T000,organelle,ER,Golgi,0.39496465202957726
D03_S1_C018_T000,organelle,mitochondria,lipid_droplet,0.34576253216262326
D03_S1_C019_T000,organelle,ER,mitochondria,0.5912247957020658
D03_S1_C019_T000,organelle,ER,Golgi,0.4434185967765493
D03_S1_C019_T000,organelle,mitochondria,lipid_droplet,0.35056819256666183
D03_S1_C020_T000,organelle,ER,mitochondria,0.7135365230165622
D03_S1_C020_T000,organelle,ER,Golgi,0.5351523922624217
D03_S1_C020_T000,organelle,mitochondria,lipid_droplet,0.47068703469316786
D03_S1_C021_T000,organelle,ER,mitochondria,0.7971489658199442
D03_S1_C021_T000,organelle,ER,Golgi,0.5978617243649582
D03_S1_C021_T000,organelle,mitochondria,lipid_droplet,0.5029271681442925
D03_S1_C022_T000,organelle,ER,mitochondria,0.7633774969446908
D03_S1_C022_T000,organelle,ER,Golgi,0.5725331227085181
D03_S1_C022_T000,organelle,mitochondria,lipid_droplet,0.4827274596384151
D03_S1_C023_T000,organelle,ER,mitochondria,0.6949182108784194
D03_S1_C023_T000,organelle,ER,Golgi,0.5211886581588145
D03_S1_C023_T000,organelle,mitochondria,lipid_droplet,0.44343907567600926
D03_S1_C024_T000,organelle,ER,mitochondria,0.6033055581229073
D03_S1_C024_T000,organelle,ER,Golgi,0.4524791685921805
D03_S1_C024_T000,organelle,mitochondria,lipid_droplet,0.3738844957598244
D03_S1_C025_T000,organelle,ER,mitochondria,0.4641363399092759
D03_S1_C025_T000,organelle,ER,Golgi,0.3481022549319569
D03_S1_C025_T000,organelle,mitochondria,lipid_droplet,0.29933193438731465
D03_S1_C026_T000,organelle,ER,mitochondria,0.598502930633638
D03_S1_C026_T000,organelle,ER,Golgi,0.4488771979752285
D03_S1_C026_T000,organelle,mitochondria,lipid_droplet,0.37521885602676075
D03_S1_C027_T000,organelle,ER,mitochondria,0.8454957335186339
D03_S1_C027_T000,organelle,ER,Golgi,0.6341218001389755
D03_S1_C027_T000,organelle,mitochondria,lipid_droplet,0.5487903421216429
D03_S1_C028_T000,organelle,ER,mitochondria,0.5449257321783948
D03_S1_C028_T000,organelle,ER,Golgi,0.40869429913379607
D03_S1_C028_T000,organelle,mitochondria,lipid_droplet,0.36442061079105903
D03_S1_C029_T000,organelle,ER,mitochondria,0.5765720141581989
D03_S1_C029_T000,organelle,ER,Golgi,0.4324290106186492
D03_S1_C029_T000,organelle,mitochondria,lipid_droplet,0.39689280548881933
D03_S1_C030_T000,organelle,ER,mitochondria,0.5868241590123605
D03_S1_C030_T000,organelle,ER,Golgi,0.44011811925927036
D03_S1_C030_T000,organelle,mitochondria,lipid_droplet,0.35994817353787706
D03_S1_C031_T000,organelle,ER,mitochondria,0.5089161039459115
D03_S1_C031_T000,organelle,ER,Golgi,0.3816870779594336
D03_S1_C031_T000,organelle,mitochondria,lipid_droplet,0.30106291459321866
D03_S1_C032_T000,organelle,ER,mitochondria,0.8154547482929254
D03_S1_C032_T000,organelle,ER,Golgi,0.6115910612196941
D03_S1_C032_T000,organelle,mitochondria,lipid_droplet,0.550475951118366
D03_S1_C033_T000,organelle,ER,mitochondria,0.44048247900298654
D03_S1_C033_T000,organelle,ER,Golgi,0.33036185925223993
D03_S1_C033_T000,organelle,mitochondria,lipid_droplet,0.2827828877350014
D03_S1_C034_T000,organelle,ER,mitochondria,0.5276868828469009
D03_S1_C034_T000,organelle,ER,Golgi,0.39576516213517565
D03_S1_C034_T000,organelle,mitochondria,lipid_droplet,0.3414635314852946
D03_S1_C035_T000,organelle,ER,mitochondria,0.5717261419807776
D03_S1_C035_T000,organelle,ER,Golgi,0.4287946064855832
D03_S1_C035_T000,organelle,mitochondria,lipid_droplet,0.36025033247189076
D03_S1_C000_T012,organelle,ER,mitochondria,0.7224339952818298
D03_S1_C000_T012,organelle,ER,Golgi,0.5418254964613723
D03_S1_C000_T012,organelle,mitochondria,lipid_droplet,0.4801719070039232
D03_S1_C001_T012,organelle,ER,mitochondria,0.992791025006101
D03_S1_C001_T012,organelle,ER,Golgi,0.7445932687545758
D03_S1_C001_T012,organelle,mitochondria,lipid_droplet,0.6885968301015176
D03_S1_C002_T012,organelle,ER,mitochondria,0.71457457020464
D03_S1_C002_T012,organelle,ER,Golgi,0.53593092765348
D03_S1_C002_T012,organelle,mitochondria,lipid_droplet,0.49670644191124014
D03_S1_C003_T012,organelle,ER,mitochondria,0.7357741908855874
D03_S1_C003_T012,organelle,ER,Golgi,0.5518306431641905
D03_S1_C003_T012,organelle,mitochondria,lipid_droplet,0.4871519621407161
D03_S1_C004_T012,organelle,ER,mitochondria,0.9386577706624998
D03_S1_C004_T012,organelle,ER,Golgi,0.7039933279968749
D03_S1_C004_T012,organelle,mitochondria,lipid_droplet,0.66164565183804
D03_S1_C005_T012,organelle,ER,mitochondria,0.6931841841027293
D03_S1_C005_T012,organelle,ER,Golgi,0.519888138077047
D03_S1_C005_T012,organelle,mitochondria,lipid_droplet,0.4237217511127514
D03_S1_C006_T012,organelle,ER,mitochondria,1.04168416366569
D03_S1_C006_T012,organelle,ER,Golgi,0.7812631227492675
D03_S1_C006_T012,organelle,mitochondria,lipid_droplet,0.7126404674260617
D03_S1_C007_T012,organelle,ER,mitochondria,0.6404520154869351
D03_S1_C007_T012,organelle,ER,Golgi,0.4803390116152013
D03_S1_C007_T012,organelle,mitochondria,lipid_droplet,0.4191763583913936
D03_S1_C008_T012,organelle,ER,mitochondria,0.7385714206159906
D03_S1_C008_T012,organelle,ER,Golgi,0.553928565461993
D03_S1_C008_T012,organelle,mitochondria,lipid_droplet,0.46374822770043334
D03_S1_C009_T012,organelle,ER,mitochondria,0.7086316813315163
D03_S1_C009_T012,organelle,ER,Golgi,0.5314737609986373
D03_S1_C009_T012,organelle,mitochondria,lipid_droplet,0.5055674910146792
D03_S1_C010_T012,organelle,ER,mitochondria,0.6419401860813421
D03_S1_C010_T012,organelle,ER,Golgi,0.48145513956100655
D03_S1_C010_T012,organelle,mitochondria,lipid_droplet,0.43995586008396653
D03_S1_C011_T012,organelle,ER,mitochondria,1.2831853929158474
D03_S1_C011_T012,organelle,ER,Golgi,0.9623890446868856
D03_S1_C011_T012,organelle,mitochondria,lipid_droplet,0.8587281549530336
D03_S1_C012_T012,organelle,ER,mitochondria,0.7556256067812224
D03_S1_C012_T012,organelle,ER,Golgi,0.5667192050859168
D03_S1_C012_T012,organelle,mitochondria,lipid_droplet,0.5455124346752962
D03_S1_C013_T012,organelle,ER,mitochondria,0.7656748186683294
D03_S1_C013_T012,organelle,ER,Golgi,0.5742561140012471
D03_S1_C013_T012,organelle,mitochondria,lipid_droplet,0.5435165490966207
D03_S1_C014_T012,organelle,ER,mitochondria,0.6951194939964798
D03_S1_C014_T012,organelle,ER,Golgi,0.5213396204973598
D03_S1_C014_T012,organelle,mitochondria,lipid_droplet,0.5062176462475892
D03_S1_C015_T012,organelle,ER,mitochondria,1.0017860645522016
D03_S1_C015_T012,organelle,ER,Golgi,0.7513395484141512
D03_S1_C015_T012,organelle,mitochondria,lipid_droplet,0.6905288806242904
D03_S1_C016_T012,organelle,ER,mitochondria,1.042494306406171
D03_S1_C016_T012,organelle,ER,Golgi,0.7818707298046281
D03_S1_C016_T012,organelle,mitochondria,lipid_droplet,0.708866401644672
D03_S1_C017_T012,organelle,ER,mitochondria,0.9588958556202347
D03_S1_C017_T012,organelle,ER,Golgi,0.719171891715176
D03_S1_C017_T012,organelle,mitochondria,lipid_droplet,0.6837005402194414
D03_S1_C018_T012,organelle,ER,mitochondria,0.6904277868969244
D03_S1_C018_T012,organelle,ER,Golgi,0.5178208401726934
D03_S1_C018_T012,organelle,mitochondria,lipid_droplet,0.47800242378900315
D03_S1_C019_T012,organelle,ER,mitochondria,0.7727646396564121
D03_S1_C019_T012,organelle,ER,Golgi,0.5795734797423091
D03_S1_C019_T012,organelle,mitochondria,lipid_droplet,0.4778631966192236
D03_S1_C020_T012,organelle,ER,mitochondria,0.945967475492419
D03_S1_C020_T012,organelle,ER,Golgi,0.7094756066193142
D03_S1_C020_T012,organelle,mitochondria,lipid_droplet,0.6456070239652618
D03_S1_C021_T012,organelle,ER,mitochondria,1.035640777881782
D03_S1_C021_T012,organelle,ER,Golgi,0.7767305834113365
D03_S1_C021_T012,organelle,mitochondria,lipid_droplet,0.6822562036837639
D03_S1_C022_T012,organelle,ER,mitochondria,0.9955604170976644
D03_S1_C022_T012,organelle,ER,Golgi,0.7466703128232484
D03_S1_C022_T012,organelle,mitochondria,lipid_droplet,0.6491468197820964
D03_S1_C023_T012,organelle,ER,mitochondria,0.9221976924841679
D03_S1_C023_T012,organelle,ER,Golgi,0.691648269363126
D03_S1_C023_T012,organelle,mitochondria,lipid_droplet,0.6043202105059016
D03_S1_C024_T012,organelle,ER,mitochondria,0.7591904957247135
D03_S1_C024_T012,organelle,ER,Golgi,0.5693928717935351
D03_S1_C024_T012,organelle,mitochondria,lipid_droplet,0.482493472890214
D03_S1_C025_T012,organelle,ER,mitochondria,0.6772688068430714
D03_S1_C025_T012,organelle,ER,Golgi,0.5079516051323036
D03_S1_C025_T012,organelle,mitochondria,lipid_droplet,0.4591052928393462
D03_S1_C026_T012,organelle,ER,mitochondria,0.7885706870229942
D03_S1_C026_T012,organelle,ER,Golgi,0.5914280152672456
D03_S1_C026_T012,organelle,mitochondria,lipid_droplet,0.5256097402907108
D03_S1_C027_T012,organelle,ER,mitochondria,1.0863599991329134
D03_S1_C027_T012,organelle,ER,Golgi,0.8147699993496851
D03_S1_C027_T012,organelle,mitochondria,lipid_droplet,0.7400510023693795
D03_S1_C028_T012,organelle,ER,mitochondria,0.765525921440853
D03_S1_C028_T012,organelle,ER,Golgi,0.5741444410806398
D03_S1_C028_T012,organelle,mitochondria,lipid_droplet,0.5412405756870434
D03_S1_C029_T012,organelle,ER,mitochondria,0.8058155306502615
D03_S1_C029_T012,organelle,ER,Golgi,0.6043616479876961
D03_S1_C029_T012,organelle,mitochondria,lipid_droplet,0.5695269739207657
D03_S1_C030_T012,organelle,ER,mitochondria,0.8217666752175753
D03_S1_C030_T012,organelle,ER,Golgi,0.6163250064131814
D03_S1_C030_T012,organelle,mitochondria,lipid_droplet,0.5446719306284737
D03_S1_C031_T012,organelle,ER,mitochondria,0.6799567744593016
D03_S1_C031_T012,organelle,ER,Golgi,0.5099675808444761
D03_S1_C031_T012,organelle,mitochondria,lipid_droplet,0.4303738016123687
D03_S1_C032_T012,organelle,ER,mitochondria,1.0445537417859396
D03_S1_C032_T012,organelle,ER,Golgi,0.7834153063394547
D03_S1_C032_T012,organelle,mitochondria,lipid_droplet,0.7314617371698973
D03_S1_C033_T012,organelle,ER,mitochondria,0.5796919015291341
D03_S1_C033_T012,organelle,ER,Golgi,0.4347689261468506
D03_S1_C033_T012,organelle,mitochondria,lipid_droplet,0.4002235054673854
D03_S1_C034_T012,organelle,ER,mitochondria,0.7448781498717957
D03_S1_C034_T012,organelle,ER,Golgi,0.5586586124038467
D03_S1_C034_T012,organelle,mitochondria,lipid_droplet,0.49143601971671474
D03_S1_C035_T012,organelle,ER,mitochondria,0.8501689606480739
D03_S1_C035_T012,organelle,ER,Golgi,0.6376267204860554
D03_S1_C035_T012,organelle,mitochondria,lipid_droplet,0.5660354714850044
D03_S1_C000_T024,organelle,ER,mitochondria,1.072196612961093
D03_S1_C000_T024,organelle,ER,Golgi,0.8041474597208197
D03_S1_C000_T024,organelle,mitochondria,lipid_droplet,0.7524219819888222
D03_S1_C001_T024,organelle,ER,mitochondria,1.3788957733199443
D03_S1_C001_T024,organelle,ER,Golgi,1.0341718299899583
D03_S1_C001_T024,organelle,mitochondria,lipid_droplet,0.9543926753259695
D03_S1_C002_T024,organelle,ER,mitochondria,1.0301403414884023
D03_S1_C002_T024,organelle,ER,Golgi,0.7726052561163017
D03_S1_C002_T024,organelle,mitochondria,lipid_droplet,0.760505754223864
D03_S1_C003_T024,organelle,ER,mitochondria,1.0372246329733346
D03_S1_C003_T024,organelle,ER,Golgi,0.777918474730001
D03_S1_C003_T024,organelle,mitochondria,lipid_droplet,0.7260303916022088
D03_S1_C004_T024,organelle,ER,mitochondria,1.2533133983524127
D03_S1_C004_T024,organelle,ER,Golgi,0.9399850487643095
D03_S1_C004_T024,organelle,mitochondria,lipid_droplet,0.885322369093827
D03_S1_C005_T024,organelle,ER,mitochondria,1.0477654710366795
D03_S1_C005_T024,organelle,ER,Golgi,0.7858241032775096
D03_S1_C005_T024,organelle,mitochondria,lipid_droplet,0.7096154898755621
D03_S1_C006_T024,organelle,ER,mitochondria,1.3589222309947067
D03_S1_C006_T024,organelle,ER,Golgi,1.01919167324603
D03_S1_C006_T024,organelle,mitochondria,lipid_droplet,0.9434072270470888
D03_S1_C007_T024,organelle,ER,mitochondria,1.0324205542518134
D03_S1_C007_T024,organelle,ER,Golgi,0.7743154156888601
D03_S1_C007_T024,organelle,mitochondria,lipid_droplet,0.7170977357955437
D03_S1_C008_T024,organelle,ER,mitochondria,1.070161691983858
D03_S1_C008_T024,organelle,ER,Golgi,0.8026212689878934
D03_S1_C008_T024,organelle,mitochondria,lipid_droplet,0.7471859275006734
D03_S1_C009_T024,organelle,ER,mitochondria,1.1393197383269738
D03_S1_C009_T024,organelle,ER,Golgi,0.8544898037452303
D03_S1_C009_T024,organelle,mitochondria,lipid_droplet,0.8226258560798356
D03_S1_C010_T024,organelle,ER,mitochondria,0.9472695766685003
D03_S1_C010_T024,organelle,ER,Golgi,0.7104521825013752
D03_S1_C010_T024,organelle,mitochondria,lipid_droplet,0.6950622556955846
D03_S1_C011_T024,organelle,ER,mitochondria,1.5469833822352042
D03_S1_C011_T024,organelle,ER,Golgi,1.160237536676403
D03_S1_C011_T024,organelle,mitochondria,lipid_droplet,1.0468408602293624
D03_S1_C012_T024,organelle,ER,mitochondria,1.1286832101577624
D03_S1_C012_T024,organelle,ER,Golgi,0.8465124076183218
D03_S1_C012_T024,organelle,mitochondria,lipid_droplet,0.8167757655867693
D03_S1_C013_T024,organelle,ER,mitochondria,1.1394001743591375
D03_S1_C013_T024,organelle,ER,Golgi,0.8545501307693532
D03_S1_C013_T024,organelle,mitochondria,lipid_droplet,0.8226700958975257
D03_S1_C014_T024,organelle,ER,mitochondria,1.0731726831571973
D03_S1_C014_T024,organelle,ER,Golgi,0.804879512367898
D03_S1_C014_T024,organelle,mitochondria,lipid_droplet,0.7862449757364585
D03_S1_C015_T024,organelle,ER,mitochondria,1.3181216882674227
D03_S1_C015_T024,organelle,ER,Golgi,0.988591266200567
D03_S1_C015_T024,organelle,mitochondria,lipid_droplet,0.9209669285470825
D03_S1_C016_T024,organelle,ER,mitochondria,1.4002066790390846
D03_S1_C016_T024,organelle,ER,Golgi,1.0501550092793135
D03_S1_C016_T024,organelle,mitochondria,lipid_droplet,0.9661136734714966
D03_S1_C017_T024,organelle,ER,mitochondria,1.287185005668166
D03_S1_C017_T024,organelle,ER,Golgi,0.9653887542511245
D03_S1_C017_T024,organelle,mitochondria,lipid_droplet,0.9039517531174914
D03_S1_C018_T024,organelle,ER,mitochondria,1.0519771703430236
D03_S1_C018_T024,organelle,ER,Golgi,0.7889828777572677
D03_S1_C018_T024,organelle,mitochondria,lipid_droplet,0.7664781666238819
D03_S1_C019_T024,organelle,ER,mitochondria,1.0941546981390222
D03_S1_C019_T024,organelle,ER,Golgi,0.8206160236042667
D03_S1_C019_T024,organelle,mitochondria,lipid_droplet,0.7366720675576938
D03_S1_C020_T024,organelle,ER,mitochondria,1.2446387372069636
D03_S1_C020_T024,organelle,ER,Golgi,0.9334790529052227
D03_S1_C020_T024,organelle,mitochondria,lipid_droplet,0.8805513054638301
D03_S1_C021_T024,organelle,ER,mitochondria,1.4321934108386678
D03_S1_C021_T024,organelle,ER,Golgi,1.0741450581290009
D03_S1_C021_T024,organelle,mitochondria,lipid_droplet,0.9837063759612674
D03_S1_C022_T024,organelle,ER,mitochondria,1.3417755711748525
D03_S1_C022_T024,organelle,ER,Golgi,1.0063316783811393
D03_S1_C022_T024,organelle,mitochondria,lipid_droplet,0.9253667960955039
D03_S1_C023_T024,organelle,ER,mitochondria,1.3550754615706921
D03_S1_C023_T024,organelle,ER,Golgi,1.016306596178019
D03_S1_C023_T024,organelle,mitochondria,lipid_droplet,0.9307480423247745
D03_S1_C024_T024,organelle,ER,mitochondria,1.0889942717943448
D03_S1_C024_T024,organelle,ER,Golgi,0.8167457038457586
D03_S1_C024_T024,organelle,mitochondria,lipid_droplet,0.7348428502042406
D03_S1_C025_T024,organelle,ER,mitochondria,1.0201387386903122
D03_S1_C025_T024,organelle,ER,Golgi,0.7651040540177342
D03_S1_C025_T024,organelle,mitochondria,lipid_droplet,0.7450611445660098
D03_S1_C026_T024,organelle,ER,mitochondria,1.0862752812028023
D03_S1_C026_T024,organelle,ER,Golgi,0.8147064609021017
D03_S1_C026_T024,organelle,mitochondria,lipid_droplet,0.7650532488576647
D03_S1_C027_T024,organelle,ER,mitochondria,1.40877191997245
D03_S1_C027_T024,organelle,ER,Golgi,1.0565789399793375
D03_S1_C027_T024,organelle,mitochondria,lipid_droplet,0.9708245559848476
D03_S1_C028_T024,organelle,ER,mitochondria,1.1926913105648023
D03_S1_C028_T024,organelle,ER,Golgi,0.8945184829236017
D03_S1_C028_T024,organelle,mitochondria,lipid_droplet,0.8519802208106413
D03_S1_C029_T024,organelle,ER,mitochondria,1.1856693539979988
D03_S1_C029_T024,organelle,ER,Golgi,0.8892520154984991
D03_S1_C029_T024,organelle,mitochondria,lipid_droplet,0.8481181446988995
D03_S1_C030_T024,organelle,ER,mitochondria,1.2671652351901075
D03_S1_C030_T024,organelle,ER,Golgi,0.9503739263925806
D03_S1_C030_T024,organelle,mitochondria,lipid_droplet,0.8929408793545592
D03_S1_C031_T024,organelle,ER,mitochondria,1.0474914376540896
D03_S1_C031_T024,organelle,ER,Golgi,0.7856185782405671
D03_S1_C031_T024,organelle,mitochondria,lipid_droplet,0.7018963309866282
D03_S1_C032_T024,organelle,ER,mitochondria,1.3807514240188454
D03_S1_C032_T024,organelle,ER,Golgi,1.0355635680141342
D03_S1_C032_T024,organelle,mitochondria,lipid_droplet,0.955413283210365
D03_S1_C033_T024,organelle,ER,mitochondria,0.9330627946783692
D03_S1_C033_T024,organelle,ER,Golgi,0.6997970960087769
D03_S1_C033_T024,organelle,mitochondria,lipid_droplet,0.6884833346162114
D03_S1_C034_T024,organelle,ER,mitochondria,1.0373697521779317
D03_S1_C034_T024,organelle,ER,Golgi,0.7780273141334488
D03_S1_C034_T024,organelle,mitochondria,lipid_droplet,0.7332769580055067
D03_S1_C035_T024,organelle,ER,mitochondria,1.2137041716728607
D03_S1_C035_T024,organelle,ER,Golgi,0.9102781287546455
D03_S1_C035_T024,organelle,mitochondria,lipid_droplet,0.8635372944200734
D03_S1_C000_T048,organelle,ER,mitochondria,1.8
D03_S1_C000_T048,organelle,ER,Golgi,1.35
D03_S1_C000_T048,organelle,mitochondria,lipid_droplet,1.1860000000000002
D03_S1_C001_T048,organelle,ER,mitochondria,1.8
D03_S1_C001_T048,organelle,ER,Golgi,1.35
D03_S1_C001_T048,organelle,mitochondria,lipid_droplet,1.1860000000000002
D03_S1_C002_T048,organelle,ER,mitochondria,1.7132742800354583
D03_S1_C002_T048,organelle,ER,Golgi,1.2849557100265938
D03_S1_C002_T048,organelle,mitochondria,lipid_droplet,1.138300854019502
D03_S1_C003_T048,organelle,ER,mitochondria,1.732742262989496
D03_S1_C003_T048,organelle,ER,Golgi,1.299556697242122
D03_S1_C003_T048,organelle,mitochondria,lipid_droplet,1.149008244644223
D03_S1_C004_T048,organelle,ER,mitochondria,1.8
D03_S1_C004_T048,organelle,ER,Golgi,1.35
D03_S1_C004_T048,organelle,mitochondria,lipid_droplet,1.1860000000000002
D03_S1_C005_T048,organelle,ER,mitochondria,1.7183591906937818
D03_S1_C005_T048,organelle,ER,Golgi,1.2887693930203363
D03_S1_C005_T048,organelle,mitochondria,lipid_droplet,1.14109755488158
D03_S1_C006_T048,organelle,ER,mitochondria,1.8
D03_S1_C006_T048,organelle,ER,Golgi,1.35
D03_S1_C006_T048,organelle,mitochondria,lipid_droplet,1.1860000000000002
D03_S1_C007_T048,organelle,ER,mitochondria,1.763587087926235
D03_S1_C007_T048,organelle,ER,Golgi,1.3226903159446763
D03_S1_C007_T048,organelle,mitochondria,lipid_droplet,1.1659728983594293
D03_S1_C008_T048,organelle,ER,mitochondria,1.7755147832859695
D03_S1_C008_T048,organelle,ER,Golgi,1.331636087464477
D03_S1_C008_T048,organelle,mitochondria,lipid_droplet,1.1725331308072833
D03_S1_C009_T048,organelle,ER,mitochondria,1.7098848199993775
D03_S1_C009_T048,organelle,ER,Golgi,1.282413614999533
D03_S1_C009_T048,organelle,mitochondria,lipid_droplet,1.1364366509996577
D03_S1_C010_T048,organelle,ER,mitochondria,1.572284972963977
D03_S1_C010_T048,organelle,ER,Golgi,1.1792137297229828
D03_S1_C010_T048,organelle,mitochondria,lipid_droplet,1.0607567351301874
D03_S1_C011_T048,organelle,ER,mitochondria,1.8
D03_S1_C011_T048,organelle,ER,Golgi,1.35
D03_S1_C011_T048,organelle,mitochondria,lipid_droplet,1.1860000000000002
D03_S1_C012_T048,organelle,ER,mitochondria,1.6925928159453412
D03_S1_C012_T048,organelle,ER,Golgi,1.269444611959006
D03_S1_C012_T048,organelle,mitochondria,lipid_droplet,1.1269260487699377
D03_S1_C013_T048,organelle,ER,mitochondria,1.7212549843908242
D03_S1_C013_T048,organelle,ER,Golgi,1.2909412382931182
D03_S1_C013_T048,organelle,mitochondria,lipid_droplet,1.1426902414149533
D03_S1_C014_T048,organelle,ER,mitochondria,1.6280626637832376
D03_S1_C014_T048,organelle,ER,Golgi,1.221046997837428
D03_S1_C014_T048,organelle,mitochondria,lipid_droplet,1.0914344650807808
D03_S1_C015_T048,organelle,ER,mitochondria,1.8
D03_S1_C015_T048,organelle,ER,Golgi,1.35
D03_S1_C015_T048,organelle,mitochondria,lipid_droplet,1.1860000000000002
D03_S1_C016_T048,organelle,ER,mitochondria,1.8
D03_S1_C016_T048,organelle,ER,Golgi,1.35
D03_S1_C016_T048,organelle,mitochondria,lipid_droplet,1.1860000000000002
D03_S1_C017_T048,organelle,ER,mitochondria,1.7429185279371102
D03_S1_C017_T048,organelle,ER,Golgi,1.3071888959528326
D03_S1_C017_T048,organelle,mitochondria,lipid_droplet,1.1546051903654106
D03_S1_C018_T048,organelle,ER,mitochondria,1.6285516370054856
D03_S1_C018_T048,organelle,ER,Golgi,1.2214137277541142
D03_S1_C018_T048,organelle,mitochondria,lipid_droplet,1.091703400353017
D03_S1_C019_T048,organelle,ER,mitochondria,1.7262059644950682
D03_S1_C019_T048,organelle,ER,Golgi,1.2946544733713012
D03_S1_C019_T048,organelle,mitochondria,lipid_droplet,1.1454132804722876
D03_S1_C020_T048,organelle,ER,mitochondria,1.738284689184558
D03_S1_C020_T048,organelle,ER,Golgi,1.3037135168884184
D03_S1_C020_T048,organelle,mitochondria,lipid_droplet,1.152056579051507
D03_S1_C021_T048,organelle,ER,mitochondria,1.8
D03_S1_C021_T048,organelle,ER,Golgi,1.35
D03_S1_C021_T048,organelle,mitochondria,lipid_droplet,1.1860000000000002
D03_S1_C022_T048,organelle,ER,mitochondria,1.8
D03_S1_C022_T048,organelle,ER,Golgi,1.35
D03_S1_C022_T048,organelle,mitochondria,lipid_droplet,1.1860000000000002
D03_S1_C023_T048,organelle,ER,mitochondria,1.8
D03_S1_C023_T048,organelle,ER,Golgi,1.35
D03_S1_C023_T048,organelle,mitochondria,lipid_droplet,1.1860000000000002
D03_S1_C024_T048,organelle,ER,mitochondria,1.7548104188527822
D03_S1_C024_T048,organelle,ER,Golgi,1.3161078141395866
D03_S1_C024_T048,organelle,mitochondria,lipid_droplet,1.1611457303690302
D03_S1_C025_T048,organelle,ER,mitochondria,1.5696493393651827
D03_S1_C025_T048,organelle,ER,Golgi,1.177237004523887
D03_S1_C025_T048,organelle,mitochondria,lipid_droplet,1.0593071366508506
D03_S1_C026_T048,organelle,ER,mitochondria,1.7700690501671699
D03_S1_C026_T048,organelle,ER,Golgi,1.3275517876253775
D03_S1_C026_T048,organelle,mitochondria,lipid_droplet,1.1695379775919434
D03_S1_C027_T048,organelle,ER,mitochondria,1.8
D03_S1_C027_T048,organelle,ER,Golgi,1.35
D03_S1_C027_T048,organelle,mitochondria,lipid_droplet,1.1860000000000002
D03_S1_C028_T048,organelle,ER,mitochondria,1.7018423482442444
D03_S1_C028_T048,organelle,ER,Golgi,1.2763817611831834
D03_S1_C028_T048,organelle,mitochondria,lipid_droplet,1.1320132915343346
D03_S1_C029_T048,organelle,ER,mitochondria,1.695628977918841
D03_S1_C029_T048,organelle,ER,Golgi,1.2717217334391306
D03_S1_C029_T048,organelle,mitochondria,lipid_droplet,1.1285959378553625
D03_S1_C030_T048,organelle,ER,mitochondria,1.8
D03_S1_C030_T048,organelle,ER,Golgi,1.35
D03_S1_C030_T048,organelle,mitochondria,lipid_droplet,1.1860000000000002
D03_S1_C031_T048,organelle,ER,mitochondria,1.7151140042727107
D03_S1_C031_T048,organelle,ER,Golgi,1.286335503204533
D03_S1_C031_T048,organelle,mitochondria,lipid_droplet,1.139312702349991
D03_S1_C032_T048,organelle,ER,mitochondria,1.8
D03_S1_C032_T048,organelle,ER,Golgi,1.35
D03_S1_C032_T048,organelle,mitochondria,lipid_droplet,1.1860000000000002
D03_S1_C033_T048,organelle,ER,mitochondria,1.597972546985513
D03_S1_C033_T048,organelle,ER,Golgi,1.1984794102391347
D03_S1_C033_T048,organelle,mitochondria,lipid_droplet,1.0748849008420323
D03_S1_C034_T048,organelle,ER,mitochondria,1.6752667450139551
D03_S1_C034_T048,organelle,ER,Golgi,1.2564500587604663
D03_S1_C034_T048,organelle,mitochondria,lipid_droplet,1.1173967097576754
D03_S1_C035_T048,organelle,ER,mitochondria,1.769542709519555
D03_S1_C035_T048,organelle,ER,Golgi,1.3271570321396662
D03_S1_C035_T048,organelle,mitochondria,lipid_droplet,1.1692484902357554
D04_S0_C000_T000,organelle,ER,mitochondria,0.39415656374613367
D04_S0_C000_T000,organelle,ER,Golgi,0.29561742280960024
D04_S0_C000_T000,organelle,mitochondria,lipid_droplet,0.22171695054647414
D04_S0_C001_T000,organelle,ER,mitochondria,0.7045355528284304
D04_S0_C001_T000,organelle,ER,Golgi,0.5284016646213228
D04_S0_C001_T000,organelle,mitochondria,lipid_droplet,0.4199099134369715
D04_S0_C002_T000,organelle,ER,mitochondria,0.6363808894193325
D04_S0_C002_T000,organelle,ER,Golgi,0.4772856670644994
D04_S0_C002_T000,organelle,mitochondria,lipid_droplet,0.39020537096289226
D04_S0_C003_T000,organelle,ER,mitochondria,0.7153167034967329
D04_S0_C003_T000,organelle,ER,Golgi,0.5364875276225497
D04_S0_C003_T000,organelle,mitochondria,lipid_droplet,0.48564677551963525
D04_S0_C004_T000,organelle,ER,mitochondria,0.9124033095959093
D04_S0_C004_T000,organelle,ER,Golgi,0.684302482196932
D04_S0_C004_T000,organelle,mitochondria,lipid_droplet,0.5570240576235078
D04_S0_C005_T000,organelle,ER,mitochondria,0.9600078808810361
D04_S0_C005_T000,organelle,ER,Golgi,0.720005910660777
D04_S0_C005_T000,organelle,mitochondria,lipid_droplet,0.6146922685996118
D04_S0_C006_T000,organelle,ER,mitochondria,0.5134018200687256
D04_S0_C006_T000,organelle,ER,Golgi,0.3850513650515442
D04_S0_C006_T000,organelle,mitochondria,lipid_droplet,0.32292672848991016
D04_S0_C007_T000,organelle,ER,mitochondria,0.8133800348117227
D04_S0_C007_T000,organelle,ER,Golgi,0.610035026108792
D04_S0_C007_T000,organelle,mitochondria,lipid_droplet,0.5296559694646367
D04_S0_C008_T000,organelle,ER,mitochondria,0.6900306094112587
D04_S0_C008_T000,organelle,ER,Golgi,0.5175229570584441
D04_S0_C008_T000,organelle,mitochondria,lipid_droplet,0.4486354994207842
D04_S0_C009_T000,organelle,ER,mitochondria,1.018606495115837
D04_S0_C009_T000,organelle,ER,Golgi,0.7639548713368777
D04_S0_C009_T000,organelle,mitochondria,lipid_droplet,0.6538891692288407
D04_S0_C010_T000,organelle,ER,mitochondria,0.6318006993675025
D04_S0_C010_T000,organelle,ER,Golgi,0.47385052452562687
D04_S0_C010_T000,organelle,mitochondria,lipid_droplet,0.41983252238084284
D04_S0_C011_T000,organelle,ER,mitochondria,0.629528112408129
D04_S0_C011_T000,organelle,ER,Golgi,0.4721460843060967
D04_S0_C011_T000,organelle,mitochondria,lipid_droplet,0.4289949147653317
D04_S0_C012_T000,organelle,ER,mitochondria,0.8762792564561279
D04_S0_C012_T000,organelle,ER,Golgi,0.657209442342096
D04_S0_C012_T000,organelle,mitochondria,lipid_droplet,0.5563812009769764
D04_S0_C013_T000,organelle,ER,mitochondria,0.4264315120323588
D04_S0_C013_T000,organelle,ER,Golgi,0.3198236340242691
D04_S0_C013_T000,organelle,mitochondria,lipid_droplet,0.28542541120749715
D04_S0_C014_T000,organelle,ER,mitochondria,0.5852773758293675
D04_S0_C014_T000,organelle,ER,Golgi,0.4389580318720256
D04_S0_C014_T000,organelle,mitochondria,lipid_droplet,0.36374861014102877
D04_S0_C015_T000,organelle,ER,mitochondria,0.719545742120214
D04_S0_C015_T000,organelle,ER,Golgi,0.5396593065901605
D04_S0_C015_T000,organelle,mitochondria,lipid_droplet,0.44298597265689194
D04_S0_C016_T000,organelle,ER,mitochondria,0.6147631415878525
D04_S0_C016_T000,organelle,ER,Golgi,0.4610723561908894
D04_S0_C016_T000,organelle,mitochondria,lipid_droplet,0.39342764636066246
D04_S0_C017_T000,organelle,ER,mitochondria,0.7570312709316486
D04_S0_C017_T000,organelle,ER,Golgi,0.5677734531987364
D04_S0_C017_T000,organelle,mitochondria,lipid_droplet,0.51627941421659
D04_S0_C018_T000,organelle,ER,mitochondria,0.4363298389177955
D04_S0_C018_T000,organelle,ER,Golgi,0.3272473791883466
D04_S0_C018_T000,organelle,mitochondria,lipid_droplet,0.32136319398929225
D04_S0_C019_T000,organelle,ER,mitochondria,0.802845457187523
D04_S0_C019_T000,organelle,ER,Golgi,0.6021340928906422
D04_S0_C019_T000,organelle,mitochondria,lipid_droplet,0.5337896084639335
D04_S0_C020_T000,organelle,ER,mitochondria,0.324734088566015
D04_S0_C020_T000,organelle,ER,Golgi,0.24355056642451123
D04_S0_C020_T000,organelle,mitochondria,lipid_droplet,0.19227959582457668
D04_S0_C021_T000,organelle,ER,mitochondria,0.7736073281120481
D04_S0_C021_T000,organelle,ER,Golgi,0.5802054960840362
D04_S0_C021_T000,organelle,mitochondria,lipid_droplet,0.49529378305588395
D04_S0_C022_T000,organelle,ER,mitochondria,0.6186995360785756
D04_S0_C022_T000,organelle,ER,Golgi,0.46402465205893173
D04_S0_C022_T000,organelle,mitochondria,lipid_droplet,0.3742637449704621
D04_S0_C023_T000,organelle,ER,mitochondria,0.4275441604886064
D04_S0_C023_T000,organelle,ER,Golgi,0.3206581203664548
D04_S0_C023_T000,organelle,mitochondria,lipid_droplet,0.2627649967854334
D04_S0_C024_T000,organelle,ER,mitochondria,0.6368311750898187
D04_S0_C024_T000,organelle,ER,Golgi,0.47762338131736404
D04_S0_C024_T000,organelle,mitochondria,lipid_droplet,0.4428506064587585
D04_S0_C025_T000,organelle,ER,mitochondria,0.13681726683864953
D04_S0_C025_T000,organelle,ER,Golgi,0.10261295012898715
D04_S0_C025_T000,organelle,mitochondria,lipid_droplet,0.12925439746878992
D04_S0_C026_T000,organelle,ER,mitochondria,0.6816365061354237
D04_S0_C026_T000,organelle,ER,Golgi,0.5112273796015678
D04_S0_C026_T000,organelle,mitochondria,lipid_droplet,0.43658644641084177
D04_S0_C027_T000,organelle,ER,mitochondria,0.7155858298575624
D04_S0_C027_T000,organelle,ER,Golgi,0.5366893723931718
D04_S0_C027_T000,organelle,mitochondria,lipid_droplet,0.47595898787487795
D04_S0_C028_T000,organelle,ER,mitochondria,0.9255883547776551
D04_S0_C028_T000,organelle,ER,Golgi,0.6941912660832413
D04_S0_C028_T000,organelle,mitochondria,lipid_droplet,0.57727426021198
D04_S0_C029_T000,organelle,ER,mitochondria,0.7194084476806984
D04_S0_C029_T000,organelle,ER,Golgi,0.5395563357605239
D04_S0_C029_T000,organelle,mitochondria,lipid_droplet,0.45357600166578477
D04_S0_C030_T000,organelle,ER,mitochondria,0.5378768745111945
D04_S0_C030_T000,organelle,ER,Golgi,0.4034076558833959
D04_S0_C030_T000,organelle,mitochondria,lipid_droplet,0.35929610872213513
D04_S0_C031_T000,organelle,ER,mitochondria,0.6091586060790282
D04_S0_C031_T000,organelle,ER,Golgi,0.4568689545592711
D04_S0_C031_T000,organelle,mitochondria,lipid_droplet,0.3678061719228053
D04_S0_C032_T000,organelle,ER,mitochondria,0.33103993513266966
D04_S0_C032_T000,organelle,ER,Golgi,0.24827995134950226
D04_S0_C032_T000,organelle,mitochondria,lipid_droplet,0.23220469948113492
D04_S0_C033_T000,organelle,ER,mitochondria,0.6313528253197801
D04_S0_C033_T000,organelle,ER,Golgi,0.47351461898983505
D04_S0_C033_T000,organelle,mitochondria,lipid_droplet,0.40977878640192
D04_S0_C034_T000,organelle,ER,mitochondria,0.8781550446219114
D04_S0_C034_T000,organelle,ER,Golgi,0.6586162834664335
D04_S0_C034_T000,organelle,mitochondria,lipid_droplet,0.5427078086654913
D04_S0_C035_T000,organelle,ER,mitochondria,0.8781194576277418
D04_S0_C035_T000,organelle,ER,Golgi,0.6585895932208063
D04_S0_C035_T000,organelle,mitochondria,lipid_droplet,0.5791325977066268
D04_S0_C000_T012,organelle,ER,mitochondria,0.6083026144352581
D04_S0_C000_T012,organelle,ER,Golgi,0.4562269608264436
D04_S0_C000_T012,organelle,mitochondria,lipid_droplet,0.3809342374791664
D04_S0_C001_T012,organelle,ER,mitochondria,0.9632079434479732
D04_S0_C001_T012,organelle,ER,Golgi,0.7224059575859799
D04_S0_C001_T012,organelle,mitochondria,lipid_droplet,0.6150216243250459
D04_S0_C002_T012,organelle,ER,mitochondria,0.8475893000584451
D04_S0_C002_T012,organelle,ER,Golgi,0.6356919750438339
D04_S0_C002_T012,organelle,mitochondria,lipid_droplet,0.5481117621675341
D04_S0_C003_T012,organelle,ER,mitochondria,0.865121876386362
D04_S0_C003_T012,organelle,ER,Golgi,0.6488414072897715
D04_S0_C003_T012,organelle,mitochondria,lipid_droplet,0.6142814350466915
D04_S0_C004_T012,organelle,ER,mitochondria,1.168255896814155
D04_S0_C004_T012,organelle,ER,Golgi,0.8761919226106163
D04_S0_C004_T012,organelle,mitochondria,lipid_droplet,0.7527892751675362
D04_S0_C005_T012,organelle,ER,mitochondria,1.1940712247301852
D04_S0_C005_T012,organelle,ER,Golgi,0.8955534185476389
D04_S0_C005_T012,organelle,mitochondria,lipid_droplet,0.800367267722137
D04_S0_C006_T012,organelle,ER,mitochondria,0.7270469359563133
D04_S0_C006_T012,organelle,ER,Golgi,0.545285201967235
D04_S0_C006_T012,organelle,mitochondria,lipid_droplet,0.4731097199117348
D04_S0_C007_T012,organelle,ER,mitochondria,0.9734085403180053
D04_S0_C007_T012,organelle,ER,Golgi,0.7300564052385039
D04_S0_C007_T012,organelle,mitochondria,lipid_droplet,0.6594565266138734
D04_S0_C008_T012,organelle,ER,mitochondria,0.9333857552278656
D04_S0_C008_T012,organelle,ER,Golgi,0.7000393164208992
D04_S0_C008_T012,organelle,mitochondria,lipid_droplet,0.6312496658587469
D04_S0_C009_T012,organelle,ER,mitochondria,1.2397832481597197
D04_S0_C009_T012,organelle,ER,Golgi,0.9298374361197899
D04_S0_C009_T012,organelle,mitochondria,lipid_droplet,0.846756813320614
D04_S0_C010_T012,organelle,ER,mitochondria,0.8408642402803602
D04_S0_C010_T012,organelle,ER,Golgi,0.6306481802102701
D04_S0_C010_T012,organelle,mitochondria,lipid_droplet,0.5597760712311627
D04_S0_C011_T012,organelle,ER,mitochondria,0.8011043934744084
D04_S0_C011_T012,organelle,ER,Golgi,0.6008282951058064
D04_S0_C011_T012,organelle,mitochondria,lipid_droplet,0.5618699435885228
D04_S0_C012_T012,organelle,ER,mitochondria,1.1791624311145226
D04_S0_C012_T012,organelle,ER,Golgi,0.8843718233358919
D04_S0_C012_T012,organelle,mitochondria,lipid_droplet,0.7671954143264833
D04_S0_C013_T012,organelle,ER,mitochondria,0.6010741729878153
D04_S0_C013_T012,organelle,ER,Golgi,0.45080562974086147
D04_S0_C013_T012,organelle,mitochondria,lipid_droplet,0.42455709952438925
D04_S0_C014_T012,organelle,ER,mitochondria,0.7827444927117706
D04_S0_C014_T012,organelle,ER,Golgi,0.587058369533828
D04_S0_C014_T012,organelle,mitochondria,lipid_droplet,0.5049859308474344
D04_S0_C015_T012,organelle,ER,mitochondria,0.9571971448358403
D04_S0_C015_T012,organelle,ER,Golgi,0.7178978586268803
D04_S0_C015_T012,organelle,mitochondria,lipid_droplet,0.6133125388616629
D04_S0_C016_T012,organelle,ER,mitochondria,0.8799859349434531
D04_S0_C016_T012,organelle,ER,Golgi,0.6599894512075899
D04_S0_C016_T012,organelle,mitochondria,lipid_droplet,0.5873421306516233
D04_S0_C017_T012,organelle,ER,mitochondria,0.925401771567049
D04_S0_C017_T012,organelle,ER,Golgi,0.6940513286752867
D04_S0_C017_T012,organelle,mitochondria,lipid_droplet,0.6459356078466856
D04_S0_C018_T012,organelle,ER,mitochondria,0.681491614598276
D04_S0_C018_T012,organelle,ER,Golgi,0.511118710948707
D04_S0_C018_T012,organelle,mitochondria,lipid_droplet,0.4982640734053928
D04_S0_C019_T012,organelle,ER,mitochondria,1.0910441753898197
D04_S0_C019_T012,organelle,ER,Golgi,0.8182831315423648
D04_S0_C019_T012,organelle,mitochondria,lipid_droplet,0.7433237729233146
D04_S0_C020_T012,organelle,ER,mitochondria,0.5327439998320228
D04_S0_C020_T012,organelle,ER,Golgi,0.3995579998740171
D04_S0_C020_T012,organelle,mitochondria,lipid_droplet,0.3482656952756555
D04_S0_C021_T012,organelle,ER,mitochondria,1.0208645366740063
D04_S0_C021_T012,organelle,ER,Golgi,0.7656484025055048
D04_S0_C021_T012,organelle,mitochondria,lipid_droplet,0.6866774514471312
D04_S0_C022_T012,organelle,ER,mitochondria,0.8915743314479712
D04_S0_C022_T012,organelle,ER,Golgi,0.6686807485859784
D04_S0_C022_T012,organelle,mitochondria,lipid_droplet,0.5660840243569661
D04_S0_C023_T012,organelle,ER,mitochondria,0.6110172896206805
D04_S0_C023_T012,organelle,ER,Golgi,0.45826296721551035
D04_S0_C023_T012,organelle,mitochondria,lipid_droplet,0.37883839268307706
D04_S0_C024_T012,organelle,ER,mitochondria,0.8641544851685561
D04_S0_C024_T012,organelle,ER,Golgi,0.6481158638764171
D04_S0_C024_T012,organelle,mitochondria,lipid_droplet,0.6360000732715627
D04_S0_C025_T012,organelle,ER,mitochondria,0.284718099949276
D04_S0_C025_T012,organelle,ER,Golgi,0.213538574961957
D04_S0_C025_T012,organelle,mitochondria,lipid_droplet,0.23331268880247336
D04_S0_C026_T012,organelle,ER,mitochondria,0.8543496153064316
D04_S0_C026_T012,organelle,ER,Golgi,0.6407622114798237
D04_S0_C026_T012,organelle,mitochondria,lipid_droplet,0.5693053243614653
D04_S0_C027_T012,organelle,ER,mitochondria,0.917465982224899
D04_S0_C027_T012,organelle,ER,Golgi,0.6880994866686743
D04_S0_C027_T012,organelle,mitochondria,lipid_droplet,0.6344442279640355
D04_S0_C028_T012,organelle,ER,mitochondria,1.1609758886104575
D04_S0_C028_T012,organelle,ER,Golgi,0.8707319164578431
D04_S0_C028_T012,organelle,mitochondria,lipid_droplet,0.7601172486846164
D04_S0_C029_T012,organelle,ER,mitochondria,0.9790007775049078
D04_S0_C029_T012,organelle,ER,Golgi,0.7342505831286809
D04_S0_C029_T012,organelle,mitochondria,lipid_droplet,0.640653508563807
D04_S0_C030_T012,organelle,ER,mitochondria,0.6899546256658895
D04_S0_C030_T012,organelle,ER,Golgi,0.5174659692494171
D04_S0_C030_T012,organelle,mitochondria,lipid_droplet,0.4693970924165389
D04_S0_C031_T012,organelle,ER,mitochondria,0.8251758877422009
D04_S0_C031_T012,organelle,ER,Golgi,0.6188819158066506
D04_S0_C031_T012,organelle,mitochondria,lipid_droplet,0.5228569155514124
D04_S0_C032_T012,organelle,ER,mitochondria,0.5343379168291601
D04_S0_C032_T012,organelle,ER,Golgi,0.4007534376218701
D04_S0_C032_T012,organelle,mitochondria,lipid_droplet,0.3848017106221808
D04_S0_C033_T012,organelle,ER,mitochondria,0.8065324892574941
D04_S0_C033_T012,organelle,ER,Golgi,0.6048993669431206
D04_S0_C033_T012,organelle,mitochondria,lipid_droplet,0.5368789068997311
D04_S0_C034_T012,organelle,ER,mitochondria,1.021197630035333
D04_S0_C034_T012,organelle,ER,Golgi,0.7658982225264996
D04_S0_C034_T012,organelle,mitochondria,lipid_droplet,0.6751971364938942
D04_S0_C035_T012,organelle,ER,mitochondria,1.0710135834359475
D04_S0_C035_T012,organelle,ER,Golgi,0.8032601875769607
D04_S0_C035_T012,organelle,mitochondria,lipid_droplet,0.7403647770700291
D04_S0_C000_T024,organelle,ER,mitochondria,0.9096086460085788
D04_S0_C000_T024,organelle,ER,Golgi,0.6822064845064342
D04_S0_C000_T024,organelle,mitochondria,lipid_droplet,0.6308905416135159
D04_S0_C001_T024,organelle,ER,mitochondria,1.3001912363926638
D04_S0_C001_T024,organelle,ER,Golgi,0.9751434272944979
D04_S0_C001_T024,organelle,mitochondria,lipid_droplet,0.8878439782033187
D04_S0_C002_T024,organelle,ER,mitochondria,1.1980679359519129
D04_S0_C002_T024,organelle,ER,Golgi,0.8985509519639346
D04_S0_C002_T024,organelle,mitochondria,lipid_droplet,0.8354134577157462
D04_S0_C003_T024,organelle,ER,mitochondria,1.261360558887204
D04_S0_C003_T024,organelle,ER,Golgi,0.9460204191654031
D04_S0_C003_T024,organelle,mitochondria,lipid_droplet,0.8897483073879624
D04_S0_C004_T024,organelle,ER,mitochondria,1.6410113362718286
D04_S0_C004_T024,organelle,ER,Golgi,1.2307585022038714
D04_S0_C004_T024,organelle,mitochondria,lipid_droplet,1.0985562349495057
D04_S0_C005_T024,organelle,ER,mitochondria,1.5330646806106871
D04_S0_C005_T024,organelle,ER,Golgi,1.1497985104580153
D04_S0_C005_T024,organelle,mitochondria,lipid_droplet,1.039185574335878
D04_S0_C006_T024,organelle,ER,mitochondria,1.1332226173772821
D04_S0_C006_T024,organelle,ER,Golgi,0.8499169630329616
D04_S0_C006_T024,organelle,mitochondria,lipid_droplet,0.7999148007360362
D04_S0_C007_T024,organelle,ER,mitochondria,1.3625870158744693
D04_S0_C007_T024,organelle,ER,Golgi,1.021940261905852
D04_S0_C007_T024,organelle,mitochondria,lipid_droplet,0.9454228587309581
D04_S0_C008_T024,organelle,ER,mitochondria,1.320944714276836
D04_S0_C008_T024,organelle,ER,Golgi,0.9907085357076271
D04_S0_C008_T024,organelle,mitochondria,lipid_droplet,0.9225195928522598
D04_S0_C009_T024,organelle,ER,mitochondria,1.6155294262776199
D04_S0_C009_T024,organelle,ER,Golgi,1.211647069708215
D04_S0_C009_T024,organelle,mitochondria,lipid_droplet,1.084541184452691
D04_S0_C010_T024,organelle,ER,mitochondria,1.1395052118447109
D04_S0_C010_T024,organelle,ER,Golgi,0.8546289088835332
D04_S0_C010_T024,organelle,mitochondria,lipid_droplet,0.8157228485181948
D04_S0_C011_T024,organelle,ER,mitochondria,1.1274081459304928
D04_S0_C011_T024,organelle,ER,Golgi,0.8455561094478696
D04_S0_C011_T024,organelle,mitochondria,lipid_droplet,0.816074480261771
D04_S0_C012_T024,organelle,ER,mitochondria,1.5337372868088874
D04_S0_C012_T024,organelle,ER,Golgi,1.1503029651066656
D04_S0_C012_T024,organelle,mitochondria,lipid_droplet,1.0395555077448881
D04_S0_C013_T024,organelle,ER,mitochondria,0.9839438263202268
D04_S0_C013_T024,organelle,ER,Golgi,0.7379578697401701
D04_S0_C013_T024,organelle,mitochondria,lipid_droplet,0.714130651904973
D04_S0_C014_T024,organelle,ER,mitochondria,1.14970286382163
D04_S0_C014_T024,organelle,ER,Golgi,0.8622771478662226
D04_S0_C014_T024,organelle,mitochondria,lipid_droplet,0.8004034549517118
D04_S0_C015_T024,organelle,ER,mitochondria,1.341054392869446
D04_S0_C015_T024,organelle,ER,Golgi,1.0057907946520845
D04_S0_C015_T024,organelle,mitochondria,lipid_droplet,0.9335799160781955
D04_S0_C016_T024,organelle,ER,mitochondria,1.3124520681139509
D04_S0_C016_T024,organelle,ER,Golgi,0.9843390510854632
D04_S0_C016_T024,organelle,mitochondria,lipid_droplet,0.9178486374626731
D04_S0_C017_T024,organelle,ER,mitochondria,1.3712944723259866
D04_S0_C017_T024,organelle,ER,Golgi,1.0284708542444898
D04_S0_C017_T024,organelle,mitochondria,lipid_droplet,0.9502119597792926
D04_S0_C018_T024,organelle,ER,mitochondria,1.0257315744788325
D04_S0_C018_T024,organelle,ER,Golgi,0.7692986808591243
D04_S0_C018_T024,organelle,mitochondria,lipid_droplet,0.760152365963358
D04_S0_C019_T024,organelle,ER,mitochondria,1.424669915524273
D04_S0_C019_T024,organelle,ER,Golgi,1.0685024366432048
D04_S0_C019_T024,organelle,mitochondria,lipid_droplet,0.9795684535383502
D04_S0_C020_T024,organelle,ER,mitochondria,0.8336963862990653
D04_S0_C020_T024,organelle,ER,Golgi,0.6252722897242989
D04_S0_C020_T024,organelle,mitochondria,lipid_droplet,0.5918864723328547
D04_S0_C021_T024,organelle,ER,mitochondria,1.3938400330483915
D04_S0_C021_T024,organelle,ER,Golgi,1.0453800247862937
D04_S0_C021_T024,organelle,mitochondria,lipid_droplet,0.9626120181766153
D04_S0_C022_T024,organelle,ER,mitochondria,1.3247702442754432
D04_S0_C022_T024,organelle,ER,Golgi,0.9935776832065824
D04_S0_C022_T024,organelle,mitochondria,lipid_droplet,0.9159899705156629
D04_S0_C023_T024,organelle,ER,mitochondria,0.9430565515901582
D04_S0_C023_T024,organelle,ER,Golgi,0.7072924136926186
D04_S0_C023_T024,organelle,mitochondria,lipid_droplet,0.6463724367002179
D04_S0_C024_T024,organelle,ER,mitochondria,1.2090637402710749
D04_S0_C024_T024,organelle,ER,Golgi,0.9067978052033061
D04_S0_C024_T024,organelle,mitochondria,lipid_droplet,0.8609850571490913
D04_S0_C025_T024,organelle,ER,mitochondria,0.6326293516017798
D04_S0_C025_T024,organelle,ER,Golgi,0.47447201370133485
D04_S0_C025_T024,organelle,mitochondria,lipid_droplet,0.48896931513576636
D04_S0_C026_T024,organelle,ER,mitochondria,1.2520165837771744
D04_S0_C026_T024,organelle,ER,Golgi,0.9390124378328808
D04_S0_C026_T024,organelle,mitochondria,lipid_droplet,0.884609121077446
D04_S0_C027_T024,organelle,ER,mitochondria,1.266187467295065
D04_S0_C027_T024,organelle,ER,Golgi,0.9496406004712987
D04_S0_C027_T024,organelle,mitochondria,lipid_droplet,0.8924031070122858
D04_S0_C028_T024,organelle,ER,mitochondria,1.5218933046837393
D04_S0_C028_T024,organelle,ER,Golgi,1.1414199785128045
D04_S0_C028_T024,organelle,mitochondria,lipid_droplet,1.0330413175760567
D04_S0_C029_T024,organelle,ER,mitochondria,1.3420979808886224
D04_S0_C029_T024,organelle,ER,Golgi,1.0065734856664668
D04_S0_C029_T024,organelle,mitochondria,lipid_droplet,0.930084792965876
D04_S0_C030_T024,organelle,ER,mitochondria,1.0708529692599615
D04_S0_C030_T024,organelle,ER,Golgi,0.8031397269449712
D04_S0_C030_T024,organelle,mitochondria,lipid_droplet,0.7590526421681059
D04_S0_C031_T024,organelle,ER,mitochondria,1.1827792860455095
D04_S0_C031_T024,organelle,ER,Golgi,0.8870844645341321
D04_S0_C031_T024,organelle,mitochondria,lipid_droplet,0.8030796051756248
D04_S0_C032_T024,organelle,ER,mitochondria,0.9363300527177296
D04_S0_C032_T024,organelle,ER,Golgi,0.7022475395382972
D04_S0_C032_T024,organelle,mitochondria,lipid_droplet,0.7054336082609446
D04_S0_C033_T024,organelle,ER,mitochondria,1.1463461413850982
D04_S0_C033_T024,organelle,ER,Golgi,0.8597596060388236
D04_S0_C033_T024,organelle,mitochondria,lipid_droplet,0.8239857076153129
D04_S0_C034_T024,organelle,ER,mitochondria,1.419245239210852
D04_S0_C034_T024,organelle,ER,Golgi,1.064433929408139
D04_S0_C034_T024,organelle,mitochondria,lipid_droplet,0.9765848815659688
D04_S0_C035_T024,organelle,ER,mitochondria,1.4660431124762507
D04_S0_C035_T024,organelle,ER,Golgi,1.0995323343571881
D04_S0_C035_T024,organelle,mitochondria,lipid_droplet,1.002323711861938
D04_S0_C000_T048,organelle,ER,mitochondria,1.6973445583585247
D04_S0_C000_T048,organelle,ER,Golgi,1.2730084187688935
D04_S0_C000_T048,organelle,mitochondria,lipid_droplet,1.1295395070971888
D04_S0_C001_T048,organelle,ER,mitochondria,1.8
D04_S0_C001_T048,organelle,ER,Golgi,1.35
D04_S0_C001_T048,organelle,mitochondria,lipid_droplet,1.1860000000000002
D04_S0_C002_T048,organelle,ER,mitochondria,1.8
D04_S0_C002_T048,organelle,ER,Golgi,1.35
D04_S0_C002_T048,organelle,mitochondria,lipid_droplet,1.1860000000000002
D04_S0_C003_T048,organelle,ER,mitochondria,1.8
D04_S0_C003_T048,organelle,ER,Golgi,1.35
D04_S0_C003_T048,organelle,mitochondria,lipid_droplet,1.1860000000000002
D04_S0_C004_T048,organelle,ER,mitochondria,1.8
D04_S0_C004_T048,organelle,ER,Golgi,1.35
D04_S0_C004_T048,organelle,mitochondria,lipid_droplet,1.1860000000000002
D04_S0_C005_T048,organelle,ER,mitochondria,1.8
D04_S0_C005_T048,organelle,ER,Golgi,1.35
D04_S0_C005_T048,organelle,mitochondria,lipid_droplet,1.1860000000000002
D04_S0_C006_T048,organelle,ER,mitochondria,1.8
D04_S0_C006_T048,organelle,ER,Golgi,1.35
D04_S0_C006_T048,organelle,mitochondria,lipid_droplet,1.1860000000000002
D04_S0_C007_T048,organelle,ER,mitochondria,1.8
D04_S0_C007_T048,organelle,ER,Golgi,1.35
D04_S0_C007_T048,organelle,mitochondria,lipid_droplet,1.1860000000000002
D04_S0_C008_T048,organelle,ER,mitochondria,1.8
D04_S0_C008_T048,organelle,ER,Golgi,1.35
D04_S0_C008_T048,organelle,mitochondria,lipid_droplet,1.1860000000000002
D04_S0_C009_T048,organelle,ER,mitochondria,1.8
D04_S0_C009_T048,organelle,ER,Golgi,1.35
D04_S0_C009_T048,organelle,mitochondria,lipid_droplet,1.1860000000000002
D04_S0_C010_T048,organelle,ER,mitochondria,1.7564517431059943
D04_S0_C010_T048,organelle,ER,Golgi,1.3173388073294956
D04_S0_C010_T048,organelle,mitochondria,lipid_droplet,1.1620484587082969
D04_S0_C011_T048,organelle,ER,mitochondria,1.677192939241969
D04_S0_C011_T048,organelle,ER,Golgi,1.2578947044314768
D04_S0_C011_T048,organelle,mitochondria,lipid_droplet,1.118456116583083
D04_S0_C012_T048,organelle,ER,mitochondria,1.8
D04_S0_C012_T048,organelle,ER,Golgi,1.35
D04_S0_C012_T048,organelle,mitochondria,lipid_droplet,1.1860000000000002
D04_S0_C013_T048,organelle,ER,mitochondria,1.609900561705886
D04_S0_C013_T048,organelle,ER,Golgi,1.2074254212794144
D04_S0_C013_T048,organelle,mitochondria,lipid_droplet,1.0814453089382374
D04_S0_C014_T048,organelle,ER,mitochondria,1.8
D04_S0_C014_T048,organelle,ER,Golgi,1.35
D04_S0_C014_T048,organelle,mitochondria,lipid_droplet,1.1860000000000002
D04_S0_C015_T048,organelle,ER,mitochondria,1.8
D04_S0_C015_T048,organelle,ER,Golgi,1.35
D04_S0_C015_T048,organelle,mitochondria,lipid_droplet,1.1860000000000002
D04_S0_C016_T048,organelle,ER,mitochondria,1.8
D04_S0_C016_T048,organelle,ER,Golgi,1.35
D04_S0_C016_T048,organelle,mitochondria,lipid_droplet,1.1860000000000002
D04_S0_C017_T048,organelle,ER,mitochondria,1.8
D04_S0_C017_T048,organelle,ER,Golgi,1.35
D04_S0_C017_T048,organelle,mitochondria,lipid_droplet,1.1860000000000002
D04_S0_C018_T048,organelle,ER,mitochondria,1.6144449869615058
D04_S0_C018_T048,organelle,ER,Golgi,1.2108337402211293
D04_S0_C018_T048,organelle,mitochondria,lipid_droplet,1.0839447428288282
D04_S0_C019_T048,organelle,ER,mitochondria,1.8
D04_S0_C019_T048,organelle,ER,Golgi,1.35
D04_S0_C019_T048,organelle,mitochondria,lipid_droplet,1.1860000000000002
D04_S0_C020_T048,organelle,ER,mitochondria,1.5612828100498348
D04_S0_C020_T048,organelle,ER,Golgi,1.1709621075373762
D04_S0_C020_T048,organelle,mitochondria,lipid_droplet,1.0547055455274092
D04_S0_C021_T048,organelle,ER,mitochondria,1.8
D04_S0_C021_T048,organelle,ER,Golgi,1.35
D04_S0_C021_T048,organelle,mitochondria,lipid_droplet,1.1860000000000002
D04_S0_C022_T048,organelle,ER,mitochondria,1.8
D04_S0_C022_T048,organelle,ER,Golgi,1.35
D04_S0_C022_T048,organelle,mitochondria,lipid_droplet,1.1860000000000002
D04_S0_C023_T048,organelle,ER,mitochondria,1.6820498017593037
D04_S0_C023_T048,organelle,ER,Golgi,1.2615373513194779
D04_S0_C023_T048,organelle,mitochondria,lipid_droplet,1.1211273909676172
D04_S0_C024_T048,organelle,ER,mitochondria,1.7594620579718891
D04_S0_C024_T048,organelle,ER,Golgi,1.3195965434789168
D04_S0_C024_T048,organelle,mitochondria,lipid_droplet,1.1637041318845391
D04_S0_C025_T048,organelle,ER,mitochondria,1.2932965170493562
D04_S0_C025_T048,organelle,ER,Golgi,0.9699723877870172
D04_S0_C025_T048,organelle,mitochondria,lipid_droplet,0.907313084377146
D04_S0_C026_T048,organelle,ER,mitochondria,1.798271379814132
D04_S0_C026_T048,organelle,ER,Golgi,1.3487035348605991
D04_S0_C026_T048,organelle,mitochondria,lipid_droplet,1.1850492588977728
D04_S0_C027_T048,organelle,ER,mitochondria,1.7905453187575675
D04_S0_C027_T048,organelle,ER,Golgi,1.3429089890681756
D04_S0_C027_T048,organelle,mitochondria,lipid_droplet,1.1807999253166621
D04_S0_C028_T048,organelle,ER,mitochondria,1.8
D04_S0_C028_T048,organelle,ER,Golgi,1.35
D04_S0_C028_T048,organelle,mitochondria,lipid_droplet,1.1860000000000002
D04_S0_C029_T048,organelle,ER,mitochondria,1.8
D04_S0_C029_T048,organelle,ER,Golgi,1.35
D04_S0_C029_T048,organelle,mitochondria,lipid_droplet,1.1860000000000002
D04_S0_C030_T048,organelle,ER,mitochondria,1.696430404968903
D04_S0_C030_T048,organelle,ER,Golgi,1.2723228037266772
D04_S0_C030_T048,organelle,mitochondria,lipid_droplet,1.1290367227328968
D04_S0_C031_T048,organelle,ER,mitochondria,1.8
D04_S0_C031_T048,organelle,ER,Golgi,1.35
D04_S0_C031_T048,organelle,mitochondria,lipid_droplet,1.1860000000000002
D04_S0_C032_T048,organelle,ER,mitochondria,1.478425458199015
D04_S0_C032_T048,organelle,ER,Golgi,1.1088190936492612
D04_S0_C032_T048,organelle,mitochondria,lipid_droplet,1.0091340020094584
D04_S0_C033_T048,organelle,ER,mitochondria,1.8
D04_S0_C033_T048,organelle,ER,Golgi,1.35
D04_S0_C033_T048,organelle,mitochondria,lipid_droplet,1.1860000000000002
D04_S0_C034_T048,organelle,ER,mitochondria,1.8
D04_S0_C034_T048,organelle,ER,Golgi,1.35
D04_S0_C034_T048,organelle,mitochondria,lipid_droplet,1.1860000000000002
D04_S0_C035_T048,organelle,ER,mitochondria,1.8
D04_S0_C035_T048,organelle,ER,Golgi,1.35
D04_S0_C035_T048,organelle,mitochondria,lipid_droplet,1.1860000000000002
D04_S1_C000_T000,organelle,ER,mitochondria,0.5045675118178018
D04_S1_C000_T000,organelle,ER,Golgi,0.3784256338633514
D04_S1_C000_T000,organelle,mitochondria,lipid_droplet,0.3688174801726294
D04_S1_C001_T000,organelle,ER,mitochondria,0.5657930610995855
D04_S1_C001_T000,organelle,ER,Golgi,0.4243447958246891
D04_S1_C001_T000,organelle,mitochondria,lipid_droplet,0.3349497198251949
D04_S1_C002_T000,organelle,ER,mitochondria,0.9107417976293541
D04_S1_C002_T000,organelle,ER,Golgi,0.6830563482220156
D04_S1_C002_T000,organelle,mitochondria,lipid_droplet,0.5833028469762628
D04_S1_C003_T000,organelle,ER,mitochondria,0.4550755456994984
D04_S1_C003_T000,organelle,ER,Golgi,0.3413066592746238
D04_S1_C003_T000,organelle,mitochondria,lipid_droplet,0.28698088134417155
D04_S1_C004_T000,organelle,ER,mitochondria,0.7045980628358597
D04_S1_C004_T000,organelle,ER,Golgi,0.5284485471268947
D04_S1_C004_T000,organelle,mitochondria,lipid_droplet,0.4349407841932819
D04_S1_C005_T000,organelle,ER,mitochondria,0.6586576833652334
D04_S1_C005_T000,organelle,ER,Golgi,0.49399326252392506
D04_S1_C005_T000,organelle,mitochondria,lipid_droplet,0.4192661675088365
D04_S1_C006_T000,organelle,ER,mitochondria,0.5360927835325404
D04_S1_C006_T000,organelle,ER,Golgi,0.4020695876494053
D04_S1_C006_T000,organelle,mitochondria,lipid_droplet,0.3676921170865552
D04_S1_C007_T000,organelle,ER,mitochondria,0.4898138087599233
D04_S1_C007_T000,organelle,ER,Golgi,0.3673603565699425
D04_S1_C007_T000,organelle,mitochondria,lipid_droplet,0.30794457640893164
D04_S1_C008_T000,organelle,ER,mitochondria,0.7766422221415236
D04_S1_C008_T000,organelle,ER,Golgi,0.5824816666061426
D04_S1_C008_T000,organelle,mitochondria,lipid_droplet,0.5194336475772229
D04_S1_C009_T000,organelle,ER,mitochondria,0.6529127703011606
D04_S1_C009_T000,organelle,ER,Golgi,0.48968457772587043
D04_S1_C009_T000,organelle,mitochondria,lipid_droplet,0.4330331430215095
D04_S1_C010_T000,organelle,ER,mitochondria,0.8349486278024566
D04_S1_C010_T000,organelle,ER,Golgi,0.6262114708518425
D04_S1_C010_T000,organelle,mitochondria,lipid_droplet,0.5245052445336175
D04_S1_C011_T000,organelle,ER,mitochondria,0.5934105740800512
D04_S1_C011_T000,organelle,ER,Golgi,0.4450579305600384
D04_S1_C011_T000,organelle,mitochondria,lipid_droplet,0.3804149445268973
D04_S1_C012_T000,organelle,ER,mitochondria,0.49925119640906934
D04_S1_C012_T000,organelle,ER,Golgi,0.374438397306802
D04_S1_C012_T000,organelle,mitochondria,lipid_droplet,0.284995263413073
D04_S1_C013_T000,organelle,ER,mitochondria,0.5437495292133362
D04_S1_C013_T000,organelle,ER,Golgi,0.4078121469100021
D04_S1_C013_T000,organelle,mitochondria,lipid_droplet,0.3771881068672403
D04_S1_C014_T000,organelle,ER,mitochondria,0.5667836995761215
D04_S1_C014_T000,organelle,ER,Golgi,0.42508777468209114
D04_S1_C014_T000,organelle,mitochondria,lipid_droplet,0.36558724248275226
D04_S1_C015_T000,organelle,ER,mitochondria,0.9082926841452962
D04_S1_C015_T000,organelle,ER,Golgi,0.6812195131089721
D04_S1_C015_T000,organelle,mitochondria,lipid_droplet,0.5497386834539455
D04_S1_C016_T000,organelle,ER,mitochondria,0.5097683669514463
D04_S1_C016_T000,organelle,ER,Golgi,0.38232627521358475
D04_S1_C016_T000,organelle,mitochondria,lipid_droplet,0.3670553776853181
D04_S1_C017_T000,organelle,ER,mitochondria,0.4137988943193454
D04_S1_C017_T000,organelle,ER,Golgi,0.3103491707395091
D04_S1_C017_T000,organelle,mitochondria,lipid_droplet,0.2928321098339382
D04_S1_C018_T000,organelle,ER,mitochondria,0.38387173286166326
D04_S1_C018_T000,organelle,ER,Golgi,0.28790379964624746
D04_S1_C018_T000,organelle,mitochondria,lipid_droplet,0.2517574140754868
D04_S1_C019_T000,organelle,ER,mitochondria,0.47504165025164163
D04_S1_C019_T000,organelle,ER,Golgi,0.3562812376887312
D04_S1_C019_T000,organelle,mitochondria,lipid_droplet,0.3296097125810148
D04_S1_C020_T000,organelle,ER,mitochondria,0.413696177866652
D04_S1_C020_T000,organelle,ER,Golgi,0.31027213339998905
D04_S1_C020_T000,organelle,mitochondria,lipid_droplet,0.2871422736923652
D04_S1_C021_T000,organelle,ER,mitochondria,0.3055130189637758
D04_S1_C021_T000,organelle,ER,Golgi,0.22913476422283185
D04_S1_C021_T000,organelle,mitochondria,lipid_droplet,0.24040894500107265
D04_S1_C022_T000,organelle,ER,mitochondria,0.27626055699370483
D04_S1_C022_T000,organelle,ER,Golgi,0.2071954177452786
D04_S1_C022_T000,organelle,mitochondria,lipid_droplet,0.1915707342652831
D04_S1_C023_T000,organelle,ER,mitochondria,0.8665039412452902
D04_S1_C023_T000,organelle,ER,Golgi,0.6498779559339676
D04_S1_C023_T000,organelle,mitochondria,lipid_droplet,0.585148439881596
D04_S1_C024_T000,organelle,ER,mitochondria,0.592386644274572
D04_S1_C024_T000,organelle,ER,Golgi,0.444289983205929
D04_S1_C024_T000,organelle,mitochondria,lipid_droplet,0.40690502027075587
D04_S1_C025_T000,organelle,ER,mitochondria,0.7545159276543401
D04_S1_C025_T000,organelle,ER,Golgi,0.565886945740755
D04_S1_C025_T000,organelle,mitochondria,lipid_droplet,0.491876156078131
D04_S1_C026_T000,organelle,ER,mitochondria,0.3443045886629856
D04_S1_C026_T000,organelle,ER,Golgi,0.25822844149723917
D04_S1_C026_T000,organelle,mitochondria,lipid_droplet,0.21699925550339635
D04_S1_C027_T000,organelle,ER,mitochondria,0.5200642801262332
D04_S1_C027_T000,organelle,ER,Golgi,0.3900482100946749
D04_S1_C027_T000,organelle,mitochondria,lipid_droplet,0.33341291021724784
D04_S1_C028_T000,organelle,ER,mitochondria,0.6273391793804186
D04_S1_C028_T000,organelle,ER,Golgi,0.47050438453531396
D04_S1_C028_T000,organelle,mitochondria,lipid_droplet,0.37750607207894366
D04_S1_C029_T000,organelle,ER,mitochondria,0.774645156352212
D04_S1_C029_T000,organelle,ER,Golgi,0.580983867264159
D04_S1_C029_T000,organelle,mitochondria,lipid_droplet,0.5090451152617543
D04_S1_C030_T000,organelle,ER,mitochondria,0.5762402455426681
D04_S1_C030_T000,organelle,ER,Golgi,0.43218018415700105
D04_S1_C030_T000,organelle,mitochondria,lipid_droplet,0.4109877656688144
D04_S1_C031_T000,organelle,ER,mitochondria,0.42363862464742774
D04_S1_C031_T000,organelle,ER,Golgi,0.3177289684855708
D04_S1_C031_T000,organelle,mitochondria,lipid_droplet,0.26979085764864874
D04_S1_C032_T000,organelle,ER,mitochondria,0.44554493696112707
D04_S1_C032_T000,organelle,ER,Golgi,0.3341587027208453
D04_S1_C032_T000,organelle,mitochondria,lipid_droplet,0.2901388419313831
D04_S1_C033_T000,organelle,ER,mitochondria,0.5610581689982082
D04_S1_C033_T000,organelle,ER,Golgi,0.4207936267486561
D04_S1_C033_T000,organelle,mitochondria,lipid_droplet,0.384412274448027
D04_S1_C034_T000,organelle,ER,mitochondria,0.45606827556823076
D04_S1_C034_T000,organelle,ER,Golgi,0.34205120667617306
D04_S1_C034_T000,organelle,mitochondria,lipid_droplet,0.30473029249036154
D04_S1_C035_T000,organelle,ER,mitochondria,0.5955814788270504
D04_S1_C035_T000,organelle,ER,Golgi,0.4466861091202878
D04_S1_C035_T000,organelle,mitochondria,lipid_droplet,0.3886488232223128
D04_S1_C000_T012,organelle,ER,mitochondria,0.7275204211153447
D04_S1_C000_T012,organelle,ER,Golgi,0.5456403158365085
D04_S1_C000_T012,organelle,mitochondria,lipid_droplet,0.5398178421312414
D04_S1_C001_T012,organelle,ER,mitochondria,0.7723350154442041
D04_S1_C001_T012,organelle,ER,Golgi,0.5792512615831531
D04_S1_C001_T012,organelle,mitochondria,lipid_droplet,0.4960214563426147
D04_S1_C002_T012,organelle,ER,mitochondria,1.1876413047940082
D04_S1_C002_T012,organelle,ER,Golgi,0.8907309785955062
D04_S1_C002_T012,organelle,mitochondria,lipid_droplet,0.7906348764503646
D04_S1_C003_T012,organelle,ER,mitochondria,0.5534589795789491
D04_S1_C003_T012,organelle,ER,Golgi,0.4150942346842118
D04_S1_C003_T012,organelle,mitochondria,lipid_droplet,0.3620011944896621
D04_S1_C004_T012,organelle,ER,mitochondria,0.8922923420401143
D04_S1_C004_T012,organelle,ER,Golgi,0.6692192565300857
D04_S1_C004_T012,organelle,mitochondria,lipid_droplet,0.5753818030231557
D04_S1_C005_T012,organelle,ER,mitochondria,0.9070592687766843
D04_S1_C005_T012,organelle,ER,Golgi,0.6802944515825132
D04_S1_C005_T012,organelle,mitochondria,lipid_droplet,0.6066077714155496
D04_S1_C006_T012,organelle,ER,mitochondria,0.6886224797282341
D04_S1_C006_T012,organelle,ER,Golgi,0.5164668597961756
D04_S1_C006_T012,organelle,mitochondria,lipid_droplet,0.48932511546790797
D04_S1_C007_T012,organelle,ER,mitochondria,0.6889974268746253
D04_S1_C007_T012,organelle,ER,Golgi,0.516748070155969
D04_S1_C007_T012,organelle,mitochondria,lipid_droplet,0.46044965671085514
D04_S1_C008_T012,organelle,ER,mitochondria,1.0486877148689424
D04_S1_C008_T012,organelle,ER,Golgi,0.7865157861517068
D04_S1_C008_T012,organelle,mitochondria,lipid_droplet,0.7285248248463746
D04_S1_C009_T012,organelle,ER,mitochondria,0.8792003365310933
D04_S1_C009_T012,organelle,ER,Golgi,0.65940025239832
D04_S1_C009_T012,organelle,mitochondria,lipid_droplet,0.6173765513794279
D04_S1_C010_T012,organelle,ER,mitochondria,1.083368024732998
D04_S1_C010_T012,organelle,ER,Golgi,0.8125260185497485
D04_S1_C010_T012,organelle,mitochondria,lipid_droplet,0.7121681237557388
D04_S1_C011_T012,organelle,ER,mitochondria,0.8616286118104355
D04_S1_C011_T012,organelle,ER,Golgi,0.6462214588578266
D04_S1_C011_T012,organelle,mitochondria,lipid_droplet,0.5702609332474645
D04_S1_C012_T012,organelle,ER,mitochondria,0.7005675949222396
D04_S1_C012_T012,organelle,ER,Golgi,0.5254256961916797
D04_S1_C012_T012,organelle,mitochondria,lipid_droplet,0.41960365901241176
D04_S1_C013_T012,organelle,ER,mitochondria,0.6990779062864316
D04_S1_C013_T012,organelle,ER,Golgi,0.5243084297148237
D04_S1_C013_T012,organelle,mitochondria,lipid_droplet,0.5032503769456844
D04_S1_C014_T012,organelle,ER,mitochondria,0.7436166078905843
D04_S1_C014_T012,organelle,ER,Golgi,0.5577124559179382
D04_S1_C014_T012,organelle,mitochondria,lipid_droplet,0.5159514145476491
D04_S1_C015_T012,organelle,ER,mitochondria,1.133620529762604
D04_S1_C015_T012,organelle,ER,Golgi,0.8502153973219531
D04_S1_C015_T012,organelle,mitochondria,lipid_droplet,0.7317291376356874
D04_S1_C016_T012,organelle,ER,mitochondria,0.7888612232427946
D04_S1_C016_T012,organelle,ER,Golgi,0.5916459174320959
D04_S1_C016_T012,organelle,mitochondria,lipid_droplet,0.5684986360146727
D04_S1_C017_T012,organelle,ER,mitochondria,0.6521691073766567
D04_S1_C017_T012,organelle,ER,Golgi,0.4891268305324925
D04_S1_C017_T012,organelle,mitochondria,lipid_droplet,0.4701488788874267
D04_S1_C018_T012,organelle,ER,mitochondria,0.5518884704745856
D04_S1_C018_T012,organelle,ER,Golgi,0.4139163528559392
D04_S1_C018_T012,organelle,mitochondria,lipid_droplet,0.3672547707947638
D04_S1_C019_T012,organelle,ER,mitochondria,0.641025988750928
D04_S1_C019_T012,organelle,ER,Golgi,0.480769491563196
D04_S1_C019_T012,organelle,mitochondria,lipid_droplet,0.452773867161168
D04_S1_C020_T012,organelle,ER,mitochondria,0.721222783867341
D04_S1_C020_T012,organelle,ER,Golgi,0.5409170879005057
D04_S1_C020_T012,organelle,mitochondria,lipid_droplet,0.4999396426611985
D04_S1_C021_T012,organelle,ER,mitochondria,0.45011805506350033
D04_S1_C021_T012,organelle,ER,Golgi,0.3375885412976253
D04_S1_C021_T012,organelle,mitochondria,lipid_droplet,0.3736342180934874
D04_S1_C022_T012,organelle,ER,mitochondria,0.4678180697963161
D04_S1_C022_T012,organelle,ER,Golgi,0.3508635523472371
D04_S1_C022_T012,organelle,mitochondria,lipid_droplet,0.31338329378259633
D04_S1_C023_T012,organelle,ER,mitochondria,1.0992541957329303
D04_S1_C023_T012,organelle,ER,Golgi,0.8244406467996976
D04_S1_C023_T012,organelle,mitochondria,lipid_droplet,0.7767225626895571
D04_S1_C024_T012,organelle,ER,mitochondria,0.7563625042248652
D04_S1_C024_T012,organelle,ER,Golgi,0.5672718781686489
D04_S1_C024_T012,organelle,mitochondria,lipid_droplet,0.5501858139382361
D04_S1_C025_T012,organelle,ER,mitochondria,1.0066822454727038
D04_S1_C025_T012,organelle,ER,Golgi,0.7550116841045278
D04_S1_C025_T012,organelle,mitochondria,lipid_droplet,0.6855458679440323
D04_S1_C026_T012,organelle,ER,mitochondria,0.5093526513129214
D04_S1_C026_T012,organelle,ER,Golgi,0.38201448848469105
D04_S1_C026_T012,organelle,mitochondria,lipid_droplet,0.34140681899093805
D04_S1_C027_T012,organelle,ER,mitochondria,0.7569207489056309
D04_S1_C027_T012,organelle,ER,Golgi,0.5676905616792232
D04_S1_C027_T012,organelle,mitochondria,lipid_droplet,0.48525745009187166
D04_S1_C028_T012,organelle,ER,mitochondria,0.7844540000913538
D04_S1_C028_T012,organelle,ER,Golgi,0.5883405000685153
D04_S1_C028_T012,organelle,mitochondria,lipid_droplet,0.48035733166356626
D04_S1_C029_T012,organelle,ER,mitochondria,0.9900294325419354
D04_S1_C029_T012,organelle,ER,Golgi,0.7425220744064516
D04_S1_C029_T012,organelle,mitochondria,lipid_droplet,0.6532421258179938
D04_S1_C030_T012,organelle,ER,mitochondria,0.7819102449992081
D04_S1_C030_T012,organelle,ER,Golgi,0.586432683749406
D04_S1_C030_T012,organelle,mitochondria,lipid_droplet,0.5707750542821991
D04_S1_C031_T012,organelle,ER,mitochondria,0.6047527920539398
D04_S1_C031_T012,organelle,ER,Golgi,0.4535645940404549
D04_S1_C031_T012,organelle,mitochondria,lipid_droplet,0.40315665516653254
D04_S1_C032_T012,organelle,ER,mitochondria,0.6322482248114942
D04_S1_C032_T012,organelle,ER,Golgi,0.4741861686086207
D04_S1_C032_T012,organelle,mitochondria,lipid_droplet,0.43067945257469753
D04_S1_C033_T012,organelle,ER,mitochondria,0.7515522230791009
D04_S1_C033_T012,organelle,ER,Golgi,0.5636641673093257
D04_S1_C033_T012,organelle,mitochondria,lipid_droplet,0.5361418457854491
D04_S1_C034_T012,organelle,ER,mitochondria,0.5952467626165927
D04_S1_C034_T012,organelle,ER,Golgi,0.44643507196244453
D04_S1_C034_T012,organelle,mitochondria,lipid_droplet,0.4082931494726265
D04_S1_C035_T012,organelle,ER,mitochondria,0.8179371788093384
D04_S1_C035_T012,organelle,ER,Golgi,0.6134528841070037
D04_S1_C035_T012,organelle,mitochondria,lipid_droplet,0.5408139125219794
D04_S1_C000_T024,organelle,ER,mitochondria,1.0728578777768916
D04_S1_C000_T024,organelle,ER,Golgi,0.8046434083326687
D04_S1_C000_T024,organelle,mitochondria,lipid_droplet,0.7860718327772904
D04_S1_C001_T024,organelle,ER,mitochondria,1.1316474018683684
D04_S1_C001_T024,organelle,ER,Golgi,0.8487355514012763
D04_S1_C001_T024,organelle,mitochondria,lipid_droplet,0.7836409498184395
D04_S1_C002_T024,organelle,ER,mitochondria,1.5939165146878636
D04_S1_C002_T024,organelle,ER,Golgi,1.1954373860158976
D04_S1_C002_T024,organelle,mitochondria,lipid_droplet,1.072654083078325
D04_S1_C003_T024,organelle,ER,mitochondria,0.8405991344234441
D04_S1_C003_T024,organelle,ER,Golgi,0.6304493508175831
D04_S1_C003_T024,organelle,mitochondria,lipid_droplet,0.5751872553775833
D04_S1_C004_T024,organelle,ER,mitochondria,1.2049202854357108
D04_S1_C004_T024,organelle,ER,Golgi,0.9036902140767831
D04_S1_C004_T024,organelle,mitochondria,lipid_droplet,0.8405418716023136
D04_S1_C005_T024,organelle,ER,mitochondria,1.3243890449857618
D04_S1_C005_T024,organelle,ER,Golgi,0.9932917837393214
D04_S1_C005_T024,organelle,mitochondria,lipid_droplet,0.9244139747421691
D04_S1_C006_T024,organelle,ER,mitochondria,0.991362659773324
D04_S1_C006_T024,organelle,ER,Golgi,0.743521994829993
D04_S1_C006_T024,organelle,mitochondria,lipid_droplet,0.7161556213055098
D04_S1_C007_T024,organelle,ER,mitochondria,0.9978210105175918
D04_S1_C007_T024,organelle,ER,Golgi,0.7483657578881938
D04_S1_C007_T024,organelle,mitochondria,lipid_droplet,0.7180843390310798
D04_S1_C008_T024,organelle,ER,mitochondria,1.3738832362808848
D04_S1_C008_T024,organelle,ER,Golgi,1.0304124272106636
D04_S1_C008_T024,organelle,mitochondria,lipid_droplet,0.9516357799544868
D04_S1_C009_T024,organelle,ER,mitochondria,1.2696539493584604
D04_S1_C009_T024,organelle,ER,Golgi,0.9522404620188454
D04_S1_C009_T024,organelle,mitochondria,lipid_droplet,0.8943096721471533
D04_S1_C010_T024,organelle,ER,mitochondria,1.4516393132988494
D04_S1_C010_T024,organelle,ER,Golgi,1.0887294849741371
D04_S1_C010_T024,organelle,mitochondria,lipid_droplet,0.9944016223143672
D04_S1_C011_T024,organelle,ER,mitochondria,1.2568134390020984
D04_S1_C011_T024,organelle,ER,Golgi,0.9426100792515738
D04_S1_C011_T024,organelle,mitochondria,lipid_droplet,0.8872473914511543
D04_S1_C012_T024,organelle,ER,mitochondria,1.0214547436576475
D04_S1_C012_T024,organelle,ER,Golgi,0.7660910577432356
D04_S1_C012_T024,organelle,mitochondria,lipid_droplet,0.6680801846841009
D04_S1_C013_T024,organelle,ER,mitochondria,1.117680450466457
D04_S1_C013_T024,organelle,ER,Golgi,0.8382603378498428
D04_S1_C013_T024,organelle,mitochondria,lipid_droplet,0.8107242477565515
D04_S1_C014_T024,organelle,ER,mitochondria,1.1970010662347401
D04_S1_C014_T024,organelle,ER,Golgi,0.8977507996760551
D04_S1_C014_T024,organelle,mitochondria,lipid_droplet,0.8543505864291072
D04_S1_C015_T024,organelle,ER,mitochondria,1.5073031982027636
D04_S1_C015_T024,organelle,ER,Golgi,1.1304773986520726
D04_S1_C015_T024,organelle,mitochondria,lipid_droplet,1.02501675901152
D04_S1_C016_T024,organelle,ER,mitochondria,1.167638389412205
D04_S1_C016_T024,organelle,ER,Golgi,0.8757287920591539
D04_S1_C016_T024,organelle,mitochondria,lipid_droplet,0.838201114176713
D04_S1_C017_T024,organelle,ER,mitochondria,1.0273124700762137
D04_S1_C017_T024,organelle,ER,Golgi,0.7704843525571603
D04_S1_C017_T024,organelle,mitochondria,lipid_droplet,0.7610218585419175
D04_S1_C018_T024,organelle,ER,mitochondria,0.8906154347685431
D04_S1_C018_T024,organelle,ER,Golgi,0.6679615760764073
D04_S1_C018_T024,organelle,mitochondria,lipid_droplet,0.6170450597192045
D04_S1_C019_T024,organelle,ER,mitochondria,0.9557391040853298
D04_S1_C019_T024,organelle,ER,Golgi,0.7168043280639973
D04_S1_C019_T024,organelle,mitochondria,lipid_droplet,0.7103195986796826
D04_S1_C020_T024,organelle,ER,mitochondria,1.0835186500689848
D04_S1_C020_T024,organelle,ER,Golgi,0.8126389875517386
D04_S1_C020_T024,organelle,mitochondria,lipid_droplet,0.7919352575379417
D04_S1_C021_T024,organelle,ER,mitochondria,0.8395490734691181
D04_S1_C021_T024,organelle,ER,Golgi,0.6296618051018386
D04_S1_C021_T024,organelle,mitochondria,lipid_droplet,0.657751990408015
D04_S1_C022_T024,organelle,ER,mitochondria,0.7507717932094865
D04_S1_C022_T024,organelle,ER,Golgi,0.5630788449071149
D04_S1_C022_T024,organelle,mitochondria,lipid_droplet,0.5326231768178062
D04_S1_C023_T024,organelle,ER,mitochondria,1.4610293198093969
D04_S1_C023_T024,organelle,ER,Golgi,1.0957719898570477
D04_S1_C023_T024,organelle,mitochondria,lipid_droplet,0.9995661258951682
D04_S1_C024_T024,organelle,ER,mitochondria,1.1005782107303763
D04_S1_C024_T024,organelle,ER,Golgi,0.8254336580477822
D04_S1_C024_T024,organelle,mitochondria,lipid_droplet,0.801318015901707
D04_S1_C025_T024,organelle,ER,mitochondria,1.3637844571234725
D04_S1_C025_T024,organelle,ER,Golgi,1.0228383428426044
D04_S1_C025_T024,organelle,mitochondria,lipid_droplet,0.9460814514179099
D04_S1_C026_T024,organelle,ER,mitochondria,0.8205731119429251
D04_S1_C026_T024,organelle,ER,Golgi,0.6154298339571939
D04_S1_C026_T024,organelle,mitochondria,lipid_droplet,0.5806009115727253
D04_S1_C027_T024,organelle,ER,mitochondria,1.095575537551791
D04_S1_C027_T024,organelle,ER,Golgi,0.8216816531638433
D04_S1_C027_T024,organelle,mitochondria,lipid_droplet,0.7527082461073755
D04_S1_C028_T024,organelle,ER,mitochondria,1.1576613724228306
D04_S1_C028_T024,organelle,ER,Golgi,0.868246029317123
D04_S1_C028_T024,organelle,mitochondria,lipid_droplet,0.7879679107665212
D04_S1_C029_T024,organelle,ER,mitochondria,1.3177742545552968
D04_S1_C029_T024,organelle,ER,Golgi,0.9883306909164726
D04_S1_C029_T024,organelle,mitochondria,lipid_droplet,0.9207758400054133
D04_S1_C030_T024,organelle,ER,mitochondria,1.1248742894818367
D04_S1_C030_T024,organelle,ER,Golgi,0.8436557171113774
D04_S1_C030_T024,organelle,mitochondria,lipid_droplet,0.8146808592150103
D04_S1_C031_T024,organelle,ER,mitochondria,0.8612610159378152
D04_S1_C031_T024,organelle,ER,Golgi,0.6459457619533614
D04_S1_C031_T024,organelle,mitochondria,lipid_droplet,0.6115797581756313
D04_S1_C032_T024,organelle,ER,mitochondria,0.9672664330213964
D04_S1_C032_T024,organelle,ER,Golgi,0.7254498247660472
D04_S1_C032_T024,organelle,mitochondria,lipid_droplet,0.7035814565914922
D04_S1_C033_T024,organelle,ER,mitochondria,1.1240568127018407
D04_S1_C033_T024,organelle,ER,Golgi,0.8430426095263805
D04_S1_C033_T024,organelle,mitochondria,lipid_droplet,0.8142312469860125
D04_S1_C034_T024,organelle,ER,mitochondria,0.8867084134095863
D04_S1_C034_T024,organelle,ER,Golgi,0.6650313100571897
D04_S1_C034_T024,organelle,mitochondria,lipid_droplet,0.6284111451993751
D04_S1_C035_T024,organelle,ER,mitochondria,1.0742609596153248
D04_S1_C035_T024,organelle,ER,Golgi,0.8056957197114936
D04_S1_C035_T024,organelle,mitochondria,lipid_droplet,0.7465562217823418
D04_S1_C000_T048,organelle,ER,mitochondria,1.6289707156115933
D04_S1_C000_T048,organelle,ER,Golgi,1.221728036708695
D04_S1_C000_T048,organelle,mitochondria,lipid_droplet,1.0919338935863765
D04_S1_C001_T048,organelle,ER,mitochondria,1.8
D04_S1_C001_T048,organelle,ER,Golgi,1.35
D04_S1_C001_T048,organelle,mitochondria,lipid_droplet,1.1860000000000002
D04_S1_C002_T048,organelle,ER,mitochondria,1.8
D04_S1_C002_T048,organelle,ER,Golgi,1.35
D04_S1_C002_T048,organelle,mitochondria,lipid_droplet,1.1860000000000002
D04_S1_C003_T048,organelle,ER,mitochondria,1.5103033658591072
D04_S1_C003_T048,organelle,ER,Golgi,1.1327275243943304
D04_S1_C003_T048,organelle,mitochondria,lipid_droplet,1.026666851222509
D04_S1_C004_T048,organelle,ER,mitochondria,1.77100653275296
D04_S1_C004_T048,organelle,ER,Golgi,1.32825489956472
D04_S1_C004_T048,organelle,mitochondria,lipid_droplet,1.170053593014128
D04_S1_C005_T048,organelle,ER,mitochondria,1.8
D04_S1_C005_T048,organelle,ER,Golgi,1.35
D04_S1_C005_T048,organelle,mitochondria,lipid_droplet,1.1860000000000002
D04_S1_C006_T048,organelle,ER,mitochondria,1.6064688860083698
D04_S1_C006_T048,organelle,ER,Golgi,1.2048516645062772
D04_S1_C006_T048,organelle,mitochondria,lipid_droplet,1.0795578873046034
D04_S1_C007_T048,organelle,ER,mitochondria,1.6409180000411034
D04_S1_C007_T048,organelle,ER,Golgi,1.2306885000308276
D04_S1_C007_T048,organelle,mitochondria,lipid_droplet,1.098504900022607
D04_S1_C008_T048,organelle,ER,mitochondria,1.8
D04_S1_C008_T048,organelle,ER,Golgi,1.35
D04_S1_C008_T048,organelle,mitochondria,lipid_droplet,1.1860000000000002
D04_S1_C009_T048,organelle,ER,mitochondria,1.8
D04_S1_C009_T048,organelle,ER,Golgi,1.35
D04_S1_C009_T048,organelle,mitochondria,lipid_droplet,1.1860000000000002
D04_S1_C010_T048,organelle,ER,mitochondria,1.8
D04_S1_C010_T048,organelle,ER,Golgi,1.35
D04_S1_C010_T048,organelle,mitochondria,lipid_droplet,1.1860000000000002
D04_S1_C011_T048,organelle,ER,mitochondria,1.8
D04_S1_C011_T048,organelle,ER,Golgi,1.35
D04_S1_C011_T048,organelle,mitochondria,lipid_droplet,1.1860000000000002
D04_S1_C012_T048,organelle,ER,mitochondria,1.7932307639084066
D04_S1_C012_T048,organelle,ER,Golgi,1.344923072931305
D04_S1_C012_T048,organelle,mitochondria,lipid_droplet,1.1822769201496237
D04_S1_C013_T048,organelle,ER,mitochondria,1.6908941826873858
D04_S1_C013_T048,organelle,ER,Golgi,1.2681706370155394
D04_S1_C013_T048,organelle,mitochondria,lipid_droplet,1.1259918004780622
D04_S1_C014_T048,organelle,ER,mitochondria,1.8
D04_S1_C014_T048,organelle,ER,Golgi,1.35
D04_S1_C014_T048,organelle,mitochondria,lipid_droplet,1.1860000000000002
D04_S1_C015_T048,organelle,ER,mitochondria,1.8
D04_S1_C015_T048,organelle,ER,Golgi,1.35
D04_S1_C015_T048,organelle,mitochondria,lipid_droplet,1.1860000000000002
D04_S1_C016_T048,organelle,ER,mitochondria,1.729424977603785
D04_S1_C016_T048,organelle,ER,Golgi,1.2970687332028388
D04_S1_C016_T048,organelle,mitochondria,lipid_droplet,1.147183737682082
D04_S1_C017_T048,organelle,ER,mitochondria,1.7171038632526396
D04_S1_C017_T048,organelle,ER,Golgi,1.2878278974394797
D04_S1_C017_T048,organelle,mitochondria,lipid_droplet,1.1404071247889518
D04_S1_C018_T048,organelle,ER,mitochondria,1.557489032390085
D04_S1_C018_T048,organelle,ER,Golgi,1.1681167742925638
D04_S1_C018_T048,organelle,mitochondria,lipid_droplet,1.0526189678145468
D04_S1_C019_T048,organelle,ER,mitochondria,1.6715640386689583
D04_S1_C019_T048,organelle,ER,Golgi,1.2536730290017188
D04_S1_C019_T048,organelle,mitochondria,lipid_droplet,1.1153602212679272
D04_S1_C020_T048,organelle,ER,mitochondria,1.7049824250359336
D04_S1_C020_T048,organelle,ER,Golgi,1.2787368187769501
D04_S1_C020_T048,organelle,mitochondria,lipid_droplet,1.1337403337697636
D04_S1_C021_T048,organelle,ER,mitochondria,1.4368220677746115
D04_S1_C021_T048,organelle,ER,Golgi,1.0776165508309585
D04_S1_C021_T048,organelle,mitochondria,lipid_droplet,0.9862521372760364
D04_S1_C022_T048,organelle,ER,mitochondria,1.4980888221167281
D04_S1_C022_T048,organelle,ER,Golgi,1.1235666165875462
D04_S1_C022_T048,organelle,mitochondria,lipid_droplet,1.0199488521642006
D04_S1_C023_T048,organelle,ER,mitochondria,1.8
D04_S1_C023_T048,organelle,ER,Golgi,1.35
D04_S1_C023_T048,organelle,mitochondria,lipid_droplet,1.1860000000000002
D04_S1_C024_T048,organelle,ER,mitochondria,1.6802708174447134
D04_S1_C024_T048,organelle,ER,Golgi,1.2602031130835352
D04_S1_C024_T048,organelle,mitochondria,lipid_droplet,1.1201489495945924
D04_S1_C025_T048,organelle,ER,mitochondria,1.8
D04_S1_C025_T048,organelle,ER,Golgi,1.35
D04_S1_C025_T048,organelle,mitochondria,lipid_droplet,1.1860000000000002
D04_S1_C026_T048,organelle,ER,mitochondria,1.3747927092200602
D04_S1_C026_T048,organelle,ER,Golgi,1.0310945319150453
D04_S1_C026_T048,organelle,mitochondria,lipid_droplet,0.9521359900710331
D04_S1_C027_T048,organelle,ER,mitochondria,1.7763258694463284
D04_S1_C027_T048,organelle,ER,Golgi,1.3322444020847464
D04_S1_C027_T048,organelle,mitochondria,lipid_droplet,1.1729792281954807
D04_S1_C028_T048,organelle,ER,mitochondria,1.8
D04_S1_C028_T048,organelle,ER,Golgi,1.35
D04_S1_C028_T048,organelle,mitochondria,lipid_droplet,1.1860000000000002
D04_S1_C029_T048,organelle,ER,mitochondria,1.8
D04_S1_C029_T048,organelle,ER,Golgi,1.35
D04_S1_C029_T048,organelle,mitochondria,lipid_droplet,1.1860000000000002
D04_S1_C030_T048,organelle,ER,mitochondria,1.7528306754976426
D04_S1_C030_T048,organelle,ER,Golgi,1.3146230066232318
D04_S1_C030_T048,organelle,mitochondria,lipid_droplet,1.1600568715237036
D04_S1_C031_T048,organelle,ER,mitochondria,1.466491807968445
D04_S1_C031_T048,organelle,ER,Golgi,1.0998688559763337
D04_S1_C031_T048,organelle,mitochondria,lipid_droplet,1.0025704943826448
D04_S1_C032_T048,organelle,ER,mitochondria,1.6946389186790207
D04_S1_C032_T048,organelle,ER,Golgi,1.2709791890092657
D04_S1_C032_T048,organelle,mitochondria,lipid_droplet,1.1280514052734614
D04_S1_C033_T048,organelle,ER,mitochondria,1.7394757093371767
D04_S1_C033_T048,organelle,ER,Golgi,1.3046067820028826
D04_S1_C033_T048,organelle,mitochondria,lipid_droplet,1.1527116401354471
D04_S1_C034_T048,organelle,ER,mitochondria,1.5618986907385926
D04_S1_C034_T048,organelle,ER,Golgi,1.1714240180539444
D04_S1_C034_T048,organelle,mitochondria,lipid_droplet,1.055044279906226
D04_S1_C035_T048,organelle,ER,mitochondria,1.7189363376912752
D04_S1_C035_T048,organelle,ER,Golgi,1.2892022532684564
D04_S1_C035_T048,organelle,mitochondria,lipid_droplet,1.1414149857302014
D05_S0_C000_T000,organelle,ER,mitochondria,0.7106704187301013
D05_S0_C000_T000,organelle,ER,Golgi,0.533002814047576
D05_S0_C000_T000,organelle,mitochondria,lipid_droplet,0.43043208822002443
D05_S0_C001_T000,organelle,ER,mitochondria,0.8717795543338382
D05_S0_C001_T000,organelle,ER,Golgi,0.6538346657503786
D05_S0_C001_T000,organelle,mitochondria,lipid_droplet,0.5984346871696322
D05_S0_C002_T000,organelle,ER,mitochondria,0.49758578909686674
D05_S0_C002_T000,organelle,ER,Golgi,0.37318934182265007
D05_S0_C002_T000,organelle,mitochondria,lipid_droplet,0.3578225139611755
D05_S0_C003_T000,organelle,ER,mitochondria,0.6972783734699675
D05_S0_C003_T000,organelle,ER,Golgi,0.5229587801024755
D05_S0_C003_T000,organelle,mitochondria,lipid_droplet,0.4958495151586117
D05_S0_C004_T000,organelle,ER,mitochondria,0.6676088717230324
D05_S0_C004_T000,organelle,ER,Golgi,0.5007066537922743
D05_S0_C004_T000,organelle,mitochondria,lipid_droplet,0.4015983605954543
D05_S0_C005_T000,organelle,ER,mitochondria,0.6036172842211825
D05_S0_C005_T000,organelle,ER,Golgi,0.45271296316588694
D05_S0_C005_T000,organelle,mitochondria,lipid_droplet,0.39315790563696107
D05_S0_C006_T000,organelle,ER,mitochondria,0.8935330119880905
D05_S0_C006_T000,organelle,ER,Golgi,0.6701497589910679
D05_S0_C006_T000,organelle,mitochondria,lipid_droplet,0.6089637918269177
D05_S0_C007_T000,organelle,ER,mitochondria,0.4763296089894879
D05_S0_C007_T000,organelle,ER,Golgi,0.3572472067421159
D05_S0_C007_T000,organelle,mitochondria,lipid_droplet,0.33775884068724843
D05_S0_C008_T000,organelle,ER,mitochondria,0.4766032017832075
D05_S0_C008_T000,organelle,ER,Golgi,0.35745240133740563
D05_S0_C008_T000,organelle,mitochondria,lipid_droplet,0.3415371027452734
D05_S0_C009_T000,organelle,ER,mitochondria,0.8978560179304542
D05_S0_C009_T000,organelle,ER,Golgi,0.6733920134478406
D05_S0_C009_T000,organelle,mitochondria,lipid_droplet,0.5743313016704651
D05_S0_C010_T000,organelle,ER,mitochondria,0.6682069062604313
D05_S0_C010_T000,organelle,ER,Golgi,0.5011551796953235
D05_S0_C010_T000,organelle,mitochondria,lipid_droplet,0.4118212301659638
D05_S0_C011_T000,organelle,ER,mitochondria,0.3648268742934593
D05_S0_C011_T000,organelle,ER,Golgi,0.27362015572009446
D05_S0_C011_T000,organelle,mitochondria,lipid_droplet,0.3018300683795527
D05_S0_C012_T000,organelle,ER,mitochondria,0.6754815787991414
D05_S0_C012_T000,organelle,ER,Golgi,0.506611184099356
D05_S0_C012_T000,organelle,mitochondria,lipid_droplet,0.4452674355299946
D05_S0_C013_T000,organelle,ER,mitochondria,0.6154791008292732
D05_S0_C013_T000,organelle,ER,Golgi,0.4616093256219549
D05_S0_C013_T000,organelle,mitochondria,lipid_droplet,0.4347632973661445
D05_S0_C014_T000,organelle,ER,mitochondria,0.44527638894575405
D05_S0_C014_T000,organelle,ER,Golgi,0.33395729170931554
D05_S0_C014_T000,organelle,mitochondria,lipid_droplet,0.30917661620128273
D05_S0_C015_T000,organelle,ER,mitochondria,1.0484129024036162
D05_S0_C015_T000,organelle,ER,Golgi,0.7863096768027121
D05_S0_C015_T000,organelle,mitochondria,lipid_droplet,0.6829569371163966
D05_S0_C016_T000,organelle,ER,mitochondria,0.5154430225589135
D05_S0_C016_T000,organelle,ER,Golgi,0.3865822669191851
D05_S0_C016_T000,organelle,mitochondria,lipid_droplet,0.3438122977425725
D05_S0_C017_T000,organelle,ER,mitochondria,0.34808813112698545
D05_S0_C017_T000,organelle,ER,Golgi,0.2610660983452391
D05_S0_C017_T000,organelle,mitochondria,lipid_droplet,0.2264606353496675
D05_S0_C018_T000,organelle,ER,mitochondria,0.3183798144010774
D05_S0_C018_T000,organelle,ER,Golgi,0.23878486080080802
D05_S0_C018_T000,organelle,mitochondria,lipid_droplet,0.2567952481430968
D05_S0_C019_T000,organelle,ER,mitochondria,0.8593260502575961
D05_S0_C019_T000,organelle,ER,Golgi,0.6444945376931971
D05_S0_C019_T000,organelle,mitochondria,lipid_droplet,0.5689672346406442
D05_S0_C020_T000,organelle,ER,mitochondria,0.4452641177982399
D05_S0_C020_T000,organelle,ER,Golgi,0.3339480883486799
D05_S0_C020_T000,organelle,mitochondria,lipid_droplet,0.3085509625612005
D05_S0_C021_T000,organelle,ER,mitochondria,0.5430538014392421
D05_S0_C021_T000,organelle,ER,Golgi,0.40729035107943157
D05_S0_C021_T000,organelle,mitochondria,lipid_droplet,0.3904365439516011
D05_S0_C022_T000,organelle,ER,mitochondria,0.5053558940251077
D05_S0_C022_T000,organelle,ER,Golgi,0.3790169205188308
D05_S0_C022_T000,organelle,mitochondria,lipid_droplet,0.3857144636827348
D05_S0_C023_T000,organelle,ER,mitochondria,0.5171632542063612
D05_S0_C023_T000,organelle,ER,Golgi,0.3878724406547709
D05_S0_C023_T000,organelle,mitochondria,lipid_droplet,0.37209903190656785
D05_S0_C024_T000,organelle,ER,mitochondria,0.6034134725179181
D05_S0_C024_T000,organelle,ER,Golgi,0.4525601043884386
D05_S0_C024_T000,organelle,mitochondria,lipid_droplet,0.39834968957468764
D05_S0_C025_T000,organelle,ER,mitochondria,0.28759046691757145
D05_S0_C025_T000,organelle,ER,Golgi,0.21569285018817858
D05_S0_C025_T000,organelle,mitochondria,lipid_droplet,0.23897020196971014
D05_S0_C026_T000,organelle,ER,mitochondria,0.7396224475452957
D05_S0_C026_T000,organelle,ER,Golgi,0.5547168356589718
D05_S0_C026_T000,organelle,mitochondria,lipid_droplet,0.5134105374672809
D05_S0_C027_T000,organelle,ER,mitochondria,0.743015855447204
D05_S0_C027_T000,organelle,ER,Golgi,0.5572618915854031
D05_S0_C027_T000,organelle,mitochondria,lipid_droplet,0.46800749142605
D05_S0_C028_T000,organelle,ER,mitochondria,0.5927534622516215
D05_S0_C028_T000,organelle,ER,Golgi,0.44456509668871613
D05_S0_C028_T000,organelle,mitochondria,lipid_droplet,0.4197504300407783
D05_S0_C029_T000,organelle,ER,mitochondria,0.4839980946454312
D05_S0_C029_T000,organelle,ER,Golgi,0.3629985709840734
D05_S0_C029_T000,organelle,mitochondria,lipid_droplet,0.31303184837953146
D05_S0_C030_T000,organelle,ER,mitochondria,0.6266102459376457
D05_S0_C030_T000,organelle,ER,Golgi,0.46995768445323427
D05_S0_C030_T000,organelle,mitochondria,lipid_droplet,0.4153839302271354
D05_S0_C031_T000,organelle,ER,mitochondria,0.656998516041768
D05_S0_C031_T000,organelle,ER,Golgi,0.49274888703132597
D05_S0_C031_T000,organelle,mitochondria,lipid_droplet,0.4590176679994846
D05_S0_C032_T000,organelle,ER,mitochondria,0.4911080481157301
D05_S0_C032_T000,organelle,ER,Golgi,0.36833103608679757
D05_S0_C032_T000,organelle,mitochondria,lipid_droplet,0.3598744150086337
D05_S0_C033_T000,organelle,ER,mitochondria,0.6475599586694306
D05_S0_C033_T000,organelle,ER,Golgi,0.48566996900207293
D05_S0_C033_T000,organelle,mitochondria,lipid_droplet,0.4685273244717927
D05_S0_C034_T000,organelle,ER,mitochondria,0.4951440965143239
D05_S0_C034_T000,organelle,ER,Golgi,0.3713580723857429
D05_S0_C034_T000,organelle,mitochondria,lipid_droplet,0.35364572274527506
D05_S0_C035_T000,organelle,ER,mitochondria,0.5359677770208939
D05_S0_C035_T000,organelle,ER,Golgi,0.40197583276567045
D05_S0_C035_T000,organelle,mitochondria,lipid_droplet,0.3559248342205892
D05_S0_C000_T012,organelle,ER,mitochondria,1.0175861483411777
D05_S0_C000_T012,organelle,ER,Golgi,0.7631896112558832
D05_S0_C000_T012,organelle,mitochondria,lipid_droplet,0.6512078177372174
D05_S0_C001_T012,organelle,ER,mitochondria,1.1820694335973563
D05_S0_C001_T012,organelle,ER,Golgi,0.8865520751980172
D05_S0_C001_T012,organelle,mitochondria,lipid_droplet,0.8309653357815391
D05_S0_C002_T012,organelle,ER,mitochondria,0.7598710939486011
D05_S0_C002_T012,organelle,ER,Golgi,0.5699033204614508
D05_S0_C002_T012,organelle,mitochondria,lipid_droplet,0.5325708419866778
D05_S0_C003_T012,organelle,ER,mitochondria,0.9080903268244555
D05_S0_C003_T012,organelle,ER,Golgi,0.6810677451183416
D05_S0_C003_T012,organelle,mitochondria,lipid_droplet,0.6844231922229783
D05_S0_C004_T012,organelle,ER,mitochondria,0.9313933456372647
D05_S0_C004_T012,organelle,ER,Golgi,0.6985450092279486
D05_S0_C004_T012,organelle,mitochondria,lipid_droplet,0.5916461884136556
D05_S0_C005_T012,organelle,ER,mitochondria,0.7672166513849287
D05_S0_C005_T012,organelle,ER,Golgi,0.5754124885386965
D05_S0_C005_T012,organelle,mitochondria,lipid_droplet,0.5279715199419401
D05_S0_C006_T012,organelle,ER,mitochondria,1.173514868314376
D05_S0_C006_T012,organelle,ER,Golgi,0.8801361512357819
D05_S0_C006_T012,organelle,mitochondria,lipid_droplet,0.8321234792056458
D05_S0_C007_T012,organelle,ER,mitochondria,0.724761305892317
D05_S0_C007_T012,organelle,ER,Golgi,0.5435709794192378
D05_S0_C007_T012,organelle,mitochondria,lipid_droplet,0.5185979715309713
D05_S0_C008_T012,organelle,ER,mitochondria,0.667343564609837
D05_S0_C008_T012,organelle,ER,Golgi,0.5005076734573778
D05_S0_C008_T012,organelle,mitochondria,lipid_droplet,0.49473199209407764
D05_S0_C009_T012,organelle,ER,mitochondria,1.1679568758198502
D05_S0_C009_T012,organelle,ER,Golgi,0.8759676568648876
D05_S0_C009_T012,organelle,mitochondria,lipid_droplet,0.7701192954856053
D05_S0_C010_T012,organelle,ER,mitochondria,0.8917633006345421
D05_S0_C010_T012,organelle,ER,Golgi,0.6688224754759066
D05_S0_C010_T012,organelle,mitochondria,lipid_droplet,0.5817727832156718
D05_S0_C011_T012,organelle,ER,mitochondria,0.5485784932794773
D05_S0_C011_T012,organelle,ER,Golgi,0.41143386995960796
D05_S0_C011_T012,organelle,mitochondria,lipid_droplet,0.4423516764120899
D05_S0_C012_T012,organelle,ER,mitochondria,0.8899547737476239
D05_S0_C012_T012,organelle,ER,Golgi,0.667466080310718
D05_S0_C012_T012,organelle,mitochondria,lipid_droplet,0.6132592038515089
D05_S0_C013_T012,organelle,ER,mitochondria,0.8616560799965518
D05_S0_C013_T012,organelle,ER,Golgi,0.6462420599974139
D05_S0_C013_T012,organelle,mitochondria,lipid_droplet,0.6209862772007974
D05_S0_C014_T012,organelle,ER,mitochondria,0.6645439497961987
D05_S0_C014_T012,organelle,ER,Golgi,0.498407962347149
D05_S0_C014_T012,organelle,mitochondria,lipid_droplet,0.4810946605312794
D05_S0_C015_T012,organelle,ER,mitochondria,1.308282406574733
D05_S0_C015_T012,organelle,ER,Golgi,0.9812118049310496
D05_S0_C015_T012,organelle,mitochondria,lipid_droplet,0.8994086175676795
D05_S0_C016_T012,organelle,ER,mitochondria,0.7500112750386152
D05_S0_C016_T012,organelle,ER,Golgi,0.5625084562789614
D05_S0_C016_T012,organelle,mitochondria,lipid_droplet,0.5071012928448324
D05_S0_C017_T012,organelle,ER,mitochondria,0.4836954544460086
D05_S0_C017_T012,organelle,ER,Golgi,0.36277159083450644
D05_S0_C017_T012,organelle,mitochondria,lipid_droplet,0.33256828296536595
D05_S0_C018_T012,organelle,ER,mitochondria,0.5644217035369641
D05_S0_C018_T012,organelle,ER,Golgi,0.42331627765272306
D05_S0_C018_T012,organelle,mitochondria,lipid_droplet,0.46696692708735515
D05_S0_C019_T012,organelle,ER,mitochondria,1.0374848906679026
D05_S0_C019_T012,organelle,ER,Golgi,0.778113668000927
D05_S0_C019_T012,organelle,mitochondria,lipid_droplet,0.7283898872708423
D05_S0_C020_T012,organelle,ER,mitochondria,0.6731208844167452
D05_S0_C020_T012,organelle,ER,Golgi,0.504840663312559
D05_S0_C020_T012,organelle,mitochondria,lipid_droplet,0.47339395522647415
D05_S0_C021_T012,organelle,ER,mitochondria,0.8316026105303593
D05_S0_C021_T012,organelle,ER,Golgi,0.6237019578977695
D05_S0_C021_T012,organelle,mitochondria,lipid_droplet,0.606260585722873
D05_S0_C022_T012,organelle,ER,mitochondria,0.7641005741992976
D05_S0_C022_T012,organelle,ER,Golgi,0.5730754306494732
D05_S0_C022_T012,organelle,mitochondria,lipid_droplet,0.5965900093030262
D05_S0_C023_T012,organelle,ER,mitochondria,0.758546950526579
D05_S0_C023_T012,organelle,ER,Golgi,0.5689102128949342
D05_S0_C023_T012,organelle,mitochondria,lipid_droplet,0.5584021400761348
D05_S0_C024_T012,organelle,ER,mitochondria,0.7994790048028806
D05_S0_C024_T012,organelle,ER,Golgi,0.5996092536021604
D05_S0_C024_T012,organelle,mitochondria,lipid_droplet,0.5744960629564609
D05_S0_C025_T012,organelle,ER,mitochondria,0.4035917584696219
D05_S0_C025_T012,organelle,ER,Golgi,0.30269381885221647
D05_S0_C025_T012,organelle,mitochondria,lipid_droplet,0.3290960585539442
D05_S0_C026_T012,organelle,ER,mitochondria,1.0002485828047079
D05_S0_C026_T012,organelle,ER,Golgi,0.750186437103531
D05_S0_C026_T012,organelle,mitochondria,lipid_droplet,0.717639077182607
D05_S0_C027_T012,organelle,ER,mitochondria,0.9409995331442852
D05_S0_C027_T012,organelle,ER,Golgi,0.7057496498582139
D05_S0_C027_T012,organelle,mitochondria,lipid_droplet,0.6228001614444949
D05_S0_C028_T012,organelle,ER,mitochondria,0.9191313623438588
D05_S0_C028_T012,organelle,ER,Golgi,0.6893485217578941
D05_S0_C028_T012,organelle,mitochondria,lipid_droplet,0.6536300571135119
D05_S0_C029_T012,organelle,ER,mitochondria,0.6763490646787147
D05_S0_C029_T012,organelle,ER,Golgi,0.507261798509036
D05_S0_C029_T012,organelle,mitochondria,lipid_droplet,0.4633651508823865
D05_S0_C030_T012,organelle,ER,mitochondria,0.8729613581080172
D05_S0_C030_T012,organelle,ER,Golgi,0.654721018581013
D05_S0_C030_T012,organelle,mitochondria,lipid_droplet,0.596383386195517
D05_S0_C031_T012,organelle,ER,mitochondria,0.8669367490147821
D05_S0_C031_T012,organelle,ER,Golgi,0.6502025617610866
D05_S0_C031_T012,organelle,mitochondria,lipid_droplet,0.6436931161799436
D05_S0_C032_T012,organelle,ER,mitochondria,0.6922457192276373
D05_S0_C032_T012,organelle,ER,Golgi,0.519184289420728
D05_S0_C032_T012,organelle,mitochondria,lipid_droplet,0.5196765695041113
D05_S0_C033_T012,organelle,ER,mitochondria,0.8854313777607586
D05_S0_C033_T012,organelle,ER,Golgi,0.664073533320569
D05_S0_C033_T012,organelle,mitochondria,lipid_droplet,0.6829114171337636
D05_S0_C034_T012,organelle,ER,mitochondria,0.694540161292372
D05_S0_C034_T012,organelle,ER,Golgi,0.520905120969279
D05_S0_C034_T012,organelle,mitochondria,lipid_droplet,0.5204588704989511
D05_S0_C035_T012,organelle,ER,mitochondria,0.7907887410460057
D05_S0_C035_T012,organelle,ER,Golgi,0.5930915557845042
D05_S0_C035_T012,organelle,mitochondria,lipid_droplet,0.5653305612224403
D05_S0_C000_T024,organelle,ER,mitochondria,1.4259503212875884
D05_S0_C000_T024,organelle,ER,Golgi,1.0694627409656912
D05_S0_C000_T024,organelle,mitochondria,lipid_droplet,0.9802726767081738
D05_S0_C001_T024,organelle,ER,mitochondria,1.5248114322598694
D05_S0_C001_T024,organelle,ER,Golgi,1.143608574194902
D05_S0_C001_T024,organelle,mitochondria,lipid_droplet,1.0346462877429283
D05_S0_C002_T024,organelle,ER,mitochondria,1.037575814047148
D05_S0_C002_T024,organelle,ER,Golgi,0.778181860535361
D05_S0_C002_T024,organelle,mitochondria,lipid_droplet,0.7666666977259315
D05_S0_C003_T024,organelle,ER,mitochondria,1.1630147960075288
D05_S0_C003_T024,organelle,ER,Golgi,0.8722610970056466
D05_S0_C003_T024,organelle,mitochondria,lipid_droplet,0.8356581378041408
D05_S0_C004_T024,organelle,ER,mitochondria,1.3207043886569703
D05_S0_C004_T024,organelle,ER,Golgi,0.9905282914927277
D05_S0_C004_T024,organelle,mitochondria,lipid_droplet,0.9107103942954687
D05_S0_C005_T024,organelle,ER,mitochondria,1.164889298668532
D05_S0_C005_T024,organelle,ER,Golgi,0.8736669740013989
D05_S0_C005_T024,organelle,mitochondria,lipid_droplet,0.8366891142676927
D05_S0_C006_T024,organelle,ER,mitochondria,1.5861950294654596
D05_S0_C006_T024,organelle,ER,Golgi,1.1896462720990948
D05_S0_C006_T024,organelle,mitochondria,lipid_droplet,1.068407266206003
D05_S0_C007_T024,organelle,ER,mitochondria,1.016953803038116
D05_S0_C007_T024,organelle,ER,Golgi,0.762715352278587
D05_S0_C007_T024,organelle,mitochondria,lipid_droplet,0.7553245916709639
D05_S0_C008_T024,organelle,ER,mitochondria,0.9592851689659277
D05_S0_C008_T024,organelle,ER,Golgi,0.7194638767244458
D05_S0_C008_T024,organelle,mitochondria,lipid_droplet,0.7236068429312603
D05_S0_C009_T024,organelle,ER,mitochondria,1.5238344175774785
D05_S0_C009_T024,organelle,ER,Golgi,1.142875813183109
D05_S0_C009_T024,organelle,mitochondria,lipid_droplet,1.0341089296676134
D05_S0_C010_T024,organelle,ER,mitochondria,1.2631048500174125
D05_S0_C010_T024,organelle,ER,Golgi,0.9473286375130594
D05_S0_C010_T024,organelle,mitochondria,lipid_droplet,0.8907076675095769
D05_S0_C011_T024,organelle,ER,mitochondria,0.9249388744564144
D05_S0_C011_T024,organelle,ER,Golgi,0.6937041558423108
D05_S0_C011_T024,organelle,mitochondria,lipid_droplet,0.704716380951028
D05_S0_C012_T024,organelle,ER,mitochondria,1.1952498326389727
D05_S0_C012_T024,organelle,ER,Golgi,0.8964373744792296
D05_S0_C012_T024,organelle,mitochondria,lipid_droplet,0.853387407951435
D05_S0_C013_T024,organelle,ER,mitochondria,1.2492560839322577
D05_S0_C013_T024,organelle,ER,Golgi,0.9369420629491934
D05_S0_C013_T024,organelle,mitochondria,lipid_droplet,0.8830908461627418
D05_S0_C014_T024,organelle,ER,mitochondria,0.9914259612740268
D05_S0_C014_T024,organelle,ER,Golgi,0.7435694709555201
D05_S0_C014_T024,organelle,mitochondria,lipid_droplet,0.7412842787007148
D05_S0_C015_T024,organelle,ER,mitochondria,1.6676004071235453
D05_S0_C015_T024,organelle,ER,Golgi,1.2507003053426589
D05_S0_C015_T024,organelle,mitochondria,lipid_droplet,1.11318022391795
D05_S0_C016_T024,organelle,ER,mitochondria,1.174051173074055
D05_S0_C016_T024,organelle,ER,Golgi,0.8805383798055413
D05_S0_C016_T024,organelle,mitochondria,lipid_droplet,0.8393282473437488
D05_S0_C017_T024,organelle,ER,mitochondria,0.7987619384653669
D05_S0_C017_T024,organelle,ER,Golgi,0.5990714538490252
D05_S0_C017_T024,organelle,mitochondria,lipid_droplet,0.5832199824795223
D05_S0_C018_T024,organelle,ER,mitochondria,0.9837953001721819
D05_S0_C018_T024,organelle,ER,Golgi,0.7378464751291364
D05_S0_C018_T024,organelle,mitochondria,lipid_droplet,0.7370874150947
D05_S0_C019_T024,organelle,ER,mitochondria,1.3991751408123778
D05_S0_C019_T024,organelle,ER,Golgi,1.0493813556092833
D05_S0_C019_T024,organelle,mitochondria,lipid_droplet,0.9655463274468079
D05_S0_C020_T024,organelle,ER,mitochondria,1.0299967470615121
D05_S0_C020_T024,organelle,ER,Golgi,0.7724975602961341
D05_S0_C020_T024,organelle,mitochondria,lipid_droplet,0.7624982108838316
D05_S0_C021_T024,organelle,ER,mitochondria,1.2434439062939608
D05_S0_C021_T024,organelle,ER,Golgi,0.9325829297204706
D05_S0_C021_T024,organelle,mitochondria,lipid_droplet,0.8798941484616785
D05_S0_C022_T024,organelle,ER,mitochondria,1.1121339812423017
D05_S0_C022_T024,organelle,ER,Golgi,0.8341004859317263
D05_S0_C022_T024,organelle,mitochondria,lipid_droplet,0.8076736896832659
D05_S0_C023_T024,organelle,ER,mitochondria,1.0821971924805585
D05_S0_C023_T024,organelle,ER,Golgi,0.8116478943604188
D05_S0_C023_T024,organelle,mitochondria,lipid_droplet,0.7912084558643071
D05_S0_C024_T024,organelle,ER,mitochondria,1.2042558735799713
D05_S0_C024_T024,organelle,ER,Golgi,0.9031919051849785
D05_S0_C024_T024,organelle,mitochondria,lipid_droplet,0.8583407304689843
D05_S0_C025_T024,organelle,ER,mitochondria,0.690592711688773
D05_S0_C025_T024,organelle,ER,Golgi,0.5179445337665798
D05_S0_C025_T024,organelle,mitochondria,lipid_droplet,0.5430980056579708
D05_S0_C026_T024,organelle,ER,mitochondria,1.3578448434422685
D05_S0_C026_T024,organelle,ER,Golgi,1.0183836325817013
D05_S0_C026_T024,organelle,mitochondria,lipid_droplet,0.9428146638932478
D05_S0_C027_T024,organelle,ER,mitochondria,1.3386999635773733
D05_S0_C027_T024,organelle,ER,Golgi,1.00402497268303
D05_S0_C027_T024,organelle,mitochondria,lipid_droplet,0.9322849799675554
D05_S0_C028_T024,organelle,ER,mitochondria,1.3086829446563053
D05_S0_C028_T024,organelle,ER,Golgi,0.981512208492229
D05_S0_C028_T024,organelle,mitochondria,lipid_droplet,0.9157756195609681
D05_S0_C029_T024,organelle,ER,mitochondria,1.1494614328796746
D05_S0_C029_T024,organelle,ER,Golgi,0.8620960746597559
D05_S0_C029_T024,organelle,mitochondria,lipid_droplet,0.8262155535422925
D05_S0_C030_T024,organelle,ER,mitochondria,1.2328523269360656
D05_S0_C030_T024,organelle,ER,Golgi,0.9246392452020492
D05_S0_C030_T024,organelle,mitochondria,lipid_droplet,0.8740687798148361
D05_S0_C031_T024,organelle,ER,mitochondria,1.2642942840752627
D05_S0_C031_T024,organelle,ER,Golgi,0.9482207130564471
D05_S0_C031_T024,organelle,mitochondria,lipid_droplet,0.8913618562413945
D05_S0_C032_T024,organelle,ER,mitochondria,1.1081025338981358
D05_S0_C032_T024,organelle,ER,Golgi,0.8310769004236018
D05_S0_C032_T024,organelle,mitochondria,lipid_droplet,0.8054563936439747
D05_S0_C033_T024,organelle,ER,mitochondria,1.3176580107191262
D05_S0_C033_T024,organelle,ER,Golgi,0.9882435080393447
D05_S0_C033_T024,organelle,mitochondria,lipid_droplet,0.9207119058955195
D05_S0_C034_T024,organelle,ER,mitochondria,1.0543907493729083
D05_S0_C034_T024,organelle,ER,Golgi,0.7907930620296812
D05_S0_C034_T024,organelle,mitochondria,lipid_droplet,0.7759149121550997
D05_S0_C035_T024,organelle,ER,mitochondria,1.2151076707429183
D05_S0_C035_T024,organelle,ER,Golgi,0.9113307530571887
D05_S0_C035_T024,organelle,mitochondria,lipid_droplet,0.864309218908605
D05_S0_C000_T048,organelle,ER,mitochondria,1.8
D05_S0_C000_T048,organelle,ER,Golgi,1.35
D05_S0_C000_T048,organelle,mitochondria,lipid_droplet,1.1860000000000002
D05_S0_C001_T048,organelle,ER,mitochondria,1.8
D05_S0_C001_T048,organelle,ER,Golgi,1.35
D05_S0_C001_T048,organelle,mitochondria,lipid_droplet,1.1860000000000002
D05_S0_C002_T048,organelle,ER,mitochondria,1.5959427595764046
D05_S0_C002_T048,organelle,ER,Golgi,1.1969570696823035
D05_S0_C002_T048,organelle,mitochondria,lipid_droplet,1.0737685177670226
D05_S0_C003_T048,organelle,ER,mitochondria,1.6369603252957976
D05_S0_C003_T048,organelle,ER,Golgi,1.2277202439718482
D05_S0_C003_T048,organelle,mitochondria,lipid_droplet,1.0963281789126889
D05_S0_C004_T048,organelle,ER,mitochondria,1.8
D05_S0_C004_T048,organelle,ER,Golgi,1.35
D05_S0_C004_T048,organelle,mitochondria,lipid_droplet,1.1860000000000002
D05_S0_C005_T048,organelle,ER,mitochondria,1.710961782008826
D05_S0_C005_T048,organelle,ER,Golgi,1.2832213365066196
D05_S0_C005_T048,organelle,mitochondria,lipid_droplet,1.1370289801048545
D05_S0_C006_T048,organelle,ER,mitochondria,1.8
D05_S0_C006_T048,organelle,ER,Golgi,1.35
D05_S0_C006_T048,organelle,mitochondria,lipid_droplet,1.1860000000000002
D05_S0_C007_T048,organelle,ER,mitochondria,1.4856480372365144
D05_S0_C007_T048,organelle,ER,Golgi,1.1142360279273857
D05_S0_C007_T048,organelle,mitochondria,lipid_droplet,1.013106420480083
D05_S0_C008_T048,organelle,ER,mitochondria,1.388843941718705
D05_S0_C008_T048,organelle,ER,Golgi,1.0416329562890287
D05_S0_C008_T048,organelle,mitochondria,lipid_droplet,0.959864167945288
D05_S0_C009_T048,organelle,ER,mitochondria,1.8
D05_S0_C009_T048,organelle,ER,Golgi,1.35
D05_S0_C009_T048,organelle,mitochondria,lipid_droplet,1.1860000000000002
D05_S0_C010_T048,organelle,ER,mitochondria,1.7997173933557966
D05_S0_C010_T048,organelle,ER,Golgi,1.3497880450168473
D05_S0_C010_T048,organelle,mitochondria,lipid_droplet,1.1858445663456882
D05_S0_C011_T048,organelle,ER,mitochondria,1.326893794590602
D05_S0_C011_T048,organelle,ER,Golgi,0.9951703459429515
D05_S0_C011_T048,organelle,mitochondria,lipid_droplet,0.9257915870248312
D05_S0_C012_T048,organelle,ER,mitochondria,1.7199628752393052
D05_S0_C012_T048,organelle,ER,Golgi,1.2899721564294788
D05_S0_C012_T048,organelle,mitochondria,lipid_droplet,1.141979581381618
D05_S0_C013_T048,organelle,ER,mitochondria,1.7467154476081903
D05_S0_C013_T048,organelle,ER,Golgi,1.3100365857061427
D05_S0_C013_T048,organelle,mitochondria,lipid_droplet,1.1566934961845048
D05_S0_C014_T048,organelle,ER,mitochondria,1.5754183265312667
D05_S0_C014_T048,organelle,ER,Golgi,1.18156374489845
D05_S0_C014_T048,organelle,mitochondria,lipid_droplet,1.0624800795921967
D05_S0_C015_T048,organelle,ER,mitochondria,1.8
D05_S0_C015_T048,organelle,ER,Golgi,1.35
D05_S0_C015_T048,organelle,mitochondria,lipid_droplet,1.1860000000000002
D05_S0_C016_T048,organelle,ER,mitochondria,1.6505745479369702
D05_S0_C016_T048,organelle,ER,Golgi,1.2379309109527277
D05_S0_C016_T048,organelle,mitochondria,lipid_droplet,1.1038160013653338
D05_S0_C017_T048,organelle,ER,mitochondria,1.3897931502986742
D05_S0_C017_T048,organelle,ER,Golgi,1.0423448627240057
D05_S0_C017_T048,organelle,mitochondria,lipid_droplet,0.9603862326642709
D05_S0_C018_T048,organelle,ER,mitochondria,1.4330620455636247
D05_S0_C018_T048,organelle,ER,Golgi,1.0747965341727186
D05_S0_C018_T048,organelle,mitochondria,lipid_droplet,0.9841841250599936
D05_S0_C019_T048,organelle,ER,mitochondria,1.8
D05_S0_C019_T048,organelle,ER,Golgi,1.35
D05_S0_C019_T048,organelle,mitochondria,lipid_droplet,1.1860000000000002
D05_S0_C020_T048,organelle,ER,mitochondria,1.5269175004885442
D05_S0_C020_T048,organelle,ER,Golgi,1.1451881253664082
D05_S0_C020_T048,organelle,mitochondria,lipid_droplet,1.0358046252686994
D05_S0_C021_T048,organelle,ER,mitochondria,1.7257678279381299
D05_S0_C021_T048,organelle,ER,Golgi,1.2943258709535974
D05_S0_C021_T048,organelle,mitochondria,lipid_droplet,1.1451723053659715
D05_S0_C022_T048,organelle,ER,mitochondria,1.561682735152258
D05_S0_C022_T048,organelle,ER,Golgi,1.1712620513641934
D05_S0_C022_T048,organelle,mitochondria,lipid_droplet,1.054925504333742
D05_S0_C023_T048,organelle,ER,mitochondria,1.5863426139327137
D05_S0_C023_T048,organelle,ER,Golgi,1.1897569604495353
D05_S0_C023_T048,organelle,mitochondria,lipid_droplet,1.0684884376629926
D05_S0_C024_T048,organelle,ER,mitochondria,1.7352718445082695
D05_S0_C024_T048,organelle,ER,Golgi,1.3014538833812022
D05_S0_C024_T048,organelle,mitochondria,lipid_droplet,1.1503995144795482
D05_S0_C025_T048,organelle,ER,mitochondria,1.2327575461366371
D05_S0_C025_T048,organelle,ER,Golgi,0.9245681596024778
D05_S0_C025_T048,organelle,mitochondria,lipid_droplet,0.8740166503751505
D05_S0_C026_T048,organelle,ER,mitochondria,1.8
D05_S0_C026_T048,organelle,ER,Golgi,1.35
D05_S0_C026_T048,organelle,mitochondria,lipid_droplet,1.1860000000000002
D05_S0_C027_T048,organelle,ER,mitochondria,1.8
D05_S0_C027_T048,organelle,ER,Golgi,1.35
D05_S0_C027_T048,organelle,mitochondria,lipid_droplet,1.1860000000000002
D05_S0_C028_T048,organelle,ER,mitochondria,1.8
D05_S0_C028_T048,organelle,ER,Golgi,1.35
D05_S0_C028_T048,organelle,mitochondria,lipid_droplet,1.1860000000000002
D05_S0_C029_T048,organelle,ER,mitochondria,1.5908685274018237
D05_S0_C029_T048,organelle,ER,Golgi,1.1931513955513677
D05_S0_C029_T048,organelle,mitochondria,lipid_droplet,1.070977690071003
D05_S0_C030_T048,organelle,ER,mitochondria,1.6881283429321323
D05_S0_C030_T048,organelle,ER,Golgi,1.2660962571990992
D05_S0_C030_T048,organelle,mitochondria,lipid_droplet,1.124470588612673
D05_S0_C031_T048,organelle,ER,mitochondria,1.6246612484286025
D05_S0_C031_T048,organelle,ER,Golgi,1.2184959363214518
D05_S0_C031_T048,organelle,mitochondria,lipid_droplet,1.0895636866357314
D05_S0_C032_T048,organelle,ER,mitochondria,1.5765599382891462
D05_S0_C032_T048,organelle,ER,Golgi,1.1824199537168596
D05_S0_C032_T048,organelle,mitochondria,lipid_droplet,1.0631079660590306
D05_S0_C033_T048,organelle,ER,mitochondria,1.6725465808024502
D05_S0_C033_T048,organelle,ER,Golgi,1.2544099356018377
D05_S0_C033_T048,organelle,mitochondria,lipid_droplet,1.1159006194413477
D05_S0_C034_T048,organelle,ER,mitochondria,1.4788298169436167
D05_S0_C034_T048,organelle,ER,Golgi,1.1091223627077125
D05_S0_C034_T048,organelle,mitochondria,lipid_droplet,1.0093563993189894
D05_S0_C035_T048,organelle,ER,mitochondria,1.662445869135122
D05_S0_C035_T048,organelle,ER,Golgi,1.2468344018513415
D05_S0_C035_T048,organelle,mitochondria,lipid_droplet,1.1103452280243171
D05_S1_C000_T000,organelle,ER,mitochondria,0.4832220975607176
D05_S1_C000_T000,organelle,ER,Golgi,0.3624165731705382
D05_S1_C000_T000,organelle,mitochondria,lipid_droplet,0.3141871244472859
D05_S1_C001_T000,organelle,ER,mitochondria,0.8844200409620716
D05_S1_C001_T000,organelle,ER,Golgi,0.6633150307215537
D05_S1_C001_T000,organelle,mitochondria,lipid_droplet,0.6009251043079074
D05_S1_C002_T000,organelle,ER,mitochondria,0.5593493422724305
D05_S1_C002_T000,organelle,ER,Golgi,0.41951200670432287
D05_S1_C002_T000,organelle,mitochondria,lipid_droplet,0.38753686338038873
D05_S1_C003_T000,organelle,ER,mitochondria,0.655545215314091
D05_S1_C003_T000,organelle,ER,Golgi,0.4916589114855683
D05_S1_C003_T000,organelle,mitochondria,lipid_droplet,0.45707904935238325
D05_S1_C004_T000,organelle,ER,mitochondria,0.5164339737417563
D05_S1_C004_T000,organelle,ER,Golgi,0.3873254803063172
D05_S1_C004_T000,organelle,mitochondria,lipid_droplet,0.39177034052525694
D05_S1_C005_T000,organelle,ER,mitochondria,0.5735742868083139
D05_S1_C005_T000,organelle,ER,Golgi,0.43018071510623546
D05_S1_C005_T000,organelle,mitochondria,lipid_droplet,0.40323266928082807
D05_S1_C006_T000,organelle,ER,mitochondria,0.5923936160655625
D05_S1_C006_T000,organelle,ER,Golgi,0.4442952120491719
D05_S1_C006_T000,organelle,mitochondria,lipid_droplet,0.37340207992926816
D05_S1_C007_T000,organelle,ER,mitochondria,0.5560172049259763
D05_S1_C007_T000,organelle,ER,Golgi,0.4170129036944822
D05_S1_C007_T000,organelle,mitochondria,lipid_droplet,0.3850261033205976
D05_S1_C008_T000,organelle,ER,mitochondria,0.453122939025979
D05_S1_C008_T000,organelle,ER,Golgi,0.33984220426948425
D05_S1_C008_T000,organelle,mitochondria,lipid_droplet,0.32366526496604586
D05_S1_C009_T000,organelle,ER,mitochondria,0.7520432849593647
D05_S1_C009_T000,organelle,ER,Golgi,0.5640324637195235
D05_S1_C009_T000,organelle,mitochondria,lipid_droplet,0.49662838407667376
D05_S1_C010_T000,organelle,ER,mitochondria,1.0185219300205277
D05_S1_C010_T000,organelle,ER,Golgi,0.7638914475153957
D05_S1_C010_T000,organelle,mitochondria,lipid_droplet,0.6346185934003175
D05_S1_C011_T000,organelle,ER,mitochondria,0.6783512199345387
D05_S1_C011_T000,organelle,ER,Golgi,0.508763414950904
D05_S1_C011_T000,organelle,mitochondria,lipid_droplet,0.4768725020459637
D05_S1_C012_T000,organelle,ER,mitochondria,0.6000569022723746
D05_S1_C012_T000,organelle,ER,Golgi,0.450042676704281
D05_S1_C012_T000,organelle,mitochondria,lipid_droplet,0.41316002775590255
D05_S1_C013_T000,organelle,ER,mitochondria,0.8006586275929242
D05_S1_C013_T000,organelle,ER,Golgi,0.6004939706946931
D05_S1_C013_T000,organelle,mitochondria,lipid_droplet,0.5430991286496772
D05_S1_C014_T000,organelle,ER,mitochondria,0.6983315872694442
D05_S1_C014_T000,organelle,ER,Golgi,0.5237486904520832
D05_S1_C014_T000,organelle,mitochondria,lipid_droplet,0.43144709273696813
D05_S1_C015_T000,organelle,ER,mitochondria,0.5367832536903886
D05_S1_C015_T000,organelle,ER,Golgi,0.4025874402677915
D05_S1_C015_T000,organelle,mitochondria,lipid_droplet,0.3608337994630315
D05_S1_C016_T000,organelle,ER,mitochondria,0.675438161009269
D05_S1_C016_T000,organelle,ER,Golgi,0.5065786207569518
D05_S1_C016_T000,organelle,mitochondria,lipid_droplet,0.46987281455073826
D05_S1_C017_T000,organelle,ER,mitochondria,0.7030019873516786
D05_S1_C017_T000,organelle,ER,Golgi,0.527251490513759
D05_S1_C017_T000,organelle,mitochondria,lipid_droplet,0.4892071747734448
D05_S1_C018_T000,organelle,ER,mitochondria,0.7137559389502295
D05_S1_C018_T000,organelle,ER,Golgi,0.5353169542126721
D05_S1_C018_T000,organelle,mitochondria,lipid_droplet,0.4869642791882678
D05_S1_C019_T000,organelle,ER,mitochondria,0.6126219303421256
D05_S1_C019_T000,organelle,ER,Golgi,0.45946644775659423
D05_S1_C019_T000,organelle,mitochondria,lipid_droplet,0.4222496267343308
D05_S1_C020_T000,organelle,ER,mitochondria,0.5144821077714767
D05_S1_C020_T000,organelle,ER,Golgi,0.38586158082860755
D05_S1_C020_T000,organelle,mitochondria,lipid_droplet,0.370027948753036
D05_S1_C021_T000,organelle,ER,mitochondria,0.7254466924854218
D05_S1_C021_T000,organelle,ER,Golgi,0.5440850193640664
D05_S1_C021_T000,organelle,mitochondria,lipid_droplet,0.47474526811108014
D05_S1_C022_T000,organelle,ER,mitochondria,0.34062053901623995
D05_S1_C022_T000,organelle,ER,Golgi,0.25546540426217995
D05_S1_C022_T000,organelle,mitochondria,lipid_droplet,0.26326422217134426
D05_S1_C023_T000,organelle,ER,mitochondria,0.39037701995670143
D05_S1_C023_T000,organelle,ER,Golgi,0.2927827649675261
D05_S1_C023_T000,organelle,mitochondria,lipid_droplet,0.28295225334653723
D05_S1_C024_T000,organelle,ER,mitochondria,0.4569994720084137
D05_S1_C024_T000,organelle,ER,Golgi,0.34274960400631027
D05_S1_C024_T000,organelle,mitochondria,lipid_droplet,0.35360228033337343
D05_S1_C025_T000,organelle,ER,mitochondria,0.7259494336523578
D05_S1_C025_T000,organelle,ER,Golgi,0.5444620752392684
D05_S1_C025_T000,organelle,mitochondria,lipid_droplet,0.4677304035052616
D05_S1_C026_T000,organelle,ER,mitochondria,0.9535070460437678
D05_S1_C026_T000,organelle,ER,Golgi,0.7151302845328258
D05_S1_C026_T000,organelle,mitochondria,lipid_droplet,0.6217894091282059
D05_S1_C027_T000,organelle,ER,mitochondria,0.5245237110453643
D05_S1_C027_T000,organelle,ER,Golgi,0.3933927832840233
D05_S1_C027_T000,organelle,mitochondria,lipid_droplet,0.3715958786186118
D05_S1_C028_T000,organelle,ER,mitochondria,0.8511444199772372
D05_S1_C028_T000,organelle,ER,Golgi,0.6383583149829279
D05_S1_C028_T000,organelle,mitochondria,lipid_droplet,0.5548076995913168
D05_S1_C029_T000,organelle,ER,mitochondria,0.38527512662830526
D05_S1_C029_T000,organelle,ER,Golgi,0.28895634497122896
D05_S1_C029_T000,organelle,mitochondria,lipid_droplet,0.31384326670498974
D05_S1_C030_T000,organelle,ER,mitochondria,0.5856591736901863
D05_S1_C030_T000,organelle,ER,Golgi,0.4392443802676397
D05_S1_C030_T000,organelle,mitochondria,lipid_droplet,0.3911522701948167
D05_S1_C031_T000,organelle,ER,mitochondria,0.7419206605661034
D05_S1_C031_T000,organelle,ER,Golgi,0.5564404954245775
D05_S1_C031_T000,organelle,mitochondria,lipid_droplet,0.49947834025129617
D05_S1_C032_T000,organelle,ER,mitochondria,0.3979757494471042
D05_S1_C032_T000,organelle,ER,Golgi,0.29848181208532815
D05_S1_C032_T000,organelle,mitochondria,lipid_droplet,0.3018172963780728
D05_S1_C033_T000,organelle,ER,mitochondria,0.5899879045484014
D05_S1_C033_T000,organelle,ER,Golgi,0.4424909284113011
D05_S1_C033_T000,organelle,mitochondria,lipid_droplet,0.3772120392310467
D05_S1_C034_T000,organelle,ER,mitochondria,0.7447822122543575
D05_S1_C034_T000,organelle,ER,Golgi,0.5585866591907681
D05_S1_C034_T000,organelle,mitochondria,lipid_droplet,0.507815158048827
D05_S1_C035_T000,organelle,ER,mitochondria,0.4046022128602997
D05_S1_C035_T000,organelle,ER,Golgi,0.30345165964522475
D05_S1_C035_T000,organelle,mitochondria,lipid_droplet,0.291553763751762
D05_S1_C000_T012,organelle,ER,mitochondria,0.6256962365184019
D05_S1_C000_T012,organelle,ER,Golgi,0.46927217738880145
D05_S1_C000_T012,organelle,mitochondria,lipid_droplet,0.44279707754328956
D05_S1_C001_T012,organelle,ER,mitochondria,1.1134973626603182
D05_S1_C001_T012,organelle,ER,Golgi,0.8351230219952386
D05_S1_C001_T012,organelle,mitochondria,lipid_droplet,0.8059209493619399
D05_S1_C002_T012,organelle,ER,mitochondria,0.7978251549173901
D05_S1_C002_T012,organelle,ER,Golgi,0.5983688661880426
D05_S1_C002_T012,organelle,mitochondria,lipid_droplet,0.5662565527807477
D05_S1_C003_T012,organelle,ER,mitochondria,0.932171020174883
D05_S1_C003_T012,organelle,ER,Golgi,0.6991282651311622
D05_S1_C003_T012,organelle,mitochondria,lipid_droplet,0.6810978949813116
D05_S1_C004_T012,organelle,ER,mitochondria,0.801990998770363
D05_S1_C004_T012,organelle,ER,Golgi,0.6014932490777722
D05_S1_C004_T012,organelle,mitochondria,lipid_droplet,0.6019185218358873
D05_S1_C005_T012,organelle,ER,mitochondria,0.8529014010103261
D05_S1_C005_T012,organelle,ER,Golgi,0.6396760507577446
D05_S1_C005_T012,organelle,mitochondria,lipid_droplet,0.6006870826134896
D05_S1_C006_T012,organelle,ER,mitochondria,0.8821511600868609
D05_S1_C006_T012,organelle,ER,Golgi,0.6616133700651456
D05_S1_C006_T012,organelle,mitochondria,lipid_droplet,0.5917759959352389
D05_S1_C007_T012,organelle,ER,mitochondria,0.7638416228856046
D05_S1_C007_T012,organelle,ER,Golgi,0.5728812171642035
D05_S1_C007_T012,organelle,mitochondria,lipid_droplet,0.5394767116993907
D05_S1_C008_T012,organelle,ER,mitochondria,0.6614906839650324
D05_S1_C008_T012,organelle,ER,Golgi,0.49611801297377434
D05_S1_C008_T012,organelle,mitochondria,lipid_droplet,0.500789673819921
D05_S1_C009_T012,organelle,ER,mitochondria,0.9484030114596291
D05_S1_C009_T012,organelle,ER,Golgi,0.7113022585947218
D05_S1_C009_T012,organelle,mitochondria,lipid_droplet,0.6636484432491179
D05_S1_C010_T012,organelle,ER,mitochondria,1.3064757219020062
D05_S1_C010_T012,organelle,ER,Golgi,0.9798567914265046
D05_S1_C010_T012,organelle,mitochondria,lipid_droplet,0.8480883478758725
D05_S1_C011_T012,organelle,ER,mitochondria,0.9395811549186441
D05_S1_C011_T012,organelle,ER,Golgi,0.7046858661889831
D05_S1_C011_T012,organelle,mitochondria,lipid_droplet,0.6788549401612937
D05_S1_C012_T012,organelle,ER,mitochondria,0.8093962305418292
D05_S1_C012_T012,organelle,ER,Golgi,0.6070471729063719
D05_S1_C012_T012,organelle,mitochondria,lipid_droplet,0.5687889467611359
D05_S1_C013_T012,organelle,ER,mitochondria,1.0565750282955704
D05_S1_C013_T012,organelle,ER,Golgi,0.7924312712216778
D05_S1_C013_T012,organelle,mitochondria,lipid_droplet,0.751362814344265
D05_S1_C014_T012,organelle,ER,mitochondria,0.8855237031859777
D05_S1_C014_T012,organelle,ER,Golgi,0.6641427773894832
D05_S1_C014_T012,organelle,mitochondria,lipid_droplet,0.5786416077308876
D05_S1_C015_T012,organelle,ER,mitochondria,0.7380684217797112
D05_S1_C015_T012,organelle,ER,Golgi,0.5535513163347834
D05_S1_C015_T012,organelle,mitochondria,lipid_droplet,0.5113732454924239
D05_S1_C016_T012,organelle,ER,mitochondria,0.9113051803637862
D05_S1_C016_T012,organelle,ER,Golgi,0.6834788852728396
D05_S1_C016_T012,organelle,mitochondria,lipid_droplet,0.6518050540460745
D05_S1_C017_T012,organelle,ER,mitochondria,0.9888140544081475
D05_S1_C017_T012,organelle,ER,Golgi,0.7416105408061107
D05_S1_C017_T012,organelle,mitochondria,lipid_droplet,0.7220829765702418
D05_S1_C018_T012,organelle,ER,mitochondria,0.978817939233652
D05_S1_C018_T012,organelle,ER,Golgi,0.734113454425239
D05_S1_C018_T012,organelle,mitochondria,lipid_droplet,0.6975986290781895
D05_S1_C019_T012,organelle,ER,mitochondria,0.9682315162325235
D05_S1_C019_T012,organelle,ER,Golgi,0.7261736371743925
D05_S1_C019_T012,organelle,mitochondria,lipid_droplet,0.6842345697627088
D05_S1_C020_T012,organelle,ER,mitochondria,0.7669647763994494
D05_S1_C020_T012,organelle,ER,Golgi,0.575223582299587
D05_S1_C020_T012,organelle,mitochondria,lipid_droplet,0.5744949053207842
D05_S1_C021_T012,organelle,ER,mitochondria,1.021367172366597
D05_S1_C021_T012,organelle,ER,Golgi,0.7660253792749476
D05_S1_C021_T012,organelle,mitochondria,lipid_droplet,0.6920262691372338
D05_S1_C022_T012,organelle,ER,mitochondria,0.5893583045961088
D05_S1_C022_T012,organelle,ER,Golgi,0.4420187284470816
D05_S1_C022_T012,organelle,mitochondria,lipid_droplet,0.4482582224760213
D05_S1_C023_T012,organelle,ER,mitochondria,0.644130762432367
D05_S1_C023_T012,organelle,ER,Golgi,0.4830980718242752
D05_S1_C023_T012,organelle,mitochondria,lipid_droplet,0.46752564956301385
D05_S1_C024_T012,organelle,ER,mitochondria,0.6612369649701754
D05_S1_C024_T012,organelle,ER,Golgi,0.4959277237276315
D05_S1_C024_T012,organelle,mitochondria,lipid_droplet,0.5235020836055372
D05_S1_C025_T012,organelle,ER,mitochondria,0.901329299302688
D05_S1_C025_T012,organelle,ER,Golgi,0.675996974477016
D05_S1_C025_T012,organelle,mitochondria,lipid_droplet,0.6094327671170688
D05_S1_C026_T012,organelle,ER,mitochondria,1.0888574745126909
D05_S1_C026_T012,organelle,ER,Golgi,0.8166431058845182
D05_S1_C026_T012,organelle,mitochondria,lipid_droplet,0.7540147658363244
D05_S1_C027_T012,organelle,ER,mitochondria,0.6879136550377838
D05_S1_C027_T012,organelle,ER,Golgi,0.5159352412783378
D05_S1_C027_T012,organelle,mitochondria,lipid_droplet,0.4856806474736899
D05_S1_C028_T012,organelle,ER,mitochondria,1.1222418915675039
D05_S1_C028_T012,organelle,ER,Golgi,0.8416814186756278
D05_S1_C028_T012,organelle,mitochondria,lipid_droplet,0.771465538292645
D05_S1_C029_T012,organelle,ER,mitochondria,0.6438397505791372
D05_S1_C029_T012,organelle,ER,Golgi,0.4828798129343529
D05_S1_C029_T012,organelle,mitochondria,lipid_droplet,0.519627128534882
D05_S1_C030_T012,organelle,ER,mitochondria,0.8393757183103926
D05_S1_C030_T012,organelle,ER,Golgi,0.6295317887327945
D05_S1_C030_T012,organelle,mitochondria,lipid_droplet,0.5733649191467645
D05_S1_C031_T012,organelle,ER,mitochondria,1.0468042794417731
D05_S1_C031_T012,organelle,ER,Golgi,0.7851032095813298
D05_S1_C031_T012,organelle,mitochondria,lipid_droplet,0.7399156244785753
D05_S1_C032_T012,organelle,ER,mitochondria,0.7051384304390486
D05_S1_C032_T012,organelle,ER,Golgi,0.5288538228292864
D05_S1_C032_T012,organelle,mitochondria,lipid_droplet,0.5250417202387669
D05_S1_C033_T012,organelle,ER,mitochondria,0.8368846496704455
D05_S1_C033_T012,organelle,ER,Golgi,0.6276634872528342
D05_S1_C033_T012,organelle,mitochondria,lipid_droplet,0.5528010028849627
D05_S1_C034_T012,organelle,ER,mitochondria,0.9586927347235513
D05_S1_C034_T012,organelle,ER,Golgi,0.7190195510426635
D05_S1_C034_T012,organelle,mitochondria,lipid_droplet,0.675320557569134
D05_S1_C035_T012,organelle,ER,mitochondria,0.6195190319534368
D05_S1_C035_T012,organelle,ER,Golgi,0.46463927396507765
D05_S1_C035_T012,organelle,mitochondria,lipid_droplet,0.45446494729532083
D05_S1_C000_T024,organelle,ER,mitochondria,0.8886347416986474
D05_S1_C000_T024,organelle,ER,Golgi,0.6664760562739855
D05_S1_C000_T024,organelle,mitochondria,lipid_droplet,0.6790350453613534
D05_S1_C001_T024,organelle,ER,mitochondria,1.48324924491783
D05_S1_C001_T024,organelle,ER,Golgi,1.1124369336883726
D05_S1_C001_T024,organelle,mitochondria,lipid_droplet,1.0117870847048065
D05_S1_C002_T024,organelle,ER,mitochondria,1.1708959773319012
D05_S1_C002_T024,organelle,ER,Golgi,0.8781719829989258
D05_S1_C002_T024,organelle,mitochondria,lipid_droplet,0.8399927875325457
D05_S1_C003_T024,organelle,ER,mitochondria,1.2610724594433036
D05_S1_C003_T024,organelle,ER,Golgi,0.9458043445824778
D05_S1_C003_T024,organelle,mitochondria,lipid_droplet,0.8895898526938171
D05_S1_C004_T024,organelle,ER,mitochondria,1.1531955759224157
D05_S1_C004_T024,organelle,ER,Golgi,0.8648966819418118
D05_S1_C004_T024,organelle,mitochondria,lipid_droplet,0.8302575667573286
D05_S1_C005_T024,organelle,ER,mitochondria,1.2097818157224056
D05_S1_C005_T024,organelle,ER,Golgi,0.9073363617918042
D05_S1_C005_T024,organelle,mitochondria,lipid_droplet,0.8613799986473232
D05_S1_C006_T024,organelle,ER,mitochondria,1.2679172256625788
D05_S1_C006_T024,organelle,ER,Golgi,0.950937919246934
D05_S1_C006_T024,organelle,mitochondria,lipid_droplet,0.8933544741144184
D05_S1_C007_T024,organelle,ER,mitochondria,1.0542629275462847
D05_S1_C007_T024,organelle,ER,Golgi,0.7906971956597135
D05_S1_C007_T024,organelle,mitochondria,lipid_droplet,0.7758446101504566
D05_S1_C008_T024,organelle,ER,mitochondria,1.0372504722702458
D05_S1_C008_T024,organelle,ER,Golgi,0.7779378542026844
D05_S1_C008_T024,organelle,mitochondria,lipid_droplet,0.7664877597486353
D05_S1_C009_T024,organelle,ER,mitochondria,1.3223497355187859
D05_S1_C009_T024,organelle,ER,Golgi,0.9917623016390894
D05_S1_C009_T024,organelle,mitochondria,lipid_droplet,0.9232923545353322
D05_S1_C010_T024,organelle,ER,mitochondria,1.6902630772780596
D05_S1_C010_T024,organelle,ER,Golgi,1.2676973079585447
D05_S1_C010_T024,organelle,mitochondria,lipid_droplet,1.1256446925029329
D05_S1_C011_T024,organelle,ER,mitochondria,1.3081685684352218
D05_S1_C011_T024,organelle,ER,Golgi,0.9811264263264163
D05_S1_C011_T024,organelle,mitochondria,lipid_droplet,0.9154927126393722
D05_S1_C012_T024,organelle,ER,mitochondria,1.222697247197345
D05_S1_C012_T024,organelle,ER,Golgi,0.9170229353980087
D05_S1_C012_T024,organelle,mitochondria,lipid_droplet,0.8684834859585397
D05_S1_C013_T024,organelle,ER,mitochondria,1.3883492896638638
D05_S1_C013_T024,organelle,ER,Golgi,1.0412619672478978
D05_S1_C013_T024,organelle,mitochondria,lipid_droplet,0.9595921093151252
D05_S1_C014_T024,organelle,ER,mitochondria,1.3282384903880171
D05_S1_C014_T024,organelle,ER,Golgi,0.9961788677910128
D05_S1_C014_T024,organelle,mitochondria,lipid_droplet,0.9265311697134095
D05_S1_C015_T024,organelle,ER,mitochondria,1.1500457492157332
D05_S1_C015_T024,organelle,ER,Golgi,0.8625343119117999
D05_S1_C015_T024,organelle,mitochondria,lipid_droplet,0.8285251620686533
D05_S1_C016_T024,organelle,ER,mitochondria,1.3097899812852063
D05_S1_C016_T024,organelle,ER,Golgi,0.9823424859639047
D05_S1_C016_T024,organelle,mitochondria,lipid_droplet,0.9163844897068636
D05_S1_C017_T024,organelle,ER,mitochondria,1.3300537246280197
D05_S1_C017_T024,organelle,ER,Golgi,0.9975402934710148
D05_S1_C017_T024,organelle,mitochondria,lipid_droplet,0.9275295485454109
D05_S1_C018_T024,organelle,ER,mitochondria,1.3075780541047852
D05_S1_C018_T024,organelle,ER,Golgi,0.980683540578589
D05_S1_C018_T024,organelle,mitochondria,lipid_droplet,0.9151679297576318
D05_S1_C019_T024,organelle,ER,mitochondria,1.3281723662900977
D05_S1_C019_T024,organelle,ER,Golgi,0.9961292747175733
D05_S1_C019_T024,organelle,mitochondria,lipid_droplet,0.9264948014595538
D05_S1_C020_T024,organelle,ER,mitochondria,1.1762886031904027
D05_S1_C020_T024,organelle,ER,Golgi,0.882216452392802
D05_S1_C020_T024,organelle,mitochondria,lipid_droplet,0.8429587317547216
D05_S1_C021_T024,organelle,ER,mitochondria,1.4069999228225465
D05_S1_C021_T024,organelle,ER,Golgi,1.05524994211691
D05_S1_C021_T024,organelle,mitochondria,lipid_droplet,0.9698499575524007
D05_S1_C022_T024,organelle,ER,mitochondria,1.0232721527702107
D05_S1_C022_T024,organelle,ER,Golgi,0.767454114577658
D05_S1_C022_T024,organelle,mitochondria,lipid_droplet,0.758799684023616
D05_S1_C023_T024,organelle,ER,mitochondria,0.9860723765775898
D05_S1_C023_T024,organelle,ER,Golgi,0.7395542824331924
D05_S1_C023_T024,organelle,mitochondria,lipid_droplet,0.7383398071176746
D05_S1_C024_T024,organelle,ER,mitochondria,1.074249083557426
D05_S1_C024_T024,organelle,ER,Golgi,0.8056868126680696
D05_S1_C024_T024,organelle,mitochondria,lipid_droplet,0.7868369959565844
D05_S1_C025_T024,organelle,ER,mitochondria,1.2407085943315153
D05_S1_C025_T024,organelle,ER,Golgi,0.9305314457486364
D05_S1_C025_T024,organelle,mitochondria,lipid_droplet,0.8783897268823335
D05_S1_C026_T024,organelle,ER,mitochondria,1.4881580623482529
D05_S1_C026_T024,organelle,ER,Golgi,1.1161185467611896
D05_S1_C026_T024,organelle,mitochondria,lipid_droplet,1.0144869342915392
D05_S1_C027_T024,organelle,ER,mitochondria,1.097241852106229
D05_S1_C027_T024,organelle,ER,Golgi,0.8229313890796718
D05_S1_C027_T024,organelle,mitochondria,lipid_droplet,0.7994830186584261
D05_S1_C028_T024,organelle,ER,mitochondria,1.425292489248304
D05_S1_C028_T024,organelle,ER,Golgi,1.0689693669362281
D05_S1_C028_T024,organelle,mitochondria,lipid_droplet,0.9799108690865672
D05_S1_C029_T024,organelle,ER,mitochondria,0.9585446798301971
D05_S1_C029_T024,organelle,ER,Golgi,0.7189085098726478
D05_S1_C029_T024,organelle,mitochondria,lipid_droplet,0.7231995739066084
D05_S1_C030_T024,organelle,ER,mitochondria,1.2002735168533976
D05_S1_C030_T024,organelle,ER,Golgi,0.9002051376400482
D05_S1_C030_T024,organelle,mitochondria,lipid_droplet,0.8561504342693687
D05_S1_C031_T024,organelle,ER,mitochondria,1.3529662217491383
D05_S1_C031_T024,organelle,ER,Golgi,1.0147246663118537
D05_S1_C031_T024,organelle,mitochondria,lipid_droplet,0.940131421962026
D05_S1_C032_T024,organelle,ER,mitochondria,1.0433459911669876
D05_S1_C032_T024,organelle,ER,Golgi,0.7825094933752407
D05_S1_C032_T024,organelle,mitochondria,lipid_droplet,0.7698402951418433
D05_S1_C033_T024,organelle,ER,mitochondria,1.23102336976994
D05_S1_C033_T024,organelle,ER,Golgi,0.923267527327455
D05_S1_C033_T024,organelle,mitochondria,lipid_droplet,0.873062853373467
D05_S1_C034_T024,organelle,ER,mitochondria,1.3028345372621148
D05_S1_C034_T024,organelle,ER,Golgi,0.9771259029465862
D05_S1_C034_T024,organelle,mitochondria,lipid_droplet,0.9125589954941633
D05_S1_C035_T024,organelle,ER,mitochondria,1.0312092298988147
D05_S1_C035_T024,organelle,ER,Golgi,0.773406922424111
D05_S1_C035_T024,organelle,mitochondria,lipid_droplet,0.7631650764443481
D05_S1_C000_T048,organelle,ER,mitochondria,1.484709008643386
D05_S1_C000_T048,organelle,ER,Golgi,1.1135317564825395
D05_S1_C000_T048,organelle,mitochondria,lipid_droplet,1.0125899547538624
D05_S1_C001_T048,organelle,ER,mitochondria,1.8
D05_S1_C001_T048,organelle,ER,Golgi,1.35
D05_S1_C001_T048,organelle,mitochondria,lipid_droplet,1.1860000000000002
D05_S1_C002_T048,organelle,ER,mitochondria,1.6285438516331967
D05_S1_C002_T048,organelle,ER,Golgi,1.2214078887248976
D05_S1_C002_T048,organelle,mitochondria,lipid_droplet,1.0916991183982583
D05_S1_C003_T048,organelle,ER,mitochondria,1.7214061670762715
D05_S1_C003_T048,organelle,ER,Golgi,1.2910546253072037
D05_S1_C003_T048,organelle,mitochondria,lipid_droplet,1.1427733918919494
D05_S1_C004_T048,organelle,ER,mitochondria,1.5355651015035747
D05_S1_C004_T048,organelle,ER,Golgi,1.151673826127681
D05_S1_C004_T048,organelle,mitochondria,lipid_droplet,1.0405608058269662
D05_S1_C005_T048,organelle,ER,mitochondria,1.72639296571932
D05_S1_C005_T048,organelle,ER,Golgi,1.29479472428949
D05_S1_C005_T048,organelle,mitochondria,lipid_droplet,1.1455161311456261
D05_S1_C006_T048,organelle,ER,mitochondria,1.762827083696531
D05_S1_C006_T048,organelle,ER,Golgi,1.3221203127723982
D05_S1_C006_T048,organelle,mitochondria,lipid_droplet,1.1655548960330921
D05_S1_C007_T048,organelle,ER,mitochondria,1.5499471890227312
D05_S1_C007_T048,organelle,ER,Golgi,1.1624603917670484
D05_S1_C007_T048,organelle,mitochondria,lipid_droplet,1.0484709539625023
D05_S1_C008_T048,organelle,ER,mitochondria,1.5131293594908708
D05_S1_C008_T048,organelle,ER,Golgi,1.134847019618153
D05_S1_C008_T048,organelle,mitochondria,lipid_droplet,1.028221147719979
D05_S1_C009_T048,organelle,ER,mitochondria,1.8
D05_S1_C009_T048,organelle,ER,Golgi,1.35
D05_S1_C009_T048,organelle,mitochondria,lipid_droplet,1.1860000000000002
D05_S1_C010_T048,organelle,ER,mitochondria,1.8
D05_S1_C010_T048,organelle,ER,Golgi,1.35
D05_S1_C010_T048,organelle,mitochondria,lipid_droplet,1.1860000000000002
D05_S1_C011_T048,organelle,ER,mitochondria,1.7506111683666674
D05_S1_C011_T048,organelle,ER,Golgi,1.3129583762750006
D05_S1_C011_T048,organelle,mitochondria,lipid_droplet,1.1588361426016671
D05_S1_C012_T048,organelle,ER,mitochondria,1.706678749236404
D05_S1_C012_T048,organelle,ER,Golgi,1.280009061927303
D05_S1_C012_T048,organelle,mitochondria,lipid_droplet,1.1346733120800223
D05_S1_C013_T048,organelle,ER,mitochondria,1.8
D05_S1_C013_T048,organelle,ER,Golgi,1.35
D05_S1_C013_T048,organelle,mitochondria,lipid_droplet,1.1860000000000002
D05_S1_C014_T048,organelle,ER,mitochondria,1.8
D05_S1_C014_T048,organelle,ER,Golgi,1.35
D05_S1_C014_T048,organelle,mitochondria,lipid_droplet,1.1860000000000002
D05_S1_C015_T048,organelle,ER,mitochondria,1.618988205587346
D05_S1_C015_T048,organelle,ER,Golgi,1.2142411541905094
D05_S1_C015_T048,organelle,mitochondria,lipid_droplet,1.0864435130730403
D05_S1_C016_T048,organelle,ER,mitochondria,1.687989622687232
D05_S1_C016_T048,organelle,ER,Golgi,1.265992217015424
D05_S1_C016_T048,organelle,mitochondria,lipid_droplet,1.1243942924779777
D05_S1_C017_T048,organelle,ER,mitochondria,1.6873854915911353
D05_S1_C017_T048,organelle,ER,Golgi,1.2655391186933516
D05_S1_C017_T048,organelle,mitochondria,lipid_droplet,1.1240620203751244
D05_S1_C018_T048,organelle,ER,mitochondria,1.7553704865324622
D05_S1_C018_T048,organelle,ER,Golgi,1.3165278648993466
D05_S1_C018_T048,organelle,mitochondria,lipid_droplet,1.1614537675928542
D05_S1_C019_T048,organelle,ER,mitochondria,1.7935184617302018
D05_S1_C019_T048,organelle,ER,Golgi,1.3451388462976515
D05_S1_C019_T048,organelle,mitochondria,lipid_droplet,1.1824351539516111
D05_S1_C020_T048,organelle,ER,mitochondria,1.7304168220306746
D05_S1_C020_T048,organelle,ER,Golgi,1.297812616523006
D05_S1_C020_T048,organelle,mitochondria,lipid_droplet,1.1477292521168712
D05_S1_C021_T048,organelle,ER,mitochondria,1.8
D05_S1_C021_T048,organelle,ER,Golgi,1.35
D05_S1_C021_T048,organelle,mitochondria,lipid_droplet,1.1860000000000002
D05_S1_C022_T048,organelle,ER,mitochondria,1.5402789183079963
D05_S1_C022_T048,organelle,ER,Golgi,1.1552091887309972
D05_S1_C022_T048,organelle,mitochondria,lipid_droplet,1.043153405069398
D05_S1_C023_T048,organelle,ER,mitochondria,1.5341424825934558
D05_S1_C023_T048,organelle,ER,Golgi,1.1506068619450918
D05_S1_C023_T048,organelle,mitochondria,lipid_droplet,1.0397783654264008
D05_S1_C024_T048,organelle,ER,mitochondria,1.4573806856681504
D05_S1_C024_T048,organelle,ER,Golgi,1.0930355142511128
D05_S1_C024_T048,organelle,mitochondria,lipid_droplet,0.9975593771174829
D05_S1_C025_T048,organelle,ER,mitochondria,1.6837732886318975
D05_S1_C025_T048,organelle,ER,Golgi,1.262829966473923
D05_S1_C025_T048,organelle,mitochondria,lipid_droplet,1.1220753087475437
D05_S1_C026_T048,organelle,ER,mitochondria,1.8
D05_S1_C026_T048,organelle,ER,Golgi,1.35
D05_S1_C026_T048,organelle,mitochondria,lipid_droplet,1.1860000000000002
D05_S1_C027_T048,organelle,ER,mitochondria,1.565189410260673
D05_S1_C027_T048,organelle,ER,Golgi,1.1738920576955048
D05_S1_C027_T048,organelle,mitochondria,lipid_droplet,1.0568541756433703
D05_S1_C028_T048,organelle,ER,mitochondria,1.8
D05_S1_C028_T048,organelle,ER,Golgi,1.35
D05_S1_C028_T048,organelle,mitochondria,lipid_droplet,1.1860000000000002
D05_S1_C029_T048,organelle,ER,mitochondria,1.4412283412012452
D05_S1_C029_T048,organelle,ER,Golgi,1.0809212559009338
D05_S1_C029_T048,organelle,mitochondria,lipid_droplet,0.988675587660685
D05_S1_C030_T048,organelle,ER,mitochondria,1.7218812377337147
D05_S1_C030_T048,organelle,ER,Golgi,1.291410928300286
D05_S1_C030_T048,organelle,mitochondria,lipid_droplet,1.1430346807535432
D05_S1_C031_T048,organelle,ER,mitochondria,1.8
D05_S1_C031_T048,organelle,ER,Golgi,1.35
D05_S1_C031_T048,organelle,mitochondria,lipid_droplet,1.1860000000000002
D05_S1_C032_T048,organelle,ER,mitochondria,1.5490216274242705
D05_S1_C032_T048,organelle,ER,Golgi,1.161766220568203
D05_S1_C032_T048,organelle,mitochondria,lipid_droplet,1.047961895083349
D05_S1_C033_T048,organelle,ER,mitochondria,1.7891777438406606
D05_S1_C033_T048,organelle,ER,Golgi,1.3418833078804955
D05_S1_C033_T048,organelle,mitochondria,lipid_droplet,1.1800477591123635
D05_S1_C034_T048,organelle,ER,mitochondria,1.8
D05_S1_C034_T048,organelle,ER,Golgi,1.35
D05_S1_C034_T048,organelle,mitochondria,lipid_droplet,1.1860000000000002
D05_S1_C035_T048,organelle,ER,mitochondria,1.5360485710556866
D05_S1_C035_T048,organelle,ER,Golgi,1.152036428291765
D05_S1_C035_T048,organelle,mitochondria,lipid_droplet,1.0408267140806278
D06_S0_C000_T000,organelle,ER,mitochondria,0.7683595369574733
D06_S0_C000_T000,organelle,ER,Golgi,0.5762696527181049
D06_S0_C000_T000,organelle,mitochondria,lipid_droplet,0.5175854666293536
D06_S0_C001_T000,organelle,ER,mitochondria,0.6882931269161278
D06_S0_C001_T000,organelle,ER,Golgi,0.5162198451870958
D06_S0_C001_T000,organelle,mitochondria,lipid_droplet,0.49853847827233577
D06_S0_C002_T000,organelle,ER,mitochondria,0.7032529663599254
D06_S0_C002_T000,organelle,ER,Golgi,0.527439724769944
D06_S0_C002_T000,organelle,mitochondria,lipid_droplet,0.4951667223337862
D06_S0_C003_T000,organelle,ER,mitochondria,0.9244241033564592
D06_S0_C003_T000,organelle,ER,Golgi,0.6933180775173444
D06_S0_C003_T000,organelle,mitochondria,lipid_droplet,0.6235455519970514
D06_S0_C004_T000,organelle,ER,mitochondria,0.5022084126037977
D06_S0_C004_T000,organelle,ER,Golgi,0.3766563094528482
D06_S0_C004_T000,organelle,mitochondria,lipid_droplet,0.36605984850114487
D06_S0_C005_T000,organelle,ER,mitochondria,0.6433990221612004
D06_S0_C005_T000,organelle,ER,Golgi,0.48254926662090025
D06_S0_C005_T000,organelle,mitochondria,lipid_droplet,0.4554440013251513
D06_S0_C006_T000,organelle,ER,mitochondria,0.6110648711797615
D06_S0_C006_T000,organelle,ER,Golgi,0.4582986533848211
D06_S0_C006_T000,organelle,mitochondria,lipid_droplet,0.3834094121451735
D06_S0_C007_T000,organelle,ER,mitochondria,0.7133106534575742
D06_S0_C007_T000,organelle,ER,Golgi,0.5349829900931806
D06_S0_C007_T000,organelle,mitochondria,lipid_droplet,0.4931300956322556
D06_S0_C008_T000,organelle,ER,mitochondria,0.7072764364694407
D06_S0_C008_T000,organelle,ER,Golgi,0.5304573273520805
D06_S0_C008_T000,organelle,mitochondria,lipid_droplet,0.4657440659289181
D06_S0_C009_T000,organelle,ER,mitochondria,0.6823046338523859
D06_S0_C009_T000,organelle,ER,Golgi,0.5117284753892894
D06_S0_C009_T000,organelle,mitochondria,lipid_droplet,0.47606270379936777
D06_S0_C010_T000,organelle,ER,mitochondria,0.4826634366780576
D06_S0_C010_T000,organelle,ER,Golgi,0.3619975775085432
D06_S0_C010_T000,organelle,mitochondria,lipid_droplet,0.30708177832291084
D06_S0_C011_T000,organelle,ER,mitochondria,0.7230046337211725
D06_S0_C011_T000,organelle,ER,Golgi,0.5422534752908794
D06_S0_C011_T000,organelle,mitochondria,lipid_droplet,0.45874702107371046
D06_S0_C012_T000,organelle,ER,mitochondria,0.7908136993859171
D06_S0_C012_T000,organelle,ER,Golgi,0.5931102745394378
D06_S0_C012_T000,organelle,mitochondria,lipid_droplet,0.51030764966005
D06_S0_C013_T000,organelle,ER,mitochondria,0.47617922626710857
D06_S0_C013_T000,organelle,ER,Golgi,0.35713441970033144
D06_S0_C013_T000,organelle,mitochondria,lipid_droplet,0.28905642175402896
D06_S0_C014_T000,organelle,ER,mitochondria,1.0454175299732946
D06_S0_C014_T000,organelle,ER,Golgi,0.784063147479971
D06_S0_C014_T000,organelle,mitochondria,lipid_droplet,0.6720889576951774
D06_S0_C015_T000,organelle,ER,mitochondria,0.608447438827689
D06_S0_C015_T000,organelle,ER,Golgi,0.4563355791207668
D06_S0_C015_T000,organelle,mitochondria,lipid_droplet,0.3879243532303757
D06_S0_C016_T000,organelle,ER,mitochondria,0.4827822527321223
D06_S0_C016_T000,organelle,ER,Golgi,0.36208668954909173
D06_S0_C016_T000,organelle,mitochondria,lipid_droplet,0.34615353725073716
D06_S0_C017_T000,organelle,ER,mitochondria,0.5533692955495313
D06_S0_C017_T000,organelle,ER,Golgi,0.41502697166214847
D06_S0_C017_T000,organelle,mitochondria,lipid_droplet,0.4084903858167212
D06_S0_C018_T000,organelle,ER,mitochondria,0.9449271002420834
D06_S0_C018_T000,organelle,ER,Golgi,0.7086953251815625
D06_S0_C018_T000,organelle,mitochondria,lipid_droplet,0.6242372135049288
D06_S0_C019_T000,organelle,ER,mitochondria,0.6476995248084222
D06_S0_C019_T000,organelle,ER,Golgi,0.4857746436063166
D06_S0_C019_T000,organelle,mitochondria,lipid_droplet,0.4537688402310016
D06_S0_C020_T000,organelle,ER,mitochondria,0.7681268410156534
D06_S0_C020_T000,organelle,ER,Golgi,0.5760951307617401
D06_S0_C020_T000,organelle,mitochondria,lipid_droplet,0.5008794587539225
D06_S0_C021_T000,organelle,ER,mitochondria,0.6727375155732793
D06_S0_C021_T000,organelle,ER,Golgi,0.5045531366799595
D06_S0_C021_T000,organelle,mitochondria,lipid_droplet,0.4232843473697786
D06_S0_C022_T000,organelle,ER,mitochondria,0.2892032532214184
D06_S0_C022_T000,organelle,ER,Golgi,0.21690243991606378
D06_S0_C022_T000,organelle,mitochondria,lipid_droplet,0.20887480683636644
D06_S0_C023_T000,organelle,ER,mitochondria,0.7043011302433427
D06_S0_C023_T000,organelle,ER,Golgi,0.528225847682507
D06_S0_C023_T000,organelle,mitochondria,lipid_droplet,0.4593236263280607
D06_S0_C024_T000,organelle,ER,mitochondria,0.6931724746756301
D06_S0_C024_T000,organelle,ER,Golgi,0.5198793560067226
D06_S0_C024_T000,organelle,mitochondria,lipid_droplet,0.485734633838127
D06_S0_C025_T000,organelle,ER,mitochondria,1.1031744857417949
D06_S0_C025_T000,organelle,ER,Golgi,0.8273808643063462
D06_S0_C025_T000,organelle,mitochondria,lipid_droplet,0.6999498616472604
D06_S0_C026_T000,organelle,ER,mitochondria,0.8038996752027521
D06_S0_C026_T000,organelle,ER,Golgi,0.6029247564020641
D06_S0_C026_T000,organelle,mitochondria,lipid_droplet,0.5150699045935113
D06_S0_C027_T000,organelle,ER,mitochondria,0.5900068792429334
D06_S0_C027_T000,organelle,ER,Golgi,0.44250515943220003
D06_S0_C027_T000,organelle,mitochondria,lipid_droplet,0.4442014438198744
D06_S0_C028_T000,organelle,ER,mitochondria,0.639017926877323
D06_S0_C028_T000,organelle,ER,Golgi,0.47926344515799224
D06_S0_C028_T000,organelle,mitochondria,lipid_droplet,0.42567435882113863
D06_S0_C029_T000,organelle,ER,mitochondria,0.6157866369441312
D06_S0_C029_T000,organelle,ER,Golgi,0.46183997770809837
D06_S0_C029_T000,organelle,mitochondria,lipid_droplet,0.3964559860477762
D06_S0_C030_T000,organelle,ER,mitochondria,0.5621455207772413
D06_S0_C030_T000,organelle,ER,Golgi,0.421609140582931
D06_S0_C030_T000,organelle,mitochondria,lipid_droplet,0.4058987781184639
D06_S0_C031_T000,organelle,ER,mitochondria,0.7815113801877754
D06_S0_C031_T000,organelle,ER,Golgi,0.5861335351408316
D06_S0_C031_T000,organelle,mitochondria,lipid_droplet,0.5205699169487967
D06_S0_C032_T000,organelle,ER,mitochondria,0.7619132106800937
D06_S0_C032_T000,organelle,ER,Golgi,0.5714349080100702
D06_S0_C032_T000,organelle,mitochondria,lipid_droplet,0.46030860701928533
D06_S0_C033_T000,organelle,ER,mitochondria,0.9679839016242934
D06_S0_C033_T000,organelle,ER,Golgi,0.7259879262182201
D06_S0_C033_T000,organelle,mitochondria,lipid_droplet,0.6293922259243504
D06_S0_C034_T000,organelle,ER,mitochondria,0.9621309069747018
D06_S0_C034_T000,organelle,ER,Golgi,0.7215981802310264
D06_S0_C034_T000,organelle,mitochondria,lipid_droplet,0.5842117560684621
D06_S0_C035_T000,organelle,ER,mitochondria,0.49821387676951834
D06_S0_C035_T000,organelle,ER,Golgi,0.37366040757713875
D06_S0_C035_T000,organelle,mitochondria,lipid_droplet,0.299497176907905
D06_S0_C000_T012,organelle,ER,mitochondria,1.0885496721889885
D06_S0_C000_T012,organelle,ER,Golgi,0.8164122541417413
D06_S0_C000_T012,organelle,mitochondria,lipid_droplet,0.7639451011013094
D06_S0_C001_T012,organelle,ER,mitochondria,0.9552525398763705
D06_S0_C001_T012,organelle,ER,Golgi,0.7164394049072779
D06_S0_C001_T012,organelle,mitochondria,lipid_droplet,0.7137519762443459
D06_S0_C002_T012,organelle,ER,mitochondria,1.0969347259923992
D06_S0_C002_T012,organelle,ER,Golgi,0.8227010444942994
D06_S0_C002_T012,organelle,mitochondria,lipid_droplet,0.7872135521968997
D06_S0_C003_T012,organelle,ER,mitochondria,1.2409848569097288
D06_S0_C003_T012,organelle,ER,Golgi,0.9307386426822966
D06_S0_C003_T012,organelle,mitochondria,lipid_droplet,0.8785416713003509
D06_S0_C004_T012,organelle,ER,mitochondria,0.6837053378705336
D06_S0_C004_T012,organelle,ER,Golgi,0.5127790034029002
D06_S0_C004_T012,organelle,mitochondria,lipid_droplet,0.5232551253886115
D06_S0_C005_T012,organelle,ER,mitochondria,0.8334684103123556
D06_S0_C005_T012,organelle,ER,Golgi,0.6251013077342668
D06_S0_C005_T012,organelle,mitochondria,lipid_droplet,0.6080260914487721
D06_S0_C006_T012,organelle,ER,mitochondria,0.9045799983980632
D06_S0_C006_T012,organelle,ER,Golgi,0.6784349987985474
D06_S0_C006_T012,organelle,mitochondria,lipid_droplet,0.6025546341233226
D06_S0_C007_T012,organelle,ER,mitochondria,0.9986421139065254
D06_S0_C007_T012,organelle,ER,Golgi,0.748981585429894
D06_S0_C007_T012,organelle,mitochondria,lipid_droplet,0.7106483332039918
D06_S0_C008_T012,organelle,ER,mitochondria,0.9175829340623604
D06_S0_C008_T012,organelle,ER,Golgi,0.6881872005467703
D06_S0_C008_T012,organelle,mitochondria,lipid_droplet,0.6347590927376416
D06_S0_C009_T012,organelle,ER,mitochondria,0.9867746103310276
D06_S0_C009_T012,organelle,ER,Golgi,0.7400809577482708
D06_S0_C009_T012,organelle,mitochondria,lipid_droplet,0.7071768607119497
D06_S0_C010_T012,organelle,ER,mitochondria,0.6465709719016975
D06_S0_C010_T012,organelle,ER,Golgi,0.4849282289262732
D06_S0_C010_T012,organelle,mitochondria,lipid_droplet,0.4363428836992694
D06_S0_C011_T012,organelle,ER,mitochondria,1.039998908402422
D06_S0_C011_T012,organelle,ER,Golgi,0.7799991813018164
D06_S0_C011_T012,organelle,mitochondria,lipid_droplet,0.6880624811430373
D06_S0_C012_T012,organelle,ER,mitochondria,1.0091334088383022
D06_S0_C012_T012,organelle,ER,Golgi,0.7568500566287266
D06_S0_C012_T012,organelle,mitochondria,lipid_droplet,0.6873104003391646
D06_S0_C013_T012,organelle,ER,mitochondria,0.7218365478132056
D06_S0_C013_T012,organelle,ER,Golgi,0.5413774108599042
D06_S0_C013_T012,organelle,mitochondria,lipid_droplet,0.47515117009020985
D06_S0_C014_T012,organelle,ER,mitochondria,1.3289059607939648
D06_S0_C014_T012,organelle,ER,Golgi,0.9966794705954736
D06_S0_C014_T012,organelle,mitochondria,lipid_droplet,0.878944326227691
D06_S0_C015_T012,organelle,ER,mitochondria,0.8976653089251364
D06_S0_C015_T012,organelle,ER,Golgi,0.6732489816938523
D06_S0_C015_T012,organelle,mitochondria,lipid_droplet,0.6048297452844023
D06_S0_C016_T012,organelle,ER,mitochondria,0.7385588484454405
D06_S0_C016_T012,organelle,ER,Golgi,0.5539191363340804
D06_S0_C016_T012,organelle,mitochondria,lipid_droplet,0.5486496029950595
D06_S0_C017_T012,organelle,ER,mitochondria,0.8409507139051862
D06_S0_C017_T012,organelle,ER,Golgi,0.6307130354288897
D06_S0_C017_T012,organelle,mitochondria,lipid_droplet,0.6155244986379725
D06_S0_C018_T012,organelle,ER,mitochondria,1.2467338145371765
D06_S0_C018_T012,organelle,ER,Golgi,0.9350503609028824
D06_S0_C018_T012,organelle,mitochondria,lipid_droplet,0.8737305481704809
D06_S0_C019_T012,organelle,ER,mitochondria,0.8566758383993172
D06_S0_C019_T012,organelle,ER,Golgi,0.6425068787994879
D06_S0_C019_T012,organelle,mitochondria,lipid_droplet,0.6253420678625512
D06_S0_C020_T012,organelle,ER,mitochondria,1.0017802662477528
D06_S0_C020_T012,organelle,ER,Golgi,0.7513351996858146
D06_S0_C020_T012,organelle,mitochondria,lipid_droplet,0.6909835608808274
D06_S0_C021_T012,organelle,ER,mitochondria,0.9158347031924062
D06_S0_C021_T012,organelle,ER,Golgi,0.6868760273943046
D06_S0_C021_T012,organelle,mitochondria,lipid_droplet,0.6073787806166894
D06_S0_C022_T012,organelle,ER,mitochondria,0.5231993543825402
D06_S0_C022_T012,organelle,ER,Golgi,0.39239951578690513
D06_S0_C022_T012,organelle,mitochondria,lipid_droplet,0.37270546013923644
D06_S0_C023_T012,organelle,ER,mitochondria,0.9390346116316984
D06_S0_C023_T012,organelle,ER,Golgi,0.7042759587237738
D06_S0_C023_T012,organelle,mitochondria,lipid_droplet,0.6532170269801677
D06_S0_C024_T012,organelle,ER,mitochondria,1.0044654575236749
D06_S0_C024_T012,organelle,ER,Golgi,0.7533490931427562
D06_S0_C024_T012,organelle,mitochondria,lipid_droplet,0.7420943650537116
D06_S0_C025_T012,organelle,ER,mitochondria,1.3021569808418525
D06_S0_C025_T012,organelle,ER,Golgi,0.9766177356313894
D06_S0_C025_T012,organelle,mitochondria,lipid_droplet,0.88086675350299
D06_S0_C026_T012,organelle,ER,mitochondria,1.0875228017419976
D06_S0_C026_T012,organelle,ER,Golgi,0.8156421013064982
D06_S0_C026_T012,organelle,mitochondria,lipid_droplet,0.7246463321430016
D06_S0_C027_T012,organelle,ER,mitochondria,0.8534362340782047
D06_S0_C027_T012,organelle,ER,Golgi,0.6400771755586535
D06_S0_C027_T012,organelle,mitochondria,lipid_droplet,0.6575360548252036
D06_S0_C028_T012,organelle,ER,mitochondria,0.9236956770566395
D06_S0_C028_T012,organelle,ER,Golgi,0.6927717577924796
D06_S0_C028_T012,organelle,mitochondria,lipid_droplet,0.6374225192020632
D06_S0_C029_T012,organelle,ER,mitochondria,0.8666963161678705
D06_S0_C029_T012,organelle,ER,Golgi,0.6500222371259028
D06_S0_C029_T012,organelle,mitochondria,lipid_droplet,0.5854285347642731
D06_S0_C030_T012,organelle,ER,mitochondria,0.7226707949123532
D06_S0_C030_T012,organelle,ER,Golgi,0.5420030961842649
D06_S0_C030_T012,organelle,mitochondria,lipid_droplet,0.5450143362786203
D06_S0_C031_T012,organelle,ER,mitochondria,1.05357095845024
D06_S0_C031_T012,organelle,ER,Golgi,0.79017821883768
D06_S0_C031_T012,organelle,mitochondria,lipid_droplet,0.7416762371743886
D06_S0_C032_T012,organelle,ER,mitochondria,1.0428757471190095
D06_S0_C032_T012,organelle,ER,Golgi,0.7821568103392571
D06_S0_C032_T012,organelle,mitochondria,lipid_droplet,0.6681428018346661
D06_S0_C033_T012,organelle,ER,mitochondria,1.1749954736631492
D06_S0_C033_T012,organelle,ER,Golgi,0.8812466052473619
D06_S0_C033_T012,organelle,mitochondria,lipid_droplet,0.8077569173997107
D06_S0_C034_T012,organelle,ER,mitochondria,1.2718237995387904
D06_S0_C034_T012,organelle,ER,Golgi,0.9538678496540929
D06_S0_C034_T012,organelle,mitochondria,lipid_droplet,0.8280505129565054
D06_S0_C035_T012,organelle,ER,mitochondria,0.7734668001852207
D06_S0_C035_T012,organelle,ER,Golgi,0.5801001001389156
D06_S0_C035_T012,organelle,mitochondria,lipid_droplet,0.4914653594000843
D06_S0_C000_T024,organelle,ER,mitochondria,1.5258571205813987
D06_S0_C000_T024,organelle,ER,Golgi,1.144392840436049
D06_S0_C000_T024,organelle,mitochondria,lipid_droplet,1.0352214163197693
D06_S0_C001_T024,organelle,ER,mitochondria,1.3357366145017306
D06_S0_C001_T024,organelle,ER,Golgi,1.001802460876298
D06_S0_C001_T024,organelle,mitochondria,lipid_droplet,0.930655137975952
D06_S0_C002_T024,organelle,ER,mitochondria,1.4484018562919243
D06_S0_C002_T024,organelle,ER,Golgi,1.0863013922189433
D06_S0_C002_T024,organelle,mitochondria,lipid_droplet,0.9926210209605584
D06_S0_C003_T024,organelle,ER,mitochondria,1.5736804512271467
D06_S0_C003_T024,organelle,ER,Golgi,1.18026033842036
D06_S0_C003_T024,organelle,mitochondria,lipid_droplet,1.0615242481749307
D06_S0_C004_T024,organelle,ER,mitochondria,1.1636336145618327
D06_S0_C004_T024,organelle,ER,Golgi,0.8727252109213746
D06_S0_C004_T024,organelle,mitochondria,lipid_droplet,0.8359984880090081
D06_S0_C005_T024,organelle,ER,mitochondria,1.2394273676369485
D06_S0_C005_T024,organelle,ER,Golgi,0.9295705257277114
D06_S0_C005_T024,organelle,mitochondria,lipid_droplet,0.8776850522003217
D06_S0_C006_T024,organelle,ER,mitochondria,1.348838211292625
D06_S0_C006_T024,organelle,ER,Golgi,1.0116286584694687
D06_S0_C006_T024,organelle,mitochondria,lipid_droplet,0.9378610162109438
D06_S0_C007_T024,organelle,ER,mitochondria,1.3339879935732297
D06_S0_C007_T024,organelle,ER,Golgi,1.0004909951799223
D06_S0_C007_T024,organelle,mitochondria,lipid_droplet,0.9296933964652765
D06_S0_C008_T024,organelle,ER,mitochondria,1.2726723875219892
D06_S0_C008_T024,organelle,ER,Golgi,0.9545042906414919
D06_S0_C008_T024,organelle,mitochondria,lipid_droplet,0.8959698131370941
D06_S0_C009_T024,organelle,ER,mitochondria,1.4074486285577776
D06_S0_C009_T024,organelle,ER,Golgi,1.0555864714183332
D06_S0_C009_T024,organelle,mitochondria,lipid_droplet,0.9700967457067777
D06_S0_C010_T024,organelle,ER,mitochondria,1.0231281353258646
D06_S0_C010_T024,organelle,ER,Golgi,0.7673461014943984
D06_S0_C010_T024,organelle,mitochondria,lipid_droplet,0.7341885667431531
D06_S0_C011_T024,organelle,ER,mitochondria,1.430441728853125
D06_S0_C011_T024,organelle,ER,Golgi,1.0728312966398437
D06_S0_C011_T024,organelle,mitochondria,lipid_droplet,0.9827429508692189
D06_S0_C012_T024,organelle,ER,mitochondria,1.4106548096972036
D06_S0_C012_T024,organelle,ER,Golgi,1.0579911072729027
D06_S0_C012_T024,organelle,mitochondria,lipid_droplet,0.9718601453334621
D06_S0_C013_T024,organelle,ER,mitochondria,1.1013108878291462
D06_S0_C013_T024,organelle,ER,Golgi,0.8259831658718597
D06_S0_C013_T024,organelle,mitochondria,lipid_droplet,0.8017209883060306
D06_S0_C014_T024,organelle,ER,mitochondria,1.7032714157722415
D06_S0_C014_T024,organelle,ER,Golgi,1.2774535618291811
D06_S0_C014_T024,organelle,mitochondria,lipid_droplet,1.132799278674733
D06_S0_C015_T024,organelle,ER,mitochondria,1.2836310560101802
D06_S0_C015_T024,organelle,ER,Golgi,0.9627232920076352
D06_S0_C015_T024,organelle,mitochondria,lipid_droplet,0.9019970808055993
D06_S0_C016_T024,organelle,ER,mitochondria,1.1131963452415443
D06_S0_C016_T024,organelle,ER,Golgi,0.8348972589311583
D06_S0_C016_T024,organelle,mitochondria,lipid_droplet,0.8082579898828495
D06_S0_C017_T024,organelle,ER,mitochondria,1.2146160512585933
D06_S0_C017_T024,organelle,ER,Golgi,0.910962038443945
D06_S0_C017_T024,organelle,mitochondria,lipid_droplet,0.8640388281922264
D06_S0_C018_T024,organelle,ER,mitochondria,1.6872349076108446
D06_S0_C018_T024,organelle,ER,Golgi,1.2654261807081335
D06_S0_C018_T024,organelle,mitochondria,lipid_droplet,1.1239791991859647
D06_S0_C019_T024,organelle,ER,mitochondria,1.2676044688708694
D06_S0_C019_T024,organelle,ER,Golgi,0.950703351653152
D06_S0_C019_T024,organelle,mitochondria,lipid_droplet,0.8931824578789782
D06_S0_C020_T024,organelle,ER,mitochondria,1.4808072082539045
D06_S0_C020_T024,organelle,ER,Golgi,1.1106054061904285
D06_S0_C020_T024,organelle,mitochondria,lipid_droplet,1.0104439645396475
D06_S0_C021_T024,organelle,ER,mitochondria,1.2754289841870108
D06_S0_C021_T024,organelle,ER,Golgi,0.9565717381402581
D06_S0_C021_T024,organelle,mitochondria,lipid_droplet,0.897485941302856
D06_S0_C022_T024,organelle,ER,mitochondria,0.8913329347160239
D06_S0_C022_T024,organelle,ER,Golgi,0.668499701037018
D06_S0_C022_T024,organelle,mitochondria,lipid_droplet,0.6836193102932279
D06_S0_C023_T024,organelle,ER,mitochondria,1.3170860187819073
D06_S0_C023_T024,organelle,ER,Golgi,0.9878145140864305
D06_S0_C023_T024,organelle,mitochondria,lipid_droplet,0.9203973103300491
D06_S0_C024_T024,organelle,ER,mitochondria,1.3935976700952264
D06_S0_C024_T024,organelle,ER,Golgi,1.0451982525714199
D06_S0_C024_T024,organelle,mitochondria,lipid_droplet,0.9624787185523747
D06_S0_C025_T024,organelle,ER,mitochondria,1.6440779840445952
D06_S0_C025_T024,organelle,ER,Golgi,1.2330584880334463
D06_S0_C025_T024,organelle,mitochondria,lipid_droplet,1.1002428912245275
D06_S0_C026_T024,organelle,ER,mitochondria,1.4348805276859895
D06_S0_C026_T024,organelle,ER,Golgi,1.076160395764492
D06_S0_C026_T024,organelle,mitochondria,lipid_droplet,0.9851842902272943
D06_S0_C027_T024,organelle,ER,mitochondria,1.2463017061504298
D06_S0_C027_T024,organelle,ER,Golgi,0.9347262796128224
D06_S0_C027_T024,organelle,mitochondria,lipid_droplet,0.8814659383827363
D06_S0_C028_T024,organelle,ER,mitochondria,1.3304995889268258
D06_S0_C028_T024,organelle,ER,Golgi,0.9978746916951193
D06_S0_C028_T024,organelle,mitochondria,lipid_droplet,0.9277747739097544
D06_S0_C029_T024,organelle,ER,mitochondria,1.2747921878370145
D06_S0_C029_T024,organelle,ER,Golgi,0.9560941408777609
D06_S0_C029_T024,organelle,mitochondria,lipid_droplet,0.897135703310358
D06_S0_C030_T024,organelle,ER,mitochondria,1.1610500761432896
D06_S0_C030_T024,organelle,ER,Golgi,0.8707875571074672
D06_S0_C030_T024,organelle,mitochondria,lipid_droplet,0.8345775418788093
D06_S0_C031_T024,organelle,ER,mitochondria,1.449376970617506
D06_S0_C031_T024,organelle,ER,Golgi,1.0870327279631296
D06_S0_C031_T024,organelle,mitochondria,lipid_droplet,0.9931573338396282
D06_S0_C032_T024,organelle,ER,mitochondria,1.4719301155245073
D06_S0_C032_T024,organelle,ER,Golgi,1.1039475866433803
D06_S0_C032_T024,organelle,mitochondria,lipid_droplet,1.0055615635384791
D06_S0_C033_T024,organelle,ER,mitochondria,1.535193723415885
D06_S0_C033_T024,organelle,ER,Golgi,1.1513952925619138
D06_S0_C033_T024,organelle,mitochondria,lipid_droplet,1.0403565478787369
D06_S0_C034_T024,organelle,ER,mitochondria,1.7052061172172042
D06_S0_C034_T024,organelle,ER,Golgi,1.278904587912903
D06_S0_C034_T024,organelle,mitochondria,lipid_droplet,1.1338633644694625
D06_S0_C035_T024,organelle,ER,mitochondria,1.1578874274334223
D06_S0_C035_T024,organelle,ER,Golgi,0.8684155705750667
D06_S0_C035_T024,organelle,mitochondria,lipid_droplet,0.7998862047023512
D06_S0_C000_T048,organelle,ER,mitochondria,1.8
D06_S0_C000_T048,organelle,ER,Golgi,1.35
D06_S0_C000_T048,organelle,mitochondria,lipid_droplet,1.1860000000000002
D06_S0_C001_T048,organelle,ER,mitochondria,1.8
D06_S0_C001_T048,organelle,ER,Golgi,1.35
D06_S0_C001_T048,organelle,mitochondria,lipid_droplet,1.1860000000000002
D06_S0_C002_T048,organelle,ER,mitochondria,1.8
D06_S0_C002_T048,organelle,ER,Golgi,1.35
D06_S0_C002_T048,organelle,mitochondria,lipid_droplet,1.1860000000000002
D06_S0_C003_T048,organelle,ER,mitochondria,1.8
D06_S0_C003_T048,organelle,ER,Golgi,1.35
D06_S0_C003_T048,organelle,mitochondria,lipid_droplet,1.1860000000000002
D06_S0_C004_T048,organelle,ER,mitochondria,1.6713633666038346
D06_S0_C004_T048,organelle,ER,Golgi,1.2535225249528759
D06_S0_C004_T048,organelle,mitochondria,lipid_droplet,1.115249851632109
D06_S0_C005_T048,organelle,ER,mitochondria,1.7948023983278356
D06_S0_C005_T048,organelle,ER,Golgi,1.3461017987458768
D06_S0_C005_T048,organelle,mitochondria,lipid_droplet,1.1831413190803097
D06_S0_C006_T048,organelle,ER,mitochondria,1.8
D06_S0_C006_T048,organelle,ER,Golgi,1.35
D06_S0_C006_T048,organelle,mitochondria,lipid_droplet,1.1860000000000002
D06_S0_C007_T048,organelle,ER,mitochondria,1.8
D06_S0_C007_T048,organelle,ER,Golgi,1.35
D06_S0_C007_T048,organelle,mitochondria,lipid_droplet,1.1860000000000002
D06_S0_C008_T048,organelle,ER,mitochondria,1.8
D06_S0_C008_T048,organelle,ER,Golgi,1.35
D06_S0_C008_T048,organelle,mitochondria,lipid_droplet,1.1860000000000002
D06_S0_C009_T048,organelle,ER,mitochondria,1.8
D06_S0_C009_T048,organelle,ER,Golgi,1.35
D06_S0_C009_T048,organelle,mitochondria,lipid_droplet,1.1860000000000002
D06_S0_C010_T048,organelle,ER,mitochondria,1.6867798930599482
D06_S0_C010_T048,organelle,ER,Golgi,1.2650849197949612
D06_S0_C010_T048,organelle,mitochondria,lipid_droplet,1.1237289411829716
D06_S0_C011_T048,organelle,ER,mitochondria,1.8
D06_S0_C011_T048,organelle,ER,Golgi,1.35
D06_S0_C011_T048,organelle,mitochondria,lipid_droplet,1.1860000000000002
D06_S0_C012_T048,organelle,ER,mitochondria,1.8
D06_S0_C012_T048,organelle,ER,Golgi,1.35
D06_S0_C012_T048,organelle,mitochondria,lipid_droplet,1.1860000000000002
D06_S0_C013_T048,organelle,ER,mitochondria,1.6961800935346252
D06_S0_C013_T048,organelle,ER,Golgi,1.2721350701509688
D06_S0_C013_T048,organelle,mitochondria,lipid_droplet,1.128899051444044
D06_S0_C014_T048,organelle,ER,mitochondria,1.8
D06_S0_C014_T048,organelle,ER,Golgi,1.35
D06_S0_C014_T048,organelle,mitochondria,lipid_droplet,1.1860000000000002
D06_S0_C015_T048,organelle,ER,mitochondria,1.8
D06_S0_C015_T048,organelle,ER,Golgi,1.35
D06_S0_C015_T048,organelle,mitochondria,lipid_droplet,1.1860000000000002
D06_S0_C016_T048,organelle,ER,mitochondria,1.754771690300117
D06_S0_C016_T048,organelle,ER,Golgi,1.3160787677250876
D06_S0_C016_T048,organelle,mitochondria,lipid_droplet,1.1611244296650645
D06_S0_C017_T048,organelle,ER,mitochondria,1.74033322516596
D06_S0_C017_T048,organelle,ER,Golgi,1.30524991887447
D06_S0_C017_T048,organelle,mitochondria,lipid_droplet,1.1531832738412782
D06_S0_C018_T048,organelle,ER,mitochondria,1.8
D06_S0_C018_T048,organelle,ER,Golgi,1.35
D06_S0_C018_T048,organelle,mitochondria,lipid_droplet,1.1860000000000002
D06_S0_C019_T048,organelle,ER,mitochondria,1.7734230338917865
D06_S0_C019_T048,organelle,ER,Golgi,1.3300672754188398
D06_S0_C019_T048,organelle,mitochondria,lipid_droplet,1.1713826686404827
D06_S0_C020_T048,organelle,ER,mitochondria,1.8
D06_S0_C020_T048,organelle,ER,Golgi,1.35
D06_S0_C020_T048,organelle,mitochondria,lipid_droplet,1.1860000000000002
D06_S0_C021_T048,organelle,ER,mitochondria,1.8
D06_S0_C021_T048,organelle,ER,Golgi,1.35
D06_S0_C021_T048,organelle,mitochondria,lipid_droplet,1.1860000000000002
D06_S0_C022_T048,organelle,ER,mitochondria,1.4895766348988566
D06_S0_C022_T048,organelle,ER,Golgi,1.1171824761741425
D06_S0_C022_T048,organelle,mitochondria,lipid_droplet,1.0152671491943712
D06_S0_C023_T048,organelle,ER,mitochondria,1.8
D06_S0_C023_T048,organelle,ER,Golgi,1.35
D06_S0_C023_T048,organelle,mitochondria,lipid_droplet,1.1860000000000002
D06_S0_C024_T048,organelle,ER,mitochondria,1.8
D06_S0_C024_T048,organelle,ER,Golgi,1.35
D06_S0_C024_T048,organelle,mitochondria,lipid_droplet,1.1860000000000002
D06_S0_C025_T048,organelle,ER,mitochondria,1.8
D06_S0_C025_T048,organelle,ER,Golgi,1.35
D06_S0_C025_T048,organelle,mitochondria,lipid_droplet,1.1860000000000002
D06_S0_C026_T048,organelle,ER,mitochondria,1.8
D06_S0_C026_T048,organelle,ER,Golgi,1.35
D06_S0_C026_T048,organelle,mitochondria,lipid_droplet,1.1860000000000002
D06_S0_C027_T048,organelle,ER,mitochondria,1.688383620157648
D06_S0_C027_T048,organelle,ER,Golgi,1.2662877151182361
D06_S0_C027_T048,organelle,mitochondria,lipid_droplet,1.1246109910867066
D06_S0_C028_T048,organelle,ER,mitochondria,1.8
D06_S0_C028_T048,organelle,ER,Golgi,1.35
D06_S0_C028_T048,organelle,mitochondria,lipid_droplet,1.1860000000000002
D06_S0_C029_T048,organelle,ER,mitochondria,1.8
D06_S0_C029_T048,organelle,ER,Golgi,1.35
D06_S0_C029_T048,organelle,mitochondria,lipid_droplet,1.1860000000000002
D06_S0_C030_T048,organelle,ER,mitochondria,1.636169808270286
D06_S0_C030_T048,organelle,ER,Golgi,1.2271273562027145
D06_S0_C030_T048,organelle,mitochondria,lipid_droplet,1.0958933945486573
D06_S0_C031_T048,organelle,ER,mitochondria,1.8
D06_S0_C031_T048,organelle,ER,Golgi,1.35
D06_S0_C031_T048,organelle,mitochondria,lipid_droplet,1.1860000000000002
D06_S0_C032_T048,organelle,ER,mitochondria,1.8
D06_S0_C032_T048,organelle,ER,Golgi,1.35
D06_S0_C032_T048,organelle,mitochondria,lipid_droplet,1.1860000000000002
D06_S0_C033_T048,organelle,ER,mitochondria,1.8
D06_S0_C033_T048,organelle,ER,Golgi,1.35
D06_S0_C033_T048,organelle,mitochondria,lipid_droplet,1.1860000000000002
D06_S0_C034_T048,organelle,ER,mitochondria,1.8
D06_S0_C034_T048,organelle,ER,Golgi,1.35
D06_S0_C034_T048,organelle,mitochondria,lipid_droplet,1.1860000000000002
D06_S0_C035_T048,organelle,ER,mitochondria,1.8
D06_S0_C035_T048,organelle,ER,Golgi,1.35
D06_S0_C035_T048,organelle,mitochondria,lipid_droplet,1.1860000000000002
D06_S1_C000_T000,organelle,ER,mitochondria,0.517809657935674
D06_S1_C000_T000,organelle,ER,Golgi,0.3883572434517555
D06_S1_C000_T000,organelle,mitochondria,lipid_droplet,0.3669174542818337
D06_S1_C001_T000,organelle,ER,mitochondria,0.7342883617100959
D06_S1_C001_T000,organelle,ER,Golgi,0.550716271282572
D06_S1_C001_T000,organelle,mitochondria,lipid_droplet,0.4985375047737791
D06_S1_C002_T000,organelle,ER,mitochondria,0.6018299947597066
D06_S1_C002_T000,organelle,ER,Golgi,0.4513724960697799
D06_S1_C002_T000,organelle,mitochondria,lipid_droplet,0.42862126047798477
D06_S1_C003_T000,organelle,ER,mitochondria,0.7940269428251062
D06_S1_C003_T000,organelle,ER,Golgi,0.5955202071188297
D06_S1_C003_T000,organelle,mitochondria,lipid_droplet,0.5518850708778502
D06_S1_C004_T000,organelle,ER,mitochondria,0.5285561559817077
D06_S1_C004_T000,organelle,ER,Golgi,0.3964171169862808
D06_S1_C004_T000,organelle,mitochondria,lipid_droplet,0.3881735777095242
D06_S1_C005_T000,organelle,ER,mitochondria,0.7335236408099536
D06_S1_C005_T000,organelle,ER,Golgi,0.5501427306074652
D06_S1_C005_T000,organelle,mitochondria,lipid_droplet,0.5028524557811169
D06_S1_C006_T000,organelle,ER,mitochondria,0.6088473980321693
D06_S1_C006_T000,organelle,ER,Golgi,0.4566355485241269
D06_S1_C006_T000,organelle,mitochondria,lipid_droplet,0.41697063544691243
D06_S1_C007_T000,organelle,ER,mitochondria,0.9260118627607766
D06_S1_C007_T000,organelle,ER,Golgi,0.6945088970705825
D06_S1_C007_T000,organelle,mitochondria,lipid_droplet,0.6032432192927644
D06_S1_C008_T000,organelle,ER,mitochondria,0.8537725932728958
D06_S1_C008_T000,organelle,ER,Golgi,0.6403294449546718
D06_S1_C008_T000,organelle,mitochondria,lipid_droplet,0.5786174627891422
D06_S1_C009_T000,organelle,ER,mitochondria,0.5578999839625597
D06_S1_C009_T000,organelle,ER,Golgi,0.41842498797191974
D06_S1_C009_T000,organelle,mitochondria,lipid_droplet,0.4013331850570119
D06_S1_C010_T000,organelle,ER,mitochondria,0.5766783883313745
D06_S1_C010_T000,organelle,ER,Golgi,0.4325087912485309
D06_S1_C010_T000,organelle,mitochondria,lipid_droplet,0.3913113208376723
D06_S1_C011_T000,organelle,ER,mitochondria,0.4569640885959224
D06_S1_C011_T000,organelle,ER,Golgi,0.34272306644694184
D06_S1_C011_T000,organelle,mitochondria,lipid_droplet,0.296586899600054
D06_S1_C012_T000,organelle,ER,mitochondria,0.6381515388110999
D06_S1_C012_T000,organelle,ER,Golgi,0.4786136541083249
D06_S1_C012_T000,organelle,mitochondria,lipid_droplet,0.4329822387032982
D06_S1_C013_T000,organelle,ER,mitochondria,0.8016886182586033
D06_S1_C013_T000,organelle,ER,Golgi,0.6012664636939524
D06_S1_C013_T000,organelle,mitochondria,lipid_droplet,0.5421473001708741
D06_S1_C014_T000,organelle,ER,mitochondria,0.7863050567798887
D06_S1_C014_T000,organelle,ER,Golgi,0.5897287925849165
D06_S1_C014_T000,organelle,mitochondria,lipid_droplet,0.4766508129702484
D06_S1_C015_T000,organelle,ER,mitochondria,0.6486929592165296
D06_S1_C015_T000,organelle,ER,Golgi,0.4865197194123972
D06_S1_C015_T000,organelle,mitochondria,lipid_droplet,0.39374319856064305
D06_S1_C016_T000,organelle,ER,mitochondria,0.6229440459045876
D06_S1_C016_T000,organelle,ER,Golgi,0.4672080344284407
D06_S1_C016_T000,organelle,mitochondria,lipid_droplet,0.460173122428444
D06_S1_C017_T000,organelle,ER,mitochondria,1.0267857624824435
D06_S1_C017_T000,organelle,ER,Golgi,0.7700893218618325
D06_S1_C017_T000,organelle,mitochondria,lipid_droplet,0.6747302482965796
D06_S1_C018_T000,organelle,ER,mitochondria,0.5660567367540883
D06_S1_C018_T000,organelle,ER,Golgi,0.4245425525655662
D06_S1_C018_T000,organelle,mitochondria,lipid_droplet,0.38138053998224475
D06_S1_C019_T000,organelle,ER,mitochondria,0.6788626997865714
D06_S1_C019_T000,organelle,ER,Golgi,0.5091470248399286
D06_S1_C019_T000,organelle,mitochondria,lipid_droplet,0.45599885828022474
D06_S1_C020_T000,organelle,ER,mitochondria,0.5637444467075129
D06_S1_C020_T000,organelle,ER,Golgi,0.42280833503063464
D06_S1_C020_T000,organelle,mitochondria,lipid_droplet,0.35331014932434496
D06_S1_C021_T000,organelle,ER,mitochondria,0.7834668991128994
D06_S1_C021_T000,organelle,ER,Golgi,0.5876001743346745
D06_S1_C021_T000,organelle,mitochondria,lipid_droplet,0.482099376297387
D06_S1_C022_T000,organelle,ER,mitochondria,0.4646853527041116
D06_S1_C022_T000,organelle,ER,Golgi,0.3485140145280837
D06_S1_C022_T000,organelle,mitochondria,lipid_droplet,0.3378059433922579
D06_S1_C023_T000,organelle,ER,mitochondria,0.9273832934461661
D06_S1_C023_T000,organelle,ER,Golgi,0.6955374700846246
D06_S1_C023_T000,organelle,mitochondria,lipid_droplet,0.5959554528305449
D06_S1_C024_T000,organelle,ER,mitochondria,0.7576449662689181
D06_S1_C024_T000,organelle,ER,Golgi,0.5682337247016885
D06_S1_C024_T000,organelle,mitochondria,lipid_droplet,0.5123816621607726
D06_S1_C025_T000,organelle,ER,mitochondria,0.4940590373342186
D06_S1_C025_T000,organelle,ER,Golgi,0.3705442780006639
D06_S1_C025_T000,organelle,mitochondria,lipid_droplet,0.2986163099398769
D06_S1_C026_T000,organelle,ER,mitochondria,0.47830816858646497
D06_S1_C026_T000,organelle,ER,Golgi,0.3587311264398487
D06_S1_C026_T000,organelle,mitochondria,lipid_droplet,0.3494503266205382
D06_S1_C027_T000,organelle,ER,mitochondria,0.6405673779871384
D06_S1_C027_T000,organelle,ER,Golgi,0.4804255334903538
D06_S1_C027_T000,organelle,mitochondria,lipid_droplet,0.41435590494554375
D06_S1_C028_T000,organelle,ER,mitochondria,0.8820973914309004
D06_S1_C028_T000,organelle,ER,Golgi,0.6615730435731753
D06_S1_C028_T000,organelle,mitochondria,lipid_droplet,0.5745996132489717
D06_S1_C029_T000,organelle,ER,mitochondria,0.6370798735083714
D06_S1_C029_T000,organelle,ER,Golgi,0.4778099051312785
D06_S1_C029_T000,organelle,mitochondria,lipid_droplet,0.4017073243604856
D06_S1_C030_T000,organelle,ER,mitochondria,0.6265226943628763
D06_S1_C030_T000,organelle,ER,Golgi,0.46989202077215725
D06_S1_C030_T000,organelle,mitochondria,lipid_droplet,0.4382007601659259
D06_S1_C031_T000,organelle,ER,mitochondria,0.5401589459640578
D06_S1_C031_T000,organelle,ER,Golgi,0.40511920947304336
D06_S1_C031_T000,organelle,mitochondria,lipid_droplet,0.39942851891747966
D06_S1_C032_T000,organelle,ER,mitochondria,0.6199899834141578
D06_S1_C032_T000,organelle,ER,Golgi,0.46499248756061834
D06_S1_C032_T000,organelle,mitochondria,lipid_droplet,0.43805331910832723
D06_S1_C033_T000,organelle,ER,mitochondria,0.6203124743248956
D06_S1_C033_T000,organelle,ER,Golgi,0.46523435574367167
D06_S1_C033_T000,organelle,mitochondria,lipid_droplet,0.3713998912556895
D06_S1_C034_T000,organelle,ER,mitochondria,0.5368998337525709
D06_S1_C034_T000,organelle,ER,Golgi,0.40267487531442814
D06_S1_C034_T000,organelle,mitochondria,lipid_droplet,0.36897877260065615
D06_S1_C035_T000,organelle,ER,mitochondria,0.3394799582380979
D06_S1_C035_T000,organelle,ER,Golgi,0.25460996867857344
D06_S1_C035_T000,organelle,mitochondria,lipid_droplet,0.23919439715185345
D06_S1_C000_T012,organelle,ER,mitochondria,0.7190848974562897
D06_S1_C000_T012,organelle,ER,Golgi,0.5393136730922172
D06_S1_C000_T012,organelle,mitochondria,lipid_droplet,0.5105466511301716
D06_S1_C001_T012,organelle,ER,mitochondria,1.01890114445092
D06_S1_C001_T012,organelle,ER,Golgi,0.7641758583381899
D06_S1_C001_T012,organelle,mitochondria,lipid_droplet,0.7236763001492628
D06_S1_C002_T012,organelle,ER,mitochondria,0.8558264215207357
D06_S1_C002_T012,organelle,ER,Golgi,0.6418698161405518
D06_S1_C002_T012,organelle,mitochondria,lipid_droplet,0.6378779775608152
D06_S1_C003_T012,organelle,ER,mitochondria,1.025635130309055
D06_S1_C003_T012,organelle,ER,Golgi,0.7692263477317912
D06_S1_C003_T012,organelle,mitochondria,lipid_droplet,0.7382846391059571
D06_S1_C004_T012,organelle,ER,mitochondria,0.7346284650039859
D06_S1_C004_T012,organelle,ER,Golgi,0.5509713487529895
D06_S1_C004_T012,organelle,mitochondria,lipid_droplet,0.5592643346986612
D06_S1_C005_T012,organelle,ER,mitochondria,1.0095067311709067
D06_S1_C005_T012,organelle,ER,Golgi,0.75713004837818
D06_S1_C005_T012,organelle,mitochondria,lipid_droplet,0.7113285388686543
D06_S1_C006_T012,organelle,ER,mitochondria,0.8334753509305478
D06_S1_C006_T012,organelle,ER,Golgi,0.6251065131979109
D06_S1_C006_T012,organelle,mitochondria,lipid_droplet,0.5841456503079938
D06_S1_C007_T012,organelle,ER,mitochondria,1.2321583547382005
D06_S1_C007_T012,organelle,ER,Golgi,0.9241187660536503
D06_S1_C007_T012,organelle,mitochondria,lipid_droplet,0.8456536317882278
D06_S1_C008_T012,organelle,ER,mitochondria,1.1366437614929106
D06_S1_C008_T012,organelle,ER,Golgi,0.8524828211196829
D06_S1_C008_T012,organelle,mitochondria,lipid_droplet,0.8141935655531773
D06_S1_C009_T012,organelle,ER,mitochondria,0.8348919447628855
D06_S1_C009_T012,organelle,ER,Golgi,0.6261689585721641
D06_S1_C009_T012,organelle,mitochondria,lipid_droplet,0.6064321111381182
D06_S1_C010_T012,organelle,ER,mitochondria,0.8814630705048018
D06_S1_C010_T012,organelle,ER,Golgi,0.6610973028786014
D06_S1_C010_T012,organelle,mitochondria,lipid_droplet,0.6245320431060948
D06_S1_C011_T012,organelle,ER,mitochondria,0.6123141847321143
D06_S1_C011_T012,organelle,ER,Golgi,0.4592356385490857
D06_S1_C011_T012,organelle,mitochondria,lipid_droplet,0.43734152694529316
D06_S1_C012_T012,organelle,ER,mitochondria,0.8855327130546735
D06_S1_C012_T012,organelle,ER,Golgi,0.6641495347910051
D06_S1_C012_T012,organelle,mitochondria,lipid_droplet,0.6463187332756408
D06_S1_C013_T012,organelle,ER,mitochondria,0.9818732776922773
D06_S1_C013_T012,organelle,ER,Golgi,0.7364049582692079
D06_S1_C013_T012,organelle,mitochondria,lipid_droplet,0.6959616955034594
D06_S1_C014_T012,organelle,ER,mitochondria,1.053548790540178
D06_S1_C014_T012,organelle,ER,Golgi,0.7901615929051334
D06_S1_C014_T012,organelle,mitochondria,lipid_droplet,0.667301864453739
D06_S1_C015_T012,organelle,ER,mitochondria,0.9099489647355358
D06_S1_C015_T012,organelle,ER,Golgi,0.6824617235516518
D06_S1_C015_T012,organelle,mitochondria,lipid_droplet,0.5970809643000946
D06_S1_C016_T012,organelle,ER,mitochondria,0.8079506386163696
D06_S1_C016_T012,organelle,ER,Golgi,0.6059629789622772
D06_S1_C016_T012,organelle,mitochondria,lipid_droplet,0.6306718586808249
D06_S1_C017_T012,organelle,ER,mitochondria,1.298922244247807
D06_S1_C017_T012,organelle,ER,Golgi,0.9741916831858553
D06_S1_C017_T012,organelle,mitochondria,lipid_droplet,0.8910173118185989
D06_S1_C018_T012,organelle,ER,mitochondria,0.8450933524953792
D06_S1_C018_T012,organelle,ER,Golgi,0.6338200143715345
D06_S1_C018_T012,organelle,mitochondria,lipid_droplet,0.6038689366856136
D06_S1_C019_T012,organelle,ER,mitochondria,0.9638565501617462
D06_S1_C019_T012,organelle,ER,Golgi,0.7228924126213097
D06_S1_C019_T012,organelle,mitochondria,lipid_droplet,0.6625819688979477
D06_S1_C020_T012,organelle,ER,mitochondria,0.7620888523032281
D06_S1_C020_T012,organelle,ER,Golgi,0.571566639227421
D06_S1_C020_T012,organelle,mitochondria,lipid_droplet,0.49929638780387814
D06_S1_C021_T012,organelle,ER,mitochondria,1.1117252212247313
D06_S1_C021_T012,organelle,ER,Golgi,0.8337939159185485
D06_S1_C021_T012,organelle,mitochondria,lipid_droplet,0.7301831182677665
D06_S1_C022_T012,organelle,ER,mitochondria,0.7197580439695281
D06_S1_C022_T012,organelle,ER,Golgi,0.5398185329771461
D06_S1_C022_T012,organelle,mitochondria,lipid_droplet,0.5375713142665383
D06_S1_C023_T012,organelle,ER,mitochondria,1.2464595668967213
D06_S1_C023_T012,organelle,ER,Golgi,0.934844675172541
D06_S1_C023_T012,organelle,mitochondria,lipid_droplet,0.8450930713767641
D06_S1_C024_T012,organelle,ER,mitochondria,1.07695523462327
D06_S1_C024_T012,organelle,ER,Golgi,0.8077164259674525
D06_S1_C024_T012,organelle,mitochondria,lipid_droplet,0.7629371346543852
D06_S1_C025_T012,organelle,ER,mitochondria,0.7862252953061294
D06_S1_C025_T012,organelle,ER,Golgi,0.5896689714795971
D06_S1_C025_T012,organelle,mitochondria,lipid_droplet,0.49586849713650105
D06_S1_C026_T012,organelle,ER,mitochondria,0.769511365555937
D06_S1_C026_T012,organelle,ER,Golgi,0.5771335241669527
D06_S1_C026_T012,organelle,mitochondria,lipid_droplet,0.5622319431931619
D06_S1_C027_T012,organelle,ER,mitochondria,0.8270734282761543
D06_S1_C027_T012,organelle,ER,Golgi,0.6203050712071156
D06_S1_C027_T012,organelle,mitochondria,lipid_droplet,0.5658932516298429
D06_S1_C028_T012,organelle,ER,mitochondria,1.1722062758345237
D06_S1_C028_T012,organelle,ER,Golgi,0.8791547068758928
D06_S1_C028_T012,organelle,mitochondria,lipid_droplet,0.8083904154157754
D06_S1_C029_T012,organelle,ER,mitochondria,0.8265964921597511
D06_S1_C029_T012,organelle,ER,Golgi,0.6199473691198133
D06_S1_C029_T012,organelle,mitochondria,lipid_droplet,0.5510956615413103
D06_S1_C030_T012,organelle,ER,mitochondria,0.8869313309435913
D06_S1_C030_T012,organelle,ER,Golgi,0.6651984982076935
D06_S1_C030_T012,organelle,mitochondria,lipid_droplet,0.6566579050913555
D06_S1_C031_T012,organelle,ER,mitochondria,0.7999336775922652
D06_S1_C031_T012,organelle,ER,Golgi,0.5999502581941989
D06_S1_C031_T012,organelle,mitochondria,lipid_droplet,0.609277296951441
D06_S1_C032_T012,organelle,ER,mitochondria,0.8433823503793765
D06_S1_C032_T012,organelle,ER,Golgi,0.6325367627845324
D06_S1_C032_T012,organelle,mitochondria,lipid_droplet,0.6330435841311468
D06_S1_C033_T012,organelle,ER,mitochondria,0.9096278856081779
D06_S1_C033_T012,organelle,ER,Golgi,0.6822209142061334
D06_S1_C033_T012,organelle,mitochondria,lipid_droplet,0.5784609110741016
D06_S1_C034_T012,organelle,ER,mitochondria,0.7535593891146595
D06_S1_C034_T012,organelle,ER,Golgi,0.5651695418359945
D06_S1_C034_T012,organelle,mitochondria,lipid_droplet,0.5270762832648552
D06_S1_C035_T012,organelle,ER,mitochondria,0.5895686391682433
D06_S1_C035_T012,organelle,ER,Golgi,0.4421764793761825
D06_S1_C035_T012,organelle,mitochondria,lipid_droplet,0.428151318771491
D06_S1_C000_T024,organelle,ER,mitochondria,1.0180555219435798
D06_S1_C000_T024,organelle,ER,Golgi,0.7635416414576849
D06_S1_C000_T024,organelle,mitochondria,lipid_droplet,0.7559305370689691
D06_S1_C001_T024,organelle,ER,mitochondria,1.4314037479491544
D06_S1_C001_T024,organelle,ER,Golgi,1.0735528109618657
D06_S1_C001_T024,organelle,mitochondria,lipid_droplet,0.9832720613720349
D06_S1_C002_T024,organelle,ER,mitochondria,1.2887094814077722
D06_S1_C002_T024,organelle,ER,Golgi,0.9665321110558291
D06_S1_C002_T024,organelle,mitochondria,lipid_droplet,0.9047902147742748
D06_S1_C003_T024,organelle,ER,mitochondria,1.4354891828912313
D06_S1_C003_T024,organelle,ER,Golgi,1.0766168871684234
D06_S1_C003_T024,organelle,mitochondria,lipid_droplet,0.9855190505901772
D06_S1_C004_T024,organelle,ER,mitochondria,1.1321009174927057
D06_S1_C004_T024,organelle,ER,Golgi,0.8490756881195293
D06_S1_C004_T024,organelle,mitochondria,lipid_droplet,0.8186555046209882
D06_S1_C005_T024,organelle,ER,mitochondria,1.4006448170794936
D06_S1_C005_T024,organelle,ER,Golgi,1.0504836128096202
D06_S1_C005_T024,organelle,mitochondria,lipid_droplet,0.9663546493937216
D06_S1_C006_T024,organelle,ER,mitochondria,1.3127939167672475
D06_S1_C006_T024,organelle,ER,Golgi,0.9845954375754357
D06_S1_C006_T024,organelle,mitochondria,lipid_droplet,0.9180366542219862
D06_S1_C007_T024,organelle,ER,mitochondria,1.654081676878853
D06_S1_C007_T024,organelle,ER,Golgi,1.2405612576591398
D06_S1_C007_T024,organelle,mitochondria,lipid_droplet,1.1057449222833693
D06_S1_C008_T024,organelle,ER,mitochondria,1.4702658954684227
D06_S1_C008_T024,organelle,ER,Golgi,1.102699421601317
D06_S1_C008_T024,organelle,mitochondria,lipid_droplet,1.0046462425076326
D06_S1_C009_T024,organelle,ER,mitochondria,1.1065668613676007
D06_S1_C009_T024,organelle,ER,Golgi,0.8299251460257006
D06_S1_C009_T024,organelle,mitochondria,lipid_droplet,0.8046117737521805
D06_S1_C010_T024,organelle,ER,mitochondria,1.3243481612032453
D06_S1_C010_T024,organelle,ER,Golgi,0.993261120902434
D06_S1_C010_T024,organelle,mitochondria,lipid_droplet,0.924391488661785
D06_S1_C011_T024,organelle,ER,mitochondria,1.1102589589790903
D06_S1_C011_T024,organelle,ER,Golgi,0.8326942192343177
D06_S1_C011_T024,organelle,mitochondria,lipid_droplet,0.8066424274384998
D06_S1_C012_T024,organelle,ER,mitochondria,1.1640218763925256
D06_S1_C012_T024,organelle,ER,Golgi,0.8730164072943942
D06_S1_C012_T024,organelle,mitochondria,lipid_droplet,0.8362120320158892
D06_S1_C013_T024,organelle,ER,mitochondria,1.4085777849179928
D06_S1_C013_T024,organelle,ER,Golgi,1.0564333386884945
D06_S1_C013_T024,organelle,mitochondria,lipid_droplet,0.9707177817048962
D06_S1_C014_T024,organelle,ER,mitochondria,1.4289582451999845
D06_S1_C014_T024,organelle,ER,Golgi,1.0717186838999884
D06_S1_C014_T024,organelle,mitochondria,lipid_droplet,0.9819270348599916
D06_S1_C015_T024,organelle,ER,mitochondria,1.379031957995491
D06_S1_C015_T024,organelle,ER,Golgi,1.0342739684966182
D06_S1_C015_T024,organelle,mitochondria,lipid_droplet,0.9544675768975202
D06_S1_C016_T024,organelle,ER,mitochondria,1.1737236343744002
D06_S1_C016_T024,organelle,ER,Golgi,0.8802927257808002
D06_S1_C016_T024,organelle,mitochondria,lipid_droplet,0.8415479989059202
D06_S1_C017_T024,organelle,ER,mitochondria,1.6275229342271473
D06_S1_C017_T024,organelle,ER,Golgi,1.2206422006703606
D06_S1_C017_T024,organelle,mitochondria,lipid_droplet,1.0911376138249311
D06_S1_C018_T024,organelle,ER,mitochondria,1.2891443211558964
D06_S1_C018_T024,organelle,ER,Golgi,0.9668582408669223
D06_S1_C018_T024,organelle,mitochondria,lipid_droplet,0.9050293766357431
D06_S1_C019_T024,organelle,ER,mitochondria,1.3850877238381374
D06_S1_C019_T024,organelle,ER,Golgi,1.038815792878603
D06_S1_C019_T024,organelle,mitochondria,lipid_droplet,0.9577982481109757
D06_S1_C020_T024,organelle,ER,mitochondria,1.1042165924372493
D06_S1_C020_T024,organelle,ER,Golgi,0.828162444327937
D06_S1_C020_T024,organelle,mitochondria,lipid_droplet,0.7827434446605434
D06_S1_C021_T024,organelle,ER,mitochondria,1.5625464417256867
D06_S1_C021_T024,organelle,ER,Golgi,1.171909831294265
D06_S1_C021_T024,organelle,mitochondria,lipid_droplet,1.0554005429491278
D06_S1_C022_T024,organelle,ER,mitochondria,1.1752621452520489
D06_S1_C022_T024,organelle,ER,Golgi,0.8814466089390367
D06_S1_C022_T024,organelle,mitochondria,lipid_droplet,0.842394179888627
D06_S1_C023_T024,organelle,ER,mitochondria,1.5955694120803006
D06_S1_C023_T024,organelle,ER,Golgi,1.1966770590602254
D06_S1_C023_T024,organelle,mitochondria,lipid_droplet,1.0735631766441653
D06_S1_C024_T024,organelle,ER,mitochondria,1.4446058393981864
D06_S1_C024_T024,organelle,ER,Golgi,1.0834543795486398
D06_S1_C024_T024,organelle,mitochondria,lipid_droplet,0.9905332116690027
D06_S1_C025_T024,organelle,ER,mitochondria,1.2144051255211752
D06_S1_C025_T024,organelle,ER,Golgi,0.9108038441408814
D06_S1_C025_T024,organelle,mitochondria,lipid_droplet,0.837360363981188
D06_S1_C026_T024,organelle,ER,mitochondria,1.168997504276501
D06_S1_C026_T024,organelle,ER,Golgi,0.8767481282073758
D06_S1_C026_T024,organelle,mitochondria,lipid_droplet,0.8389486273520756
D06_S1_C027_T024,organelle,ER,mitochondria,1.2082236773969914
D06_S1_C027_T024,organelle,ER,Golgi,0.9061677580477436
D06_S1_C027_T024,organelle,mitochondria,lipid_droplet,0.8605230225683453
D06_S1_C028_T024,organelle,ER,mitochondria,1.5550519954239819
D06_S1_C028_T024,organelle,ER,Golgi,1.1662889965679863
D06_S1_C028_T024,organelle,mitochondria,lipid_droplet,1.0512785974831902
D06_S1_C029_T024,organelle,ER,mitochondria,1.1955806962043038
D06_S1_C029_T024,organelle,ER,Golgi,0.8966855221532279
D06_S1_C029_T024,organelle,mitochondria,lipid_droplet,0.8535693829123672
D06_S1_C030_T024,organelle,ER,mitochondria,1.2673268506768331
D06_S1_C030_T024,organelle,ER,Golgi,0.9504951380076249
D06_S1_C030_T024,organelle,mitochondria,lipid_droplet,0.8930297678722583
D06_S1_C031_T024,organelle,ER,mitochondria,1.209935466057273
D06_S1_C031_T024,organelle,ER,Golgi,0.9074515995429547
D06_S1_C031_T024,organelle,mitochondria,lipid_droplet,0.8614645063315003
D06_S1_C032_T024,organelle,ER,mitochondria,1.1944957758311197
D06_S1_C032_T024,organelle,ER,Golgi,0.8958718318733397
D06_S1_C032_T024,organelle,mitochondria,lipid_droplet,0.852972676707116
D06_S1_C033_T024,organelle,ER,mitochondria,1.381271199588066
D06_S1_C033_T024,organelle,ER,Golgi,1.0359533996910495
D06_S1_C033_T024,organelle,mitochondria,lipid_droplet,0.9556991597734363
D06_S1_C034_T024,organelle,ER,mitochondria,1.1930934103982558
D06_S1_C034_T024,organelle,ER,Golgi,0.8948200577986918
D06_S1_C034_T024,organelle,mitochondria,lipid_droplet,0.8522013757190408
D06_S1_C035_T024,organelle,ER,mitochondria,1.042412953268469
D06_S1_C035_T024,organelle,ER,Golgi,0.7818097149513517
D06_S1_C035_T024,organelle,mitochondria,lipid_droplet,0.769327124297658
D06_S1_C000_T048,organelle,ER,mitochondria,1.685708789898374
D06_S1_C000_T048,organelle,ER,Golgi,1.2642815924237805
D06_S1_C000_T048,organelle,mitochondria,lipid_droplet,1.1231398344441057
D06_S1_C001_T048,organelle,ER,mitochondria,1.8
D06_S1_C001_T048,organelle,ER,Golgi,1.35
D06_S1_C001_T048,organelle,mitochondria,lipid_droplet,1.1860000000000002
D06_S1_C002_T048,organelle,ER,mitochondria,1.7416902347772247
D06_S1_C002_T048,organelle,ER,Golgi,1.3062676760829186
D06_S1_C002_T048,organelle,mitochondria,lipid_droplet,1.1539296291274737
D06_S1_C003_T048,organelle,ER,mitochondria,1.8
D06_S1_C003_T048,organelle,ER,Golgi,1.35
D06_S1_C003_T048,organelle,mitochondria,lipid_droplet,1.1860000000000002
D06_S1_C004_T048,organelle,ER,mitochondria,1.6181901406113626
D06_S1_C004_T048,organelle,ER,Golgi,1.2136426054585219
D06_S1_C004_T048,organelle,mitochondria,lipid_droplet,1.0860045773362494
D06_S1_C005_T048,organelle,ER,mitochondria,1.8
D06_S1_C005_T048,organelle,ER,Golgi,1.35
D06_S1_C005_T048,organelle,mitochondria,lipid_droplet,1.1860000000000002
D06_S1_C006_T048,organelle,ER,mitochondria,1.7500306616644132
D06_S1_C006_T048,organelle,ER,Golgi,1.31252299624831
D06_S1_C006_T048,organelle,mitochondria,lipid_droplet,1.1585168639154273
D06_S1_C007_T048,organelle,ER,mitochondria,1.8
D06_S1_C007_T048,organelle,ER,Golgi,1.35
D06_S1_C007_T048,organelle,mitochondria,lipid_droplet,1.1860000000000002
D06_S1_C008_T048,organelle,ER,mitochondria,1.8
D06_S1_C008_T048,organelle,ER,Golgi,1.35
D06_S1_C008_T048,organelle,mitochondria,lipid_droplet,1.1860000000000002
D06_S1_C009_T048,organelle,ER,mitochondria,1.6636695664601269
D06_S1_C009_T048,organelle,ER,Golgi,1.247752174845095
D06_S1_C009_T048,organelle,mitochondria,lipid_droplet,1.11101826155307
D06_S1_C010_T048,organelle,ER,mitochondria,1.8
D06_S1_C010_T048,organelle,ER,Golgi,1.35
D06_S1_C010_T048,organelle,mitochondria,lipid_droplet,1.1860000000000002
D06_S1_C011_T048,organelle,ER,mitochondria,1.646697656222182
D06_S1_C011_T048,organelle,ER,Golgi,1.2350232421666365
D06_S1_C011_T048,organelle,mitochondria,lipid_droplet,1.1016837109222002
D06_S1_C012_T048,organelle,ER,mitochondria,1.726470976823626
D06_S1_C012_T048,organelle,ER,Golgi,1.2948532326177196
D06_S1_C012_T048,organelle,mitochondria,lipid_droplet,1.1455590372529942
D06_S1_C013_T048,organelle,ER,mitochondria,1.8
D06_S1_C013_T048,organelle,ER,Golgi,1.35
D06_S1_C013_T048,organelle,mitochondria,lipid_droplet,1.1860000000000002
D06_S1_C014_T048,organelle,ER,mitochondria,1.8
D06_S1_C014_T048,organelle,ER,Golgi,1.35
D06_S1_C014_T048,organelle,mitochondria,lipid_droplet,1.1860000000000002
D06_S1_C015_T048,organelle,ER,mitochondria,1.8
D06_S1_C015_T048,organelle,ER,Golgi,1.35
D06_S1_C015_T048,organelle,mitochondria,lipid_droplet,1.1860000000000002
D06_S1_C016_T048,organelle,ER,mitochondria,1.7466715325726194
D06_S1_C016_T048,organelle,ER,Golgi,1.3100036494294645
D06_S1_C016_T048,organelle,mitochondria,lipid_droplet,1.1566693429149408
D06_S1_C017_T048,organelle,ER,mitochondria,1.8
D06_S1_C017_T048,organelle,ER,Golgi,1.35
D06_S1_C017_T048,organelle,mitochondria,lipid_droplet,1.1860000000000002
D06_S1_C018_T048,organelle,ER,mitochondria,1.8
D06_S1_C018_T048,organelle,ER,Golgi,1.35
D06_S1_C018_T048,organelle,mitochondria,lipid_droplet,1.1860000000000002
D06_S1_C019_T048,organelle,ER,mitochondria,1.8
D06_S1_C019_T048,organelle,ER,Golgi,1.35
D06_S1_C019_T048,organelle,mitochondria,lipid_droplet,1.1860000000000002
D06_S1_C020_T048,organelle,ER,mitochondria,1.7990538611041262
D06_S1_C020_T048,organelle,ER,Golgi,1.3492903958280946
D06_S1_C020_T048,organelle,mitochondria,lipid_droplet,1.1854796236072696
D06_S1_C021_T048,organelle,ER,mitochondria,1.8
D06_S1_C021_T048,organelle,ER,Golgi,1.35
D06_S1_C021_T048,organelle,mitochondria,lipid_droplet,1.1860000000000002
D06_S1_C022_T048,organelle,ER,mitochondria,1.6557046672871836
D06_S1_C022_T048,organelle,ER,Golgi,1.2417785004653876
D06_S1_C022_T048,organelle,mitochondria,lipid_droplet,1.1066375670079511
D06_S1_C023_T048,organelle,ER,mitochondria,1.8
D06_S1_C023_T048,organelle,ER,Golgi,1.35
D06_S1_C023_T048,organelle,mitochondria,lipid_droplet,1.1860000000000002
D06_S1_C024_T048,organelle,ER,mitochondria,1.8
D06_S1_C024_T048,organelle,ER,Golgi,1.35
D06_S1_C024_T048,organelle,mitochondria,lipid_droplet,1.1860000000000002
D06_S1_C025_T048,organelle,ER,mitochondria,1.7880637736876648
D06_S1_C025_T048,organelle,ER,Golgi,1.3410478302657487
D06_S1_C025_T048,organelle,mitochondria,lipid_droplet,1.1794350755282157
D06_S1_C026_T048,organelle,ER,mitochondria,1.7031746189044648
D06_S1_C026_T048,organelle,ER,Golgi,1.2773809641783487
D06_S1_C026_T048,organelle,mitochondria,lipid_droplet,1.1327460403974556
D06_S1_C027_T048,organelle,ER,mitochondria,1.8
D06_S1_C027_T048,organelle,ER,Golgi,1.35
D06_S1_C027_T048,organelle,mitochondria,lipid_droplet,1.1860000000000002
D06_S1_C028_T048,organelle,ER,mitochondria,1.8
D06_S1_C028_T048,organelle,ER,Golgi,1.35
D06_S1_C028_T048,organelle,mitochondria,lipid_droplet,1.1860000000000002
D06_S1_C029_T048,organelle,ER,mitochondria,1.8
D06_S1_C029_T048,organelle,ER,Golgi,1.35
D06_S1_C029_T048,organelle,mitochondria,lipid_droplet,1.1860000000000002
D06_S1_C030_T048,organelle,ER,mitochondria,1.765302485519608
D06_S1_C030_T048,organelle,ER,Golgi,1.323976864139706
D06_S1_C030_T048,organelle,mitochondria,lipid_droplet,1.1669163670357845
D06_S1_C031_T048,organelle,ER,mitochondria,1.6698360742637335
D06_S1_C031_T048,organelle,ER,Golgi,1.2523770556978002
D06_S1_C031_T048,organelle,mitochondria,lipid_droplet,1.1144098408450536
D06_S1_C032_T048,organelle,ER,mitochondria,1.7582951179344692
D06_S1_C032_T048,organelle,ER,Golgi,1.3187213384508518
D06_S1_C032_T048,organelle,mitochondria,lipid_droplet,1.1630623148639583
D06_S1_C033_T048,organelle,ER,mitochondria,1.8
D06_S1_C033_T048,organelle,ER,Golgi,1.35
D06_S1_C033_T048,organelle,mitochondria,lipid_droplet,1.1860000000000002
D06_S1_C034_T048,organelle,ER,mitochondria,1.7814514847695846
D06_S1_C034_T048,organelle,ER,Golgi,1.3360886135771883
D06_S1_C034_T048,organelle,mitochondria,lipid_droplet,1.1757983166232717
D06_S1_C035_T048,organelle,ER,mitochondria,1.6221135277858398
D06_S1_C035_T048,organelle,ER,Golgi,1.21658514583938
D06_S1_C035_T048,organelle,mitochondria,lipid_droplet,1.088162440282212
D07_S0_C000_T000,organelle,ER,mitochondria,0.7912304721608736
D07_S0_C000_T000,organelle,ER,Golgi,0.5934228541206552
D07_S0_C000_T000,organelle,mitochondria,lipid_droplet,0.4929412413228398
D07_S0_C001_T000,organelle,ER,mitochondria,0.816531875627848
D07_S0_C001_T000,organelle,ER,Golgi,0.612398906720886
D07_S0_C001_T000,organelle,mitochondria,lipid_droplet,0.5085028281929114
D07_S0_C002_T000,organelle,ER,mitochondria,0.8148622028327661
D07_S0_C002_T000,organelle,ER,Golgi,0.6111466521245745
D07_S0_C002_T000,organelle,mitochondria,lipid_droplet,0.4811236551755954
D07_S0_C003_T000,organelle,ER,mitochondria,0.7862933036085376
D07_S0_C003_T000,organelle,ER,Golgi,0.5897199777064032
D07_S0_C003_T000,organelle,mitochondria,lipid_droplet,0.5034178924826397
D07_S0_C004_T000,organelle,ER,mitochondria,0.5816525133220324
D07_S0_C004_T000,organelle,ER,Golgi,0.43623938499152426
D07_S0_C004_T000,organelle,mitochondria,lipid_droplet,0.39986913401764845
D07_S0_C005_T000,organelle,ER,mitochondria,0.6082614271975891
D07_S0_C005_T000,organelle,ER,Golgi,0.4561960703981919
D07_S0_C005_T000,organelle,mitochondria,lipid_droplet,0.416199808546132
D07_S0_C006_T000,organelle,ER,mitochondria,0.4554498675094137
D07_S0_C006_T000,organelle,ER,Golgi,0.3415874006320603
D07_S0_C006_T000,organelle,mitochondria,lipid_droplet,0.33842668145727195
D07_S0_C007_T000,organelle,ER,mitochondria,0.6285996192462353
D07_S0_C007_T000,organelle,ER,Golgi,0.4714497144346765
D07_S0_C007_T000,organelle,mitochondria,lipid_droplet,0.4083563781069302
D07_S0_C008_T000,organelle,ER,mitochondria,0.7135704114620393
D07_S0_C008_T000,organelle,ER,Golgi,0.5351778085965294
D07_S0_C008_T000,organelle,mitochondria,lipid_droplet,0.4554753614823401
D07_S0_C009_T000,organelle,ER,mitochondria,0.5308128517199854
D07_S0_C009_T000,organelle,ER,Golgi,0.39810963878998906
D07_S0_C009_T000,organelle,mitochondria,lipid_droplet,0.3194884744021142
D07_S0_C010_T000,organelle,ER,mitochondria,0.7517395117614093
D07_S0_C010_T000,organelle,ER,Golgi,0.5638046338210569
D07_S0_C010_T000,organelle,mitochondria,lipid_droplet,0.479644742410537
D07_S0_C011_T000,organelle,ER,mitochondria,0.43732397330167483
D07_S0_C011_T000,organelle,ER,Golgi,0.3279929799762561
D07_S0_C011_T000,organelle,mitochondria,lipid_droplet,0.27215968474390245
D07_S0_C012_T000,organelle,ER,mitochondria,0.42833494865251553
D07_S0_C012_T000,organelle,ER,Golgi,0.3212512114893866
D07_S0_C012_T000,organelle,mitochondria,lipid_droplet,0.3198278138667446
D07_S0_C013_T000,organelle,ER,mitochondria,0.5922788011580621
D07_S0_C013_T000,organelle,ER,Golgi,0.4442091008685466
D07_S0_C013_T000,organelle,mitochondria,lipid_droplet,0.3844656806247567
D07_S0_C014_T000,organelle,ER,mitochondria,0.5645750275754438
D07_S0_C014_T000,organelle,ER,Golgi,0.4234312706815828
D07_S0_C014_T000,organelle,mitochondria,lipid_droplet,0.38167068255771797
D07_S0_C015_T000,organelle,ER,mitochondria,1.0522306615470534
D07_S0_C015_T000,organelle,ER,Golgi,0.78917299616029
D07_S0_C015_T000,organelle,mitochondria,lipid_droplet,0.6689496999302618
D07_S0_C016_T000,organelle,ER,mitochondria,0.7526486496118302
D07_S0_C016_T000,organelle,ER,Golgi,0.5644864872088726
D07_S0_C016_T000,organelle,mitochondria,lipid_droplet,0.4774647493757922
D07_S0_C017_T000,organelle,ER,mitochondria,0.6161566602108013
D07_S0_C017_T000,organelle,ER,Golgi,0.46211749515810097
D07_S0_C017_T000,organelle,mitochondria,lipid_droplet,0.399952942550531
D07_S0_C018_T000,organelle,ER,mitochondria,0.6402102630721358
D07_S0_C018_T000,organelle,ER,Golgi,0.48015769730410185
D07_S0_C018_T000,organelle,mitochondria,lipid_droplet,0.4186766822052185
D07_S0_C019_T000,organelle,ER,mitochondria,0.5673922712270821
D07_S0_C019_T000,organelle,ER,Golgi,0.42554420342031163
D07_S0_C019_T000,organelle,mitochondria,lipid_droplet,0.33877704399560393
D07_S0_C020_T000,organelle,ER,mitochondria,0.730380991905216
D07_S0_C020_T000,organelle,ER,Golgi,0.547785743928912
D07_S0_C020_T000,organelle,mitochondria,lipid_droplet,0.4649487475927183
D07_S0_C021_T000,organelle,ER,mitochondria,0.8539327154409013
D07_S0_C021_T000,organelle,ER,Golgi,0.6404495365806759
D07_S0_C021_T000,organelle,mitochondria,lipid_droplet,0.5598392847621818
D07_S0_C022_T000,organelle,ER,mitochondria,0.703581034161911
D07_S0_C022_T000,organelle,ER,Golgi,0.5276857756214333
D07_S0_C022_T000,organelle,mitochondria,lipid_droplet,0.44215711007816305
D07_S0_C023_T000,organelle,ER,mitochondria,0.6601142812943193
D07_S0_C023_T000,organelle,ER,Golgi,0.49508571097073945
D07_S0_C023_T000,organelle,mitochondria,lipid_droplet,0.38889285875836427
D07_S0_C024_T000,organelle,ER,mitochondria,0.5858311145600561
D07_S0_C024_T000,organelle,ER,Golgi,0.4393733359200421
D07_S0_C024_T000,organelle,mitochondria,lipid_droplet,0.3890808037353336
D07_S0_C025_T000,organelle,ER,mitochondria,0.7831763380746797
D07_S0_C025_T000,organelle,ER,Golgi,0.5873822535560098
D07_S0_C025_T000,organelle,mitochondria,lipid_droplet,0.5144947656549281
D07_S0_C026_T000,organelle,ER,mitochondria,0.6860665413405461
D07_S0_C026_T000,organelle,ER,Golgi,0.5145499060054096
D07_S0_C026_T000,organelle,mitochondria,lipid_droplet,0.47492946686247106
D07_S0_C027_T000,organelle,ER,mitochondria,0.912531973281693
D07_S0_C027_T000,organelle,ER,Golgi,0.6843989799612697
D07_S0_C027_T000,organelle,mitochondria,lipid_droplet,0.6047904382978211
D07_S0_C028_T000,organelle,ER,mitochondria,0.7512873945733383
D07_S0_C028_T000,organelle,ER,Golgi,0.5634655459300038
D07_S0_C028_T000,organelle,mitochondria,lipid_droplet,0.4960100327088041
D07_S0_C029_T000,organelle,ER,mitochondria,0.5193376338828352
D07_S0_C029_T000,organelle,ER,Golgi,0.38950322541212634
D07_S0_C029_T000,organelle,mitochondria,lipid_droplet,0.30760409492559987
D07_S0_C030_T000,organelle,ER,mitochondria,0.3605118331709947
D07_S0_C030_T000,organelle,ER,Golgi,0.27038387487824606
D07_S0_C030_T000,organelle,mitochondria,lipid_droplet,0.2653471504085801
D07_S0_C031_T000,organelle,ER,mitochondria,0.48565555067455046
D07_S0_C031_T000,organelle,ER,Golgi,0.3642416630059129
D07_S0_C031_T000,organelle,mitochondria,lipid_droplet,0.3072866632635374
D07_S0_C032_T000,organelle,ER,mitochondria,0.527909799043375
D07_S0_C032_T000,organelle,ER,Golgi,0.39593234928253124
D07_S0_C032_T000,organelle,mitochondria,lipid_droplet,0.370047983493505
D07_S0_C033_T000,organelle,ER,mitochondria,0.63870827035433
D07_S0_C033_T000,organelle,ER,Golgi,0.4790312027657475
D07_S0_C033_T000,organelle,mitochondria,lipid_droplet,0.3798687654435782
D07_S0_C034_T000,organelle,ER,mitochondria,0.5266134506488214
D07_S0_C034_T000,organelle,ER,Golgi,0.394960087986616
D07_S0_C034_T000,organelle,mitochondria,lipid_droplet,0.3524255117578762
D07_S0_C035_T000,organelle,ER,mitochondria,0.45617589794665314
D07_S0_C035_T000,organelle,ER,Golgi,0.3421319234599899
D07_S0_C035_T000,organelle,mitochondria,lipid_droplet,0.31775033664119395
D07_S0_C000_T012,organelle,ER,mitochondria,1.1318473039534096
D07_S0_C000_T012,organelle,ER,Golgi,0.8488854779650572
D07_S0_C000_T012,organelle,mitochondria,lipid_droplet,0.7531823599109042
D07_S0_C001_T012,organelle,ER,mitochondria,1.128654076511472
D07_S0_C001_T012,organelle,ER,Golgi,0.8464905573836041
D07_S0_C001_T012,organelle,mitochondria,lipid_droplet,0.7349366044955741
D07_S0_C002_T012,organelle,ER,mitochondria,1.215480947764329
D07_S0_C002_T012,organelle,ER,Golgi,0.9116107108232467
D07_S0_C002_T012,organelle,mitochondria,lipid_droplet,0.7906450232929344
D07_S0_C003_T012,organelle,ER,mitochondria,1.084180614367695
D07_S0_C003_T012,organelle,ER,Golgi,0.8131354607757713
D07_S0_C003_T012,organelle,mitochondria,lipid_droplet,0.7480644271785727
D07_S0_C004_T012,organelle,ER,mitochondria,0.860332081019432
D07_S0_C004_T012,organelle,ER,Golgi,0.645249060764574
D07_S0_C004_T012,organelle,mitochondria,lipid_droplet,0.6000017211979873
D07_S0_C005_T012,organelle,ER,mitochondria,0.942090651033543
D07_S0_C005_T012,organelle,ER,Golgi,0.7065679882751572
D07_S0_C005_T012,organelle,mitochondria,lipid_droplet,0.6674835426732053
D07_S0_C006_T012,organelle,ER,mitochondria,0.7131500288227999
D07_S0_C006_T012,organelle,ER,Golgi,0.5348625216170999
D07_S0_C006_T012,organelle,mitochondria,lipid_droplet,0.5496421292440814
D07_S0_C007_T012,organelle,ER,mitochondria,0.9283921083650374
D07_S0_C007_T012,organelle,ER,Golgi,0.696294081273778
D07_S0_C007_T012,organelle,mitochondria,lipid_droplet,0.6362346307666454
D07_S0_C008_T012,organelle,ER,mitochondria,0.9179940081086488
D07_S0_C008_T012,organelle,ER,Golgi,0.6884955060814866
D07_S0_C008_T012,organelle,mitochondria,lipid_droplet,0.6247275788079748
D07_S0_C009_T012,organelle,ER,mitochondria,0.778123550676574
D07_S0_C009_T012,organelle,ER,Golgi,0.5835926630074305
D07_S0_C009_T012,organelle,mitochondria,lipid_droplet,0.5206292834408763
D07_S0_C010_T012,organelle,ER,mitochondria,1.0040384135461309
D07_S0_C010_T012,organelle,ER,Golgi,0.7530288101595981
D07_S0_C010_T012,organelle,mitochondria,lipid_droplet,0.6898490151576989
D07_S0_C011_T012,organelle,ER,mitochondria,0.6842561510568272
D07_S0_C011_T012,organelle,ER,Golgi,0.5131921132926205
D07_S0_C011_T012,organelle,mitochondria,lipid_droplet,0.46772032523302803
D07_S0_C012_T012,organelle,ER,mitochondria,0.651619927108814
D07_S0_C012_T012,organelle,ER,Golgi,0.48871494533161053
D07_S0_C012_T012,organelle,mitochondria,lipid_droplet,0.49091648757062933
D07_S0_C013_T012,organelle,ER,mitochondria,0.843744353163073
D07_S0_C013_T012,organelle,ER,Golgi,0.6328082648723047
D07_S0_C013_T012,organelle,mitochondria,lipid_droplet,0.579177397867443
D07_S0_C014_T012,organelle,ER,mitochondria,0.8710075164320314
D07_S0_C014_T012,organelle,ER,Golgi,0.6532556373240236
D07_S0_C014_T012,organelle,mitochondria,lipid_droplet,0.6078939961440796
D07_S0_C015_T012,organelle,ER,mitochondria,1.335282164451506
D07_S0_C015_T012,organelle,ER,Golgi,1.0014616233386295
D07_S0_C015_T012,organelle,mitochondria,lipid_droplet,0.9154872642786362
D07_S0_C016_T012,organelle,ER,mitochondria,1.0526947949994288
D07_S0_C016_T012,organelle,ER,Golgi,0.7895210962495716
D07_S0_C016_T012,organelle,mitochondria,lipid_droplet,0.7235377933809395
D07_S0_C017_T012,organelle,ER,mitochondria,0.936738082999525
D07_S0_C017_T012,organelle,ER,Golgi,0.7025535622496437
D07_S0_C017_T012,organelle,mitochondria,lipid_droplet,0.6492213231374622
D07_S0_C018_T012,organelle,ER,mitochondria,0.9776466808197319
D07_S0_C018_T012,organelle,ER,Golgi,0.7332350106147989
D07_S0_C018_T012,organelle,mitochondria,lipid_droplet,0.6742205951648669
D07_S0_C019_T012,organelle,ER,mitochondria,0.8853065644860768
D07_S0_C019_T012,organelle,ER,Golgi,0.6639799233645576
D07_S0_C019_T012,organelle,mitochondria,lipid_droplet,0.58169877185212
D07_S0_C020_T012,organelle,ER,mitochondria,0.9515811225423111
D07_S0_C020_T012,organelle,ER,Golgi,0.7136858419067333
D07_S0_C020_T012,organelle,mitochondria,lipid_droplet,0.6636316519479437
D07_S0_C021_T012,organelle,ER,mitochondria,1.0429137585465318
D07_S0_C021_T012,organelle,ER,Golgi,0.7821853189098988
D07_S0_C021_T012,organelle,mitochondria,lipid_droplet,0.7471862577436978
D07_S0_C022_T012,organelle,ER,mitochondria,0.9707207581720921
D07_S0_C022_T012,organelle,ER,Golgi,0.7280405686290691
D07_S0_C022_T012,organelle,mitochondria,lipid_droplet,0.6393837476730728
D07_S0_C023_T012,organelle,ER,mitochondria,0.9189247486878702
D07_S0_C023_T012,organelle,ER,Golgi,0.6891935615159026
D07_S0_C023_T012,organelle,mitochondria,lipid_droplet,0.5882890545627231
D07_S0_C024_T012,organelle,ER,mitochondria,0.8833862407048615
D07_S0_C024_T012,organelle,ER,Golgi,0.6625396805286461
D07_S0_C024_T012,organelle,mitochondria,lipid_droplet,0.6211700663160993
D07_S0_C025_T012,organelle,ER,mitochondria,1.0826184048515413
D07_S0_C025_T012,organelle,ER,Golgi,0.811963803638656
D07_S0_C025_T012,organelle,mitochondria,lipid_droplet,0.7596081459279533
D07_S0_C026_T012,organelle,ER,mitochondria,0.9485012683661461
D07_S0_C026_T012,organelle,ER,Golgi,0.7113759512746096
D07_S0_C026_T012,organelle,mitochondria,lipid_droplet,0.6911708410840725
D07_S0_C027_T012,organelle,ER,mitochondria,1.2761766544488216
D07_S0_C027_T012,organelle,ER,Golgi,0.9571324908366161
D07_S0_C027_T012,organelle,mitochondria,lipid_droplet,0.8978971599468519
D07_S0_C028_T012,organelle,ER,mitochondria,1.0851025473209523
D07_S0_C028_T012,organelle,ER,Golgi,0.8138269104907143
D07_S0_C028_T012,organelle,mitochondria,lipid_droplet,0.7603690255849471
D07_S0_C029_T012,organelle,ER,mitochondria,0.761989112932692
D07_S0_C029_T012,organelle,ER,Golgi,0.571491834699519
D07_S0_C029_T012,organelle,mitochondria,lipid_droplet,0.49302747760808485
D07_S0_C030_T012,organelle,ER,mitochondria,0.6596164041222912
D07_S0_C030_T012,organelle,ER,Golgi,0.4947123030917184
D07_S0_C030_T012,organelle,mitochondria,lipid_droplet,0.4861731912094114
D07_S0_C031_T012,organelle,ER,mitochondria,0.7540112019815531
D07_S0_C031_T012,organelle,ER,Golgi,0.5655084014861649
D07_S0_C031_T012,organelle,mitochondria,lipid_droplet,0.495479576562011
D07_S0_C032_T012,organelle,ER,mitochondria,0.8159044127528083
D07_S0_C032_T012,organelle,ER,Golgi,0.6119283095646062
D07_S0_C032_T012,organelle,mitochondria,lipid_droplet,0.5952226906927613
D07_S0_C033_T012,organelle,ER,mitochondria,0.8909273233481402
D07_S0_C033_T012,organelle,ER,Golgi,0.6681954925111051
D07_S0_C033_T012,organelle,mitochondria,lipid_droplet,0.5778462265252295
D07_S0_C034_T012,organelle,ER,mitochondria,0.7198930116303096
D07_S0_C034_T012,organelle,ER,Golgi,0.5399197587227322
D07_S0_C034_T012,organelle,mitochondria,lipid_droplet,0.5020213984030298
D07_S0_C035_T012,organelle,ER,mitochondria,0.6897779550066794
D07_S0_C035_T012,organelle,ER,Golgi,0.5173334662550095
D07_S0_C035_T012,organelle,mitochondria,lipid_droplet,0.5083801348348351
D07_S0_C000_T024,organelle,ER,mitochondria,1.5659542163055598
D07_S0_C000_T024,organelle,ER,Golgi,1.1744656622291698
D07_S0_C000_T024,organelle,mitochondria,lipid_droplet,1.0572748189680579
D07_S0_C001_T024,organelle,ER,mitochondria,1.5087826457508102
D07_S0_C001_T024,organelle,ER,Golgi,1.1315869843131077
D07_S0_C001_T024,organelle,mitochondria,lipid_droplet,1.0258304551629458
D07_S0_C002_T024,organelle,ER,mitochondria,1.680425991492861
D07_S0_C002_T024,organelle,ER,Golgi,1.2603194936196458
D07_S0_C002_T024,organelle,mitochondria,lipid_droplet,1.1202342953210735
D07_S0_C003_T024,organelle,ER,mitochondria,1.4930632353529603
D07_S0_C003_T024,organelle,ER,Golgi,1.1197974265147201
D07_S0_C003_T024,organelle,mitochondria,lipid_droplet,1.0171847794441282
D07_S0_C004_T024,organelle,ER,mitochondria,1.245375416156215
D07_S0_C004_T024,organelle,ER,Golgi,0.9340315621171612
D07_S0_C004_T024,organelle,mitochondria,lipid_droplet,0.8809564788859183
D07_S0_C005_T024,organelle,ER,mitochondria,1.3930247558918956
D07_S0_C005_T024,organelle,ER,Golgi,1.0447685669189217
D07_S0_C005_T024,organelle,mitochondria,lipid_droplet,0.9621636157405427
D07_S0_C006_T024,organelle,ER,mitochondria,1.1024040708385627
D07_S0_C006_T024,organelle,ER,Golgi,0.8268030531289221
D07_S0_C006_T024,organelle,mitochondria,lipid_droplet,0.8023222389612095
D07_S0_C007_T024,organelle,ER,mitochondria,1.3280262724733474
D07_S0_C007_T024,organelle,ER,Golgi,0.9960197043550105
D07_S0_C007_T024,organelle,mitochondria,lipid_droplet,0.926414449860341
D07_S0_C008_T024,organelle,ER,mitochondria,1.3393066050697846
D07_S0_C008_T024,organelle,ER,Golgi,1.0044799538023383
D07_S0_C008_T024,organelle,mitochondria,lipid_droplet,0.9326186327883816
D07_S0_C009_T024,organelle,ER,mitochondria,1.173114523586777
D07_S0_C009_T024,organelle,ER,Golgi,0.8798358926900828
D07_S0_C009_T024,organelle,mitochondria,lipid_droplet,0.8412129879727275
D07_S0_C010_T024,organelle,ER,mitochondria,1.4545770886635043
D07_S0_C010_T024,organelle,ER,Golgi,1.0909328164976282
D07_S0_C010_T024,organelle,mitochondria,lipid_droplet,0.9960173987649275
D07_S0_C011_T024,organelle,ER,mitochondria,1.164198999467532
D07_S0_C011_T024,organelle,ER,Golgi,0.873149249600649
D07_S0_C011_T024,organelle,mitochondria,lipid_droplet,0.8363094497071426
D07_S0_C012_T024,organelle,ER,mitochondria,1.066569882678078
D07_S0_C012_T024,organelle,ER,Golgi,0.7999274120085585
D07_S0_C012_T024,organelle,mitochondria,lipid_droplet,0.782613435472943
D07_S0_C013_T024,organelle,ER,mitochondria,1.2232573014883767
D07_S0_C013_T024,organelle,ER,Golgi,0.9174429761162826
D07_S0_C013_T024,organelle,mitochondria,lipid_droplet,0.8687915158186073
D07_S0_C014_T024,organelle,ER,mitochondria,1.233290710733831
D07_S0_C014_T024,organelle,ER,Golgi,0.9249680330503731
D07_S0_C014_T024,organelle,mitochondria,lipid_droplet,0.8743098909036071
D07_S0_C015_T024,organelle,ER,mitochondria,1.7996794271983736
D07_S0_C015_T024,organelle,ER,Golgi,1.3497595703987801
D07_S0_C015_T024,organelle,mitochondria,lipid_droplet,1.1858236849591055
D07_S0_C016_T024,organelle,ER,mitochondria,1.5336342272682901
D07_S0_C016_T024,organelle,ER,Golgi,1.1502256704512175
D07_S0_C016_T024,organelle,mitochondria,lipid_droplet,1.0394988249975596
D07_S0_C017_T024,organelle,ER,mitochondria,1.3534785684866193
D07_S0_C017_T024,organelle,ER,Golgi,1.0151089263649644
D07_S0_C017_T024,organelle,mitochondria,lipid_droplet,0.9404132126676408
D07_S0_C018_T024,organelle,ER,mitochondria,1.381236861284598
D07_S0_C018_T024,organelle,ER,Golgi,1.0359276459634486
D07_S0_C018_T024,organelle,mitochondria,lipid_droplet,0.9556802737065289
D07_S0_C019_T024,organelle,ER,mitochondria,1.2890895172385328
D07_S0_C019_T024,organelle,ER,Golgi,0.9668171379288997
D07_S0_C019_T024,organelle,mitochondria,lipid_droplet,0.904999234481193
D07_S0_C020_T024,organelle,ER,mitochondria,1.3685439082677349
D07_S0_C020_T024,organelle,ER,Golgi,1.0264079312008012
D07_S0_C020_T024,organelle,mitochondria,lipid_droplet,0.9486991495472543
D07_S0_C021_T024,organelle,ER,mitochondria,1.490044493161833
D07_S0_C021_T024,organelle,ER,Golgi,1.1175333698713747
D07_S0_C021_T024,organelle,mitochondria,lipid_droplet,1.0155244712390084
D07_S0_C022_T024,organelle,ER,mitochondria,1.4106967795722336
D07_S0_C022_T024,organelle,ER,Golgi,1.058022584679175
D07_S0_C022_T024,organelle,mitochondria,lipid_droplet,0.9718832287647285
D07_S0_C023_T024,organelle,ER,mitochondria,1.4381142199602874
D07_S0_C023_T024,organelle,ER,Golgi,1.0785856649702157
D07_S0_C023_T024,organelle,mitochondria,lipid_droplet,0.9869628209781582
D07_S0_C024_T024,organelle,ER,mitochondria,1.3487492320285313
D07_S0_C024_T024,organelle,ER,Golgi,1.0115619240213984
D07_S0_C024_T024,organelle,mitochondria,lipid_droplet,0.9378120776156922
D07_S0_C025_T024,organelle,ER,mitochondria,1.4800032008148845
D07_S0_C025_T024,organelle,ER,Golgi,1.1100024006111633
D07_S0_C025_T024,organelle,mitochondria,lipid_droplet,1.0100017604481866
D07_S0_C026_T024,organelle,ER,mitochondria,1.3915603705490087
D07_S0_C026_T024,organelle,ER,Golgi,1.0436702779117566
D07_S0_C026_T024,organelle,mitochondria,lipid_droplet,0.9613582038019548
D07_S0_C027_T024,organelle,ER,mitochondria,1.6843295993022704
D07_S0_C027_T024,organelle,ER,Golgi,1.263247199476703
D07_S0_C027_T024,organelle,mitochondria,lipid_droplet,1.122381279616249
D07_S0_C028_T024,organelle,ER,mitochondria,1.4774206818197493
D07_S0_C028_T024,organelle,ER,Golgi,1.108065511364812
D07_S0_C028_T024,organelle,mitochondria,lipid_droplet,1.008581375000862
D07_S0_C029_T024,organelle,ER,mitochondria,1.213957930685807
D07_S0_C029_T024,organelle,ER,Golgi,0.9104684480143552
D07_S0_C029_T024,organelle,mitochondria,lipid_droplet,0.8576901437903478
D07_S0_C030_T024,organelle,ER,mitochondria,1.0895743978437056
D07_S0_C030_T024,organelle,ER,Golgi,0.8171807983827792
D07_S0_C030_T024,organelle,mitochondria,lipid_droplet,0.7952659188140381
D07_S0_C031_T024,organelle,ER,mitochondria,1.2179757211228637
D07_S0_C031_T024,organelle,ER,Golgi,0.9134817908421478
D07_S0_C031_T024,organelle,mitochondria,lipid_droplet,0.865886646617575
D07_S0_C032_T024,organelle,ER,mitochondria,1.2274026633100104
D07_S0_C032_T024,organelle,ER,Golgi,0.9205519974825078
D07_S0_C032_T024,organelle,mitochondria,lipid_droplet,0.8710714648205058
D07_S0_C033_T024,organelle,ER,mitochondria,1.3335588655245623
D07_S0_C033_T024,organelle,ER,Golgi,1.0001691491434217
D07_S0_C033_T024,organelle,mitochondria,lipid_droplet,0.9294573760385094
D07_S0_C034_T024,organelle,ER,mitochondria,1.0846747813067084
D07_S0_C034_T024,organelle,ER,Golgi,0.8135060859800313
D07_S0_C034_T024,organelle,mitochondria,lipid_droplet,0.7925711297186897
D07_S0_C035_T024,organelle,ER,mitochondria,1.0754317913094549
D07_S0_C035_T024,organelle,ER,Golgi,0.8065738434820912
D07_S0_C035_T024,organelle,mitochondria,lipid_droplet,0.7874874852202003
D07_S0_C000_T048,organelle,ER,mitochondria,1.8
D07_S0_C000_T048,organelle,ER,Golgi,1.35
D07_S0_C000_T048,organelle,mitochondria,lipid_droplet,1.1860000000000002
D07_S0_C001_T048,organelle,ER,mitochondria,1.8
D07_S0_C001_T048,organelle,ER,Golgi,1.35
D07_S0_C001_T048,organelle,mitochondria,lipid_droplet,1.1860000000000002
D07_S0_C002_T048,organelle,ER,mitochondria,1.8
D07_S0_C002_T048,organelle,ER,Golgi,1.35
D07_S0_C002_T048,organelle,mitochondria,lipid_droplet,1.1860000000000002
D07_S0_C003_T048,organelle,ER,mitochondria,1.8
D07_S0_C003_T048,organelle,ER,Golgi,1.35
D07_S0_C003_T048,organelle,mitochondria,lipid_droplet,1.1860000000000002
D07_S0_C004_T048,organelle,ER,mitochondria,1.8
D07_S0_C004_T048,organelle,ER,Golgi,1.35
D07_S0_C004_T048,organelle,mitochondria,lipid_droplet,1.1860000000000002
D07_S0_C005_T048,organelle,ER,mitochondria,1.8
D07_S0_C005_T048,organelle,ER,Golgi,1.35
D07_S0_C005_T048,organelle,mitochondria,lipid_droplet,1.1860000000000002
D07_S0_C006_T048,organelle,ER,mitochondria,1.564859885777364
D07_S0_C006_T048,organelle,ER,Golgi,1.173644914333023
D07_S0_C006_T048,organelle,mitochondria,lipid_droplet,1.0566729371775503
D07_S0_C007_T048,organelle,ER,mitochondria,1.8
D07_S0_C007_T048,organelle,ER,Golgi,1.35
D07_S0_C007_T048,organelle,mitochondria,lipid_droplet,1.1860000000000002
D07_S0_C008_T048,organelle,ER,mitochondria,1.8
D07_S0_C008_T048,organelle,ER,Golgi,1.35
D07_S0_C008_T048,organelle,mitochondria,lipid_droplet,1.1860000000000002
D07_S0_C009_T048,organelle,ER,mitochondria,1.7169081924984866
D07_S0_C009_T048,organelle,ER,Golgi,1.287681144373865
D07_S0_C009_T048,organelle,mitochondria,lipid_droplet,1.1402995058741676
D07_S0_C010_T048,organelle,ER,mitochondria,1.8
D07_S0_C010_T048,organelle,ER,Golgi,1.35
D07_S0_C010_T048,organelle,mitochondria,lipid_droplet,1.1860000000000002
D07_S0_C011_T048,organelle,ER,mitochondria,1.7177045505062738
D07_S0_C011_T048,organelle,ER,Golgi,1.2882784128797053
D07_S0_C011_T048,organelle,mitochondria,lipid_droplet,1.1407375027784508
D07_S0_C012_T048,organelle,ER,mitochondria,1.562924888070434
D07_S0_C012_T048,organelle,ER,Golgi,1.1721936660528256
D07_S0_C012_T048,organelle,mitochondria,lipid_droplet,1.0556086884387388
D07_S0_C013_T048,organelle,ER,mitochondria,1.8
D07_S0_C013_T048,organelle,ER,Golgi,1.35
D07_S0_C013_T048,organelle,mitochondria,lipid_droplet,1.1860000000000002
D07_S0_C014_T048,organelle,ER,mitochondria,1.8
D07_S0_C014_T048,organelle,ER,Golgi,1.35
D07_S0_C014_T048,organelle,mitochondria,lipid_droplet,1.1860000000000002
D07_S0_C015_T048,organelle,ER,mitochondria,1.8
D07_S0_C015_T048,organelle,ER,Golgi,1.35
D07_S0_C015_T048,organelle,mitochondria,lipid_droplet,1.1860000000000002
D07_S0_C016_T048,organelle,ER,mitochondria,1.8
D07_S0_C016_T048,organelle,ER,Golgi,1.35
D07_S0_C016_T048,organelle,mitochondria,lipid_droplet,1.1860000000000002
D07_S0_C017_T048,organelle,ER,mitochondria,1.8
D07_S0_C017_T048,organelle,ER,Golgi,1.35
D07_S0_C017_T048,organelle,mitochondria,lipid_droplet,1.1860000000000002
D07_S0_C018_T048,organelle,ER,mitochondria,1.8
D07_S0_C018_T048,organelle,ER,Golgi,1.35
D07_S0_C018_T048,organelle,mitochondria,lipid_droplet,1.1860000000000002
D07_S0_C019_T048,organelle,ER,mitochondria,1.8
D07_S0_C019_T048,organelle,ER,Golgi,1.35
D07_S0_C019_T048,organelle,mitochondria,lipid_droplet,1.1860000000000002
D07_S0_C020_T048,organelle,ER,mitochondria,1.8
D07_S0_C020_T048,organelle,ER,Golgi,1.35
D07_S0_C020_T048,organelle,mitochondria,lipid_droplet,1.1860000000000002
D07_S0_C021_T048,organelle,ER,mitochondria,1.8
D07_S0_C021_T048,organelle,ER,Golgi,1.35
D07_S0_C021_T048,organelle,mitochondria,lipid_droplet,1.1860000000000002
D07_S0_C022_T048,organelle,ER,mitochondria,1.8
D07_S0_C022_T048,organelle,ER,Golgi,1.35
D07_S0_C022_T048,organelle,mitochondria,lipid_droplet,1.1860000000000002
D07_S0_C023_T048,organelle,ER,mitochondria,1.8
D07_S0_C023_T048,organelle,ER,Golgi,1.35
D07_S0_C023_T048,organelle,mitochondria,lipid_droplet,1.1860000000000002
D07_S0_C024_T048,organelle,ER,mitochondria,1.7962039157611285
D07_S0_C024_T048,organelle,ER,Golgi,1.3471529368208464
D07_S0_C024_T048,organelle,mitochondria,lipid_droplet,1.1839121536686208
D07_S0_C025_T048,organelle,ER,mitochondria,1.8
D07_S0_C025_T048,organelle,ER,Golgi,1.35
D07_S0_C025_T048,organelle,mitochondria,lipid_droplet,1.1860000000000002
D07_S0_C026_T048,organelle,ER,mitochondria,1.8
D07_S0_C026_T048,organelle,ER,Golgi,1.35
D07_S0_C026_T048,organelle,mitochondria,lipid_droplet,1.1860000000000002
D07_S0_C027_T048,organelle,ER,mitochondria,1.8
D07_S0_C027_T048,organelle,ER,Golgi,1.35
D07_S0_C027_T048,organelle,mitochondria,lipid_droplet,1.1860000000000002
D07_S0_C028_T048,organelle,ER,mitochondria,1.8
D07_S0_C028_T048,organelle,ER,Golgi,1.35
D07_S0_C028_T048,organelle,mitochondria,lipid_droplet,1.1860000000000002
D07_S0_C029_T048,organelle,ER,mitochondria,1.7300338570042448
D07_S0_C029_T048,organelle,ER,Golgi,1.2975253927531836
D07_S0_C029_T048,organelle,mitochondria,lipid_droplet,1.1475186213523347
D07_S0_C030_T048,organelle,ER,mitochondria,1.609967435380316
D07_S0_C030_T048,organelle,ER,Golgi,1.207475576535237
D07_S0_C030_T048,organelle,mitochondria,lipid_droplet,1.081482089459174
D07_S0_C031_T048,organelle,ER,mitochondria,1.789129927504008
D07_S0_C031_T048,organelle,ER,Golgi,1.341847445628006
D07_S0_C031_T048,organelle,mitochondria,lipid_droplet,1.1800214601272045
D07_S0_C032_T048,organelle,ER,mitochondria,1.7290176493857896
D07_S0_C032_T048,organelle,ER,Golgi,1.2967632370393423
D07_S0_C032_T048,organelle,mitochondria,lipid_droplet,1.1469597071621844
D07_S0_C033_T048,organelle,ER,mitochondria,1.8
D07_S0_C033_T048,organelle,ER,Golgi,1.35
D07_S0_C033_T048,organelle,mitochondria,lipid_droplet,1.1860000000000002
D07_S0_C034_T048,organelle,ER,mitochondria,1.6179117838325685
D07_S0_C034_T048,organelle,ER,Golgi,1.2134338378744265
D07_S0_C034_T048,organelle,mitochondria,lipid_droplet,1.0858514811079127
D07_S0_C035_T048,organelle,ER,mitochondria,1.59550317927983
D07_S0_C035_T048,organelle,ER,Golgi,1.1966273844598725
D07_S0_C035_T048,organelle,mitochondria,lipid_droplet,1.0735267486039066
D07_S1_C000_T000,organelle,ER,mitochondria,0.5878115702856466
D07_S1_C000_T000,organelle,ER,Golgi,0.4408586777142349
D07_S1_C000_T000,organelle,mitochondria,lipid_droplet,0.3927855522915584
D07_S1_C001_T000,organelle,ER,mitochondria,0.45003039686209667
D07_S1_C001_T000,organelle,ER,Golgi,0.3375227976465725
D07_S1_C001_T000,organelle,mitochondria,lipid_droplet,0.31469763255076466
D07_S1_C002_T000,organelle,ER,mitochondria,0.7961784121166618
D07_S1_C002_T000,organelle,ER,Golgi,0.5971338090874964
D07_S1_C002_T000,organelle,mitochondria,lipid_droplet,0.5186054113585961
D07_S1_C003_T000,organelle,ER,mitochondria,0.5088151506751571
D07_S1_C003_T000,organelle,ER,Golgi,0.3816113630063679
D07_S1_C003_T000,organelle,mitochondria,lipid_droplet,0.35401299654056845
D07_S1_C004_T000,organelle,ER,mitochondria,0.817617940617845
D07_S1_C004_T000,organelle,ER,Golgi,0.6132134554633837
D07_S1_C004_T000,organelle,mitochondria,lipid_droplet,0.5032420353491347
D07_S1_C005_T000,organelle,ER,mitochondria,0.6109055721435813
D07_S1_C005_T000,organelle,ER,Golgi,0.458179179107686
D07_S1_C005_T000,organelle,mitochondria,lipid_droplet,0.41646634427765666
D07_S1_C006_T000,organelle,ER,mitochondria,0.5188880674749184
D07_S1_C006_T000,organelle,ER,Golgi,0.3891660506061888
D07_S1_C006_T000,organelle,mitochondria,lipid_droplet,0.3703384503939551
D07_S1_C007_T000,organelle,ER,mitochondria,0.5215627925864605
D07_S1_C007_T000,organelle,ER,Golgi,0.3911720944398454
D07_S1_C007_T000,organelle,mitochondria,lipid_droplet,0.38335605574061227
D07_S1_C008_T000,organelle,ER,mitochondria,0.7848557162571894
D07_S1_C008_T000,organelle,ER,Golgi,0.5886417871928921
D07_S1_C008_T000,organelle,mitochondria,lipid_droplet,0.4957127720573274
D07_S1_C009_T000,organelle,ER,mitochondria,0.4846231735119539
D07_S1_C009_T000,organelle,ER,Golgi,0.3634673801339654
D07_S1_C009_T000,organelle,mitochondria,lipid_droplet,0.3287079081685264
D07_S1_C010_T000,organelle,ER,mitochondria,0.622939595751123
D07_S1_C010_T000,organelle,ER,Golgi,0.46720469681334226
D07_S1_C010_T000,organelle,mitochondria,lipid_droplet,0.38760154529417573
D07_S1_C011_T000,organelle,ER,mitochondria,0.38403243107621315
D07_S1_C011_T000,organelle,ER,Golgi,0.2880243233071599
D07_S1_C011_T000,organelle,mitochondria,lipid_droplet,0.26835623874860826
D07_S1_C012_T000,organelle,ER,mitochondria,0.4875334530426175
D07_S1_C012_T000,organelle,ER,Golgi,0.3656500897819631
D07_S1_C012_T000,organelle,mitochondria,lipid_droplet,0.3067615557020098
D07_S1_C013_T000,organelle,ER,mitochondria,0.7814508834494014
D07_S1_C013_T000,organelle,ER,Golgi,0.5860881625870511
D07_S1_C013_T000,organelle,mitochondria,lipid_droplet,0.5341503690879914
D07_S1_C014_T000,organelle,ER,mitochondria,0.8290638458937352
D07_S1_C014_T000,organelle,ER,Golgi,0.6217978844203014
D07_S1_C014_T000,organelle,mitochondria,lipid_droplet,0.5293288141044569
D07_S1_C015_T000,organelle,ER,mitochondria,0.4590722415699786
D07_S1_C015_T000,organelle,ER,Golgi,0.34430418117748396
D07_S1_C015_T000,organelle,mitochondria,lipid_droplet,0.30925213509661215
D07_S1_C016_T000,organelle,ER,mitochondria,0.6324078271250682
D07_S1_C016_T000,organelle,ER,Golgi,0.4743058703438011
D07_S1_C016_T000,organelle,mitochondria,lipid_droplet,0.41342447524035275
D07_S1_C017_T000,organelle,ER,mitochondria,0.9592458360057735
D07_S1_C017_T000,organelle,ER,Golgi,0.7194343770043301
D07_S1_C017_T000,organelle,mitochondria,lipid_droplet,0.6127054517502688
D07_S1_C018_T000,organelle,ER,mitochondria,0.4130367550781551
D07_S1_C018_T000,organelle,ER,Golgi,0.30977756630861636
D07_S1_C018_T000,organelle,mitochondria,lipid_droplet,0.2636235429739579
D07_S1_C019_T000,organelle,ER,mitochondria,0.6009586167332879
D07_S1_C019_T000,organelle,ER,Golgi,0.4507189625499659
D07_S1_C019_T000,organelle,mitochondria,lipid_droplet,0.4254091630083351
D07_S1_C020_T000,organelle,ER,mitochondria,0.6755842210173071
D07_S1_C020_T000,organelle,ER,Golgi,0.5066881657629803
D07_S1_C020_T000,organelle,mitochondria,lipid_droplet,0.42281326576652967
D07_S1_C021_T000,organelle,ER,mitochondria,0.8451493504102431
D07_S1_C021_T000,organelle,ER,Golgi,0.6338620128076823
D07_S1_C021_T000,organelle,mitochondria,lipid_droplet,0.5602113583279135
D07_S1_C022_T000,organelle,ER,mitochondria,0.9208166242141897
D07_S1_C022_T000,organelle,ER,Golgi,0.6906124681606423
D07_S1_C022_T000,organelle,mitochondria,lipid_droplet,0.5698014331111164
D07_S1_C023_T000,organelle,ER,mitochondria,0.7405617454469865
D07_S1_C023_T000,organelle,ER,Golgi,0.5554213090852399
D07_S1_C023_T000,organelle,mitochondria,lipid_droplet,0.45557845335217256
D07_S1_C024_T000,organelle,ER,mitochondria,0.7564906019157117
D07_S1_C024_T000,organelle,ER,Golgi,0.5673679514367838
D07_S1_C024_T000,organelle,mitochondria,lipid_droplet,0.49713368501165967
D07_S1_C025_T000,organelle,ER,mitochondria,0.5781120188717078
D07_S1_C025_T000,organelle,ER,Golgi,0.4335840141537809
D07_S1_C025_T000,organelle,mitochondria,lipid_droplet,0.3819748191246316
D07_S1_C026_T000,organelle,ER,mitochondria,0.6675930649479135
D07_S1_C026_T000,organelle,ER,Golgi,0.5006947987109351
D07_S1_C026_T000,organelle,mitochondria,lipid_droplet,0.45854632815007035
D07_S1_C027_T000,organelle,ER,mitochondria,0.7604259104805965
D07_S1_C027_T000,organelle,ER,Golgi,0.5703194328604474
D07_S1_C027_T000,organelle,mitochondria,lipid_droplet,0.46352573157686944
D07_S1_C028_T000,organelle,ER,mitochondria,0.5870949703372135
D07_S1_C028_T000,organelle,ER,Golgi,0.4403212277529101
D07_S1_C028_T000,organelle,mitochondria,lipid_droplet,0.39962314181294656
D07_S1_C029_T000,organelle,ER,mitochondria,0.8568864590581254
D07_S1_C029_T000,organelle,ER,Golgi,0.642664844293594
D07_S1_C029_T000,organelle,mitochondria,lipid_droplet,0.5657323392168632
D07_S1_C030_T000,organelle,ER,mitochondria,0.9737228931830307
D07_S1_C030_T000,organelle,ER,Golgi,0.7302921698872731
D07_S1_C030_T000,organelle,mitochondria,lipid_droplet,0.6319493470404877
D07_S1_C031_T000,organelle,ER,mitochondria,0.7758030462764774
D07_S1_C031_T000,organelle,ER,Golgi,0.5818522847073581
D07_S1_C031_T000,organelle,mitochondria,lipid_droplet,0.48244405462554746
D07_S1_C032_T000,organelle,ER,mitochondria,0.7029784530213157
D07_S1_C032_T000,organelle,ER,Golgi,0.5272338397659868
D07_S1_C032_T000,organelle,mitochondria,lipid_droplet,0.47638159390683205
D07_S1_C033_T000,organelle,ER,mitochondria,0.5612289801033914
D07_S1_C033_T000,organelle,ER,Golgi,0.42092173507754355
D07_S1_C033_T000,organelle,mitochondria,lipid_droplet,0.3799165213268295
D07_S1_C034_T000,organelle,ER,mitochondria,0.42776340925326106
D07_S1_C034_T000,organelle,ER,Golgi,0.32082255693994577
D07_S1_C034_T000,organelle,mitochondria,lipid_droplet,0.29946035289300793
D07_S1_C035_T000,organelle,ER,mitochondria,0.6627523618891641
D07_S1_C035_T000,organelle,ER,Golgi,0.49706427141687304
D07_S1_C035_T000,organelle,mitochondria,lipid_droplet,0.4134152749323942
D07_S1_C000_T012,organelle,ER,mitochondria,0.8818945532457155
D07_S1_C000_T012,organelle,ER,Golgi,0.6614209149342867
D07_S1_C000_T012,organelle,mitochondria,lipid_droplet,0.6378915979193204
D07_S1_C001_T012,organelle,ER,mitochondria,0.626970817617578
D07_S1_C001_T012,organelle,ER,Golgi,0.4702281132131835
D07_S1_C001_T012,organelle,mitochondria,lipid_droplet,0.4554145584782686
D07_S1_C002_T012,organelle,ER,mitochondria,1.0730389225599102
D07_S1_C002_T012,organelle,ER,Golgi,0.8047791919199326
D07_S1_C002_T012,organelle,mitochondria,lipid_droplet,0.7342145807316508
D07_S1_C003_T012,organelle,ER,mitochondria,0.8192354448247262
D07_S1_C003_T012,organelle,ER,Golgi,0.6144265836185446
D07_S1_C003_T012,organelle,mitochondria,lipid_droplet,0.5853728175422904
D07_S1_C004_T012,organelle,ER,mitochondria,1.08817292700805
D07_S1_C004_T012,organelle,ER,Golgi,0.8161296952560375
D07_S1_C004_T012,organelle,mitochondria,lipid_droplet,0.7275744647683696
D07_S1_C005_T012,organelle,ER,mitochondria,0.9950881045332997
D07_S1_C005_T012,organelle,ER,Golgi,0.7463160783999747
D07_S1_C005_T012,organelle,mitochondria,lipid_droplet,0.7185304759664385
D07_S1_C006_T012,organelle,ER,mitochondria,0.7489501890612866
D07_S1_C006_T012,organelle,ER,Golgi,0.561712641795965
D07_S1_C006_T012,organelle,mitochondria,lipid_droplet,0.5402622339273939
D07_S1_C007_T012,organelle,ER,mitochondria,0.8565284809046247
D07_S1_C007_T012,organelle,ER,Golgi,0.6423963606784686
D07_S1_C007_T012,organelle,mitochondria,lipid_droplet,0.6570448953904265
D07_S1_C008_T012,organelle,ER,mitochondria,1.0004506421843558
D07_S1_C008_T012,organelle,ER,Golgi,0.7503379816382668
D07_S1_C008_T012,organelle,mitochondria,lipid_droplet,0.6852490792095078
D07_S1_C009_T012,organelle,ER,mitochondria,0.7604172458415572
D07_S1_C009_T012,organelle,ER,Golgi,0.5703129343811679
D07_S1_C009_T012,organelle,mitochondria,lipid_droplet,0.5394601828001645
D07_S1_C010_T012,organelle,ER,mitochondria,0.905156661115593
D07_S1_C010_T012,organelle,ER,Golgi,0.6788674958366947
D07_S1_C010_T012,organelle,mitochondria,lipid_droplet,0.5858334366205976
D07_S1_C011_T012,organelle,ER,mitochondria,0.6925716611472322
D07_S1_C011_T012,organelle,ER,Golgi,0.5194287458604242
D07_S1_C011_T012,organelle,mitochondria,lipid_droplet,0.49577534896686465
D07_S1_C012_T012,organelle,ER,mitochondria,0.7481580382283851
D07_S1_C012_T012,organelle,ER,Golgi,0.5611185286712889
D07_S1_C012_T012,organelle,mitochondria,lipid_droplet,0.512135585287048
D07_S1_C013_T012,organelle,ER,mitochondria,1.0726329212126884
D07_S1_C013_T012,organelle,ER,Golgi,0.8044746909095163
D07_S1_C013_T012,organelle,mitochondria,lipid_droplet,0.7617672861730663
D07_S1_C014_T012,organelle,ER,mitochondria,1.158743563305763
D07_S1_C014_T012,organelle,ER,Golgi,0.8690576724793222
D07_S1_C014_T012,organelle,mitochondria,lipid_droplet,0.7896816925747772
D07_S1_C015_T012,organelle,ER,mitochondria,0.759929382796852
D07_S1_C015_T012,organelle,ER,Golgi,0.5699470370976389
D07_S1_C015_T012,organelle,mitochondria,lipid_droplet,0.5231403150689367
D07_S1_C016_T012,organelle,ER,mitochondria,0.8700757832148858
D07_S1_C016_T012,organelle,ER,Golgi,0.6525568374111643
D07_S1_C016_T012,organelle,mitochondria,lipid_droplet,0.588126015877745
D07_S1_C017_T012,organelle,ER,mitochondria,1.2778925079725143
D07_S1_C017_T012,organelle,ER,Golgi,0.9584193809793857
D07_S1_C017_T012,organelle,mitochondria,lipid_droplet,0.8711058134296398
D07_S1_C018_T012,organelle,ER,mitochondria,0.6822498773622895
D07_S1_C018_T012,organelle,ER,Golgi,0.5116874080217171
D07_S1_C018_T012,organelle,mitochondria,lipid_droplet,0.4548697825542576
D07_S1_C019_T012,organelle,ER,mitochondria,0.9373346056060138
D07_S1_C019_T012,organelle,ER,Golgi,0.7030009542045104
D07_S1_C019_T012,organelle,mitochondria,lipid_droplet,0.6740823114622397
D07_S1_C020_T012,organelle,ER,mitochondria,0.8516408062221871
D07_S1_C020_T012,organelle,ER,Golgi,0.6387306046666403
D07_S1_C020_T012,organelle,mitochondria,lipid_droplet,0.5651912336996966
D07_S1_C021_T012,organelle,ER,mitochondria,1.1339919454965597
D07_S1_C021_T012,organelle,ER,Golgi,0.8504939591224198
D07_S1_C021_T012,organelle,mitochondria,lipid_droplet,0.8083349426567767
D07_S1_C022_T012,organelle,ER,mitochondria,1.2459133103470454
D07_S1_C022_T012,organelle,ER,Golgi,0.934434982760284
D07_S1_C022_T012,organelle,mitochondria,lipid_droplet,0.8257565618854625
D07_S1_C023_T012,organelle,ER,mitochondria,0.9422138142522574
D07_S1_C023_T012,organelle,ER,Golgi,0.706660360689193
D07_S1_C023_T012,organelle,mitochondria,lipid_droplet,0.6347888878506862
D07_S1_C024_T012,organelle,ER,mitochondria,1.0555102090563178
D07_S1_C024_T012,organelle,ER,Golgi,0.7916326567922383
D07_S1_C024_T012,organelle,mitochondria,lipid_droplet,0.7429313708199103
D07_S1_C025_T012,organelle,ER,mitochondria,0.8409987612679689
D07_S1_C025_T012,organelle,ER,Golgi,0.6307490709509767
D07_S1_C025_T012,organelle,mitochondria,lipid_droplet,0.5961446324483395
D07_S1_C026_T012,organelle,ER,mitochondria,0.9559797260961617
D07_S1_C026_T012,organelle,ER,Golgi,0.7169847945721213
D07_S1_C026_T012,organelle,mitochondria,lipid_droplet,0.6967170759231296
D07_S1_C027_T012,organelle,ER,mitochondria,1.0379815256399791
D07_S1_C027_T012,organelle,ER,Golgi,0.7784861442299844
D07_S1_C027_T012,organelle,mitochondria,lipid_droplet,0.6894456088290232
D07_S1_C028_T012,organelle,ER,mitochondria,0.8904874403442815
D07_S1_C028_T012,organelle,ER,Golgi,0.6678655802582112
D07_S1_C028_T012,organelle,mitochondria,lipid_droplet,0.6337694739504909
D07_S1_C029_T012,organelle,ER,mitochondria,1.1462738677600068
D07_S1_C029_T012,organelle,ER,Golgi,0.8597054008200051
D07_S1_C029_T012,organelle,mitochondria,lipid_droplet,0.8095497875914943
D07_S1_C030_T012,organelle,ER,mitochondria,1.2967367745081886
D07_S1_C030_T012,organelle,ER,Golgi,0.9725525808811415
D07_S1_C030_T012,organelle,mitochondria,lipid_droplet,0.897519567084086
D07_S1_C031_T012,organelle,ER,mitochondria,1.0808363240580299
D07_S1_C031_T012,organelle,ER,Golgi,0.8106272430435224
D07_S1_C031_T012,organelle,mitochondria,lipid_droplet,0.7264947582500617
D07_S1_C032_T012,organelle,ER,mitochondria,1.0316588518859338
D07_S1_C032_T012,organelle,ER,Golgi,0.7737441389144504
D07_S1_C032_T012,organelle,mitochondria,lipid_droplet,0.7293687117807997
D07_S1_C033_T012,organelle,ER,mitochondria,0.8357590614896838
D07_S1_C033_T012,organelle,ER,Golgi,0.6268192961172628
D07_S1_C033_T012,organelle,mitochondria,lipid_droplet,0.5880096105664532
D07_S1_C034_T012,organelle,ER,mitochondria,0.7201914168819089
D07_S1_C034_T012,organelle,ER,Golgi,0.5401435626614317
D07_S1_C034_T012,organelle,mitochondria,lipid_droplet,0.5190506487850663
D07_S1_C035_T012,organelle,ER,mitochondria,0.9575002728843537
D07_S1_C035_T012,organelle,ER,Golgi,0.7181252046632652
D07_S1_C035_T012,organelle,mitochondria,lipid_droplet,0.6337457251255462
D07_S1_C000_T024,organelle,ER,mitochondria,1.3685008763274857
D07_S1_C000_T024,organelle,ER,Golgi,1.0263756572456142
D07_S1_C000_T024,organelle,mitochondria,lipid_droplet,0.9486754819801173
D07_S1_C001_T024,organelle,ER,mitochondria,1.0621151912171507
D07_S1_C001_T024,organelle,ER,Golgi,0.796586393412863
D07_S1_C001_T024,organelle,mitochondria,lipid_droplet,0.7801633551694329
D07_S1_C002_T024,organelle,ER,mitochondria,1.426114834649596
D07_S1_C002_T024,organelle,ER,Golgi,1.069586125987197
D07_S1_C002_T024,organelle,mitochondria,lipid_droplet,0.9803631590572779
D07_S1_C003_T024,organelle,ER,mitochondria,1.258866092417066
D07_S1_C003_T024,organelle,ER,Golgi,0.9441495693127995
D07_S1_C003_T024,organelle,mitochondria,lipid_droplet,0.8883763508293865
D07_S1_C004_T024,organelle,ER,mitochondria,1.493937782501645
D07_S1_C004_T024,organelle,ER,Golgi,1.120453336876234
D07_S1_C004_T024,organelle,mitochondria,lipid_droplet,1.0176657803759048
D07_S1_C005_T024,organelle,ER,mitochondria,1.4581786672480685
D07_S1_C005_T024,organelle,ER,Golgi,1.0936340004360514
D07_S1_C005_T024,organelle,mitochondria,lipid_droplet,0.9979982669864378
D07_S1_C006_T024,organelle,ER,mitochondria,1.1104845792198637
D07_S1_C006_T024,organelle,ER,Golgi,0.8328634344148977
D07_S1_C006_T024,organelle,mitochondria,lipid_droplet,0.806766518570925
D07_S1_C007_T024,organelle,ER,mitochondria,1.242769201756688
D07_S1_C007_T024,organelle,ER,Golgi,0.9320769013175161
D07_S1_C007_T024,organelle,mitochondria,lipid_droplet,0.8795230609661784
D07_S1_C008_T024,organelle,ER,mitochondria,1.4559039636897122
D07_S1_C008_T024,organelle,ER,Golgi,1.0919279727672841
D07_S1_C008_T024,organelle,mitochondria,lipid_droplet,0.9967471800293417
D07_S1_C009_T024,organelle,ER,mitochondria,1.181502198339246
D07_S1_C009_T024,organelle,ER,Golgi,0.8861266487544345
D07_S1_C009_T024,organelle,mitochondria,lipid_droplet,0.8458262090865853
D07_S1_C010_T024,organelle,ER,mitochondria,1.3162747721305759
D07_S1_C010_T024,organelle,ER,Golgi,0.9872060790979319
D07_S1_C010_T024,organelle,mitochondria,lipid_droplet,0.9199511246718168
D07_S1_C011_T024,organelle,ER,mitochondria,1.067821568404111
D07_S1_C011_T024,organelle,ER,Golgi,0.8008661763030833
D07_S1_C011_T024,organelle,mitochondria,lipid_droplet,0.7833018626222612
D07_S1_C012_T024,organelle,ER,mitochondria,1.2055805779573059
D07_S1_C012_T024,organelle,ER,Golgi,0.9041854334679794
D07_S1_C012_T024,organelle,mitochondria,lipid_droplet,0.8590693178765183
D07_S1_C013_T024,organelle,ER,mitochondria,1.5420606334121216
D07_S1_C013_T024,organelle,ER,Golgi,1.156545475059091
D07_S1_C013_T024,organelle,mitochondria,lipid_droplet,1.044133348376667
D07_S1_C014_T024,organelle,ER,mitochondria,1.5389925802912872
D07_S1_C014_T024,organelle,ER,Golgi,1.1542444352184653
D07_S1_C014_T024,organelle,mitochondria,lipid_droplet,1.042445919160208
D07_S1_C015_T024,organelle,ER,mitochondria,1.1640401572094274
D07_S1_C015_T024,organelle,ER,Golgi,0.8730301179070705
D07_S1_C015_T024,organelle,mitochondria,lipid_droplet,0.8362220864651853
D07_S1_C016_T024,organelle,ER,mitochondria,1.2869416441304924
D07_S1_C016_T024,organelle,ER,Golgi,0.9652062330978692
D07_S1_C016_T024,organelle,mitochondria,lipid_droplet,0.9038179042717709
D07_S1_C017_T024,organelle,ER,mitochondria,1.7524839263939875
D07_S1_C017_T024,organelle,ER,Golgi,1.3143629447954908
D07_S1_C017_T024,organelle,mitochondria,lipid_droplet,1.1598661595166933
D07_S1_C018_T024,organelle,ER,mitochondria,1.1127943046380657
D07_S1_C018_T024,organelle,ER,Golgi,0.8345957284785492
D07_S1_C018_T024,organelle,mitochondria,lipid_droplet,0.8080368675509362
D07_S1_C019_T024,organelle,ER,mitochondria,1.3602414368000082
D07_S1_C019_T024,organelle,ER,Golgi,1.0201810776000062
D07_S1_C019_T024,organelle,mitochondria,lipid_droplet,0.9441327902400045
D07_S1_C020_T024,organelle,ER,mitochondria,1.3027645577585987
D07_S1_C020_T024,organelle,ER,Golgi,0.977073418318949
D07_S1_C020_T024,organelle,mitochondria,lipid_droplet,0.9125205067672293
D07_S1_C021_T024,organelle,ER,mitochondria,1.6040226286080275
D07_S1_C021_T024,organelle,ER,Golgi,1.2030169714560206
D07_S1_C021_T024,organelle,mitochondria,lipid_droplet,1.078212445734415
D07_S1_C022_T024,organelle,ER,mitochondria,1.5752553662720477
D07_S1_C022_T024,organelle,ER,Golgi,1.1814415247040357
D07_S1_C022_T024,organelle,mitochondria,lipid_droplet,1.0623904514496263
D07_S1_C023_T024,organelle,ER,mitochondria,1.4308321161582
D07_S1_C023_T024,organelle,ER,Golgi,1.07312408711865
D07_S1_C023_T024,organelle,mitochondria,lipid_droplet,0.9829576638870101
D07_S1_C024_T024,organelle,ER,mitochondria,1.4239468052060325
D07_S1_C024_T024,organelle,ER,Golgi,1.0679601039045243
D07_S1_C024_T024,organelle,mitochondria,lipid_droplet,0.9791707428633178
D07_S1_C025_T024,organelle,ER,mitochondria,1.2156184763872124
D07_S1_C025_T024,organelle,ER,Golgi,0.9117138572904093
D07_S1_C025_T024,organelle,mitochondria,lipid_droplet,0.8645901620129668
D07_S1_C026_T024,organelle,ER,mitochondria,1.3948114803676215
D07_S1_C026_T024,organelle,ER,Golgi,1.046108610275716
D07_S1_C026_T024,organelle,mitochondria,lipid_droplet,0.9631463142021919
D07_S1_C027_T024,organelle,ER,mitochondria,1.5030432832357792
D07_S1_C027_T024,organelle,ER,Golgi,1.1272824624268343
D07_S1_C027_T024,organelle,mitochondria,lipid_droplet,1.0226738057796787
D07_S1_C028_T024,organelle,ER,mitochondria,1.3529414407903577
D07_S1_C028_T024,organelle,ER,Golgi,1.0147060805927683
D07_S1_C028_T024,organelle,mitochondria,lipid_droplet,0.9401177924346968
D07_S1_C029_T024,organelle,ER,mitochondria,1.6296276869253004
D07_S1_C029_T024,organelle,ER,Golgi,1.2222207651939754
D07_S1_C029_T024,organelle,mitochondria,lipid_droplet,1.0922952278089153
D07_S1_C030_T024,organelle,ER,mitochondria,1.7313445656188697
D07_S1_C030_T024,organelle,ER,Golgi,1.2985084242141522
D07_S1_C030_T024,organelle,mitochondria,lipid_droplet,1.1482395110903785
D07_S1_C031_T024,organelle,ER,mitochondria,1.4449997733478086
D07_S1_C031_T024,organelle,ER,Golgi,1.0837498300108566
D07_S1_C031_T024,organelle,mitochondria,lipid_droplet,0.9907498753412949
D07_S1_C032_T024,organelle,ER,mitochondria,1.404113219189195
D07_S1_C032_T024,organelle,ER,Golgi,1.053084914391896
D07_S1_C032_T024,organelle,mitochondria,lipid_droplet,0.9682622705540573
D07_S1_C033_T024,organelle,ER,mitochondria,1.3008639794320933
D07_S1_C033_T024,organelle,ER,Golgi,0.97564798457407
D07_S1_C033_T024,organelle,mitochondria,lipid_droplet,0.9114751886876513
D07_S1_C034_T024,organelle,ER,mitochondria,1.0801966529288445
D07_S1_C034_T024,organelle,ER,Golgi,0.8101474896966334
D07_S1_C034_T024,organelle,mitochondria,lipid_droplet,0.7901081591108645
D07_S1_C035_T024,organelle,ER,mitochondria,1.4172929392955371
D07_S1_C035_T024,organelle,ER,Golgi,1.0629697044716528
D07_S1_C035_T024,organelle,mitochondria,lipid_droplet,0.9755111166125454
D07_S1_C000_T048,organelle,ER,mitochondria,1.7826132564926702
D07_S1_C000_T048,organelle,ER,Golgi,1.3369599423695027
D07_S1_C000_T048,organelle,mitochondria,lipid_droplet,1.1764372910709686
D07_S1_C001_T048,organelle,ER,mitochondria,1.6064905804380405
D07_S1_C001_T048,organelle,ER,Golgi,1.2048679353285303
D07_S1_C001_T048,organelle,mitochondria,lipid_droplet,1.0795698192409224
D07_S1_C002_T048,organelle,ER,mitochondria,1.8
D07_S1_C002_T048,organelle,ER,Golgi,1.35
D07_S1_C002_T048,organelle,mitochondria,lipid_droplet,1.1860000000000002
D07_S1_C003_T048,organelle,ER,mitochondria,1.6629289833015926
D07_S1_C003_T048,organelle,ER,Golgi,1.2471967374761945
D07_S1_C003_T048,organelle,mitochondria,lipid_droplet,1.110610940815876
D07_S1_C004_T048,organelle,ER,mitochondria,1.8
D07_S1_C004_T048,organelle,ER,Golgi,1.35
D07_S1_C004_T048,organelle,mitochondria,lipid_droplet,1.1860000000000002
D07_S1_C005_T048,organelle,ER,mitochondria,1.8
D07_S1_C005_T048,organelle,ER,Golgi,1.35
D07_S1_C005_T048,organelle,mitochondria,lipid_droplet,1.1860000000000002
D07_S1_C006_T048,organelle,ER,mitochondria,1.5981950419187982
D07_S1_C006_T048,organelle,ER,Golgi,1.1986462814390988
D07_S1_C006_T048,organelle,mitochondria,lipid_droplet,1.075007273055339
D07_S1_C007_T048,organelle,ER,mitochondria,1.665054911380515
D07_S1_C007_T048,organelle,ER,Golgi,1.2487911835353862
D07_S1_C007_T048,organelle,mitochondria,lipid_droplet,1.1117802012592835
D07_S1_C008_T048,organelle,ER,mitochondria,1.8
D07_S1_C008_T048,organelle,ER,Golgi,1.35
D07_S1_C008_T048,organelle,mitochondria,lipid_droplet,1.1860000000000002
D07_S1_C009_T048,organelle,ER,mitochondria,1.6817720843614328
D07_S1_C009_T048,organelle,ER,Golgi,1.2613290632710745
D07_S1_C009_T048,organelle,mitochondria,lipid_droplet,1.1209746463987882
D07_S1_C010_T048,organelle,ER,mitochondria,1.8
D07_S1_C010_T048,organelle,ER,Golgi,1.35
D07_S1_C010_T048,organelle,mitochondria,lipid_droplet,1.1860000000000002
D07_S1_C011_T048,organelle,ER,mitochondria,1.6186733553668389
D07_S1_C011_T048,organelle,ER,Golgi,1.214005016525129
D07_S1_C011_T048,organelle,mitochondria,lipid_droplet,1.0862703454517615
D07_S1_C012_T048,organelle,ER,mitochondria,1.766353168757997
D07_S1_C012_T048,organelle,ER,Golgi,1.3247648765684978
D07_S1_C012_T048,organelle,mitochondria,lipid_droplet,1.1674942428168984
D07_S1_C013_T048,organelle,ER,mitochondria,1.8
D07_S1_C013_T048,organelle,ER,Golgi,1.35
D07_S1_C013_T048,organelle,mitochondria,lipid_droplet,1.1860000000000002
D07_S1_C014_T048,organelle,ER,mitochondria,1.8
D07_S1_C014_T048,organelle,ER,Golgi,1.35
D07_S1_C014_T048,organelle,mitochondria,lipid_droplet,1.1860000000000002
D07_S1_C015_T048,organelle,ER,mitochondria,1.6950549442466705
D07_S1_C015_T048,organelle,ER,Golgi,1.2712912081850027
D07_S1_C015_T048,organelle,mitochondria,lipid_droplet,1.128280219335669
D07_S1_C016_T048,organelle,ER,mitochondria,1.8
D07_S1_C016_T048,organelle,ER,Golgi,1.35
D07_S1_C016_T048,organelle,mitochondria,lipid_droplet,1.1860000000000002
D07_S1_C017_T048,organelle,ER,mitochondria,1.8
D07_S1_C017_T048,organelle,ER,Golgi,1.35
D07_S1_C017_T048,organelle,mitochondria,lipid_droplet,1.1860000000000002
D07_S1_C018_T048,organelle,ER,mitochondria,1.7219843365628882
D07_S1_C018_T048,organelle,ER,Golgi,1.291488252422166
D07_S1_C018_T048,organelle,mitochondria,lipid_droplet,1.1430913851095885
D07_S1_C019_T048,organelle,ER,mitochondria,1.7250799977093878
D07_S1_C019_T048,organelle,ER,Golgi,1.2938099982820408
D07_S1_C019_T048,organelle,mitochondria,lipid_droplet,1.1447939987401634
D07_S1_C020_T048,organelle,ER,mitochondria,1.8
D07_S1_C020_T048,organelle,ER,Golgi,1.35
D07_S1_C020_T048,organelle,mitochondria,lipid_droplet,1.1860000000000002
D07_S1_C021_T048,organelle,ER,mitochondria,1.8
D07_S1_C021_T048,organelle,ER,Golgi,1.35
D07_S1_C021_T048,organelle,mitochondria,lipid_droplet,1.1860000000000002
D07_S1_C022_T048,organelle,ER,mitochondria,1.8
D07_S1_C022_T048,organelle,ER,Golgi,1.35
D07_S1_C022_T048,organelle,mitochondria,lipid_droplet,1.1860000000000002
D07_S1_C023_T048,organelle,ER,mitochondria,1.8
D07_S1_C023_T048,organelle,ER,Golgi,1.35
D07_S1_C023_T048,organelle,mitochondria,lipid_droplet,1.1860000000000002
D07_S1_C024_T048,organelle,ER,mitochondria,1.8
D07_S1_C024_T048,organelle,ER,Golgi,1.35
D07_S1_C024_T048,organelle,mitochondria,lipid_droplet,1.1860000000000002
D07_S1_C025_T048,organelle,ER,mitochondria,1.8
D07_S1_C025_T048,organelle,ER,Golgi,1.35
D07_S1_C025_T048,organelle,mitochondria,lipid_droplet,1.1860000000000002
D07_S1_C026_T048,organelle,ER,mitochondria,1.7542518616816556
D07_S1_C026_T048,organelle,ER,Golgi,1.3156888962612416
D07_S1_C026_T048,organelle,mitochondria,lipid_droplet,1.1608385239249106
D07_S1_C027_T048,organelle,ER,mitochondria,1.8
D07_S1_C027_T048,organelle,ER,Golgi,1.35
D07_S1_C027_T048,organelle,mitochondria,lipid_droplet,1.1860000000000002
D07_S1_C028_T048,organelle,ER,mitochondria,1.7443132459457185
D07_S1_C028_T048,organelle,ER,Golgi,1.3082349344592887
D07_S1_C028_T048,organelle,mitochondria,lipid_droplet,1.1553722852701451
D07_S1_C029_T048,organelle,ER,mitochondria,1.8
D07_S1_C029_T048,organelle,ER,Golgi,1.35
D07_S1_C029_T048,organelle,mitochondria,lipid_droplet,1.1860000000000002
D07_S1_C030_T048,organelle,ER,mitochondria,1.8
D07_S1_C030_T048,organelle,ER,Golgi,1.35
D07_S1_C030_T048,organelle,mitochondria,lipid_droplet,1.1860000000000002
D07_S1_C031_T048,organelle,ER,mitochondria,1.8
D07_S1_C031_T048,organelle,ER,Golgi,1.35
D07_S1_C031_T048,organelle,mitochondria,lipid_droplet,1.1860000000000002
D07_S1_C032_T048,organelle,ER,mitochondria,1.8
D07_S1_C032_T048,organelle,ER,Golgi,1.35
D07_S1_C032_T048,organelle,mitochondria,lipid_droplet,1.1860000000000002
D07_S1_C033_T048,organelle,ER,mitochondria,1.8
D07_S1_C033_T048,organelle,ER,Golgi,1.35
D07_S1_C033_T048,organelle,mitochondria,lipid_droplet,1.1860000000000002
D07_S1_C034_T048,organelle,ER,mitochondria,1.622886513894328
D07_S1_C034_T048,organelle,ER,Golgi,1.217164885420746
D07_S1_C034_T048,organelle,mitochondria,lipid_droplet,1.0885875826418805
D07_S1_C035_T048,organelle,ER,mitochondria,1.8
D07_S1_C035_T048,organelle,ER,Golgi,1.35
D07_S1_C035_T048,organelle,mitochondria,lipid_droplet,1.1860000000000002
D08_S0_C000_T000,organelle,ER,mitochondria,0.40062912359172054
D08_S0_C000_T000,organelle,ER,Golgi,0.3004718426937904
D08_S0_C000_T000,organelle,mitochondria,lipid_droplet,0.2785666446354517
D08_S0_C001_T000,organelle,ER,mitochondria,0.6350459430102772
D08_S0_C001_T000,organelle,ER,Golgi,0.47628445725770785
D08_S0_C001_T000,organelle,mitochondria,lipid_droplet,0.4119405863315011
D08_S0_C002_T000,organelle,ER,mitochondria,0.8211214181906928
D08_S0_C002_T000,organelle,ER,Golgi,0.6158410636430196
D08_S0_C002_T000,organelle,mitochondria,lipid_droplet,0.5738490344822716
D08_S0_C003_T000,organelle,ER,mitochondria,0.6628753340469064
D08_S0_C003_T000,organelle,ER,Golgi,0.4971565005351798
D08_S0_C003_T000,organelle,mitochondria,lipid_droplet,0.4423269191118405
D08_S0_C004_T000,organelle,ER,mitochondria,0.6202553957238208
D08_S0_C004_T000,organelle,ER,Golgi,0.4651915467928656
D08_S0_C004_T000,organelle,mitochondria,lipid_droplet,0.4509698040698312
D08_S0_C005_T000,organelle,ER,mitochondria,0.5829449975916636
D08_S0_C005_T000,organelle,ER,Golgi,0.4372087481937477
D08_S0_C005_T000,organelle,mitochondria,lipid_droplet,0.4257486509818812
D08_S0_C006_T000,organelle,ER,mitochondria,0.7230286643392775
D08_S0_C006_T000,organelle,ER,Golgi,0.5422714982544581
D08_S0_C006_T000,organelle,mitochondria,lipid_droplet,0.4841855319023082
D08_S0_C007_T000,organelle,ER,mitochondria,0.6632053456510247
D08_S0_C007_T000,organelle,ER,Golgi,0.49740400923826855
D08_S0_C007_T000,organelle,mitochondria,lipid_droplet,0.484110374284648
D08_S0_C008_T000,organelle,ER,mitochondria,0.4246579792912096
D08_S0_C008_T000,organelle,ER,Golgi,0.3184934844684072
D08_S0_C008_T000,organelle,mitochondria,lipid_droplet,0.3202347070071252
D08_S0_C009_T000,organelle,ER,mitochondria,0.7979721595302631
D08_S0_C009_T000,organelle,ER,Golgi,0.5984791196476973
D08_S0_C009_T000,organelle,mitochondria,lipid_droplet,0.5177223735830999
D08_S0_C010_T000,organelle,ER,mitochondria,0.3396830508981106
D08_S0_C010_T000,organelle,ER,Golgi,0.25476228817358293
D08_S0_C010_T000,organelle,mitochondria,lipid_droplet,0.21774096924590147
D08_S0_C011_T000,organelle,ER,mitochondria,0.38548648323935314
D08_S0_C011_T000,organelle,ER,Golgi,0.28911486242951484
D08_S0_C011_T000,organelle,mitochondria,lipid_droplet,0.29070433182363403
D08_S0_C012_T000,organelle,ER,mitochondria,0.6746375406652423
D08_S0_C012_T000,organelle,ER,Golgi,0.5059781554989318
D08_S0_C012_T000,organelle,mitochondria,lipid_droplet,0.48973428117641943
D08_S0_C013_T000,organelle,ER,mitochondria,0.44233489034849693
D08_S0_C013_T000,organelle,ER,Golgi,0.3317511677613727
D08_S0_C013_T000,organelle,mitochondria,lipid_droplet,0.32386343087033687
D08_S0_C014_T000,organelle,ER,mitochondria,0.48763915155295073
D08_S0_C014_T000,organelle,ER,Golgi,0.36572936366471304
D08_S0_C014_T000,organelle,mitochondria,lipid_droplet,0.34766407617103495
D08_S0_C015_T000,organelle,ER,mitochondria,0.4272378159147708
D08_S0_C015_T000,organelle,ER,Golgi,0.3204283619360781
D08_S0_C015_T000,organelle,mitochondria,lipid_droplet,0.29774570873948336
D08_S0_C016_T000,organelle,ER,mitochondria,0.9586407918495393
D08_S0_C016_T000,organelle,ER,Golgi,0.7189805938871545
D08_S0_C016_T000,organelle,mitochondria,lipid_droplet,0.6447601236296444
D08_S0_C017_T000,organelle,ER,mitochondria,0.4852746822192607
D08_S0_C017_T000,organelle,ER,Golgi,0.3639560116644455
D08_S0_C017_T000,organelle,mitochondria,lipid_droplet,0.34565014467480104
D08_S0_C018_T000,organelle,ER,mitochondria,0.4189874580450902
D08_S0_C018_T000,organelle,ER,Golgi,0.3142405935338176
D08_S0_C018_T000,organelle,mitochondria,lipid_droplet,0.35586917215919484
D08_S0_C019_T000,organelle,ER,mitochondria,0.5048928295454392
D08_S0_C019_T000,organelle,ER,Golgi,0.3786696221590794
D08_S0_C019_T000,organelle,mitochondria,lipid_droplet,0.387371690935181
D08_S0_C020_T000,organelle,ER,mitochondria,0.44121357786926596
D08_S0_C020_T000,organelle,ER,Golgi,0.33091018340194944
D08_S0_C020_T000,organelle,mitochondria,lipid_droplet,0.35268895609838724
D08_S0_C021_T000,organelle,ER,mitochondria,0.6905908171902203
D08_S0_C021_T000,organelle,ER,Golgi,0.5179431128926653
D08_S0_C021_T000,organelle,mitochondria,lipid_droplet,0.48999885811759053
D08_S0_C022_T000,organelle,ER,mitochondria,0.6649687879252585
D08_S0_C022_T000,organelle,ER,Golgi,0.4987265909439439
D08_S0_C022_T000,organelle,mitochondria,lipid_droplet,0.4688473777687927
D08_S0_C023_T000,organelle,ER,mitochondria,0.4869777759722722
D08_S0_C023_T000,organelle,ER,Golgi,0.36523333197920416
D08_S0_C023_T000,organelle,mitochondria,lipid_droplet,0.33294580115656924
D08_S0_C024_T000,organelle,ER,mitochondria,0.37775227404138834
D08_S0_C024_T000,organelle,ER,Golgi,0.28331420553104125
D08_S0_C024_T000,organelle,mitochondria,lipid_droplet,0.2849699613507073
D08_S0_C025_T000,organelle,ER,mitochondria,0.5167153728574565
D08_S0_C025_T000,organelle,ER,Golgi,0.3875365296430924
D08_S0_C025_T000,organelle,mitochondria,lipid_droplet,0.3930026604223104
D08_S0_C026_T000,organelle,ER,mitochondria,0.6513004029480064
D08_S0_C026_T000,organelle,ER,Golgi,0.48847530221100477
D08_S0_C026_T000,organelle,mitochondria,lipid_droplet,0.48421892277132816
D08_S0_C027_T000,organelle,ER,mitochondria,0.33626137432330666
D08_S0_C027_T000,organelle,ER,Golgi,0.25219603074248
D08_S0_C027_T000,organelle,mitochondria,lipid_droplet,0.24577675092226434
D08_S0_C028_T000,organelle,ER,mitochondria,0.5203815801233578
D08_S0_C028_T000,organelle,ER,Golgi,0.39028618509251833
D08_S0_C028_T000,organelle,mitochondria,lipid_droplet,0.37713771768301013
D08_S0_C029_T000,organelle,ER,mitochondria,0.552226735276808
D08_S0_C029_T000,organelle,ER,Golgi,0.414170051457606
D08_S0_C029_T000,organelle,mitochondria,lipid_droplet,0.37599553126691937
D08_S0_C030_T000,organelle,ER,mitochondria,0.6275573631955099
D08_S0_C030_T000,organelle,ER,Golgi,0.4706680223966324
D08_S0_C030_T000,organelle,mitochondria,lipid_droplet,0.4569543810008934
D08_S0_C031_T000,organelle,ER,mitochondria,0.63302027357548
D08_S0_C031_T000,organelle,ER,Golgi,0.47476520518161
D08_S0_C031_T000,organelle,mitochondria,lipid_droplet,0.43835432109632977
D08_S0_C032_T000,organelle,ER,mitochondria,0.2863921691205302
D08_S0_C032_T000,organelle,ER,Golgi,0.21479412684039767
D08_S0_C032_T000,organelle,mitochondria,lipid_droplet,0.20054271150860073
D08_S0_C033_T000,organelle,ER,mitochondria,0.36127379925675357
D08_S0_C033_T000,organelle,ER,Golgi,0.27095534944256516
D08_S0_C033_T000,organelle,mitochondria,lipid_droplet,0.3136858809489975
D08_S0_C034_T000,organelle,ER,mitochondria,0.6380375951301693
D08_S0_C034_T000,organelle,ER,Golgi,0.478528196347627
D08_S0_C034_T000,organelle,mitochondria,lipid_droplet,0.451616475332227
D08_S0_C035_T000,organelle,ER,mitochondria,0.7882315977579847
D08_S0_C035_T000,organelle,ER,Golgi,0.5911736983184885
D08_S0_C035_T000,organelle,mitochondria,lipid_droplet,0.546629892783962
D08_S0_C000_T012,organelle,ER,mitochondria,0.5529890013563394
D08_S0_C000_T012,organelle,ER,Golgi,0.4147417510172546
D08_S0_C000_T012,organelle,mitochondria,lipid_droplet,0.37577533147044095
D08_S0_C001_T012,organelle,ER,mitochondria,0.8614824483032767
D08_S0_C001_T012,organelle,ER,Golgi,0.6461118362274575
D08_S0_C001_T012,organelle,mitochondria,lipid_droplet,0.5646382836677061
D08_S0_C002_T012,organelle,ER,mitochondria,0.9984843012476938
D08_S0_C002_T012,organelle,ER,Golgi,0.7488632259357704
D08_S0_C002_T012,organelle,mitochondria,lipid_droplet,0.7120465324090377
D08_S0_C003_T012,organelle,ER,mitochondria,0.864965009605713
D08_S0_C003_T012,organelle,ER,Golgi,0.6487237572042848
D08_S0_C003_T012,organelle,mitochondria,lipid_droplet,0.567093309043311
D08_S0_C004_T012,organelle,ER,mitochondria,0.7570432163519544
D08_S0_C004_T012,organelle,ER,Golgi,0.5677824122639658
D08_S0_C004_T012,organelle,mitochondria,lipid_droplet,0.542721054431152
D08_S0_C005_T012,organelle,ER,mitochondria,0.722300980279681
D08_S0_C005_T012,organelle,ER,Golgi,0.5417257352097608
D08_S0_C005_T012,organelle,mitochondria,lipid_droplet,0.5387502485111126
D08_S0_C006_T012,organelle,ER,mitochondria,0.9632234351966936
D08_S0_C006_T012,organelle,ER,Golgi,0.7224175763975202
D08_S0_C006_T012,organelle,mitochondria,lipid_droplet,0.6570351264808716
D08_S0_C007_T012,organelle,ER,mitochondria,0.83507188358618
D08_S0_C007_T012,organelle,ER,Golgi,0.626303912689635
D08_S0_C007_T012,organelle,mitochondria,lipid_droplet,0.6205659263464344
D08_S0_C008_T012,organelle,ER,mitochondria,0.5681371707785061
D08_S0_C008_T012,organelle,ER,Golgi,0.4261028780838796
D08_S0_C008_T012,organelle,mitochondria,lipid_droplet,0.4183310670688886
D08_S0_C009_T012,organelle,ER,mitochondria,0.9114735614104608
D08_S0_C009_T012,organelle,ER,Golgi,0.6836051710578456
D08_S0_C009_T012,organelle,mitochondria,lipid_droplet,0.6023210029448409
D08_S0_C010_T012,organelle,ER,mitochondria,0.42874475070025475
D08_S0_C010_T012,organelle,ER,Golgi,0.32155856302519104
D08_S0_C010_T012,organelle,mitochondria,lipid_droplet,0.28552669211178205
D08_S0_C011_T012,organelle,ER,mitochondria,0.5795136730831123
D08_S0_C011_T012,organelle,ER,Golgi,0.4346352548123342
D08_S0_C011_T012,organelle,mitochondria,lipid_droplet,0.4246879741565714
D08_S0_C012_T012,organelle,ER,mitochondria,0.8994194309695945
D08_S0_C012_T012,organelle,ER,Golgi,0.6745645732271959
D08_S0_C012_T012,organelle,mitochondria,lipid_droplet,0.647694223233134
D08_S0_C013_T012,organelle,ER,mitochondria,0.5711520618858614
D08_S0_C013_T012,organelle,ER,Golgi,0.42836404641439607
D08_S0_C013_T012,organelle,mitochondria,lipid_droplet,0.4206423880101056
D08_S0_C014_T012,organelle,ER,mitochondria,0.6900228196017779
D08_S0_C014_T012,organelle,ER,Golgi,0.5175171147013334
D08_S0_C014_T012,organelle,mitochondria,lipid_droplet,0.48839797691739917
D08_S0_C015_T012,organelle,ER,mitochondria,0.5807549489879849
D08_S0_C015_T012,organelle,ER,Golgi,0.43556621174098864
D08_S0_C015_T012,organelle,mitochondria,lipid_droplet,0.4102192906115384
D08_S0_C016_T012,organelle,ER,mitochondria,1.0963427310424687
D08_S0_C016_T012,organelle,ER,Golgi,0.8222570482818515
D08_S0_C016_T012,organelle,mitochondria,lipid_droplet,0.7709692591593806
D08_S0_C017_T012,organelle,ER,mitochondria,0.6401012985616913
D08_S0_C017_T012,organelle,ER,Golgi,0.48007597392126844
D08_S0_C017_T012,organelle,mitochondria,lipid_droplet,0.4588122068931045
D08_S0_C018_T012,organelle,ER,mitochondria,0.6077974086288812
D08_S0_C018_T012,organelle,ER,Golgi,0.45584805647166093
D08_S0_C018_T012,organelle,mitochondria,lipid_droplet,0.4991123886965998
D08_S0_C019_T012,organelle,ER,mitochondria,0.614833711134637
D08_S0_C019_T012,organelle,ER,Golgi,0.4611252833509778
D08_S0_C019_T012,organelle,mitochondria,lipid_droplet,0.4907085868713954
D08_S0_C020_T012,organelle,ER,mitochondria,0.5568012913225835
D08_S0_C020_T012,organelle,ER,Golgi,0.4176009684919376
D08_S0_C020_T012,organelle,mitochondria,lipid_droplet,0.4478136223397551
D08_S0_C021_T012,organelle,ER,mitochondria,0.9022203320196107
D08_S0_C021_T012,organelle,ER,Golgi,0.676665249014708
D08_S0_C021_T012,organelle,mitochondria,lipid_droplet,0.6356319439163635
D08_S0_C022_T012,organelle,ER,mitochondria,0.7468746741236814
D08_S0_C022_T012,organelle,ER,Golgi,0.560156005592761
D08_S0_C022_T012,organelle,mitochondria,lipid_droplet,0.5471592533009292
D08_S0_C023_T012,organelle,ER,mitochondria,0.6456666208782282
D08_S0_C023_T012,organelle,ER,Golgi,0.4842499656586712
D08_S0_C023_T012,organelle,mitochondria,lipid_droplet,0.4526076115160544
D08_S0_C024_T012,organelle,ER,mitochondria,0.5175686468785223
D08_S0_C024_T012,organelle,ER,Golgi,0.38817648515889175
D08_S0_C024_T012,organelle,mitochondria,lipid_droplet,0.3800037172092129
D08_S0_C025_T012,organelle,ER,mitochondria,0.5878416680767055
D08_S0_C025_T012,organelle,ER,Golgi,0.44088125105752907
D08_S0_C025_T012,organelle,mitochondria,lipid_droplet,0.4696796767623389
D08_S0_C026_T012,organelle,ER,mitochondria,0.7794192750175586
D08_S0_C026_T012,organelle,ER,Golgi,0.5845644562631689
D08_S0_C026_T012,organelle,mitochondria,lipid_droplet,0.5954290933649381
D08_S0_C027_T012,organelle,ER,mitochondria,0.42600865945162203
D08_S0_C027_T012,organelle,ER,Golgi,0.3195064945887165
D08_S0_C027_T012,organelle,mitochondria,lipid_droplet,0.30611379259486937
D08_S0_C028_T012,organelle,ER,mitochondria,0.7163189594143107
D08_S0_C028_T012,organelle,ER,Golgi,0.537239219560733
D08_S0_C028_T012,organelle,mitochondria,lipid_droplet,0.5295923575948073
D08_S0_C029_T012,organelle,ER,mitochondria,0.6896703989259175
D08_S0_C029_T012,organelle,ER,Golgi,0.5172527991944381
D08_S0_C029_T012,organelle,mitochondria,lipid_droplet,0.4673079345018768
D08_S0_C030_T012,organelle,ER,mitochondria,0.9115715978409984
D08_S0_C030_T012,organelle,ER,Golgi,0.6836786983807488
D08_S0_C030_T012,organelle,mitochondria,lipid_droplet,0.64371225006665
D08_S0_C031_T012,organelle,ER,mitochondria,0.8480823486287861
D08_S0_C031_T012,organelle,ER,Golgi,0.6360617614715895
D08_S0_C031_T012,organelle,mitochondria,lipid_droplet,0.5823625687975194
D08_S0_C032_T012,organelle,ER,mitochondria,0.3968415098289337
D08_S0_C032_T012,organelle,ER,Golgi,0.29763113237170025
D08_S0_C032_T012,organelle,mitochondria,lipid_droplet,0.26841533193609435
D08_S0_C033_T012,organelle,ER,mitochondria,0.5320245487652246
D08_S0_C033_T012,organelle,ER,Golgi,0.3990184115739185
D08_S0_C033_T012,organelle,mitochondria,lipid_droplet,0.45158786072522694
D08_S0_C034_T012,organelle,ER,mitochondria,0.7649020068038652
D08_S0_C034_T012,organelle,ER,Golgi,0.5736765051028989
D08_S0_C034_T012,organelle,mitochondria,lipid_droplet,0.5526786407527249
D08_S0_C035_T012,organelle,ER,mitochondria,0.9155788217838944
D08_S0_C035_T012,organelle,ER,Golgi,0.6866841163379208
D08_S0_C035_T012,organelle,mitochondria,lipid_droplet,0.6507613553716747
D08_S0_C000_T024,organelle,ER,mitochondria,0.8514921418430235
D08_S0_C000_T024,organelle,ER,Golgi,0.6386191063822676
D08_S0_C000_T024,organelle,mitochondria,lipid_droplet,0.5858272775260457
D08_S0_C001_T024,organelle,ER,mitochondria,1.2355065961622962
D08_S0_C001_T024,organelle,ER,Golgi,0.9266299471217221
D08_S0_C001_T024,organelle,mitochondria,lipid_droplet,0.8546893813770535
D08_S0_C002_T024,organelle,ER,mitochondria,1.3235144929753755
D08_S0_C002_T024,organelle,ER,Golgi,0.9926358697315316
D08_S0_C002_T024,organelle,mitochondria,lipid_droplet,0.9239329711364566
D08_S0_C003_T024,organelle,ER,mitochondria,1.1376646280949054
D08_S0_C003_T024,organelle,ER,Golgi,0.8532484710711791
D08_S0_C003_T024,organelle,mitochondria,lipid_droplet,0.8001449215018068
D08_S0_C004_T024,organelle,ER,mitochondria,1.0345524337670424
D08_S0_C004_T024,organelle,ER,Golgi,0.7759143253252818
D08_S0_C004_T024,organelle,mitochondria,lipid_droplet,0.7482561005369939
D08_S0_C005_T024,organelle,ER,mitochondria,0.9844627073787993
D08_S0_C005_T024,organelle,ER,Golgi,0.7383470305340994
D08_S0_C005_T024,organelle,mitochondria,lipid_droplet,0.7374544890583397
D08_S0_C006_T024,organelle,ER,mitochondria,1.2574203654181728
D08_S0_C006_T024,organelle,ER,Golgi,0.9430652740636296
D08_S0_C006_T024,organelle,mitochondria,lipid_droplet,0.887581200979995
D08_S0_C007_T024,organelle,ER,mitochondria,1.0998513298858772
D08_S0_C007_T024,organelle,ER,Golgi,0.824888497414408
D08_S0_C007_T024,organelle,mitochondria,lipid_droplet,0.8009182314372325
D08_S0_C008_T024,organelle,ER,mitochondria,0.8674937483406107
D08_S0_C008_T024,organelle,ER,Golgi,0.650620311255458
D08_S0_C008_T024,organelle,mitochondria,lipid_droplet,0.6444862449328945
D08_S0_C009_T024,organelle,ER,mitochondria,1.1808391142963746
D08_S0_C009_T024,organelle,ER,Golgi,0.8856293357222809
D08_S0_C009_T024,organelle,mitochondria,lipid_droplet,0.8214624598338466
D08_S0_C010_T024,organelle,ER,mitochondria,0.7213139594149309
D08_S0_C010_T024,organelle,ER,Golgi,0.5409854695611982
D08_S0_C010_T024,organelle,mitochondria,lipid_droplet,0.4915760457678891
D08_S0_C011_T024,organelle,ER,mitochondria,0.8330758238870996
D08_S0_C011_T024,organelle,ER,Golgi,0.6248068679153247
D08_S0_C011_T024,organelle,mitochondria,lipid_droplet,0.6231141201117176
D08_S0_C012_T024,organelle,ER,mitochondria,1.1025622472655818
D08_S0_C012_T024,organelle,ER,Golgi,0.8269216854491863
D08_S0_C012_T024,organelle,mitochondria,lipid_droplet,0.8024092359960702
D08_S0_C013_T024,organelle,ER,mitochondria,0.9351872163128002
D08_S0_C013_T024,organelle,ER,Golgi,0.7013904122346002
D08_S0_C013_T024,organelle,mitochondria,lipid_droplet,0.7034406640689942
D08_S0_C014_T024,organelle,ER,mitochondria,0.998046706896144
D08_S0_C014_T024,organelle,ER,Golgi,0.7485350301721081
D08_S0_C014_T024,organelle,mitochondria,lipid_droplet,0.7147240960582952
D08_S0_C015_T024,organelle,ER,mitochondria,0.8510691192217282
D08_S0_C015_T024,organelle,ER,Golgi,0.6383018394162961
D08_S0_C015_T024,organelle,mitochondria,lipid_droplet,0.6295862282552777
D08_S0_C016_T024,organelle,ER,mitochondria,1.4070614933958507
D08_S0_C016_T024,organelle,ER,Golgi,1.055296120046888
D08_S0_C016_T024,organelle,mitochondria,lipid_droplet,0.9698838213677179
D08_S0_C017_T024,organelle,ER,mitochondria,0.9884585914059815
D08_S0_C017_T024,organelle,ER,Golgi,0.7413439435544861
D08_S0_C017_T024,organelle,mitochondria,lipid_droplet,0.7224219404275781
D08_S0_C018_T024,organelle,ER,mitochondria,0.8528403764852904
D08_S0_C018_T024,organelle,ER,Golgi,0.6396302823639678
D08_S0_C018_T024,organelle,mitochondria,lipid_droplet,0.6650622070669098
D08_S0_C019_T024,organelle,ER,mitochondria,0.8311293201697124
D08_S0_C019_T024,organelle,ER,Golgi,0.6233469901272843
D08_S0_C019_T024,organelle,mitochondria,lipid_droplet,0.6531211260933418
D08_S0_C020_T024,organelle,ER,mitochondria,0.7946374223740817
D08_S0_C020_T024,organelle,ER,Golgi,0.5959780667805613
D08_S0_C020_T024,organelle,mitochondria,lipid_droplet,0.6330505823057451
D08_S0_C021_T024,organelle,ER,mitochondria,1.172565165159191
D08_S0_C021_T024,organelle,ER,Golgi,0.8794238738693934
D08_S0_C021_T024,organelle,mitochondria,lipid_droplet,0.8409108408375552
D08_S0_C022_T024,organelle,ER,mitochondria,1.094667141955303
D08_S0_C022_T024,organelle,ER,Golgi,0.8210003564664772
D08_S0_C022_T024,organelle,mitochondria,lipid_droplet,0.7980669280754167
D08_S0_C023_T024,organelle,ER,mitochondria,0.9363366825052107
D08_S0_C023_T024,organelle,ER,Golgi,0.702252511878908
D08_S0_C023_T024,organelle,mitochondria,lipid_droplet,0.6847585270045358
D08_S0_C024_T024,organelle,ER,mitochondria,0.7714494668479164
D08_S0_C024_T024,organelle,ER,Golgi,0.5785871001359373
D08_S0_C024_T024,organelle,mitochondria,lipid_droplet,0.5657793969277578
D08_S0_C025_T024,organelle,ER,mitochondria,0.9030682483033106
D08_S0_C025_T024,organelle,ER,Golgi,0.6773011862274829
D08_S0_C025_T024,organelle,mitochondria,lipid_droplet,0.6926875365668208
D08_S0_C026_T024,organelle,ER,mitochondria,1.0718760052745595
D08_S0_C026_T024,organelle,ER,Golgi,0.8039070039559196
D08_S0_C026_T024,organelle,mitochondria,lipid_droplet,0.7855318029010079
D08_S0_C027_T024,organelle,ER,mitochondria,0.6901581790685362
D08_S0_C027_T024,organelle,ER,Golgi,0.5176186343014021
D08_S0_C027_T024,organelle,mitochondria,lipid_droplet,0.5096031019978436
D08_S0_C028_T024,organelle,ER,mitochondria,0.980953437390423
D08_S0_C028_T024,organelle,ER,Golgi,0.7357150780428172
D08_S0_C028_T024,organelle,mitochondria,lipid_droplet,0.7355243905647326
D08_S0_C029_T024,organelle,ER,mitochondria,0.9531594308770694
D08_S0_C029_T024,organelle,ER,Golgi,0.7148695731578021
D08_S0_C029_T024,organelle,mitochondria,lipid_droplet,0.6586474707306502
D08_S0_C030_T024,organelle,ER,mitochondria,1.2008018324394163
D08_S0_C030_T024,organelle,ER,Golgi,0.9006013743295622
D08_S0_C030_T024,organelle,mitochondria,lipid_droplet,0.8564410078416791
D08_S0_C031_T024,organelle,ER,mitochondria,1.1845508912085119
D08_S0_C031_T024,organelle,ER,Golgi,0.8884131684063838
D08_S0_C031_T024,organelle,mitochondria,lipid_droplet,0.8321307939956777
D08_S0_C032_T024,organelle,ER,mitochondria,0.6089595003514124
D08_S0_C032_T024,organelle,ER,Golgi,0.45671962526355936
D08_S0_C032_T024,organelle,mitochondria,lipid_droplet,0.42459473892207505
D08_S0_C033_T024,organelle,ER,mitochondria,0.8546587102668757
D08_S0_C033_T024,organelle,ER,Golgi,0.6409940327001568
D08_S0_C033_T024,organelle,mitochondria,lipid_droplet,0.6660622906467817
D08_S0_C034_T024,organelle,ER,mitochondria,1.0462421010551386
D08_S0_C034_T024,organelle,ER,Golgi,0.7846815757913539
D08_S0_C034_T024,organelle,mitochondria,lipid_droplet,0.7661891031982384
D08_S0_C035_T024,organelle,ER,mitochondria,1.1787605489520843
D08_S0_C035_T024,organelle,ER,Golgi,0.8840704117140632
D08_S0_C035_T024,organelle,mitochondria,lipid_droplet,0.8443183019236464
D08_S0_C000_T048,organelle,ER,mitochondria,1.6094804894161463
D08_S0_C000_T048,organelle,ER,Golgi,1.2071103670621097
D08_S0_C000_T048,organelle,mitochondria,lipid_droplet,1.0812142691788806
D08_S0_C001_T048,organelle,ER,mitochondria,1.8
D08_S0_C001_T048,organelle,ER,Golgi,1.35
D08_S0_C001_T048,organelle,mitochondria,lipid_droplet,1.1860000000000002
D08_S0_C002_T048,organelle,ER,mitochondria,1.8
D08_S0_C002_T048,organelle,ER,Golgi,1.35
D08_S0_C002_T048,organelle,mitochondria,lipid_droplet,1.1860000000000002
D08_S0_C003_T048,organelle,ER,mitochondria,1.7722437896552299
D08_S0_C003_T048,organelle,ER,Golgi,1.3291828422414225
D08_S0_C003_T048,organelle,mitochondria,lipid_droplet,1.1707340843103766
D08_S0_C004_T048,organelle,ER,mitochondria,1.6953398255473324
D08_S0_C004_T048,organelle,ER,Golgi,1.2715048691604993
D08_S0_C004_T048,organelle,mitochondria,lipid_droplet,1.128436904051033
D08_S0_C005_T048,organelle,ER,mitochondria,1.6606510324734225
D08_S0_C005_T048,organelle,ER,Golgi,1.2454882743550668
D08_S0_C005_T048,organelle,mitochondria,lipid_droplet,1.1093580678603825
D08_S0_C006_T048,organelle,ER,mitochondria,1.8
D08_S0_C006_T048,organelle,ER,Golgi,1.35
D08_S0_C006_T048,organelle,mitochondria,lipid_droplet,1.1860000000000002
D08_S0_C007_T048,organelle,ER,mitochondria,1.7609238692130542
D08_S0_C007_T048,organelle,ER,Golgi,1.3206929019097906
D08_S0_C007_T048,organelle,mitochondria,lipid_droplet,1.1645081280671798
D08_S0_C008_T048,organelle,ER,mitochondria,1.5930713405135122
D08_S0_C008_T048,organelle,ER,Golgi,1.194803505385134
D08_S0_C008_T048,organelle,mitochondria,lipid_droplet,1.0721892372824318
D08_S0_C009_T048,organelle,ER,mitochondria,1.8
D08_S0_C009_T048,organelle,ER,Golgi,1.35
D08_S0_C009_T048,organelle,mitochondria,lipid_droplet,1.1860000000000002
D08_S0_C010_T048,organelle,ER,mitochondria,1.3999352308701167
D08_S0_C010_T048,organelle,ER,Golgi,1.0499514231525875
D08_S0_C010_T048,organelle,mitochondria,lipid_droplet,0.9659643769785642
D08_S0_C011_T048,organelle,ER,mitochondria,1.5982298869042633
D08_S0_C011_T048,organelle,ER,Golgi,1.1986724151781973
D08_S0_C011_T048,organelle,mitochondria,lipid_droplet,1.0750264377973449
D08_S0_C012_T048,organelle,ER,mitochondria,1.7385074901433146
D08_S0_C012_T048,organelle,ER,Golgi,1.303880617607486
D08_S0_C012_T048,organelle,mitochondria,lipid_droplet,1.1521791195788231
D08_S0_C013_T048,organelle,ER,mitochondria,1.681024653213149
D08_S0_C013_T048,organelle,ER,Golgi,1.2607684899098617
D08_S0_C013_T048,organelle,mitochondria,lipid_droplet,1.120563559267232
D08_S0_C014_T048,organelle,ER,mitochondria,1.783898976921261
D08_S0_C014_T048,organelle,ER,Golgi,1.3379242326909457
D08_S0_C014_T048,organelle,mitochondria,lipid_droplet,1.1771444373066937
D08_S0_C015_T048,organelle,ER,mitochondria,1.606160869695895
D08_S0_C015_T048,organelle,ER,Golgi,1.2046206522719214
D08_S0_C015_T048,organelle,mitochondria,lipid_droplet,1.0793884783327423
D08_S0_C016_T048,organelle,ER,mitochondria,1.8
D08_S0_C016_T048,organelle,ER,Golgi,1.35
D08_S0_C016_T048,organelle,mitochondria,lipid_droplet,1.1860000000000002
D08_S0_C017_T048,organelle,ER,mitochondria,1.679506801571532
D08_S0_C017_T048,organelle,ER,Golgi,1.259630101178649
D08_S0_C017_T048,organelle,mitochondria,lipid_droplet,1.1197287408643426
D08_S0_C018_T048,organelle,ER,mitochondria,1.493676860177573
D08_S0_C018_T048,organelle,ER,Golgi,1.1202576451331798
D08_S0_C018_T048,organelle,mitochondria,lipid_droplet,1.0175222730976652
D08_S0_C019_T048,organelle,ER,mitochondria,1.4957437670588434
D08_S0_C019_T048,organelle,ER,Golgi,1.1218078252941326
D08_S0_C019_T048,organelle,mitochondria,lipid_droplet,1.0186590718823638
D08_S0_C020_T048,organelle,ER,mitochondria,1.3910616476822846
D08_S0_C020_T048,organelle,ER,Golgi,1.0432962357617135
D08_S0_C020_T048,organelle,mitochondria,lipid_droplet,0.9610839062252565
D08_S0_C021_T048,organelle,ER,mitochondria,1.7989995024729937
D08_S0_C021_T048,organelle,ER,Golgi,1.3492496268547454
D08_S0_C021_T048,organelle,mitochondria,lipid_droplet,1.1854497263601467
D08_S0_C022_T048,organelle,ER,mitochondria,1.7043968788261337
D08_S0_C022_T048,organelle,ER,Golgi,1.2782976591196002
D08_S0_C022_T048,organelle,mitochondria,lipid_droplet,1.1334182833543736
D08_S0_C023_T048,organelle,ER,mitochondria,1.5132992870006208
D08_S0_C023_T048,organelle,ER,Golgi,1.1349744652504656
D08_S0_C023_T048,organelle,mitochondria,lipid_droplet,1.0283146078503416
D08_S0_C024_T048,organelle,ER,mitochondria,1.4717893354948448
D08_S0_C024_T048,organelle,ER,Golgi,1.1038420016211337
D08_S0_C024_T048,organelle,mitochondria,lipid_droplet,1.0054841345221648
D08_S0_C025_T048,organelle,ER,mitochondria,1.516086071859164
D08_S0_C025_T048,organelle,ER,Golgi,1.137064553894373
D08_S0_C025_T048,organelle,mitochondria,lipid_droplet,1.0298473395225403
D08_S0_C026_T048,organelle,ER,mitochondria,1.7904846804473538
D08_S0_C026_T048,organelle,ER,Golgi,1.3428635103355153
D08_S0_C026_T048,organelle,mitochondria,lipid_droplet,1.1807665742460447
D08_S0_C027_T048,organelle,ER,mitochondria,1.4334443109875739
D08_S0_C027_T048,organelle,ER,Golgi,1.0750832332406803
D08_S0_C027_T048,organelle,mitochondria,lipid_droplet,0.9843943710431657
D08_S0_C028_T048,organelle,ER,mitochondria,1.670601891239862
D08_S0_C028_T048,organelle,ER,Golgi,1.2529514184298964
D08_S0_C028_T048,organelle,mitochondria,lipid_droplet,1.1148310401819241
D08_S0_C029_T048,organelle,ER,mitochondria,1.6643064018173386
D08_S0_C029_T048,organelle,ER,Golgi,1.248229801363004
D08_S0_C029_T048,organelle,mitochondria,lipid_droplet,1.1113685209995363
D08_S0_C030_T048,organelle,ER,mitochondria,1.8
D08_S0_C030_T048,organelle,ER,Golgi,1.35
D08_S0_C030_T048,organelle,mitochondria,lipid_droplet,1.1860000000000002
D08_S0_C031_T048,organelle,ER,mitochondria,1.8
D08_S0_C031_T048,organelle,ER,Golgi,1.35
D08_S0_C031_T048,organelle,mitochondria,lipid_droplet,1.1860000000000002
D08_S0_C032_T048,organelle,ER,mitochondria,1.2644047828842684
D08_S0_C032_T048,organelle,ER,Golgi,0.9483035871632013
D08_S0_C032_T048,organelle,mitochondria,lipid_droplet,0.8914226305863477
D08_S0_C033_T048,organelle,ER,mitochondria,1.5716917471261826
D08_S0_C033_T048,organelle,ER,Golgi,1.178768810344637
D08_S0_C033_T048,organelle,mitochondria,lipid_droplet,1.0604304609194006
D08_S0_C034_T048,organelle,ER,mitochondria,1.703874194516214
D08_S0_C034_T048,organelle,ER,Golgi,1.2779056458871605
D08_S0_C034_T048,organelle,mitochondria,lipid_droplet,1.1331308069839177
D08_S0_C035_T048,organelle,ER,mitochondria,1.7711160545737539
D08_S0_C035_T048,organelle,ER,Golgi,1.3283370409303155
D08_S0_C035_T048,organelle,mitochondria,lipid_droplet,1.1701138300155647
D08_S1_C000_T000,organelle,ER,mitochondria,0.7367484466769509
D08_S1_C000_T000,organelle,ER,Golgi,0.5525613350077132
D08_S1_C000_T000,organelle,mitochondria,lipid_droplet,0.4944123816812867
D08_S1_C001_T000,organelle,ER,mitochondria,0.4882728227761508
D08_S1_C001_T000,organelle,ER,Golgi,0.3662046170821131
D08_S1_C001_T000,organelle,mitochondria,lipid_droplet,0.32817266577854276
D08_S1_C002_T000,organelle,ER,mitochondria,0.752730092545394
D08_S1_C002_T000,organelle,ER,Golgi,0.5645475694090455
D08_S1_C002_T000,organelle,mitochondria,lipid_droplet,0.5286118393697687
D08_S1_C003_T000,organelle,ER,mitochondria,0.5102911074247829
D08_S1_C003_T000,organelle,ER,Golgi,0.3827183305685872
D08_S1_C003_T000,organelle,mitochondria,lipid_droplet,0.34040819603650835
D08_S1_C004_T000,organelle,ER,mitochondria,0.39045853358038757
D08_S1_C004_T000,organelle,ER,Golgi,0.29284390018529066
D08_S1_C004_T000,organelle,mitochondria,lipid_droplet,0.2624757006970176
D08_S1_C005_T000,organelle,ER,mitochondria,0.8653424966369913
D08_S1_C005_T000,organelle,ER,Golgi,0.6490068724777435
D08_S1_C005_T000,organelle,mitochondria,lipid_droplet,0.5873502899874433
D08_S1_C006_T000,organelle,ER,mitochondria,0.6884780871730132
D08_S1_C006_T000,organelle,ER,Golgi,0.5163585653797599
D08_S1_C006_T000,organelle,mitochondria,lipid_droplet,0.4544138572652404
D08_S1_C007_T000,organelle,ER,mitochondria,0.6019809204954358
D08_S1_C007_T000,organelle,ER,Golgi,0.4514856903715769
D08_S1_C007_T000,organelle,mitochondria,lipid_droplet,0.4093979552935199
D08_S1_C008_T000,organelle,ER,mitochondria,0.4810301744695235
D08_S1_C008_T000,organelle,ER,Golgi,0.3607726308521426
D08_S1_C008_T000,organelle,mitochondria,lipid_droplet,0.3292457783500937
D08_S1_C009_T000,organelle,ER,mitochondria,0.7663763587001414
D08_S1_C009_T000,organelle,ER,Golgi,0.5747822690251061
D08_S1_C009_T000,organelle,mitochondria,lipid_droplet,0.5298694354317304
D08_S1_C010_T000,organelle,ER,mitochondria,0.8219201257511608
D08_S1_C010_T000,organelle,ER,Golgi,0.6164400943133705
D08_S1_C010_T000,organelle,mitochondria,lipid_droplet,0.5761947830382665
D08_S1_C011_T000,organelle,ER,mitochondria,0.5958778738040281
D08_S1_C011_T000,organelle,ER,Golgi,0.4469084053530211
D08_S1_C011_T000,organelle,mitochondria,lipid_droplet,0.403166771507229
D08_S1_C012_T000,organelle,ER,mitochondria,0.30283906828741125
D08_S1_C012_T000,organelle,ER,Golgi,0.22712930121555844
D08_S1_C012_T000,organelle,mitochondria,lipid_droplet,0.21313793945782725
D08_S1_C013_T000,organelle,ER,mitochondria,0.7611823777971976
D08_S1_C013_T000,organelle,ER,Golgi,0.5708867833478981
D08_S1_C013_T000,organelle,mitochondria,lipid_droplet,0.4943051903391827
D08_S1_C014_T000,organelle,ER,mitochondria,0.28175933539114406
D08_S1_C014_T000,organelle,ER,Golgi,0.21131950154335805
D08_S1_C014_T000,organelle,mitochondria,lipid_droplet,0.21620794611638167
D08_S1_C015_T000,organelle,ER,mitochondria,0.3038512891358095
D08_S1_C015_T000,organelle,ER,Golgi,0.22788846685185712
D08_S1_C015_T000,organelle,mitochondria,lipid_droplet,0.2329931430578332
D08_S1_C016_T000,organelle,ER,mitochondria,0.6392613246547817
D08_S1_C016_T000,organelle,ER,Golgi,0.4794459934910863
D08_S1_C016_T000,organelle,mitochondria,lipid_droplet,0.43024888061224253
D08_S1_C017_T000,organelle,ER,mitochondria,0.5210846889010993
D08_S1_C017_T000,organelle,ER,Golgi,0.3908135166758244
D08_S1_C017_T000,organelle,mitochondria,lipid_droplet,0.3788477808988396
D08_S1_C018_T000,organelle,ER,mitochondria,0.3764024091361657
D08_S1_C018_T000,organelle,ER,Golgi,0.28230180685212425
D08_S1_C018_T000,organelle,mitochondria,lipid_droplet,0.2568780475528728
D08_S1_C019_T000,organelle,ER,mitochondria,0.6211392969505495
D08_S1_C019_T000,organelle,ER,Golgi,0.46585447271291214
D08_S1_C019_T000,organelle,mitochondria,lipid_droplet,0.4404948562071769
D08_S1_C020_T000,organelle,ER,mitochondria,0.4291371365109918
D08_S1_C020_T000,organelle,ER,Golgi,0.32185285238324385
D08_S1_C020_T000,organelle,mitochondria,lipid_droplet,0.3153317068217444
D08_S1_C021_T000,organelle,ER,mitochondria,0.7204362071935724
D08_S1_C021_T000,organelle,ER,Golgi,0.5403271553951793
D08_S1_C021_T000,organelle,mitochondria,lipid_droplet,0.5146767619783772
D08_S1_C022_T000,organelle,ER,mitochondria,0.48400373991118784
D08_S1_C022_T000,organelle,ER,Golgi,0.3630028049333909
D08_S1_C022_T000,organelle,mitochondria,lipid_droplet,0.36508106198316675
D08_S1_C023_T000,organelle,ER,mitochondria,0.44237865394348785
D08_S1_C023_T000,organelle,ER,Golgi,0.33178399045761586
D08_S1_C023_T000,organelle,mitochondria,lipid_droplet,0.35234251821120927
D08_S1_C024_T000,organelle,ER,mitochondria,0.5923327644903297
D08_S1_C024_T000,organelle,ER,Golgi,0.4442495733677473
D08_S1_C024_T000,organelle,mitochondria,lipid_droplet,0.4311292903253596
D08_S1_C025_T000,organelle,ER,mitochondria,0.41924481279134973
D08_S1_C025_T000,organelle,ER,Golgi,0.3144336095935123
D08_S1_C025_T000,organelle,mitochondria,lipid_droplet,0.3061555653847493
D08_S1_C026_T000,organelle,ER,mitochondria,0.5898460194285184
D08_S1_C026_T000,organelle,ER,Golgi,0.44238451457138883
D08_S1_C026_T000,organelle,mitochondria,lipid_droplet,0.4009771734498079
D08_S1_C027_T000,organelle,ER,mitochondria,0.8391557620170828
D08_S1_C027_T000,organelle,ER,Golgi,0.6293668215128121
D08_S1_C027_T000,organelle,mitochondria,lipid_droplet,0.5678978537176745
D08_S1_C028_T000,organelle,ER,mitochondria,0.4542868179951372
D08_S1_C028_T000,organelle,ER,Golgi,0.3407151134963529
D08_S1_C028_T000,organelle,mitochondria,lipid_droplet,0.36125530144997825
D08_S1_C029_T000,organelle,ER,mitochondria,0.5874930804791242
D08_S1_C029_T000,organelle,ER,Golgi,0.44061981035934317
D08_S1_C029_T000,organelle,mitochondria,lipid_droplet,0.42252020955890435
D08_S1_C030_T000,organelle,ER,mitochondria,0.5700828700452742
D08_S1_C030_T000,organelle,ER,Golgi,0.4275621525339557
D08_S1_C030_T000,organelle,mitochondria,lipid_droplet,0.3801563917473689
D08_S1_C031_T000,organelle,ER,mitochondria,0.26410902999654084
D08_S1_C031_T000,organelle,ER,Golgi,0.19808177249740563
D08_S1_C031_T000,organelle,mitochondria,lipid_droplet,0.21719604101231654
D08_S1_C032_T000,organelle,ER,mitochondria,0.6650147790553053
D08_S1_C032_T000,organelle,ER,Golgi,0.4987610842914789
D08_S1_C032_T000,organelle,mitochondria,lipid_droplet,0.4683920899198767
D08_S1_C033_T000,organelle,ER,mitochondria,0.3745019336310073
D08_S1_C033_T000,organelle,ER,Golgi,0.28087645022325547
D08_S1_C033_T000,organelle,mitochondria,lipid_droplet,0.2643798906885502
D08_S1_C034_T000,organelle,ER,mitochondria,0.4720791031257299
D08_S1_C034_T000,organelle,ER,Golgi,0.35405932734429746
D08_S1_C034_T000,organelle,mitochondria,lipid_droplet,0.363117567707959
D08_S1_C035_T000,organelle,ER,mitochondria,0.4646065737175299
D08_S1_C035_T000,organelle,ER,Golgi,0.34845493028814745
D08_S1_C035_T000,organelle,mitochondria,lipid_droplet,0.34822712679315987
D08_S1_C000_T012,organelle,ER,mitochondria,0.9397305272859847
D08_S1_C000_T012,organelle,ER,Golgi,0.7047978954644886
D08_S1_C000_T012,organelle,mitochondria,lipid_droplet,0.6376853104205834
D08_S1_C001_T012,organelle,ER,mitochondria,0.6487463065938377
D08_S1_C001_T012,organelle,ER,Golgi,0.48655972994537827
D08_S1_C001_T012,organelle,mitochondria,lipid_droplet,0.44634798725930164
D08_S1_C002_T012,organelle,ER,mitochondria,0.9080683520363683
D08_S1_C002_T012,organelle,ER,Golgi,0.6810512640272762
D08_S1_C002_T012,organelle,mitochondria,lipid_droplet,0.6588913782044715
D08_S1_C003_T012,organelle,ER,mitochondria,0.6436872889280433
D08_S1_C003_T012,organelle,ER,Golgi,0.4827654666960325
D08_S1_C003_T012,organelle,mitochondria,lipid_droplet,0.44455750459822807
D08_S1_C004_T012,organelle,ER,mitochondria,0.5867200050245011
D08_S1_C004_T012,organelle,ER,Golgi,0.4400400037683758
D08_S1_C004_T012,organelle,mitochondria,lipid_droplet,0.39866054503058757
D08_S1_C005_T012,organelle,ER,mitochondria,1.033574300507696
D08_S1_C005_T012,organelle,ER,Golgi,0.7751807253807721
D08_S1_C005_T012,organelle,mitochondria,lipid_droplet,0.7363941890541114
D08_S1_C006_T012,organelle,ER,mitochondria,0.8794910019693747
D08_S1_C006_T012,organelle,ER,Golgi,0.659618251477031
D08_S1_C006_T012,organelle,mitochondria,lipid_droplet,0.5939323104391518
D08_S1_C007_T012,organelle,ER,mitochondria,0.8555920121593602
D08_S1_C007_T012,organelle,ER,Golgi,0.6416940091195201
D08_S1_C007_T012,organelle,mitochondria,lipid_droplet,0.570411717013258
D08_S1_C008_T012,organelle,ER,mitochondria,0.5939495919731913
D08_S1_C008_T012,organelle,ER,Golgi,0.4454621939798935
D08_S1_C008_T012,organelle,mitochondria,lipid_droplet,0.3993604381720167
D08_S1_C009_T012,organelle,ER,mitochondria,0.9729716328501183
D08_S1_C009_T012,organelle,ER,Golgi,0.7297287246375888
D08_S1_C009_T012,organelle,mitochondria,lipid_droplet,0.6819676011717208
D08_S1_C010_T012,organelle,ER,mitochondria,0.9327408188071079
D08_S1_C010_T012,organelle,ER,Golgi,0.699555614105331
D08_S1_C010_T012,organelle,mitochondria,lipid_droplet,0.6646348026008164
D08_S1_C011_T012,organelle,ER,mitochondria,0.8417978280984344
D08_S1_C011_T012,organelle,ER,Golgi,0.6313483710738258
D08_S1_C011_T012,organelle,mitochondria,lipid_droplet,0.5656955809615685
D08_S1_C012_T012,organelle,ER,mitochondria,0.44170652484327133
D08_S1_C012_T012,organelle,ER,Golgi,0.33127989363245347
D08_S1_C012_T012,organelle,mitochondria,lipid_droplet,0.29454053252229023
D08_S1_C013_T012,organelle,ER,mitochondria,0.9302983487531128
D08_S1_C013_T012,organelle,ER,Golgi,0.6977237615648346
D08_S1_C013_T012,organelle,mitochondria,lipid_droplet,0.6156895600491584
D08_S1_C014_T012,organelle,ER,mitochondria,0.4181560675138339
D08_S1_C014_T012,organelle,ER,Golgi,0.3136170506353754
D08_S1_C014_T012,organelle,mitochondria,lipid_droplet,0.31637439239393317
D08_S1_C015_T012,organelle,ER,mitochondria,0.4545712285907959
D08_S1_C015_T012,organelle,ER,Golgi,0.34092842144309693
D08_S1_C015_T012,organelle,mitochondria,lipid_droplet,0.33287171030039586
D08_S1_C016_T012,organelle,ER,mitochondria,0.770613949782835
D08_S1_C016_T012,organelle,ER,Golgi,0.5779604623371263
D08_S1_C016_T012,organelle,mitochondria,lipid_droplet,0.5479583635933153
D08_S1_C017_T012,organelle,ER,mitochondria,0.6641356750043605
D08_S1_C017_T012,organelle,ER,Golgi,0.4981017562532704
D08_S1_C017_T012,organelle,mitochondria,lipid_droplet,0.47754886151441583
D08_S1_C018_T012,organelle,ER,mitochondria,0.5833662031009718
D08_S1_C018_T012,organelle,ER,Golgi,0.4375246523257288
D08_S1_C018_T012,organelle,mitochondria,lipid_droplet,0.3833894104638993
D08_S1_C019_T012,organelle,ER,mitochondria,0.8298954419534896
D08_S1_C019_T012,organelle,ER,Golgi,0.6224215814651173
D08_S1_C019_T012,organelle,mitochondria,lipid_droplet,0.5894677893778221
D08_S1_C020_T012,organelle,ER,mitochondria,0.5854387816566501
D08_S1_C020_T012,organelle,ER,Golgi,0.4390790862424876
D08_S1_C020_T012,organelle,mitochondria,lipid_droplet,0.41472349155662813
D08_S1_C021_T012,organelle,ER,mitochondria,0.8940764040357301
D08_S1_C021_T012,organelle,ER,Golgi,0.6705573030267975
D08_S1_C021_T012,organelle,mitochondria,lipid_droplet,0.6451210071217831
D08_S1_C022_T012,organelle,ER,mitochondria,0.6581442412907147
D08_S1_C022_T012,organelle,ER,Golgi,0.49360818096803605
D08_S1_C022_T012,organelle,mitochondria,lipid_droplet,0.4693318514542075
D08_S1_C023_T012,organelle,ER,mitochondria,0.5553043398459915
D08_S1_C023_T012,organelle,ER,Golgi,0.41647825488449364
D08_S1_C023_T012,organelle,mitochondria,lipid_droplet,0.43940269957230427
D08_S1_C024_T012,organelle,ER,mitochondria,0.7806651373908154
D08_S1_C024_T012,organelle,ER,Golgi,0.5854988530431116
D08_S1_C024_T012,organelle,mitochondria,lipid_droplet,0.5712529259394178
D08_S1_C025_T012,organelle,ER,mitochondria,0.49760095677551897
D08_S1_C025_T012,organelle,ER,Golgi,0.3732007175816392
D08_S1_C025_T012,organelle,mitochondria,lipid_droplet,0.35983271235824466
D08_S1_C026_T012,organelle,ER,mitochondria,0.752688550740206
D08_S1_C026_T012,organelle,ER,Golgi,0.5645164130551545
D08_S1_C026_T012,organelle,mitochondria,lipid_droplet,0.5323310252646292
D08_S1_C027_T012,organelle,ER,mitochondria,0.9199330395822244
D08_S1_C027_T012,organelle,ER,Golgi,0.6899497796866683
D08_S1_C027_T012,organelle,mitochondria,lipid_droplet,0.6485081321427895
D08_S1_C028_T012,organelle,ER,mitochondria,0.5832121325197878
D08_S1_C028_T012,organelle,ER,Golgi,0.43740909938984085
D08_S1_C028_T012,organelle,mitochondria,lipid_droplet,0.4495190270764443
D08_S1_C029_T012,organelle,ER,mitochondria,0.814340044491292
D08_S1_C029_T012,organelle,ER,Golgi,0.610755033368469
D08_S1_C029_T012,organelle,mitochondria,lipid_droplet,0.573949565097515
D08_S1_C030_T012,organelle,ER,mitochondria,0.7368043380002659
D08_S1_C030_T012,organelle,ER,Golgi,0.5526032535001995
D08_S1_C030_T012,organelle,mitochondria,lipid_droplet,0.49591932390415616
D08_S1_C031_T012,organelle,ER,mitochondria,0.45838723767504386
D08_S1_C031_T012,organelle,ER,Golgi,0.3437904282562829
D08_S1_C031_T012,organelle,mitochondria,lipid_droplet,0.34593956419087346
D08_S1_C032_T012,organelle,ER,mitochondria,0.7920578592657451
D08_S1_C032_T012,organelle,ER,Golgi,0.5940433944493089
D08_S1_C032_T012,organelle,mitochondria,lipid_droplet,0.5728303646627357
D08_S1_C033_T012,organelle,ER,mitochondria,0.5008290155030414
D08_S1_C033_T012,organelle,ER,Golgi,0.375621761627281
D08_S1_C033_T012,organelle,mitochondria,lipid_droplet,0.35537332775659725
D08_S1_C034_T012,organelle,ER,mitochondria,0.5534119400971071
D08_S1_C034_T012,organelle,ER,Golgi,0.41505895507283036
D08_S1_C034_T012,organelle,mitochondria,lipid_droplet,0.43478603380409586
D08_S1_C035_T012,organelle,ER,mitochondria,0.6794669250543985
D08_S1_C035_T012,organelle,ER,Golgi,0.5096001937907989
D08_S1_C035_T012,organelle,mitochondria,lipid_droplet,0.48944562006451925
D08_S1_C000_T024,organelle,ER,mitochondria,1.2451329084878646
D08_S1_C000_T024,organelle,ER,Golgi,0.9338496813658985
D08_S1_C000_T024,organelle,mitochondria,lipid_droplet,0.8808230996683255
D08_S1_C001_T024,organelle,ER,mitochondria,0.8846507274557232
D08_S1_C001_T024,organelle,ER,Golgi,0.6634880455917924
D08_S1_C001_T024,organelle,mitochondria,lipid_droplet,0.6348546731858739
D08_S1_C002_T024,organelle,ER,mitochondria,1.22328996680502
D08_S1_C002_T024,organelle,ER,Golgi,0.9174674751037649
D08_S1_C002_T024,organelle,mitochondria,lipid_droplet,0.868809481742761
D08_S1_C003_T024,organelle,ER,mitochondria,0.8633505408562117
D08_S1_C003_T024,organelle,ER,Golgi,0.6475129056421587
D08_S1_C003_T024,organelle,mitochondria,lipid_droplet,0.6214306490005278
D08_S1_C004_T024,organelle,ER,mitochondria,0.9179923830131239
D08_S1_C004_T024,organelle,ER,Golgi,0.688494287259843
D08_S1_C004_T024,organelle,mitochondria,lipid_droplet,0.6571858000489332
D08_S1_C005_T024,organelle,ER,mitochondria,1.2949805620203325
D08_S1_C005_T024,organelle,ER,Golgi,0.9712354215152494
D08_S1_C005_T024,organelle,mitochondria,lipid_droplet,0.9082393091111829
D08_S1_C006_T024,organelle,ER,mitochondria,1.2063365343300847
D08_S1_C006_T024,organelle,ER,Golgi,0.9047524007475636
D08_S1_C006_T024,organelle,mitochondria,lipid_droplet,0.8464602345796934
D08_S1_C007_T024,organelle,ER,mitochondria,1.1255714617746244
D08_S1_C007_T024,organelle,ER,Golgi,0.8441785963309683
D08_S1_C007_T024,organelle,mitochondria,lipid_droplet,0.8061400400020388
D08_S1_C008_T024,organelle,ER,mitochondria,0.8334667441687595
D08_S1_C008_T024,organelle,ER,Golgi,0.6251000581265697
D08_S1_C008_T024,organelle,mitochondria,lipid_droplet,0.5733582282684743
D08_S1_C009_T024,organelle,ER,mitochondria,1.2123070985216013
D08_S1_C009_T024,organelle,ER,Golgi,0.909230323891201
D08_S1_C009_T024,organelle,mitochondria,lipid_droplet,0.8627689041868809
D08_S1_C010_T024,organelle,ER,mitochondria,1.2039857846375006
D08_S1_C010_T024,organelle,ER,Golgi,0.9029893384781255
D08_S1_C010_T024,organelle,mitochondria,lipid_droplet,0.8581921815506255
D08_S1_C011_T024,organelle,ER,mitochondria,1.1325555843408635
D08_S1_C011_T024,organelle,ER,Golgi,0.8494166882556475
D08_S1_C011_T024,organelle,mitochondria,lipid_droplet,0.8037165122570207
D08_S1_C012_T024,organelle,ER,mitochondria,0.6518505323677503
D08_S1_C012_T024,organelle,ER,Golgi,0.48888789927581267
D08_S1_C012_T024,organelle,mitochondria,lipid_droplet,0.4419001779662302
D08_S1_C013_T024,organelle,ER,mitochondria,1.2086999325799619
D08_S1_C013_T024,organelle,ER,Golgi,0.9065249494349714
D08_S1_C013_T024,organelle,mitochondria,lipid_droplet,0.8332945996965861
D08_S1_C014_T024,organelle,ER,mitochondria,0.7625206272953028
D08_S1_C014_T024,organelle,ER,Golgi,0.5718904704714771
D08_S1_C014_T024,organelle,mitochondria,lipid_droplet,0.5693395895781483
D08_S1_C015_T024,organelle,ER,mitochondria,0.7046666255953583
D08_S1_C015_T024,organelle,ER,Golgi,0.5284999691965188
D08_S1_C015_T024,organelle,mitochondria,lipid_droplet,0.5286637267866993
D08_S1_C016_T024,organelle,ER,mitochondria,1.0641899325281872
D08_S1_C016_T024,organelle,ER,Golgi,0.7981424493961404
D08_S1_C016_T024,organelle,mitochondria,lipid_droplet,0.7763498953808701
D08_S1_C017_T024,organelle,ER,mitochondria,0.9210507967487229
D08_S1_C017_T024,organelle,ER,Golgi,0.6907880975615421
D08_S1_C017_T024,organelle,mitochondria,lipid_droplet,0.6771413736780509
D08_S1_C018_T024,organelle,ER,mitochondria,0.8270897258269506
D08_S1_C018_T024,organelle,ER,Golgi,0.620317294370213
D08_S1_C018_T024,organelle,mitochondria,lipid_droplet,0.5819467785838953
D08_S1_C019_T024,organelle,ER,mitochondria,1.1059020272792124
D08_S1_C019_T024,organelle,ER,Golgi,0.8294265204594093
D08_S1_C019_T024,organelle,mitochondria,lipid_droplet,0.8042461150035669
D08_S1_C020_T024,organelle,ER,mitochondria,0.864753515720839
D08_S1_C020_T024,organelle,ER,Golgi,0.6485651367906293
D08_S1_C020_T024,organelle,mitochondria,lipid_droplet,0.6298622623451816
D08_S1_C021_T024,organelle,ER,mitochondria,1.1662460463092845
D08_S1_C021_T024,organelle,ER,Golgi,0.8746845347319634
D08_S1_C021_T024,organelle,mitochondria,lipid_droplet,0.8374353254701066
D08_S1_C022_T024,organelle,ER,mitochondria,0.9396144821252156
D08_S1_C022_T024,organelle,ER,Golgi,0.7047108615939117
D08_S1_C022_T024,organelle,mitochondria,lipid_droplet,0.6988717471020428
D08_S1_C023_T024,organelle,ER,mitochondria,0.8364983915757045
D08_S1_C023_T024,organelle,ER,Golgi,0.6273737936817784
D08_S1_C023_T024,organelle,mitochondria,lipid_droplet,0.6504090407803736
D08_S1_C024_T024,organelle,ER,mitochondria,1.0398157763635634
D08_S1_C024_T024,organelle,ER,Golgi,0.7798618322726725
D08_S1_C024_T024,organelle,mitochondria,lipid_droplet,0.7678986769999598
D08_S1_C025_T024,organelle,ER,mitochondria,0.7607297707542323
D08_S1_C025_T024,organelle,ER,Golgi,0.5705473280656742
D08_S1_C025_T024,organelle,mitochondria,lipid_droplet,0.544741038674442
D08_S1_C026_T024,organelle,ER,mitochondria,1.1482344677465917
D08_S1_C026_T024,organelle,ER,Golgi,0.8611758508099437
D08_S1_C026_T024,organelle,mitochondria,lipid_droplet,0.8248564159785008
D08_S1_C027_T024,organelle,ER,mitochondria,1.26144462592626
D08_S1_C027_T024,organelle,ER,Golgi,0.9460834694446949
D08_S1_C027_T024,organelle,mitochondria,lipid_droplet,0.889794544259443
D08_S1_C028_T024,organelle,ER,mitochondria,0.8208064481313068
D08_S1_C028_T024,organelle,ER,Golgi,0.61560483609848
D08_S1_C028_T024,organelle,mitochondria,lipid_droplet,0.6474435464722188
D08_S1_C029_T024,organelle,ER,mitochondria,1.048894134204138
D08_S1_C029_T024,organelle,ER,Golgi,0.7866706006531035
D08_S1_C029_T024,organelle,mitochondria,lipid_droplet,0.772891773812276
D08_S1_C030_T024,organelle,ER,mitochondria,0.9248895697868116
D08_S1_C030_T024,organelle,ER,Golgi,0.6936671773401086
D08_S1_C030_T024,organelle,mitochondria,lipid_droplet,0.6460265153388126
D08_S1_C031_T024,organelle,ER,mitochondria,0.6483774839373079
D08_S1_C031_T024,organelle,ER,Golgi,0.4862831129529809
D08_S1_C031_T024,organelle,mitochondria,lipid_droplet,0.4980502037981943
D08_S1_C032_T024,organelle,ER,mitochondria,1.0621127215679942
D08_S1_C032_T024,organelle,ER,Golgi,0.7965845411759956
D08_S1_C032_T024,organelle,mitochondria,lipid_droplet,0.780161996862397
D08_S1_C033_T024,organelle,ER,mitochondria,0.7380724747912222
D08_S1_C033_T024,organelle,ER,Golgi,0.5535543560934166
D08_S1_C033_T024,organelle,mitochondria,lipid_droplet,0.5395857886578357
D08_S1_C034_T024,organelle,ER,mitochondria,0.7478896258686604
D08_S1_C034_T024,organelle,ER,Golgi,0.5609172194014953
D08_S1_C034_T024,organelle,mitochondria,lipid_droplet,0.5923906504207895
D08_S1_C035_T024,organelle,ER,mitochondria,0.9913099096914071
D08_S1_C035_T024,organelle,ER,Golgi,0.7434824322685554
D08_S1_C035_T024,organelle,mitochondria,lipid_droplet,0.7303586477054498
D08_S1_C000_T048,organelle,ER,mitochondria,1.8
D08_S1_C000_T048,organelle,ER,Golgi,1.35
D08_S1_C000_T048,organelle,mitochondria,lipid_droplet,1.1860000000000002
D08_S1_C001_T048,organelle,ER,mitochondria,1.6734298911378256
D08_S1_C001_T048,organelle,ER,Golgi,1.2550724183533692
D08_S1_C001_T048,organelle,mitochondria,lipid_droplet,1.1163864401258041
D08_S1_C002_T048,organelle,ER,mitochondria,1.8
D08_S1_C002_T048,organelle,ER,Golgi,1.35
D08_S1_C002_T048,organelle,mitochondria,lipid_droplet,1.1860000000000002
D08_S1_C003_T048,organelle,ER,mitochondria,1.5664271186461618
D08_S1_C003_T048,organelle,ER,Golgi,1.1748203389846212
D08_S1_C003_T048,organelle,mitochondria,lipid_droplet,1.057534915255389
D08_S1_C004_T048,organelle,ER,mitochondria,1.6548616570159154
D08_S1_C004_T048,organelle,ER,Golgi,1.2411462427619364
D08_S1_C004_T048,organelle,mitochondria,lipid_droplet,1.1061739113587534
D08_S1_C005_T048,organelle,ER,mitochondria,1.8
D08_S1_C005_T048,organelle,ER,Golgi,1.35
D08_S1_C005_T048,organelle,mitochondria,lipid_droplet,1.1860000000000002
D08_S1_C006_T048,organelle,ER,mitochondria,1.8
D08_S1_C006_T048,organelle,ER,Golgi,1.35
D08_S1_C006_T048,organelle,mitochondria,lipid_droplet,1.1860000000000002
D08_S1_C007_T048,organelle,ER,mitochondria,1.7531589482883478
D08_S1_C007_T048,organelle,ER,Golgi,1.3148692112162608
D08_S1_C007_T048,organelle,mitochondria,lipid_droplet,1.1602374215585913
D08_S1_C008_T048,organelle,ER,mitochondria,1.6301727612184194
D08_S1_C008_T048,organelle,ER,Golgi,1.2226295709138144
D08_S1_C008_T048,organelle,mitochondria,lipid_droplet,1.0925950186701308
D08_S1_C009_T048,organelle,ER,mitochondria,1.7647526971774101
D08_S1_C009_T048,organelle,ER,Golgi,1.3235645228830575
D08_S1_C009_T048,organelle,mitochondria,lipid_droplet,1.1666139834475757
D08_S1_C010_T048,organelle,ER,mitochondria,1.8
D08_S1_C010_T048,organelle,ER,Golgi,1.35
D08_S1_C010_T048,organelle,mitochondria,lipid_droplet,1.1860000000000002
D08_S1_C011_T048,organelle,ER,mitochondria,1.7844926784264261
D08_S1_C011_T048,organelle,ER,Golgi,1.3383695088198195
D08_S1_C011_T048,organelle,mitochondria,lipid_droplet,1.1774709731345345
D08_S1_C012_T048,organelle,ER,mitochondria,1.3591320016258215
D08_S1_C012_T048,organelle,ER,Golgi,1.019349001219366
D08_S1_C012_T048,organelle,mitochondria,lipid_droplet,0.9435226008942019
D08_S1_C013_T048,organelle,ER,mitochondria,1.8
D08_S1_C013_T048,organelle,ER,Golgi,1.35
D08_S1_C013_T048,organelle,mitochondria,lipid_droplet,1.1860000000000002
D08_S1_C014_T048,organelle,ER,mitochondria,1.476022701959671
D08_S1_C014_T048,organelle,ER,Golgi,1.1070170264697532
D08_S1_C014_T048,organelle,mitochondria,lipid_droplet,1.007812486077819
D08_S1_C015_T048,organelle,ER,mitochondria,1.4677926354239466
D08_S1_C015_T048,organelle,ER,Golgi,1.10084447656796
D08_S1_C015_T048,organelle,mitochondria,lipid_droplet,1.0032859494831707
D08_S1_C016_T048,organelle,ER,mitochondria,1.763119026132996
D08_S1_C016_T048,organelle,ER,Golgi,1.3223392695997471
D08_S1_C016_T048,organelle,mitochondria,lipid_droplet,1.165715464373148
D08_S1_C017_T048,organelle,ER,mitochondria,1.69580989484131
D08_S1_C017_T048,organelle,ER,Golgi,1.2718574211309825
D08_S1_C017_T048,organelle,mitochondria,lipid_droplet,1.1286954421627207
D08_S1_C018_T048,organelle,ER,mitochondria,1.5988386144721498
D08_S1_C018_T048,organelle,ER,Golgi,1.1991289608541122
D08_S1_C018_T048,organelle,mitochondria,lipid_droplet,1.0753612379596824
D08_S1_C019_T048,organelle,ER,mitochondria,1.7764510636757267
D08_S1_C019_T048,organelle,ER,Golgi,1.332338297756795
D08_S1_C019_T048,organelle,mitochondria,lipid_droplet,1.1730480850216498
D08_S1_C020_T048,organelle,ER,mitochondria,1.6017218622628009
D08_S1_C020_T048,organelle,ER,Golgi,1.2012913966971006
D08_S1_C020_T048,organelle,mitochondria,lipid_droplet,1.0769470242445405
D08_S1_C021_T048,organelle,ER,mitochondria,1.7994366175188212
D08_S1_C021_T048,organelle,ER,Golgi,1.349577463139116
D08_S1_C021_T048,organelle,mitochondria,lipid_droplet,1.1856901396353519
D08_S1_C022_T048,organelle,ER,mitochondria,1.5827110262172996
D08_S1_C022_T048,organelle,ER,Golgi,1.1870332696629746
D08_S1_C022_T048,organelle,mitochondria,lipid_droplet,1.066491064419515
D08_S1_C023_T048,organelle,ER,mitochondria,1.5029324887639837
D08_S1_C023_T048,organelle,ER,Golgi,1.1271993665729878
D08_S1_C023_T048,organelle,mitochondria,lipid_droplet,1.0226128688201912
D08_S1_C024_T048,organelle,ER,mitochondria,1.6761924172658345
D08_S1_C024_T048,organelle,ER,Golgi,1.2571443129493758
D08_S1_C024_T048,organelle,mitochondria,lipid_droplet,1.117905829496209
D08_S1_C025_T048,organelle,ER,mitochondria,1.5613750205215053
D08_S1_C025_T048,organelle,ER,Golgi,1.171031265391129
D08_S1_C025_T048,organelle,mitochondria,lipid_droplet,1.054756261286828
D08_S1_C026_T048,organelle,ER,mitochondria,1.7258469669864984
D08_S1_C026_T048,organelle,ER,Golgi,1.2943852252398738
D08_S1_C026_T048,organelle,mitochondria,lipid_droplet,1.1452158318425743
D08_S1_C027_T048,organelle,ER,mitochondria,1.8
D08_S1_C027_T048,organelle,ER,Golgi,1.35
D08_S1_C027_T048,organelle,mitochondria,lipid_droplet,1.1860000000000002
D08_S1_C028_T048,organelle,ER,mitochondria,1.4928307826956728
D08_S1_C028_T048,organelle,ER,Golgi,1.1196230870217545
D08_S1_C028_T048,organelle,mitochondria,lipid_droplet,1.01705693048262
D08_S1_C029_T048,organelle,ER,mitochondria,1.7800118911270661
D08_S1_C029_T048,organelle,ER,Golgi,1.3350089183452996
D08_S1_C029_T048,organelle,mitochondria,lipid_droplet,1.1750065401198864
D08_S1_C030_T048,organelle,ER,mitochondria,1.6353215360030324
D08_S1_C030_T048,organelle,ER,Golgi,1.2264911520022743
D08_S1_C030_T048,organelle,mitochondria,lipid_droplet,1.095426844801668
D08_S1_C031_T048,organelle,ER,mitochondria,1.3716872865156238
D08_S1_C031_T048,organelle,ER,Golgi,1.028765464886718
D08_S1_C031_T048,organelle,mitochondria,lipid_droplet,0.9504280075835931
D08_S1_C032_T048,organelle,ER,mitochondria,1.6776246807717974
D08_S1_C032_T048,organelle,ER,Golgi,1.258218510578848
D08_S1_C032_T048,organelle,mitochondria,lipid_droplet,1.1186935744244886
D08_S1_C033_T048,organelle,ER,mitochondria,1.5374611400298779
D08_S1_C033_T048,organelle,ER,Golgi,1.1530958550224084
D08_S1_C033_T048,organelle,mitochondria,lipid_droplet,1.0416036270164328
D08_S1_C034_T048,organelle,ER,mitochondria,1.4876646191674652
D08_S1_C034_T048,organelle,ER,Golgi,1.1157484643755988
D08_S1_C034_T048,organelle,mitochondria,lipid_droplet,1.0142155405421058
D08_S1_C035_T048,organelle,ER,mitochondria,1.6417920966058785
D08_S1_C035_T048,organelle,ER,Golgi,1.231344072454409
D08_S1_C035_T048,organelle,mitochondria,lipid_droplet,1.0989856531332334
D09_S0_C000_T000,organelle,ER,mitochondria,0.41210031037913675
D09_S0_C000_T000,organelle,ER,Golgi,0.30907523278435256
D09_S0_C000_T000,organelle,mitochondria,lipid_droplet,0.3031434082489155
D09_S0_C001_T000,organelle,ER,mitochondria,0.6888999436058884
D09_S0_C001_T000,organelle,ER,Golgi,0.5166749577044163
D09_S0_C001_T000,organelle,mitochondria,lipid_droplet,0.4211500764161156
D09_S0_C002_T000,organelle,ER,mitochondria,0.5962219236370639
D09_S0_C002_T000,organelle,ER,Golgi,0.44716644272779793
D09_S0_C002_T000,organelle,mitochondria,lipid_droplet,0.42018731151663175
D09_S0_C003_T000,organelle,ER,mitochondria,0.42625392432587095
D09_S0_C003_T000,organelle,ER,Golgi,0.3196904432444032
D09_S0_C003_T000,organelle,mitochondria,lipid_droplet,0.28922823386578367
D09_S0_C004_T000,organelle,ER,mitochondria,0.512445359213624
D09_S0_C004_T000,organelle,ER,Golgi,0.384334019410218
D09_S0_C004_T000,organelle,mitochondria,lipid_droplet,0.35457191256673304
D09_S0_C005_T000,organelle,ER,mitochondria,0.5856766326741131
D09_S0_C005_T000,organelle,ER,Golgi,0.43925747450558483
D09_S0_C005_T000,organelle,mitochondria,lipid_droplet,0.3760517156612123
D09_S0_C006_T000,organelle,ER,mitochondria,0.7189771098530421
D09_S0_C006_T000,organelle,ER,Golgi,0.5392328323897816
D09_S0_C006_T000,organelle,mitochondria,lipid_droplet,0.44798814203403436
D09_S0_C007_T000,organelle,ER,mitochondria,0.6519553209275211
D09_S0_C007_T000,organelle,ER,Golgi,0.4889664906956408
D09_S0_C007_T000,organelle,mitochondria,lipid_droplet,0.404320930097291
D09_S0_C008_T000,organelle,ER,mitochondria,0.9151859817523159
D09_S0_C008_T000,organelle,ER,Golgi,0.6863894863142369
D09_S0_C008_T000,organelle,mitochondria,lipid_droplet,0.5688062874909007
D09_S0_C009_T000,organelle,ER,mitochondria,0.6241849719415131
D09_S0_C009_T000,organelle,ER,Golgi,0.46813872895613484
D09_S0_C009_T000,organelle,mitochondria,lipid_droplet,0.4052408126413301
D09_S0_C010_T000,organelle,ER,mitochondria,0.4817208144267849
D09_S0_C010_T000,organelle,ER,Golgi,0.3612906108200887
D09_S0_C010_T000,organelle,mitochondria,lipid_droplet,0.3016335312643426
D09_S0_C011_T000,organelle,ER,mitochondria,0.44630889327776097
D09_S0_C011_T000,organelle,ER,Golgi,0.3347316699583207
D09_S0_C011_T000,organelle,mitochondria,lipid_droplet,0.29907296209801804
D09_S0_C012_T000,organelle,ER,mitochondria,0.5832549823727081
D09_S0_C012_T000,organelle,ER,Golgi,0.43744123677953106
D09_S0_C012_T000,organelle,mitochondria,lipid_droplet,0.3402774777909038
D09_S0_C013_T000,organelle,ER,mitochondria,0.5151600019098129
D09_S0_C013_T000,organelle,ER,Golgi,0.38637000143235967
D09_S0_C013_T000,organelle,mitochondria,lipid_droplet,0.32947205541289093
D09_S0_C014_T000,organelle,ER,mitochondria,0.836227588122587
D09_S0_C014_T000,organelle,ER,Golgi,0.6271706910919402
D09_S0_C014_T000,organelle,mitochondria,lipid_droplet,0.5489405845941443
D09_S0_C015_T000,organelle,ER,mitochondria,0.7482946795941707
D09_S0_C015_T000,organelle,ER,Golgi,0.561221009695628
D09_S0_C015_T000,organelle,mitochondria,lipid_droplet,0.4618691075383792
D09_S0_C016_T000,organelle,ER,mitochondria,0.5043485449430226
D09_S0_C016_T000,organelle,ER,Golgi,0.378261408707267
D09_S0_C016_T000,organelle,mitochondria,lipid_droplet,0.31923957134352776
D09_S0_C017_T000,organelle,ER,mitochondria,0.544761858008703
D09_S0_C017_T000,organelle,ER,Golgi,0.40857139350652727
D09_S0_C017_T000,organelle,mitochondria,lipid_droplet,0.3279755981063845
D09_S0_C018_T000,organelle,ER,mitochondria,0.7195342098513721
D09_S0_C018_T000,organelle,ER,Golgi,0.539650657388529
D09_S0_C018_T000,organelle,mitochondria,lipid_droplet,0.45040997561653456
D09_S0_C019_T000,organelle,ER,mitochondria,0.4581621996037402
D09_S0_C019_T000,organelle,ER,Golgi,0.3436216497028052
D09_S0_C019_T000,organelle,mitochondria,lipid_droplet,0.29454475670887165
D09_S0_C020_T000,organelle,ER,mitochondria,0.7207372084592788
D09_S0_C020_T000,organelle,ER,Golgi,0.5405529063444591
D09_S0_C020_T000,organelle,mitochondria,lipid_droplet,0.450086104378007
D09_S0_C021_T000,organelle,ER,mitochondria,0.7992555125933243
D09_S0_C021_T000,organelle,ER,Golgi,0.5994416344449932
D09_S0_C021_T000,organelle,mitochondria,lipid_droplet,0.5221916125593246
D09_S0_C022_T000,organelle,ER,mitochondria,0.7040613406215142
D09_S0_C022_T000,organelle,ER,Golgi,0.5280460054661356
D09_S0_C022_T000,organelle,mitochondria,lipid_droplet,0.45017390640407184
D09_S0_C023_T000,organelle,ER,mitochondria,0.6603600796360178
D09_S0_C023_T000,organelle,ER,Golgi,0.4952700597270134
D09_S0_C023_T000,organelle,mitochondria,lipid_droplet,0.42360005934544986
D09_S0_C024_T000,organelle,ER,mitochondria,0.7992779266179739
D09_S0_C024_T000,organelle,ER,Golgi,0.5994584449634804
D09_S0_C024_T000,organelle,mitochondria,lipid_droplet,0.523172819820241
D09_S0_C025_T000,organelle,ER,mitochondria,0.6773517398647723
D09_S0_C025_T000,organelle,ER,Golgi,0.5080138048985792
D09_S0_C025_T000,organelle,mitochondria,lipid_droplet,0.3781145528258144
D09_S0_C026_T000,organelle,ER,mitochondria,0.49364319042744415
D09_S0_C026_T000,organelle,ER,Golgi,0.3702323928205831
D09_S0_C026_T000,organelle,mitochondria,lipid_droplet,0.3112663773448688
D09_S0_C027_T000,organelle,ER,mitochondria,0.5077763064248069
D09_S0_C027_T000,organelle,ER,Golgi,0.38083222981860515
D09_S0_C027_T000,organelle,mitochondria,lipid_droplet,0.32413422300591715
D09_S0_C028_T000,organelle,ER,mitochondria,0.7060985693965525
D09_S0_C028_T000,organelle,ER,Golgi,0.5295739270474144
D09_S0_C028_T000,organelle,mitochondria,lipid_droplet,0.41393010138672487
D09_S0_C029_T000,organelle,ER,mitochondria,0.6742052617875771
D09_S0_C029_T000,organelle,ER,Golgi,0.5056539463406828
D09_S0_C029_T000,organelle,mitochondria,lipid_droplet,0.44095135928330226
D09_S0_C030_T000,organelle,ER,mitochondria,0.8526898437531233
D09_S0_C030_T000,organelle,ER,Golgi,0.6395173828148425
D09_S0_C030_T000,organelle,mitochondria,lipid_droplet,0.5302612357549867
D09_S0_C031_T000,organelle,ER,mitochondria,0.9978274857204082
D09_S0_C031_T000,organelle,ER,Golgi,0.7483706142903062
D09_S0_C031_T000,organelle,mitochondria,lipid_droplet,0.6134155306668869
D09_S0_C032_T000,organelle,ER,mitochondria,0.5501925554625954
D09_S0_C032_T000,organelle,ER,Golgi,0.4126444165969465
D09_S0_C032_T000,organelle,mitochondria,lipid_droplet,0.3138225363715828
D09_S0_C033_T000,organelle,ER,mitochondria,0.5566879747736947
D09_S0_C033_T000,organelle,ER,Golgi,0.417515981080271
D09_S0_C033_T000,organelle,mitochondria,lipid_droplet,0.3231058495680213
D09_S0_C034_T000,organelle,ER,mitochondria,0.34664032709565623
D09_S0_C034_T000,organelle,ER,Golgi,0.2599802453217422
D09_S0_C034_T000,organelle,mitochondria,lipid_droplet,0.24866900874081746
D09_S0_C035_T000,organelle,ER,mitochondria,0.5796918680597608
D09_S0_C035_T000,organelle,ER,Golgi,0.4347689010448206
D09_S0_C035_T000,organelle,mitochondria,lipid_droplet,0.3890153101584076
D09_S0_C000_T012,organelle,ER,mitochondria,0.6091738310755398
D09_S0_C000_T012,organelle,ER,Golgi,0.4568803733066549
D09_S0_C000_T012,organelle,mitochondria,lipid_droplet,0.43814662131473814
D09_S0_C001_T012,organelle,ER,mitochondria,0.9025350359967593
D09_S0_C001_T012,organelle,ER,Golgi,0.6769012769975695
D09_S0_C001_T012,organelle,mitochondria,lipid_droplet,0.5812362939532859
D09_S0_C002_T012,organelle,ER,mitochondria,0.7611521083196593
D09_S0_C002_T012,organelle,ER,Golgi,0.5708640812397445
D09_S0_C002_T012,organelle,mitochondria,lipid_droplet,0.5503978487990223
D09_S0_C003_T012,organelle,ER,mitochondria,0.6952850825210926
D09_S0_C003_T012,organelle,ER,Golgi,0.5214638118908195
D09_S0_C003_T012,organelle,mitochondria,lipid_droplet,0.48030673030435783
D09_S0_C004_T012,organelle,ER,mitochondria,0.6905958049292181
D09_S0_C004_T012,organelle,ER,Golgi,0.5179468536969136
D09_S0_C004_T012,organelle,mitochondria,lipid_droplet,0.4911619012488052
D09_S0_C005_T012,organelle,ER,mitochondria,0.7163460501664853
D09_S0_C005_T012,organelle,ER,Golgi,0.537259537624864
D09_S0_C005_T012,organelle,mitochondria,lipid_droplet,0.4892955761276764
D09_S0_C006_T012,organelle,ER,mitochondria,0.9460433577947571
D09_S0_C006_T012,organelle,ER,Golgi,0.7095325183460679
D09_S0_C006_T012,organelle,mitochondria,lipid_droplet,0.6087215858923304
D09_S0_C007_T012,organelle,ER,mitochondria,0.9037214411863086
D09_S0_C007_T012,organelle,ER,Golgi,0.6777910808897314
D09_S0_C007_T012,organelle,mitochondria,lipid_droplet,0.5820200719045754
D09_S0_C008_T012,organelle,ER,mitochondria,1.1131010323731867
D09_S0_C008_T012,organelle,ER,Golgi,0.83482577427989
D09_S0_C008_T012,organelle,mitochondria,lipid_droplet,0.7293621383212772
D09_S0_C009_T012,organelle,ER,mitochondria,0.8511874038213102
D09_S0_C009_T012,organelle,ER,Golgi,0.6383905528659827
D09_S0_C009_T012,organelle,mitochondria,lipid_droplet,0.5648307721289876
D09_S0_C010_T012,organelle,ER,mitochondria,0.7038490016220637
D09_S0_C010_T012,organelle,ER,Golgi,0.5278867512165477
D09_S0_C010_T012,organelle,mitochondria,lipid_droplet,0.4570011832482219
D09_S0_C011_T012,organelle,ER,mitochondria,0.5545994923245361
D09_S0_C011_T012,organelle,ER,Golgi,0.41594961924340207
D09_S0_C011_T012,organelle,mitochondria,lipid_droplet,0.3814859758717535
D09_S0_C012_T012,organelle,ER,mitochondria,0.7516189185697698
D09_S0_C012_T012,organelle,ER,Golgi,0.5637141889273274
D09_S0_C012_T012,organelle,mitochondria,lipid_droplet,0.45857276236524813
D09_S0_C013_T012,organelle,ER,mitochondria,0.7988889334762024
D09_S0_C013_T012,organelle,ER,Golgi,0.5991667001071518
D09_S0_C013_T012,organelle,mitochondria,lipid_droplet,0.5244009733874146
D09_S0_C014_T012,organelle,ER,mitochondria,1.0578709993604771
D09_S0_C014_T012,organelle,ER,Golgi,0.7934032495203578
D09_S0_C014_T012,organelle,mitochondria,lipid_droplet,0.7205169739653452
D09_S0_C015_T012,organelle,ER,mitochondria,0.9811471996232511
D09_S0_C015_T012,organelle,ER,Golgi,0.7358603997174383
D09_S0_C015_T012,organelle,mitochondria,lipid_droplet,0.6451470169501539
D09_S0_C016_T012,organelle,ER,mitochondria,0.8067879009995075
D09_S0_C016_T012,organelle,ER,Golgi,0.6050909257496306
D09_S0_C016_T012,organelle,mitochondria,lipid_droplet,0.5226500249660294
D09_S0_C017_T012,organelle,ER,mitochondria,0.8034858776471995
D09_S0_C017_T012,organelle,ER,Golgi,0.6026144082353996
D09_S0_C017_T012,organelle,mitochondria,lipid_droplet,0.5136275048904788
D09_S0_C018_T012,organelle,ER,mitochondria,0.9562428746887398
D09_S0_C018_T012,organelle,ER,Golgi,0.7171821560165549
D09_S0_C018_T012,organelle,mitochondria,lipid_droplet,0.6132908154761421
D09_S0_C019_T012,organelle,ER,mitochondria,0.7038350373244331
D09_S0_C019_T012,organelle,ER,Golgi,0.5278762779933248
D09_S0_C019_T012,organelle,mitochondria,lipid_droplet,0.4605225470092501
D09_S0_C020_T012,organelle,ER,mitochondria,0.9360752173304888
D09_S0_C020_T012,organelle,ER,Golgi,0.7020564129978666
D09_S0_C020_T012,organelle,mitochondria,lipid_droplet,0.6142406602428583
D09_S0_C021_T012,organelle,ER,mitochondria,0.9896367445682198
D09_S0_C021_T012,organelle,ER,Golgi,0.7422275584261648
D09_S0_C021_T012,organelle,mitochondria,lipid_droplet,0.6736479053904268
D09_S0_C022_T012,organelle,ER,mitochondria,0.8422911032793929
D09_S0_C022_T012,organelle,ER,Golgi,0.6317183274595447
D09_S0_C022_T012,organelle,mitochondria,lipid_droplet,0.5488496009193996
D09_S0_C023_T012,organelle,ER,mitochondria,0.9252753038279885
D09_S0_C023_T012,organelle,ER,Golgi,0.6939564778709914
D09_S0_C023_T012,organelle,mitochondria,lipid_droplet,0.6261799857747667
D09_S0_C024_T012,organelle,ER,mitochondria,1.0862526706100326
D09_S0_C024_T012,organelle,ER,Golgi,0.8146895029575245
D09_S0_C024_T012,organelle,mitochondria,lipid_droplet,0.739907316609438
D09_S0_C025_T012,organelle,ER,mitochondria,0.8724597419285768
D09_S0_C025_T012,organelle,ER,Golgi,0.6543448064464326
D09_S0_C025_T012,organelle,mitochondria,lipid_droplet,0.5128585839371097
D09_S0_C026_T012,organelle,ER,mitochondria,0.6617622268229774
D09_S0_C026_T012,organelle,ER,Golgi,0.49632167011723305
D09_S0_C026_T012,organelle,mitochondria,lipid_droplet,0.43431322840709186
D09_S0_C027_T012,organelle,ER,mitochondria,0.6981665690881118
D09_S0_C027_T012,organelle,ER,Golgi,0.5236249268160839
D09_S0_C027_T012,organelle,mitochondria,lipid_droplet,0.4621774640746888
D09_S0_C028_T012,organelle,ER,mitochondria,0.9623425798617201
D09_S0_C028_T012,organelle,ER,Golgi,0.7217569348962901
D09_S0_C028_T012,organelle,mitochondria,lipid_droplet,0.6067002804701392
D09_S0_C029_T012,organelle,ER,mitochondria,0.8878337957823729
D09_S0_C029_T012,organelle,ER,Golgi,0.6658753468367796
D09_S0_C029_T012,organelle,mitochondria,lipid_droplet,0.6199485601080146
D09_S0_C030_T012,organelle,ER,mitochondria,1.0588579038683261
D09_S0_C030_T012,organelle,ER,Golgi,0.7941434279012446
D09_S0_C030_T012,organelle,mitochondria,lipid_droplet,0.6974663152422298
D09_S0_C031_T012,organelle,ER,mitochondria,1.2268827614718671
D09_S0_C031_T012,organelle,ER,Golgi,0.9201620711039004
D09_S0_C031_T012,organelle,mitochondria,lipid_droplet,0.8027039745805139
D09_S0_C032_T012,organelle,ER,mitochondria,0.6931418320392265
D09_S0_C032_T012,organelle,ER,Golgi,0.5198563740294199
D09_S0_C032_T012,organelle,mitochondria,lipid_droplet,0.43109048930769944
D09_S0_C033_T012,organelle,ER,mitochondria,0.7590242999963792
D09_S0_C033_T012,organelle,ER,Golgi,0.5692682249972845
D09_S0_C033_T012,organelle,mitochondria,lipid_droplet,0.4639011630826646
D09_S0_C034_T012,organelle,ER,mitochondria,0.5280582799488829
D09_S0_C034_T012,organelle,ER,Golgi,0.39604370996166216
D09_S0_C034_T012,organelle,mitochondria,lipid_droplet,0.3916686194683389
D09_S0_C035_T012,organelle,ER,mitochondria,0.8549065341548578
D09_S0_C035_T012,organelle,ER,Golgi,0.6411799006161434
D09_S0_C035_T012,organelle,mitochondria,lipid_droplet,0.5899885744153303
D09_S0_C000_T024,organelle,ER,mitochondria,0.9793962238013059
D09_S0_C000_T024,organelle,ER,Golgi,0.7345471678509794
D09_S0_C000_T024,organelle,mitochondria,lipid_droplet,0.7332285052401778
D09_S0_C001_T024,organelle,ER,mitochondria,1.3041298250447815
D09_S0_C001_T024,organelle,ER,Golgi,0.9780973687835861
D09_S0_C001_T024,organelle,mitochondria,lipid_droplet,0.8994239624072307
D09_S0_C002_T024,organelle,ER,mitochondria,1.1282811181606736
D09_S0_C002_T024,organelle,ER,Golgi,0.8462108386205052
D09_S0_C002_T024,organelle,mitochondria,lipid_droplet,0.8165546149883705
D09_S0_C003_T024,organelle,ER,mitochondria,1.1270177449692178
D09_S0_C003_T024,organelle,ER,Golgi,0.8452633087269134
D09_S0_C003_T024,organelle,mitochondria,lipid_droplet,0.8158597597330699
D09_S0_C004_T024,organelle,ER,mitochondria,1.0820897174121369
D09_S0_C004_T024,organelle,ER,Golgi,0.8115672880591027
D09_S0_C004_T024,organelle,mitochondria,lipid_droplet,0.7911493445766753
D09_S0_C005_T024,organelle,ER,mitochondria,1.0735591261348159
D09_S0_C005_T024,organelle,ER,Golgi,0.8051693446011119
D09_S0_C005_T024,organelle,mitochondria,lipid_droplet,0.758323161184593
D09_S0_C006_T024,organelle,ER,mitochondria,1.2464265467369444
D09_S0_C006_T024,organelle,ER,Golgi,0.9348199100527084
D09_S0_C006_T024,organelle,mitochondria,lipid_droplet,0.8572696253187828
D09_S0_C007_T024,organelle,ER,mitochondria,1.24364381536797
D09_S0_C007_T024,organelle,ER,Golgi,0.9327328615259776
D09_S0_C007_T024,organelle,mitochondria,lipid_droplet,0.8673094218275557
D09_S0_C008_T024,organelle,ER,mitochondria,1.4574166383346443
D09_S0_C008_T024,organelle,ER,Golgi,1.0930624787509833
D09_S0_C008_T024,organelle,mitochondria,lipid_droplet,0.9975791510840544
D09_S0_C009_T024,organelle,ER,mitochondria,1.1939632824179882
D09_S0_C009_T024,organelle,ER,Golgi,0.8954724618134912
D09_S0_C009_T024,organelle,mitochondria,lipid_droplet,0.8475418597741279
D09_S0_C010_T024,organelle,ER,mitochondria,1.0754822240237365
D09_S0_C010_T024,organelle,ER,Golgi,0.8066116680178024
D09_S0_C010_T024,organelle,mitochondria,lipid_droplet,0.7409800141366903
D09_S0_C011_T024,organelle,ER,mitochondria,0.9003119428515536
D09_S0_C011_T024,organelle,ER,Golgi,0.6752339571386652
D09_S0_C011_T024,organelle,mitochondria,lipid_droplet,0.6501071980785045
D09_S0_C012_T024,organelle,ER,mitochondria,1.1027622504932126
D09_S0_C012_T024,organelle,ER,Golgi,0.8270716878699095
D09_S0_C012_T024,organelle,mitochondria,lipid_droplet,0.7223805538828934
D09_S0_C013_T024,organelle,ER,mitochondria,1.2073583592978399
D09_S0_C013_T024,organelle,ER,Golgi,0.90551876947338
D09_S0_C013_T024,organelle,mitochondria,lipid_droplet,0.8442896203755551
D09_S0_C014_T024,organelle,ER,mitochondria,1.4371439164353896
D09_S0_C014_T024,organelle,ER,Golgi,1.0778579373265422
D09_S0_C014_T024,organelle,mitochondria,lipid_droplet,0.9864291540394643
D09_S0_C015_T024,organelle,ER,mitochondria,1.362150500081501
D09_S0_C015_T024,organelle,ER,Golgi,1.0216128750611257
D09_S0_C015_T024,organelle,mitochondria,lipid_droplet,0.9451827750448256
D09_S0_C016_T024,organelle,ER,mitochondria,1.1149472832935248
D09_S0_C016_T024,organelle,ER,Golgi,0.8362104624701436
D09_S0_C016_T024,organelle,mitochondria,lipid_droplet,0.7839195342147836
D09_S0_C017_T024,organelle,ER,mitochondria,1.0651170008550155
D09_S0_C017_T024,organelle,ER,Golgi,0.7988377506412616
D09_S0_C017_T024,organelle,mitochondria,lipid_droplet,0.7463846947464049
D09_S0_C018_T024,organelle,ER,mitochondria,1.3111687993083385
D09_S0_C018_T024,organelle,ER,Golgi,0.9833765994812539
D09_S0_C018_T024,organelle,mitochondria,lipid_droplet,0.9082615539657173
D09_S0_C019_T024,organelle,ER,mitochondria,1.0337463914165266
D09_S0_C019_T024,organelle,ER,Golgi,0.7753097935623949
D09_S0_C019_T024,organelle,mitochondria,lipid_droplet,0.7342585463955502
D09_S0_C020_T024,organelle,ER,mitochondria,1.3303924310346822
D09_S0_C020_T024,organelle,ER,Golgi,0.9977943232760116
D09_S0_C020_T024,organelle,mitochondria,lipid_droplet,0.9261781549585992
D09_S0_C021_T024,organelle,ER,mitochondria,1.2714453998514623
D09_S0_C021_T024,organelle,ER,Golgi,0.9535840498885968
D09_S0_C021_T024,organelle,mitochondria,lipid_droplet,0.8952949699183044
D09_S0_C022_T024,organelle,ER,mitochondria,1.1262761373767516
D09_S0_C022_T024,organelle,ER,Golgi,0.8447071030325637
D09_S0_C022_T024,organelle,mitochondria,lipid_droplet,0.7798738048562156
D09_S0_C023_T024,organelle,ER,mitochondria,1.3014930169695984
D09_S0_C023_T024,organelle,ER,Golgi,0.9761197627271988
D09_S0_C023_T024,organelle,mitochondria,lipid_droplet,0.9118211593332792
D09_S0_C024_T024,organelle,ER,mitochondria,1.4505258848031286
D09_S0_C024_T024,organelle,ER,Golgi,1.0878944136023465
D09_S0_C024_T024,organelle,mitochondria,lipid_droplet,0.9937892366417207
D09_S0_C025_T024,organelle,ER,mitochondria,1.2034938924013034
D09_S0_C025_T024,organelle,ER,Golgi,0.9026204193009776
D09_S0_C025_T024,organelle,mitochondria,lipid_droplet,0.7739712972835957
D09_S0_C026_T024,organelle,ER,mitochondria,1.0047864489018152
D09_S0_C026_T024,organelle,ER,Golgi,0.7535898366763614
D09_S0_C026_T024,organelle,mitochondria,lipid_droplet,0.7029409164501792
D09_S0_C027_T024,organelle,ER,mitochondria,1.0085176336004955
D09_S0_C027_T024,organelle,ER,Golgi,0.7563882252003716
D09_S0_C027_T024,organelle,mitochondria,lipid_droplet,0.7031422046941714
D09_S0_C028_T024,organelle,ER,mitochondria,1.3462568496110825
D09_S0_C028_T024,organelle,ER,Golgi,1.009692637208312
D09_S0_C028_T024,organelle,mitochondria,lipid_droplet,0.9204406669407629
D09_S0_C029_T024,organelle,ER,mitochondria,1.2316695553050745
D09_S0_C029_T024,organelle,ER,Golgi,0.9237521664788059
D09_S0_C029_T024,organelle,mitochondria,lipid_droplet,0.873418255417791
D09_S0_C030_T024,organelle,ER,mitochondria,1.433234457157707
D09_S0_C030_T024,organelle,ER,Golgi,1.0749258428682802
D09_S0_C030_T024,organelle,mitochondria,lipid_droplet,0.9842789514367389
D09_S0_C031_T024,organelle,ER,mitochondria,1.5721727016902083
D09_S0_C031_T024,organelle,ER,Golgi,1.1791295262676562
D09_S0_C031_T024,organelle,mitochondria,lipid_droplet,1.0606949859296146
D09_S0_C032_T024,organelle,ER,mitochondria,1.0086153572903538
D09_S0_C032_T024,organelle,ER,Golgi,0.7564615179677654
D09_S0_C032_T024,organelle,mitochondria,lipid_droplet,0.6860704892849407
D09_S0_C033_T024,organelle,ER,mitochondria,1.1185067324322175
D09_S0_C033_T024,organelle,ER,Golgi,0.8388800493241632
D09_S0_C033_T024,organelle,mitochondria,lipid_droplet,0.7442845504091723
D09_S0_C034_T024,organelle,ER,mitochondria,0.8404540590597229
D09_S0_C034_T024,organelle,ER,Golgi,0.6303405442947922
D09_S0_C034_T024,organelle,mitochondria,lipid_droplet,0.6496786244364681
D09_S0_C035_T024,organelle,ER,mitochondria,1.2298764614198687
D09_S0_C035_T024,organelle,ER,Golgi,0.9224073460649016
D09_S0_C035_T024,organelle,mitochondria,lipid_droplet,0.8724320537809278
D09_S0_C000_T048,organelle,ER,mitochondria,1.5469731372812126
D09_S0_C000_T048,organelle,ER,Golgi,1.1602298529609094
D09_S0_C000_T048,organelle,mitochondria,lipid_droplet,1.046835225504667
D09_S0_C001_T048,organelle,ER,mitochondria,1.8
D09_S0_C001_T048,organelle,ER,Golgi,1.35
D09_S0_C001_T048,organelle,mitochondria,lipid_droplet,1.1860000000000002
D09_S0_C002_T048,organelle,ER,mitochondria,1.728174485267968
D09_S0_C002_T048,organelle,ER,Golgi,1.2961308639509759
D09_S0_C002_T048,organelle,mitochondria,lipid_droplet,1.1464959668973824
D09_S0_C003_T048,organelle,ER,mitochondria,1.7169847588081748
D09_S0_C003_T048,organelle,ER,Golgi,1.2877385691061312
D09_S0_C003_T048,organelle,mitochondria,lipid_droplet,1.1403416173444962
D09_S0_C004_T048,organelle,ER,mitochondria,1.6579789897547208
D09_S0_C004_T048,organelle,ER,Golgi,1.2434842423160406
D09_S0_C004_T048,organelle,mitochondria,lipid_droplet,1.1078884443650965
D09_S0_C005_T048,organelle,ER,mitochondria,1.7542331200891803
D09_S0_C005_T048,organelle,ER,Golgi,1.3156748400668852
D09_S0_C005_T048,organelle,mitochondria,lipid_droplet,1.1608282160490493
D09_S0_C006_T048,organelle,ER,mitochondria,1.8
D09_S0_C006_T048,organelle,ER,Golgi,1.35
D09_S0_C006_T048,organelle,mitochondria,lipid_droplet,1.1860000000000002
D09_S0_C007_T048,organelle,ER,mitochondria,1.8
D09_S0_C007_T048,organelle,ER,Golgi,1.35
D09_S0_C007_T048,organelle,mitochondria,lipid_droplet,1.1860000000000002
D09_S0_C008_T048,organelle,ER,mitochondria,1.8
D09_S0_C008_T048,organelle,ER,Golgi,1.35
D09_S0_C008_T048,organelle,mitochondria,lipid_droplet,1.1860000000000002
D09_S0_C009_T048,organelle,ER,mitochondria,1.8
D09_S0_C009_T048,organelle,ER,Golgi,1.35
D09_S0_C009_T048,organelle,mitochondria,lipid_droplet,1.1860000000000002
D09_S0_C010_T048,organelle,ER,mitochondria,1.7587628522758716
D09_S0_C010_T048,organelle,ER,Golgi,1.3190721392069036
D09_S0_C010_T048,organelle,mitochondria,lipid_droplet,1.1633195687517295
D09_S0_C011_T048,organelle,ER,mitochondria,1.687170773624728
D09_S0_C011_T048,organelle,ER,Golgi,1.265378080218546
D09_S0_C011_T048,organelle,mitochondria,lipid_droplet,1.1239439254936003
D09_S0_C012_T048,organelle,ER,mitochondria,1.7605461113564598
D09_S0_C012_T048,organelle,ER,Golgi,1.3204095835173448
D09_S0_C012_T048,organelle,mitochondria,lipid_droplet,1.164300361246053
D09_S0_C013_T048,organelle,ER,mitochondria,1.8
D09_S0_C013_T048,organelle,ER,Golgi,1.35
D09_S0_C013_T048,organelle,mitochondria,lipid_droplet,1.1860000000000002
D09_S0_C014_T048,organelle,ER,mitochondria,1.8
D09_S0_C014_T048,organelle,ER,Golgi,1.35
D09_S0_C014_T048,organelle,mitochondria,lipid_droplet,1.1860000000000002
D09_S0_C015_T048,organelle,ER,mitochondria,1.8
D09_S0_C015_T048,organelle,ER,Golgi,1.35
D09_S0_C015_T048,organelle,mitochondria,lipid_droplet,1.1860000000000002
D09_S0_C016_T048,organelle,ER,mitochondria,1.8
D09_S0_C016_T048,organelle,ER,Golgi,1.35
D09_S0_C016_T048,organelle,mitochondria,lipid_droplet,1.1860000000000002
D09_S0_C017_T048,organelle,ER,mitochondria,1.7942875821386968
D09_S0_C017_T048,organelle,ER,Golgi,1.3457156866040225
D09_S0_C017_T048,organelle,mitochondria,lipid_droplet,1.1828581701762833
D09_S0_C018_T048,organelle,ER,mitochondria,1.8
D09_S0_C018_T048,organelle,ER,Golgi,1.35
D09_S0_C018_T048,organelle,mitochondria,lipid_droplet,1.1860000000000002
D09_S0_C019_T048,organelle,ER,mitochondria,1.6724383475928806
D09_S0_C019_T048,organelle,ER,Golgi,1.2543287606946605
D09_S0_C019_T048,organelle,mitochondria,lipid_droplet,1.1158410911760843
D09_S0_C020_T048,organelle,ER,mitochondria,1.8
D09_S0_C020_T048,organelle,ER,Golgi,1.35
D09_S0_C020_T048,organelle,mitochondria,lipid_droplet,1.1860000000000002
D09_S0_C021_T048,organelle,ER,mitochondria,1.8
D09_S0_C021_T048,organelle,ER,Golgi,1.35
D09_S0_C021_T048,organelle,mitochondria,lipid_droplet,1.1860000000000002
D09_S0_C022_T048,organelle,ER,mitochondria,1.8
D09_S0_C022_T048,organelle,ER,Golgi,1.35
D09_S0_C022_T048,organelle,mitochondria,lipid_droplet,1.1860000000000002
D09_S0_C023_T048,organelle,ER,mitochondria,1.8
D09_S0_C023_T048,organelle,ER,Golgi,1.35
D09_S0_C023_T048,organelle,mitochondria,lipid_droplet,1.1860000000000002
D09_S0_C024_T048,organelle,ER,mitochondria,1.8
D09_S0_C024_T048,organelle,ER,Golgi,1.35
D09_S0_C024_T048,organelle,mitochondria,lipid_droplet,1.1860000000000002
D09_S0_C025_T048,organelle,ER,mitochondria,1.8
D09_S0_C025_T048,organelle,ER,Golgi,1.35
D09_S0_C025_T048,organelle,mitochondria,lipid_droplet,1.1860000000000002
D09_S0_C026_T048,organelle,ER,mitochondria,1.7637094571042258
D09_S0_C026_T048,organelle,ER,Golgi,1.3227820928281693
D09_S0_C026_T048,organelle,mitochondria,lipid_droplet,1.1660402014073243
D09_S0_C027_T048,organelle,ER,mitochondria,1.7447400115260014
D09_S0_C027_T048,organelle,ER,Golgi,1.308555008644501
D09_S0_C027_T048,organelle,mitochondria,lipid_droplet,1.155607006339301
D09_S0_C028_T048,organelle,ER,mitochondria,1.8
D09_S0_C028_T048,organelle,ER,Golgi,1.35
D09_S0_C028_T048,organelle,mitochondria,lipid_droplet,1.1860000000000002
D09_S0_C029_T048,organelle,ER,mitochondria,1.7953560148308687
D09_S0_C029_T048,organelle,ER,Golgi,1.3465170111231515
D09_S0_C029_T048,organelle,mitochondria,lipid_droplet,1.1834458081569779
D09_S0_C030_T048,organelle,ER,mitochondria,1.8
D09_S0_C030_T048,organelle,ER,Golgi,1.35
D09_S0_C030_T048,organelle,mitochondria,lipid_droplet,1.1860000000000002
D09_S0_C031_T048,organelle,ER,mitochondria,1.8
D09_S0_C031_T048,organelle,ER,Golgi,1.35
D09_S0_C031_T048,organelle,mitochondria,lipid_droplet,1.1860000000000002
D09_S0_C032_T048,organelle,ER,mitochondria,1.7730274068525587
D09_S0_C032_T048,organelle,ER,Golgi,1.329770555139419
D09_S0_C032_T048,organelle,mitochondria,lipid_droplet,1.1711650737689074
D09_S0_C033_T048,organelle,ER,mitochondria,1.8
D09_S0_C033_T048,organelle,ER,Golgi,1.35
D09_S0_C033_T048,organelle,mitochondria,lipid_droplet,1.1860000000000002
D09_S0_C034_T048,organelle,ER,mitochondria,1.598027906924131
D09_S0_C034_T048,organelle,ER,Golgi,1.1985209301930984
D09_S0_C034_T048,organelle,mitochondria,lipid_droplet,1.074915348808272
D09_S0_C035_T048,organelle,ER,mitochondria,1.8
D09_S0_C035_T048,organelle,ER,Golgi,1.35
D09_S0_C035_T048,organelle,mitochondria,lipid_droplet,1.1860000000000002
D09_S1_C000_T000,organelle,ER,mitochondria,0.5322850392618572
D09_S1_C000_T000,organelle,ER,Golgi,0.3992137794463929
D09_S1_C000_T000,organelle,mitochondria,lipid_droplet,0.32521916190363453
D09_S1_C001_T000,organelle,ER,mitochondria,0.6650820074366671
D09_S1_C001_T000,organelle,ER,Golgi,0.4988115055775003
D09_S1_C001_T000,organelle,mitochondria,lipid_droplet,0.43924441020454885
D09_S1_C002_T000,organelle,ER,mitochondria,0.6428095902921975
D09_S1_C002_T000,organelle,ER,Golgi,0.48210719271914815
D09_S1_C002_T000,organelle,mitochondria,lipid_droplet,0.4062114127954604
D09_S1_C003_T000,organelle,ER,mitochondria,0.7473263163813688
D09_S1_C003_T000,organelle,ER,Golgi,0.5604947372860266
D09_S1_C003_T000,organelle,mitochondria,lipid_droplet,0.4726349920276578
D09_S1_C004_T000,organelle,ER,mitochondria,0.4651572560704012
D09_S1_C004_T000,organelle,ER,Golgi,0.3488679420528009
D09_S1_C004_T000,organelle,mitochondria,lipid_droplet,0.31461419205501373
D09_S1_C005_T000,organelle,ER,mitochondria,0.972499849890173
D09_S1_C005_T000,organelle,ER,Golgi,0.7293748874176298
D09_S1_C005_T000,organelle,mitochondria,lipid_droplet,0.6140945862569865
D09_S1_C006_T000,organelle,ER,mitochondria,0.5980474097739468
D09_S1_C006_T000,organelle,ER,Golgi,0.4485355573304601
D09_S1_C006_T000,organelle,mitochondria,lipid_droplet,0.3857044076147955
D09_S1_C007_T000,organelle,ER,mitochondria,0.5753964552910936
D09_S1_C007_T000,organelle,ER,Golgi,0.4315473414683202
D09_S1_C007_T000,organelle,mitochondria,lipid_droplet,0.37819298923269956
D09_S1_C008_T000,organelle,ER,mitochondria,0.8156483456448358
D09_S1_C008_T000,organelle,ER,Golgi,0.6117362592336268
D09_S1_C008_T000,organelle,mitochondria,lipid_droplet,0.540363010096796
D09_S1_C009_T000,organelle,ER,mitochondria,0.5663462839042521
D09_S1_C009_T000,organelle,ER,Golgi,0.4247597129281891
D09_S1_C009_T000,organelle,mitochondria,lipid_droplet,0.3622865210727746
D09_S1_C010_T000,organelle,ER,mitochondria,0.8286911633188517
D09_S1_C010_T000,organelle,ER,Golgi,0.6215183724891388
D09_S1_C010_T000,organelle,mitochondria,lipid_droplet,0.5487174570662764
D09_S1_C011_T000,organelle,ER,mitochondria,0.5443060672724858
D09_S1_C011_T000,organelle,ER,Golgi,0.4082295504543643
D09_S1_C011_T000,organelle,mitochondria,lipid_droplet,0.3346829494043008
D09_S1_C012_T000,organelle,ER,mitochondria,0.8816986329711151
D09_S1_C012_T000,organelle,ER,Golgi,0.6612739747283363
D09_S1_C012_T000,organelle,mitochondria,lipid_droplet,0.5733816211550014
D09_S1_C013_T000,organelle,ER,mitochondria,0.4864497373562318
D09_S1_C013_T000,organelle,ER,Golgi,0.3648373030171739
D09_S1_C013_T000,organelle,mitochondria,lipid_droplet,0.2694268189702018
D09_S1_C014_T000,organelle,ER,mitochondria,0.5291533965000741
D09_S1_C014_T000,organelle,ER,Golgi,0.39686504737505557
D09_S1_C014_T000,organelle,mitochondria,lipid_droplet,0.312710092969756
D09_S1_C015_T000,organelle,ER,mitochondria,0.6032159057142269
D09_S1_C015_T000,organelle,ER,Golgi,0.4524119292856702
D09_S1_C015_T000,organelle,mitochondria,lipid_droplet,0.41242831249616274
D09_S1_C016_T000,organelle,ER,mitochondria,0.69324651502691
D09_S1_C016_T000,organelle,ER,Golgi,0.5199348862701825
D09_S1_C016_T000,organelle,mitochondria,lipid_droplet,0.44581296810822735
D09_S1_C017_T000,organelle,ER,mitochondria,0.7778686560287063
D09_S1_C017_T000,organelle,ER,Golgi,0.5834014920215297
D09_S1_C017_T000,organelle,mitochondria,lipid_droplet,0.49397956626786604
D09_S1_C018_T000,organelle,ER,mitochondria,0.8293008942884487
D09_S1_C018_T000,organelle,ER,Golgi,0.6219756707163365
D09_S1_C018_T000,organelle,mitochondria,lipid_droplet,0.5049329347372935
D09_S1_C019_T000,organelle,ER,mitochondria,0.6327183623824262
D09_S1_C019_T000,organelle,ER,Golgi,0.47453877178681964
D09_S1_C019_T000,organelle,mitochondria,lipid_droplet,0.4326801708782661
D09_S1_C020_T000,organelle,ER,mitochondria,0.7597916316667541
D09_S1_C020_T000,organelle,ER,Golgi,0.5698437237500655
D09_S1_C020_T000,organelle,mitochondria,lipid_droplet,0.495303445425535
D09_S1_C021_T000,organelle,ER,mitochondria,0.6561103798160062
D09_S1_C021_T000,organelle,ER,Golgi,0.49208278486200463
D09_S1_C021_T000,organelle,mitochondria,lipid_droplet,0.40938407556175826
D09_S1_C022_T000,organelle,ER,mitochondria,0.5151989207914934
D09_S1_C022_T000,organelle,ER,Golgi,0.38639919059362005
D09_S1_C022_T000,organelle,mitochondria,lipid_droplet,0.34724728227102514
D09_S1_C023_T000,organelle,ER,mitochondria,0.4069449420392432
D09_S1_C023_T000,organelle,ER,Golgi,0.3052087065294324
D09_S1_C023_T000,organelle,mitochondria,lipid_droplet,0.2800033225283844
D09_S1_C024_T000,organelle,ER,mitochondria,0.48578254217665373
D09_S1_C024_T000,organelle,ER,Golgi,0.3643369066324903
D09_S1_C024_T000,organelle,mitochondria,lipid_droplet,0.27836144832205834
D09_S1_C025_T000,organelle,ER,mitochondria,0.6168141954713349
D09_S1_C025_T000,organelle,ER,Golgi,0.46261064660350115
D09_S1_C025_T000,organelle,mitochondria,lipid_droplet,0.43217518815186484
D09_S1_C026_T000,organelle,ER,mitochondria,0.7059728081065562
D09_S1_C026_T000,organelle,ER,Golgi,0.5294796060799172
D09_S1_C026_T000,organelle,mitochondria,lipid_droplet,0.4744157380157751
D09_S1_C027_T000,organelle,ER,mitochondria,0.7562899042788047
D09_S1_C027_T000,organelle,ER,Golgi,0.5672174282091036
D09_S1_C027_T000,organelle,mitochondria,lipid_droplet,0.5095741329309336
D09_S1_C028_T000,organelle,ER,mitochondria,0.19289585984841873
D09_S1_C028_T000,organelle,ER,Golgi,0.14467189488631405
D09_S1_C028_T000,organelle,mitochondria,lipid_droplet,0.17005784992720105
D09_S1_C029_T000,organelle,ER,mitochondria,0.5247732925500872
D09_S1_C029_T000,organelle,ER,Golgi,0.3935799694125654
D09_S1_C029_T000,organelle,mitochondria,lipid_droplet,0.332862579776512
D09_S1_C030_T000,organelle,ER,mitochondria,0.7421006876222046
D09_S1_C030_T000,organelle,ER,Golgi,0.5565755157166534
D09_S1_C030_T000,organelle,mitochondria,lipid_droplet,0.4757351606388129
D09_S1_C031_T000,organelle,ER,mitochondria,0.4246407540434348
D09_S1_C031_T000,organelle,ER,Golgi,0.3184805655325761
D09_S1_C031_T000,organelle,mitochondria,lipid_droplet,0.3190395196824718
D09_S1_C032_T000,organelle,ER,mitochondria,0.4492639033171712
D09_S1_C032_T000,organelle,ER,Golgi,0.3369479274878784
D09_S1_C032_T000,organelle,mitochondria,lipid_droplet,0.34226662413136394
D09_S1_C033_T000,organelle,ER,mitochondria,0.7739494696302708
D09_S1_C033_T000,organelle,ER,Golgi,0.5804621022227031
D09_S1_C033_T000,organelle,mitochondria,lipid_droplet,0.485141531014753
D09_S1_C034_T000,organelle,ER,mitochondria,0.47720078273722344
D09_S1_C034_T000,organelle,ER,Golgi,0.3579005870529176
D09_S1_C034_T000,organelle,mitochondria,lipid_droplet,0.3160031180297962
D09_S1_C035_T000,organelle,ER,mitochondria,0.6789760797434052
D09_S1_C035_T000,organelle,ER,Golgi,0.5092320598075539
D09_S1_C035_T000,organelle,mitochondria,lipid_droplet,0.4309587700579025
D09_S1_C000_T012,organelle,ER,mitochondria,0.6965806404581582
D09_S1_C000_T012,organelle,ER,Golgi,0.5224354803436186
D09_S1_C000_T012,organelle,mitochondria,lipid_droplet,0.433836349515887
D09_S1_C001_T012,organelle,ER,mitochondria,0.8725052242508629
D09_S1_C001_T012,organelle,ER,Golgi,0.6543789181881472
D09_S1_C001_T012,organelle,mitochondria,lipid_droplet,0.5973569344899599
D09_S1_C002_T012,organelle,ER,mitochondria,0.9029760160928119
D09_S1_C002_T012,organelle,ER,Golgi,0.6772320120696089
D09_S1_C002_T012,organelle,mitochondria,lipid_droplet,0.6148364225025784
D09_S1_C003_T012,organelle,ER,mitochondria,0.9371942375404448
D09_S1_C003_T012,organelle,ER,Golgi,0.7028956781553336
D09_S1_C003_T012,organelle,mitochondria,lipid_droplet,0.6229909429836545
D09_S1_C004_T012,organelle,ER,mitochondria,0.6201125956629586
D09_S1_C004_T012,organelle,ER,Golgi,0.46508444674721894
D09_S1_C004_T012,organelle,mitochondria,lipid_droplet,0.4336272707265729
D09_S1_C005_T012,organelle,ER,mitochondria,1.2375946844725447
D09_S1_C005_T012,organelle,ER,Golgi,0.9281960133544085
D09_S1_C005_T012,organelle,mitochondria,lipid_droplet,0.8379358157145391
D09_S1_C006_T012,organelle,ER,mitochondria,0.808472690093009
D09_S1_C006_T012,organelle,ER,Golgi,0.6063545175697568
D09_S1_C006_T012,organelle,mitochondria,lipid_droplet,0.536207180576749
D09_S1_C007_T012,organelle,ER,mitochondria,0.7758013165545283
D09_S1_C007_T012,organelle,ER,Golgi,0.5818509874158962
D09_S1_C007_T012,organelle,mitochondria,lipid_droplet,0.5218999550137785
D09_S1_C008_T012,organelle,ER,mitochondria,1.048285058853005
D09_S1_C008_T012,organelle,ER,Golgi,0.7862137941397538
D09_S1_C008_T012,organelle,mitochondria,lipid_droplet,0.7233526909695726
D09_S1_C009_T012,organelle,ER,mitochondria,0.8452945865263817
D09_S1_C009_T012,organelle,ER,Golgi,0.6339709398947863
D09_S1_C009_T012,organelle,mitochondria,lipid_droplet,0.5672774140905552
D09_S1_C010_T012,organelle,ER,mitochondria,1.0455440236582625
D09_S1_C010_T012,organelle,ER,Golgi,0.7841580177436969
D09_S1_C010_T012,organelle,mitochondria,lipid_droplet,0.7256080788892183
D09_S1_C011_T012,organelle,ER,mitochondria,0.7494119441404338
D09_S1_C011_T012,organelle,ER,Golgi,0.5620589581053254
D09_S1_C011_T012,organelle,mitochondria,lipid_droplet,0.49407776127741676
D09_S1_C012_T012,organelle,ER,mitochondria,1.0477962244551622
D09_S1_C012_T012,organelle,ER,Golgi,0.7858471683413717
D09_S1_C012_T012,organelle,mitochondria,lipid_droplet,0.7162418328169717
D09_S1_C013_T012,organelle,ER,mitochondria,0.6833569533116867
D09_S1_C013_T012,organelle,ER,Golgi,0.512517714983765
D09_S1_C013_T012,organelle,mitochondria,lipid_droplet,0.40942152652382274
D09_S1_C014_T012,organelle,ER,mitochondria,0.7648021728812686
D09_S1_C014_T012,organelle,ER,Golgi,0.5736016296609514
D09_S1_C014_T012,organelle,mitochondria,lipid_droplet,0.4880658854175498
D09_S1_C015_T012,organelle,ER,mitochondria,0.8330865806003693
D09_S1_C015_T012,organelle,ER,Golgi,0.624814935450277
D09_S1_C015_T012,organelle,mitochondria,lipid_droplet,0.5764561157280993
D09_S1_C016_T012,organelle,ER,mitochondria,0.8222304535909051
D09_S1_C016_T012,organelle,ER,Golgi,0.6166728401931788
D09_S1_C016_T012,organelle,mitochondria,lipid_droplet,0.5493972656194009
D09_S1_C017_T012,organelle,ER,mitochondria,0.9974155564933351
D09_S1_C017_T012,organelle,ER,Golgi,0.7480616673700013
D09_S1_C017_T012,organelle,mitochondria,lipid_droplet,0.6544240549680566
D09_S1_C018_T012,organelle,ER,mitochondria,1.0272315801842224
D09_S1_C018_T012,organelle,ER,Golgi,0.7704236851381668
D09_S1_C018_T012,organelle,mitochondria,lipid_droplet,0.6580892941145859
D09_S1_C019_T012,organelle,ER,mitochondria,0.8531274621231378
D09_S1_C019_T012,organelle,ER,Golgi,0.6398455965923534
D09_S1_C019_T012,organelle,mitochondria,lipid_droplet,0.6037375122280972
D09_S1_C020_T012,organelle,ER,mitochondria,0.9686338280905168
D09_S1_C020_T012,organelle,ER,Golgi,0.7264753710678876
D09_S1_C020_T012,organelle,mitochondria,lipid_droplet,0.6854074336234364
D09_S1_C021_T012,organelle,ER,mitochondria,0.9563051339670877
D09_S1_C021_T012,organelle,ER,Golgi,0.7172288504753158
D09_S1_C021_T012,organelle,mitochondria,lipid_droplet,0.6323395130141732
D09_S1_C022_T012,organelle,ER,mitochondria,0.6799396292423693
D09_S1_C022_T012,organelle,ER,Golgi,0.5099547219317769
D09_S1_C022_T012,organelle,mitochondria,lipid_droplet,0.48713582612079925
D09_S1_C023_T012,organelle,ER,mitochondria,0.5832080181883318
D09_S1_C023_T012,organelle,ER,Golgi,0.43740601364124887
D09_S1_C023_T012,organelle,mitochondria,lipid_droplet,0.4150795212411533
D09_S1_C024_T012,organelle,ER,mitochondria,0.7232131646393367
D09_S1_C024_T012,organelle,ER,Golgi,0.5424098734795025
D09_S1_C024_T012,organelle,mitochondria,lipid_droplet,0.45806279459363086
D09_S1_C025_T012,organelle,ER,mitochondria,0.8961746687925692
D09_S1_C025_T012,organelle,ER,Golgi,0.672131001594427
D09_S1_C025_T012,organelle,mitochondria,lipid_droplet,0.63751691883417
D09_S1_C026_T012,organelle,ER,mitochondria,0.9180196017633743
D09_S1_C026_T012,organelle,ER,Golgi,0.6885147013225307
D09_S1_C026_T012,organelle,mitochondria,lipid_droplet,0.6390248912812634
D09_S1_C027_T012,organelle,ER,mitochondria,0.9637654167475541
D09_S1_C027_T012,organelle,ER,Golgi,0.7228240625606656
D09_S1_C027_T012,organelle,mitochondria,lipid_droplet,0.6741469041481665
D09_S1_C028_T012,organelle,ER,mitochondria,0.48878338814785993
D09_S1_C028_T012,organelle,ER,Golgi,0.366587541110895
D09_S1_C028_T012,organelle,mitochondria,lipid_droplet,0.3872809775805561
D09_S1_C029_T012,organelle,ER,mitochondria,0.7253955226640334
D09_S1_C029_T012,organelle,ER,Golgi,0.544046641998025
D09_S1_C029_T012,organelle,mitochondria,lipid_droplet,0.4811053473038242
D09_S1_C030_T012,organelle,ER,mitochondria,0.9654857047566002
D09_S1_C030_T012,organelle,ER,Golgi,0.7241142785674501
D09_S1_C030_T012,organelle,mitochondria,lipid_droplet,0.6667567115530127
D09_S1_C031_T012,organelle,ER,mitochondria,0.7062604801643843
D09_S1_C031_T012,organelle,ER,Golgi,0.5296953601232882
D09_S1_C031_T012,organelle,mitochondria,lipid_droplet,0.542898978406191
D09_S1_C032_T012,organelle,ER,mitochondria,0.660148181386002
D09_S1_C032_T012,organelle,ER,Golgi,0.49511113603950146
D09_S1_C032_T012,organelle,mitochondria,lipid_droplet,0.5025425513564896
D09_S1_C033_T012,organelle,ER,mitochondria,0.9738795735077224
D09_S1_C033_T012,organelle,ER,Golgi,0.7304096801307918
D09_S1_C033_T012,organelle,mitochondria,lipid_droplet,0.642298490968171
D09_S1_C034_T012,organelle,ER,mitochondria,0.6524341586453635
D09_S1_C034_T012,organelle,ER,Golgi,0.4893256189840226
D09_S1_C034_T012,organelle,mitochondria,lipid_droplet,0.43989029614895847
D09_S1_C035_T012,organelle,ER,mitochondria,0.8434683319367129
D09_S1_C035_T012,organelle,ER,Golgi,0.6326012489525347
D09_S1_C035_T012,organelle,mitochondria,lipid_droplet,0.5578302341105752
D09_S1_C000_T024,organelle,ER,mitochondria,1.0759406567181444
D09_S1_C000_T024,organelle,ER,Golgi,0.8069554925386083
D09_S1_C000_T024,organelle,mitochondria,lipid_droplet,0.7441546992864566
D09_S1_C001_T024,organelle,ER,mitochondria,1.1633770947325595
D09_S1_C001_T024,organelle,ER,Golgi,0.8725328210494196
D09_S1_C001_T024,organelle,mitochondria,lipid_droplet,0.8358574021029077
D09_S1_C002_T024,organelle,ER,mitochondria,1.3456136725559205
D09_S1_C002_T024,organelle,ER,Golgi,1.0092102544169403
D09_S1_C002_T024,organelle,mitochondria,lipid_droplet,0.9360875199057563
D09_S1_C003_T024,organelle,ER,mitochondria,1.3022422844056818
D09_S1_C003_T024,organelle,ER,Golgi,0.9766817133042613
D09_S1_C003_T024,organelle,mitochondria,lipid_droplet,0.9113660502933167
D09_S1_C004_T024,organelle,ER,mitochondria,0.986577050300028
D09_S1_C004_T024,organelle,ER,Golgi,0.739932787725021
D09_S1_C004_T024,organelle,mitochondria,lipid_droplet,0.7386173776650153
D09_S1_C005_T024,organelle,ER,mitochondria,1.6177190805322141
D09_S1_C005_T024,organelle,ER,Golgi,1.2132893103991607
D09_S1_C005_T024,organelle,mitochondria,lipid_droplet,1.0857454942927178
D09_S1_C006_T024,organelle,ER,mitochondria,1.2081336111228647
D09_S1_C006_T024,organelle,ER,Golgi,0.9061002083421485
D09_S1_C006_T024,organelle,mitochondria,lipid_droplet,0.8561908752793523
D09_S1_C007_T024,organelle,ER,mitochondria,1.0941760125546234
D09_S1_C007_T024,organelle,ER,Golgi,0.8206320094159676
D09_S1_C007_T024,organelle,mitochondria,lipid_droplet,0.7740472706799217
D09_S1_C008_T024,organelle,ER,mitochondria,1.4413291209260233
D09_S1_C008_T024,organelle,ER,Golgi,1.0809968406945174
D09_S1_C008_T024,organelle,mitochondria,lipid_droplet,0.9887310165093128
D09_S1_C009_T024,organelle,ER,mitochondria,1.244978360069188
D09_S1_C009_T024,organelle,ER,Golgi,0.933733770051891
D09_S1_C009_T024,organelle,mitochondria,lipid_droplet,0.8807380980380535
D09_S1_C010_T024,organelle,ER,mitochondria,1.4794322266800501
D09_S1_C010_T024,organelle,ER,Golgi,1.1095741700100377
D09_S1_C010_T024,organelle,mitochondria,lipid_droplet,1.0096877246740277
D09_S1_C011_T024,organelle,ER,mitochondria,1.1673177224745568
D09_S1_C011_T024,organelle,ER,Golgi,0.8754882918559176
D09_S1_C011_T024,organelle,mitochondria,lipid_droplet,0.8325374623526506
D09_S1_C012_T024,organelle,ER,mitochondria,1.4452846284753804
D09_S1_C012_T024,organelle,ER,Golgi,1.0839634713565354
D09_S1_C012_T024,organelle,mitochondria,lipid_droplet,0.9909065456614592
D09_S1_C013_T024,organelle,ER,mitochondria,1.0476961471728166
D09_S1_C013_T024,organelle,ER,Golgi,0.7857721103796125
D09_S1_C013_T024,organelle,mitochondria,lipid_droplet,0.7068503291194459
D09_S1_C014_T024,organelle,ER,mitochondria,1.1073462918560175
D09_S1_C014_T024,organelle,ER,Golgi,0.8305097188920132
D09_S1_C014_T024,organelle,mitochondria,lipid_droplet,0.7587780443534826
D09_S1_C015_T024,organelle,ER,mitochondria,1.1069417919240274
D09_S1_C015_T024,organelle,ER,Golgi,0.8302063439430205
D09_S1_C015_T024,organelle,mitochondria,lipid_droplet,0.8048179855582152
D09_S1_C016_T024,organelle,ER,mitochondria,1.0941988648320025
D09_S1_C016_T024,organelle,ER,Golgi,0.8206491486240018
D09_S1_C016_T024,organelle,mitochondria,lipid_droplet,0.7836394853657103
D09_S1_C017_T024,organelle,ER,mitochondria,1.3115802536371284
D09_S1_C017_T024,organelle,ER,Golgi,0.9836851902278463
D09_S1_C017_T024,organelle,mitochondria,lipid_droplet,0.9173691395004206
D09_S1_C018_T024,organelle,ER,mitochondria,1.4173403585826576
D09_S1_C018_T024,organelle,ER,Golgi,1.063005268936993
D09_S1_C018_T024,organelle,mitochondria,lipid_droplet,0.9646513931176104
D09_S1_C019_T024,organelle,ER,mitochondria,1.1636998446087563
D09_S1_C019_T024,organelle,ER,Golgi,0.8727748834565672
D09_S1_C019_T024,organelle,mitochondria,lipid_droplet,0.836034914534816
D09_S1_C020_T024,organelle,ER,mitochondria,1.315600325966026
D09_S1_C020_T024,organelle,ER,Golgi,0.9867002444745195
D09_S1_C020_T024,organelle,mitochondria,lipid_droplet,0.9195801792813143
D09_S1_C021_T024,organelle,ER,mitochondria,1.3818549155205333
D09_S1_C021_T024,organelle,ER,Golgi,1.0363911866404
D09_S1_C021_T024,organelle,mitochondria,lipid_droplet,0.9560202035362935
D09_S1_C022_T024,organelle,ER,mitochondria,1.0473131908506057
D09_S1_C022_T024,organelle,ER,Golgi,0.7854848931379543
D09_S1_C022_T024,organelle,mitochondria,lipid_droplet,0.7720222549678333
D09_S1_C023_T024,organelle,ER,mitochondria,0.9286267544598197
D09_S1_C023_T024,organelle,ER,Golgi,0.6964700658448648
D09_S1_C023_T024,organelle,mitochondria,lipid_droplet,0.6968534561506439
D09_S1_C024_T024,organelle,ER,mitochondria,0.9650784455037444
D09_S1_C024_T024,organelle,ER,Golgi,0.7238088341278084
D09_S1_C024_T024,organelle,mitochondria,lipid_droplet,0.6743172558466007
D09_S1_C025_T024,organelle,ER,mitochondria,1.220722080913137
D09_S1_C025_T024,organelle,ER,Golgi,0.9155415606848527
D09_S1_C025_T024,organelle,mitochondria,lipid_droplet,0.8673971445022253
D09_S1_C026_T024,organelle,ER,mitochondria,1.186978721183622
D09_S1_C026_T024,organelle,ER,Golgi,0.8902340408877165
D09_S1_C026_T024,organelle,mitochondria,lipid_droplet,0.8488382966509922
D09_S1_C027_T024,organelle,ER,mitochondria,1.3128421116955427
D09_S1_C027_T024,organelle,ER,Golgi,0.984631583771657
D09_S1_C027_T024,organelle,mitochondria,lipid_droplet,0.9180631614325485
D09_S1_C028_T024,organelle,ER,mitochondria,0.7778587644928843
D09_S1_C028_T024,organelle,ER,Golgi,0.5833940733696632
D09_S1_C028_T024,organelle,mitochondria,lipid_droplet,0.6238223204710864
D09_S1_C029_T024,organelle,ER,mitochondria,1.1550343194593151
D09_S1_C029_T024,organelle,ER,Golgi,0.8662757395944863
D09_S1_C029_T024,organelle,mitochondria,lipid_droplet,0.8120041266622106
D09_S1_C030_T024,organelle,ER,mitochondria,1.267564856128449
D09_S1_C030_T024,organelle,ER,Golgi,0.9506736420963366
D09_S1_C030_T024,organelle,mitochondria,lipid_droplet,0.893160670870647
D09_S1_C031_T024,organelle,ER,mitochondria,1.0628675627492679
D09_S1_C031_T024,organelle,ER,Golgi,0.7971506720619509
D09_S1_C031_T024,organelle,mitochondria,lipid_droplet,0.7805771595120974
D09_S1_C032_T024,organelle,ER,mitochondria,1.021469218604644
D09_S1_C032_T024,organelle,ER,Golgi,0.7661019139534829
D09_S1_C032_T024,organelle,mitochondria,lipid_droplet,0.7578080702325543
D09_S1_C033_T024,organelle,ER,mitochondria,1.3835403311831393
D09_S1_C033_T024,organelle,ER,Golgi,1.0376552483873545
D09_S1_C033_T024,organelle,mitochondria,lipid_droplet,0.9569471821507267
D09_S1_C034_T024,organelle,ER,mitochondria,1.0567418749705073
D09_S1_C034_T024,organelle,ER,Golgi,0.7925564062278805
D09_S1_C034_T024,organelle,mitochondria,lipid_droplet,0.7622604007051325
D09_S1_C035_T024,organelle,ER,mitochondria,1.2745756577489349
D09_S1_C035_T024,organelle,ER,Golgi,0.9559317433117012
D09_S1_C035_T024,organelle,mitochondria,lipid_droplet,0.8966766577443182
D09_S1_C000_T048,organelle,ER,mitochondria,1.7670526704401872
D09_S1_C000_T048,organelle,ER,Golgi,1.3252895028301404
D09_S1_C000_T048,organelle,mitochondria,lipid_droplet,1.167878968742103
D09_S1_C001_T048,organelle,ER,mitochondria,1.8
D09_S1_C001_T048,organelle,ER,Golgi,1.35
D09_S1_C001_T048,organelle,mitochondria,lipid_droplet,1.1860000000000002
D09_S1_C002_T048,organelle,ER,mitochondria,1.8
D09_S1_C002_T048,organelle,ER,Golgi,1.35
D09_S1_C002_T048,organelle,mitochondria,lipid_droplet,1.1860000000000002
D09_S1_C003_T048,organelle,ER,mitochondria,1.8
D09_S1_C003_T048,organelle,ER,Golgi,1.35
D09_S1_C003_T048,organelle,mitochondria,lipid_droplet,1.1860000000000002
D09_S1_C004_T048,organelle,ER,mitochondria,1.6364726260516282
D09_S1_C004_T048,organelle,ER,Golgi,1.2273544695387213
D09_S1_C004_T048,organelle,mitochondria,lipid_droplet,1.0960599443283956
D09_S1_C005_T048,organelle,ER,mitochondria,1.8
D09_S1_C005_T048,organelle,ER,Golgi,1.35
D09_S1_C005_T048,organelle,mitochondria,lipid_droplet,1.1860000000000002
D09_S1_C006_T048,organelle,ER,mitochondria,1.8
D09_S1_C006_T048,organelle,ER,Golgi,1.35
D09_S1_C006_T048,organelle,mitochondria,lipid_droplet,1.1860000000000002
D09_S1_C007_T048,organelle,ER,mitochondria,1.7378510363047524
D09_S1_C007_T048,organelle,ER,Golgi,1.3033882772285643
D09_S1_C007_T048,organelle,mitochondria,lipid_droplet,1.151818069967614
D09_S1_C008_T048,organelle,ER,mitochondria,1.8
D09_S1_C008_T048,organelle,ER,Golgi,1.35
D09_S1_C008_T048,organelle,mitochondria,lipid_droplet,1.1860000000000002
D09_S1_C009_T048,organelle,ER,mitochondria,1.8
D09_S1_C009_T048,organelle,ER,Golgi,1.35
D09_S1_C009_T048,organelle,mitochondria,lipid_droplet,1.1860000000000002
D09_S1_C010_T048,organelle,ER,mitochondria,1.8
D09_S1_C010_T048,organelle,ER,Golgi,1.35
D09_S1_C010_T048,organelle,mitochondria,lipid_droplet,1.1860000000000002
D09_S1_C011_T048,organelle,ER,mitochondria,1.8
D09_S1_C011_T048,organelle,ER,Golgi,1.35
D09_S1_C011_T048,organelle,mitochondria,lipid_droplet,1.1860000000000002
D09_S1_C012_T048,organelle,ER,mitochondria,1.8
D09_S1_C012_T048,organelle,ER,Golgi,1.35
D09_S1_C012_T048,organelle,mitochondria,lipid_droplet,1.1860000000000002
D09_S1_C013_T048,organelle,ER,mitochondria,1.7109813062686587
D09_S1_C013_T048,organelle,ER,Golgi,1.283235979701494
D09_S1_C013_T048,organelle,mitochondria,lipid_droplet,1.1370397184477623
D09_S1_C014_T048,organelle,ER,mitochondria,1.8
D09_S1_C014_T048,organelle,ER,Golgi,1.35
D09_S1_C014_T048,organelle,mitochondria,lipid_droplet,1.1860000000000002
D09_S1_C015_T048,organelle,ER,mitochondria,1.6880340028943936
D09_S1_C015_T048,organelle,ER,Golgi,1.2660255021707951
D09_S1_C015_T048,organelle,mitochondria,lipid_droplet,1.1244187015919165
D09_S1_C016_T048,organelle,ER,mitochondria,1.7093435862064987
D09_S1_C016_T048,organelle,ER,Golgi,1.282007689654874
D09_S1_C016_T048,organelle,mitochondria,lipid_droplet,1.1361389724135744
D09_S1_C017_T048,organelle,ER,mitochondria,1.8
D09_S1_C017_T048,organelle,ER,Golgi,1.35
D09_S1_C017_T048,organelle,mitochondria,lipid_droplet,1.1860000000000002
D09_S1_C018_T048,organelle,ER,mitochondria,1.8
D09_S1_C018_T048,organelle,ER,Golgi,1.35
D09_S1_C018_T048,organelle,mitochondria,lipid_droplet,1.1860000000000002
D09_S1_C019_T048,organelle,ER,mitochondria,1.7180127668674823
D09_S1_C019_T048,organelle,ER,Golgi,1.2885095751506117
D09_S1_C019_T048,organelle,mitochondria,lipid_droplet,1.1409070217771153
D09_S1_C020_T048,organelle,ER,mitochondria,1.8
D09_S1_C020_T048,organelle,ER,Golgi,1.35
D09_S1_C020_T048,organelle,mitochondria,lipid_droplet,1.1860000000000002
D09_S1_C021_T048,organelle,ER,mitochondria,1.8
D09_S1_C021_T048,organelle,ER,Golgi,1.35
D09_S1_C021_T048,organelle,mitochondria,lipid_droplet,1.1860000000000002
D09_S1_C022_T048,organelle,ER,mitochondria,1.6873929111613846
D09_S1_C022_T048,organelle,ER,Golgi,1.2655446833710384
D09_S1_C022_T048,organelle,mitochondria,lipid_droplet,1.1240661011387616
D09_S1_C023_T048,organelle,ER,mitochondria,1.4994159847997348
D09_S1_C023_T048,organelle,ER,Golgi,1.124561988599801
D09_S1_C023_T048,organelle,mitochondria,lipid_droplet,1.0206787916398543
D09_S1_C024_T048,organelle,ER,mitochondria,1.7396355378927975
D09_S1_C024_T048,organelle,ER,Golgi,1.304726653419598
D09_S1_C024_T048,organelle,mitochondria,lipid_droplet,1.1527995458410387
D09_S1_C025_T048,organelle,ER,mitochondria,1.762350427059434
D09_S1_C025_T048,organelle,ER,Golgi,1.3217628202945755
D09_S1_C025_T048,organelle,mitochondria,lipid_droplet,1.1652927348826887
D09_S1_C026_T048,organelle,ER,mitochondria,1.8
D09_S1_C026_T048,organelle,ER,Golgi,1.35
D09_S1_C026_T048,organelle,mitochondria,lipid_droplet,1.1860000000000002
D09_S1_C027_T048,organelle,ER,mitochondria,1.8
D09_S1_C027_T048,organelle,ER,Golgi,1.35
D09_S1_C027_T048,organelle,mitochondria,lipid_droplet,1.1860000000000002
D09_S1_C028_T048,organelle,ER,mitochondria,1.4510709400070256
D09_S1_C028_T048,organelle,ER,Golgi,1.0883032050052692
D09_S1_C028_T048,organelle,mitochondria,lipid_droplet,0.9940890170038641
D09_S1_C029_T048,organelle,ER,mitochondria,1.698702051731741
D09_S1_C029_T048,organelle,ER,Golgi,1.2740265387988057
D09_S1_C029_T048,organelle,mitochondria,lipid_droplet,1.1302861284524577
D09_S1_C030_T048,organelle,ER,mitochondria,1.8
D09_S1_C030_T048,organelle,ER,Golgi,1.35
D09_S1_C030_T048,organelle,mitochondria,lipid_droplet,1.1860000000000002
D09_S1_C031_T048,organelle,ER,mitochondria,1.5743768226825847
D09_S1_C031_T048,organelle,ER,Golgi,1.1807826170119387
D09_S1_C031_T048,organelle,mitochondria,lipid_droplet,1.0619072524754216
D09_S1_C032_T048,organelle,ER,mitochondria,1.601578825246322
D09_S1_C032_T048,organelle,ER,Golgi,1.2011841189347414
D09_S1_C032_T048,organelle,mitochondria,lipid_droplet,1.076868353885477
D09_S1_C033_T048,organelle,ER,mitochondria,1.8
D09_S1_C033_T048,organelle,ER,Golgi,1.35
D09_S1_C033_T048,organelle,mitochondria,lipid_droplet,1.1860000000000002
D09_S1_C034_T048,organelle,ER,mitochondria,1.6928163181170723
D09_S1_C034_T048,organelle,ER,Golgi,1.2696122385878041
D09_S1_C034_T048,organelle,mitochondria,lipid_droplet,1.12704897496439
D09_S1_C035_T048,organelle,ER,mitochondria,1.8
D09_S1_C035_T048,organelle,ER,Golgi,1.35
D09_S1_C035_T048,organelle,mitochondria,lipid_droplet,1.1860000000000002
D10_S0_C000_T000,organelle,ER,mitochondria,0.8957953287882363
D10_S0_C000_T000,organelle,ER,Golgi,0.6718464965911772
D10_S0_C000_T000,organelle,mitochondria,lipid_droplet,0.6134161243706202
D10_S0_C001_T000,organelle,ER,mitochondria,0.5721689350831283
D10_S0_C001_T000,organelle,ER,Golgi,0.4291267013123462
D10_S0_C001_T000,organelle,mitochondria,lipid_droplet,0.3864908277689434
D10_S0_C002_T000,organelle,ER,mitochondria,0.6754818164785006
D10_S0_C002_T000,organelle,ER,Golgi,0.5066113623588755
D10_S0_C002_T000,organelle,mitochondria,lipid_droplet,0.4526833168148488
D10_S0_C003_T000,organelle,ER,mitochondria,0.6329947304161704
D10_S0_C003_T000,organelle,ER,Golgi,0.4747460478121278
D10_S0_C003_T000,organelle,mitochondria,lipid_droplet,0.4239450391028306
D10_S0_C004_T000,organelle,ER,mitochondria,0.4162377833385482
D10_S0_C004_T000,organelle,ER,Golgi,0.31217833750391116
D10_S0_C004_T000,organelle,mitochondria,lipid_droplet,0.28954072304796097
D10_S0_C005_T000,organelle,ER,mitochondria,0.4356747591117394
D10_S0_C005_T000,organelle,ER,Golgi,0.3267560693338046
D10_S0_C005_T000,organelle,mitochondria,lipid_droplet,0.31312089132544474
D10_S0_C006_T000,organelle,ER,mitochondria,0.7380800902376262
D10_S0_C006_T000,organelle,ER,Golgi,0.5535600676782196
D10_S0_C006_T000,organelle,mitochondria,lipid_droplet,0.47059267164616186
D10_S0_C007_T000,organelle,ER,mitochondria,0.5089839620145771
D10_S0_C007_T000,organelle,ER,Golgi,0.3817379715109328
D10_S0_C007_T000,organelle,mitochondria,lipid_droplet,0.402348558775658
D10_S0_C008_T000,organelle,ER,mitochondria,0.561054048507674
D10_S0_C008_T000,organelle,ER,Golgi,0.42079053638075553
D10_S0_C008_T000,organelle,mitochondria,lipid_droplet,0.4206456269159323
D10_S0_C009_T000,organelle,ER,mitochondria,0.7962649592377553
D10_S0_C009_T000,organelle,ER,Golgi,0.5971987194283165
D10_S0_C009_T000,organelle,mitochondria,lipid_droplet,0.5576855094390804
D10_S0_C010_T000,organelle,ER,mitochondria,0.7014247213966696
D10_S0_C010_T000,organelle,ER,Golgi,0.5260685410475021
D10_S0_C010_T000,organelle,mitochondria,lipid_droplet,0.47228205610423224
D10_S0_C011_T000,organelle,ER,mitochondria,0.8882209870532267
D10_S0_C011_T000,organelle,ER,Golgi,0.66616574028992
D10_S0_C011_T000,organelle,mitochondria,lipid_droplet,0.5981176134087102
D10_S0_C012_T000,organelle,ER,mitochondria,0.632377903362767
D10_S0_C012_T000,organelle,ER,Golgi,0.47428342752207525
D10_S0_C012_T000,organelle,mitochondria,lipid_droplet,0.45008231240517727
D10_S0_C013_T000,organelle,ER,mitochondria,0.6116519476102892
D10_S0_C013_T000,organelle,ER,Golgi,0.4587389607077169
D10_S0_C013_T000,organelle,mitochondria,lipid_droplet,0.4373071352888222
D10_S0_C014_T000,organelle,ER,mitochondria,0.9326996687984576
D10_S0_C014_T000,organelle,ER,Golgi,0.6995247515988432
D10_S0_C014_T000,organelle,mitochondria,lipid_droplet,0.6388850706027078
D10_S0_C015_T000,organelle,ER,mitochondria,0.6369966853830578
D10_S0_C015_T000,organelle,ER,Golgi,0.4777475140372933
D10_S0_C015_T000,organelle,mitochondria,lipid_droplet,0.4855636349551954
D10_S0_C016_T000,organelle,ER,mitochondria,0.48127357562025785
D10_S0_C016_T000,organelle,ER,Golgi,0.36095518171519336
D10_S0_C016_T000,organelle,mitochondria,lipid_droplet,0.389136590150826
D10_S0_C017_T000,organelle,ER,mitochondria,0.725238895012859
D10_S0_C017_T000,organelle,ER,Golgi,0.5439291712596442
D10_S0_C017_T000,organelle,mitochondria,lipid_droplet,0.47818758299349196
D10_S0_C018_T000,organelle,ER,mitochondria,1.0518666281199835
D10_S0_C018_T000,organelle,ER,Golgi,0.7888999710899877
D10_S0_C018_T000,organelle,mitochondria,lipid_droplet,0.7177923573042786
D10_S0_C019_T000,organelle,ER,mitochondria,0.3354702789786301
D10_S0_C019_T000,organelle,ER,Golgi,0.25160270923397254
D10_S0_C019_T000,organelle,mitochondria,lipid_droplet,0.2672382143127282
D10_S0_C020_T000,organelle,ER,mitochondria,0.5121717979660603
D10_S0_C020_T000,organelle,ER,Golgi,0.3841288484745452
D10_S0_C020_T000,organelle,mitochondria,lipid_droplet,0.37225842767443923
D10_S0_C021_T000,organelle,ER,mitochondria,0.8992512343133756
D10_S0_C021_T000,organelle,ER,Golgi,0.6744384257350318
D10_S0_C021_T000,organelle,mitochondria,lipid_droplet,0.61025390830074
D10_S0_C022_T000,organelle,ER,mitochondria,0.7723934090300262
D10_S0_C022_T000,organelle,ER,Golgi,0.5792950567725197
D10_S0_C022_T000,organelle,mitochondria,lipid_droplet,0.5068854261342143
D10_S0_C023_T000,organelle,ER,mitochondria,0.8183599004714461
D10_S0_C023_T000,organelle,ER,Golgi,0.6137699253535847
D10_S0_C023_T000,organelle,mitochondria,lipid_droplet,0.5435114767488964
D10_S0_C024_T000,organelle,ER,mitochondria,0.763209671064046
D10_S0_C024_T000,organelle,ER,Golgi,0.5724072532980345
D10_S0_C024_T000,organelle,mitochondria,lipid_droplet,0.5377737062762666
D10_S0_C025_T000,organelle,ER,mitochondria,0.6104635954288432
D10_S0_C025_T000,organelle,ER,Golgi,0.4578476965716324
D10_S0_C025_T000,organelle,mitochondria,lipid_droplet,0.430551366447289
D10_S0_C026_T000,organelle,ER,mitochondria,0.7505199358425948
D10_S0_C026_T000,organelle,ER,Golgi,0.5628899518819461
D10_S0_C026_T000,organelle,mitochondria,lipid_droplet,0.49330405408983347
D10_S0_C027_T000,organelle,ER,mitochondria,0.5198856290183977
D10_S0_C027_T000,organelle,ER,Golgi,0.3899142217637983
D10_S0_C027_T000,organelle,mitochondria,lipid_droplet,0.3781683379973893
D10_S0_C028_T000,organelle,ER,mitochondria,0.8426458477022191
D10_S0_C028_T000,organelle,ER,Golgi,0.6319843857766643
D10_S0_C028_T000,organelle,mitochondria,lipid_droplet,0.6071096049426096
D10_S0_C029_T000,organelle,ER,mitochondria,0.9269309634692142
D10_S0_C029_T000,organelle,ER,Golgi,0.6951982226019107
D10_S0_C029_T000,organelle,mitochondria,lipid_droplet,0.6177183271422257
D10_S0_C030_T000,organelle,ER,mitochondria,0.6250591749685682
D10_S0_C030_T000,organelle,ER,Golgi,0.46879438122642614
D10_S0_C030_T000,organelle,mitochondria,lipid_droplet,0.40956255370985073
D10_S0_C031_T000,organelle,ER,mitochondria,0.8056942052831537
D10_S0_C031_T000,organelle,ER,Golgi,0.6042706539623652
D10_S0_C031_T000,organelle,mitochondria,lipid_droplet,0.5164150183504643
D10_S0_C032_T000,organelle,ER,mitochondria,0.4993051732475003
D10_S0_C032_T000,organelle,ER,Golgi,0.37447887993562523
D10_S0_C032_T000,organelle,mitochondria,lipid_droplet,0.34353526359204073
D10_S0_C033_T000,organelle,ER,mitochondria,0.6696363342841486
D10_S0_C033_T000,organelle,ER,Golgi,0.5022272507131115
D10_S0_C033_T000,organelle,mitochondria,lipid_droplet,0.48363837305757107
D10_S0_C034_T000,organelle,ER,mitochondria,0.8855155804229426
D10_S0_C034_T000,organelle,ER,Golgi,0.664136685317207
D10_S0_C034_T000,organelle,mitochondria,lipid_droplet,0.6013033235419719
D10_S0_C035_T000,organelle,ER,mitochondria,0.5738524025884046
D10_S0_C035_T000,organelle,ER,Golgi,0.4303893019413035
D10_S0_C035_T000,organelle,mitochondria,lipid_droplet,0.40522655468554614
D10_S0_C000_T012,organelle,ER,mitochondria,1.1427331771215168
D10_S0_C000_T012,organelle,ER,Golgi,0.8570498828411376
D10_S0_C000_T012,organelle,mitochondria,lipid_droplet,0.810876752238557
D10_S0_C001_T012,organelle,ER,mitochondria,0.7816709729603524
D10_S0_C001_T012,organelle,ER,Golgi,0.5862532297202643
D10_S0_C001_T012,organelle,mitochondria,lipid_droplet,0.5181307489039169
D10_S0_C002_T012,organelle,ER,mitochondria,0.8550265779293623
D10_S0_C002_T012,organelle,ER,Golgi,0.6412699334470218
D10_S0_C002_T012,organelle,mitochondria,lipid_droplet,0.598032998964245
D10_S0_C003_T012,organelle,ER,mitochondria,0.8945437834374187
D10_S0_C003_T012,organelle,ER,Golgi,0.670907837578064
D10_S0_C003_T012,organelle,mitochondria,lipid_droplet,0.604181448201815
D10_S0_C004_T012,organelle,ER,mitochondria,0.6706826655549275
D10_S0_C004_T012,organelle,ER,Golgi,0.5030119991661957
D10_S0_C004_T012,organelle,mitochondria,lipid_droplet,0.46566809114260027
D10_S0_C005_T012,organelle,ER,mitochondria,0.5507435263934339
D10_S0_C005_T012,organelle,ER,Golgi,0.41305764479507545
D10_S0_C005_T012,organelle,mitochondria,lipid_droplet,0.41462685066428395
D10_S0_C006_T012,organelle,ER,mitochondria,0.9236455189926551
D10_S0_C006_T012,organelle,ER,Golgi,0.6927341392444913
D10_S0_C006_T012,organelle,mitochondria,lipid_droplet,0.5960521116326071
D10_S0_C007_T012,organelle,ER,mitochondria,0.7438161332520024
D10_S0_C007_T012,organelle,ER,Golgi,0.5578620999390018
D10_S0_C007_T012,organelle,mitochondria,lipid_droplet,0.5881144438326241
D10_S0_C008_T012,organelle,ER,mitochondria,0.72770748642583
D10_S0_C008_T012,organelle,ER,Golgi,0.5457806148193726
D10_S0_C008_T012,organelle,mitochondria,lipid_droplet,0.5418375863207903
D10_S0_C009_T012,organelle,ER,mitochondria,1.005659958657231
D10_S0_C009_T012,organelle,ER,Golgi,0.7542449689929233
D10_S0_C009_T012,organelle,mitochondria,lipid_droplet,0.71761587389234
D10_S0_C010_T012,organelle,ER,mitochondria,0.9583635280696652
D10_S0_C010_T012,organelle,ER,Golgi,0.7187726460522489
D10_S0_C010_T012,organelle,mitochondria,lipid_droplet,0.656931424435017
D10_S0_C011_T012,organelle,ER,mitochondria,1.061987654079092
D10_S0_C011_T012,organelle,ER,Golgi,0.796490740559319
D10_S0_C011_T012,organelle,mitochondria,lipid_droplet,0.7435977749389622
D10_S0_C012_T012,organelle,ER,mitochondria,0.8784169264031624
D10_S0_C012_T012,organelle,ER,Golgi,0.6588126948023718
D10_S0_C012_T012,organelle,mitochondria,lipid_droplet,0.6469473344083191
D10_S0_C013_T012,organelle,ER,mitochondria,0.7897627164640011
D10_S0_C013_T012,organelle,ER,Golgi,0.5923220373480008
D10_S0_C013_T012,organelle,mitochondria,lipid_droplet,0.5631822062835998
D10_S0_C014_T012,organelle,ER,mitochondria,1.2053258100806217
D10_S0_C014_T012,organelle,ER,Golgi,0.9039943575604663
D10_S0_C014_T012,organelle,mitochondria,lipid_droplet,0.8573320945965461
D10_S0_C015_T012,organelle,ER,mitochondria,0.8785168112626629
D10_S0_C015_T012,organelle,ER,Golgi,0.6588876084469972
D10_S0_C015_T012,organelle,mitochondria,lipid_droplet,0.6653717408207019
D10_S0_C016_T012,organelle,ER,mitochondria,0.6739261139170656
D10_S0_C016_T012,organelle,ER,Golgi,0.5054445854377991
D10_S0_C016_T012,organelle,mitochondria,lipid_droplet,0.5447356060062203
D10_S0_C017_T012,organelle,ER,mitochondria,0.9415143114571257
D10_S0_C017_T012,organelle,ER,Golgi,0.7061357335928443
D10_S0_C017_T012,organelle,mitochondria,lipid_droplet,0.6409014903546114
D10_S0_C018_T012,organelle,ER,mitochondria,1.311510827495678
D10_S0_C018_T012,organelle,ER,Golgi,0.9836331206217584
D10_S0_C018_T012,organelle,mitochondria,lipid_droplet,0.917330955122623
D10_S0_C019_T012,organelle,ER,mitochondria,0.5670610188808436
D10_S0_C019_T012,organelle,ER,Golgi,0.4252957641606327
D10_S0_C019_T012,organelle,mitochondria,lipid_droplet,0.42745701306749173
D10_S0_C020_T012,organelle,ER,mitochondria,0.7277117564171351
D10_S0_C020_T012,organelle,ER,Golgi,0.5457838173128513
D10_S0_C020_T012,organelle,mitochondria,lipid_droplet,0.5315939494179479
D10_S0_C021_T012,organelle,ER,mitochondria,1.2037652498044482
D10_S0_C021_T012,organelle,ER,Golgi,0.9028239373533362
D10_S0_C021_T012,organelle,mitochondria,lipid_droplet,0.8439291382496892
D10_S0_C022_T012,organelle,ER,mitochondria,1.0127853379509948
D10_S0_C022_T012,organelle,ER,Golgi,0.7595890034632461
D10_S0_C022_T012,organelle,mitochondria,lipid_droplet,0.6960790161542925
D10_S0_C023_T012,organelle,ER,mitochondria,1.038562466410709
D10_S0_C023_T012,organelle,ER,Golgi,0.7789218498080317
D10_S0_C023_T012,organelle,mitochondria,lipid_droplet,0.7141671633774975
D10_S0_C024_T012,organelle,ER,mitochondria,0.9448558771247396
D10_S0_C024_T012,organelle,ER,Golgi,0.7086419078435547
D10_S0_C024_T012,organelle,mitochondria,lipid_droplet,0.6926178016437174
D10_S0_C025_T012,organelle,ER,mitochondria,0.8608462380732947
D10_S0_C025_T012,organelle,ER,Golgi,0.645634678554971
D10_S0_C025_T012,organelle,mitochondria,lipid_droplet,0.6092354900068546
D10_S0_C026_T012,organelle,ER,mitochondria,1.006379005177153
D10_S0_C026_T012,organelle,ER,Golgi,0.7547842538828649
D10_S0_C026_T012,organelle,mitochondria,lipid_droplet,0.6923108871467211
D10_S0_C027_T012,organelle,ER,mitochondria,0.7770688581792063
D10_S0_C027_T012,organelle,ER,Golgi,0.5828016436344048
D10_S0_C027_T012,organelle,mitochondria,lipid_droplet,0.5435721873652221
D10_S0_C028_T012,organelle,ER,mitochondria,1.0783157820825602
D10_S0_C028_T012,organelle,ER,Golgi,0.8087368365619201
D10_S0_C028_T012,organelle,mitochondria,lipid_droplet,0.7890736801454081
D10_S0_C029_T012,organelle,ER,mitochondria,1.1812343505853604
D10_S0_C029_T012,organelle,ER,Golgi,0.8859257629390203
D10_S0_C029_T012,organelle,mitochondria,lipid_droplet,0.8023134399815101
D10_S0_C030_T012,organelle,ER,mitochondria,0.7952598143217969
D10_S0_C030_T012,organelle,ER,Golgi,0.5964448607413477
D10_S0_C030_T012,organelle,mitochondria,lipid_droplet,0.5504551017017298
D10_S0_C031_T012,organelle,ER,mitochondria,0.9729346494574721
D10_S0_C031_T012,organelle,ER,Golgi,0.729700987093104
D10_S0_C031_T012,organelle,mitochondria,lipid_droplet,0.6459125193954952
D10_S0_C032_T012,organelle,ER,mitochondria,0.7467964106586591
D10_S0_C032_T012,organelle,ER,Golgi,0.5600973079939944
D10_S0_C032_T012,organelle,mitochondria,lipid_droplet,0.5260637566486152
D10_S0_C033_T012,organelle,ER,mitochondria,1.0096420030396933
D10_S0_C033_T012,organelle,ER,Golgi,0.75723150227977
D10_S0_C033_T012,organelle,mitochondria,lipid_droplet,0.7198030246594225
D10_S0_C034_T012,organelle,ER,mitochondria,1.081190713551329
D10_S0_C034_T012,organelle,ER,Golgi,0.8108930351634968
D10_S0_C034_T012,organelle,mitochondria,lipid_droplet,0.756807984076411
D10_S0_C035_T012,organelle,ER,mitochondria,0.7951966011385148
D10_S0_C035_T012,organelle,ER,Golgi,0.5963974508538861
D10_S0_C035_T012,organelle,mitochondria,lipid_droplet,0.567906192144717
D10_S0_C000_T024,organelle,ER,mitochondria,1.5732388408999285
D10_S0_C000_T024,organelle,ER,Golgi,1.1799291306749464
D10_S0_C000_T024,organelle,mitochondria,lipid_droplet,1.0612813624949609
D10_S0_C001_T024,organelle,ER,mitochondria,1.1267592855792645
D10_S0_C001_T024,organelle,ER,Golgi,0.8450694641844484
D10_S0_C001_T024,organelle,mitochondria,lipid_droplet,0.798218252904644
D10_S0_C002_T024,organelle,ER,mitochondria,1.2640078631835616
D10_S0_C002_T024,organelle,ER,Golgi,0.9480058973876713
D10_S0_C002_T024,organelle,mitochondria,lipid_droplet,0.8912043247509589
D10_S0_C003_T024,organelle,ER,mitochondria,1.1161262276088824
D10_S0_C003_T024,organelle,ER,Golgi,0.8370946707066618
D10_S0_C003_T024,organelle,mitochondria,lipid_droplet,0.8007568126815143
D10_S0_C004_T024,organelle,ER,mitochondria,1.074317092356698
D10_S0_C004_T024,organelle,ER,Golgi,0.8057378192675235
D10_S0_C004_T024,organelle,mitochondria,lipid_droplet,0.7808539585136997
D10_S0_C005_T024,organelle,ER,mitochondria,0.9253489232639749
D10_S0_C005_T024,organelle,ER,Golgi,0.6940116924479811
D10_S0_C005_T024,organelle,mitochondria,lipid_droplet,0.6998860369610618
D10_S0_C006_T024,organelle,ER,mitochondria,1.361388802155217
D10_S0_C006_T024,organelle,ER,Golgi,1.0210416016164128
D10_S0_C006_T024,organelle,mitochondria,lipid_droplet,0.9447638411853694
D10_S0_C007_T024,organelle,ER,mitochondria,1.0924792335525173
D10_S0_C007_T024,organelle,ER,Golgi,0.819359425164388
D10_S0_C007_T024,organelle,mitochondria,lipid_droplet,0.7968635784538847
D10_S0_C008_T024,organelle,ER,mitochondria,1.0662127639943968
D10_S0_C008_T024,organelle,ER,Golgi,0.7996595729957976
D10_S0_C008_T024,organelle,mitochondria,lipid_droplet,0.7824170201969183
D10_S0_C009_T024,organelle,ER,mitochondria,1.3878693515809906
D10_S0_C009_T024,organelle,ER,Golgi,1.040902013685743
D10_S0_C009_T024,organelle,mitochondria,lipid_droplet,0.9593281433695449
D10_S0_C010_T024,organelle,ER,mitochondria,1.323484999390416
D10_S0_C010_T024,organelle,ER,Golgi,0.992613749542812
D10_S0_C010_T024,organelle,mitochondria,lipid_droplet,0.9239167496647289
D10_S0_C011_T024,organelle,ER,mitochondria,1.4433434379592
D10_S0_C011_T024,organelle,ER,Golgi,1.0825075784694
D10_S0_C011_T024,organelle,mitochondria,lipid_droplet,0.9898388908775602
D10_S0_C012_T024,organelle,ER,mitochondria,1.2164070343782458
D10_S0_C012_T024,organelle,ER,Golgi,0.9123052757836844
D10_S0_C012_T024,organelle,mitochondria,lipid_droplet,0.8650238689080352
D10_S0_C013_T024,organelle,ER,mitochondria,1.208728487381312
D10_S0_C013_T024,organelle,ER,Golgi,0.906546365535984
D10_S0_C013_T024,organelle,mitochondria,lipid_droplet,0.8608006680597216
D10_S0_C014_T024,organelle,ER,mitochondria,1.5907291425662036
D10_S0_C014_T024,organelle,ER,Golgi,1.1930468569246526
D10_S0_C014_T024,organelle,mitochondria,lipid_droplet,1.070901028411412
D10_S0_C015_T024,organelle,ER,mitochondria,1.1491253852632055
D10_S0_C015_T024,organelle,ER,Golgi,0.8618440389474041
D10_S0_C015_T024,organelle,mitochondria,lipid_droplet,0.8280189618947631
D10_S0_C016_T024,organelle,ER,mitochondria,0.9532675126799122
D10_S0_C016_T024,organelle,ER,Golgi,0.7149506345099341
D10_S0_C016_T024,organelle,mitochondria,lipid_droplet,0.7202971319739517
D10_S0_C017_T024,organelle,ER,mitochondria,1.2538778836848603
D10_S0_C017_T024,organelle,ER,Golgi,0.9404084127636452
D10_S0_C017_T024,organelle,mitochondria,lipid_droplet,0.8856328360266732
D10_S0_C018_T024,organelle,ER,mitochondria,1.6861495512845177
D10_S0_C018_T024,organelle,ER,Golgi,1.2646121634633882
D10_S0_C018_T024,organelle,mitochondria,lipid_droplet,1.1233822532064848
D10_S0_C019_T024,organelle,ER,mitochondria,1.0007903657374526
D10_S0_C019_T024,organelle,ER,Golgi,0.7505927743030895
D10_S0_C019_T024,organelle,mitochondria,lipid_droplet,0.746434701155599
D10_S0_C020_T024,organelle,ER,mitochondria,1.1471641478088859
D10_S0_C020_T024,organelle,ER,Golgi,0.8603731108566643
D10_S0_C020_T024,organelle,mitochondria,lipid_droplet,0.8269402812948874
D10_S0_C021_T024,organelle,ER,mitochondria,1.6021554044230077
D10_S0_C021_T024,organelle,ER,Golgi,1.2016165533172558
D10_S0_C021_T024,organelle,mitochondria,lipid_droplet,1.0771854724326544
D10_S0_C022_T024,organelle,ER,mitochondria,1.4715218920659379
D10_S0_C022_T024,organelle,ER,Golgi,1.1036414190494535
D10_S0_C022_T024,organelle,mitochondria,lipid_droplet,1.0053370406362658
D10_S0_C023_T024,organelle,ER,mitochondria,1.4319508071556502
D10_S0_C023_T024,organelle,ER,Golgi,1.0739631053667376
D10_S0_C023_T024,organelle,mitochondria,lipid_droplet,0.9835729439356076
D10_S0_C024_T024,organelle,ER,mitochondria,1.2541096543509958
D10_S0_C024_T024,organelle,ER,Golgi,0.9405822407632468
D10_S0_C024_T024,organelle,mitochondria,lipid_droplet,0.8857603098930478
D10_S0_C025_T024,organelle,ER,mitochondria,1.2246908895433108
D10_S0_C025_T024,organelle,ER,Golgi,0.9185181671574831
D10_S0_C025_T024,organelle,mitochondria,lipid_droplet,0.869579989248821
D10_S0_C026_T024,organelle,ER,mitochondria,1.3342389763284006
D10_S0_C026_T024,organelle,ER,Golgi,1.0006792322463005
D10_S0_C026_T024,organelle,mitochondria,lipid_droplet,0.9298314369806204
D10_S0_C027_T024,organelle,ER,mitochondria,1.1832864519450166
D10_S0_C027_T024,organelle,ER,Golgi,0.8874648389587625
D10_S0_C027_T024,organelle,mitochondria,lipid_droplet,0.8468075485697593
D10_S0_C028_T024,organelle,ER,mitochondria,1.5387700619443199
D10_S0_C028_T024,organelle,ER,Golgi,1.15407754645824
D10_S0_C028_T024,organelle,mitochondria,lipid_droplet,1.042323534069376
D10_S0_C029_T024,organelle,ER,mitochondria,1.517057068476254
D10_S0_C029_T024,organelle,ER,Golgi,1.1377928013571905
D10_S0_C029_T024,organelle,mitochondria,lipid_droplet,1.0303813876619399
D10_S0_C030_T024,organelle,ER,mitochondria,1.2227584069265938
D10_S0_C030_T024,organelle,ER,Golgi,0.9170688051949454
D10_S0_C030_T024,organelle,mitochondria,lipid_droplet,0.8685171238096265
D10_S0_C031_T024,organelle,ER,mitochondria,1.4150083766123516
D10_S0_C031_T024,organelle,ER,Golgi,1.0612562824592637
D10_S0_C031_T024,organelle,mitochondria,lipid_droplet,0.9742546071367935
D10_S0_C032_T024,organelle,ER,mitochondria,1.0671771911515917
D10_S0_C032_T024,organelle,ER,Golgi,0.8003828933636938
D10_S0_C032_T024,organelle,mitochondria,lipid_droplet,0.7829474551333755
D10_S0_C033_T024,organelle,ER,mitochondria,1.351997190011076
D10_S0_C033_T024,organelle,ER,Golgi,1.013997892508307
D10_S0_C033_T024,organelle,mitochondria,lipid_droplet,0.939598454506092
D10_S0_C034_T024,organelle,ER,mitochondria,1.4127598128315992
D10_S0_C034_T024,organelle,ER,Golgi,1.0595698596236995
D10_S0_C034_T024,organelle,mitochondria,lipid_droplet,0.9730178970573797
D10_S0_C035_T024,organelle,ER,mitochondria,1.128950622137646
D10_S0_C035_T024,organelle,ER,Golgi,0.8467129666032345
D10_S0_C035_T024,organelle,mitochondria,lipid_droplet,0.8169228421757053
D10_S0_C000_T048,organelle,ER,mitochondria,1.8
D10_S0_C000_T048,organelle,ER,Golgi,1.35
D10_S0_C000_T048,organelle,mitochondria,lipid_droplet,1.1860000000000002
D10_S0_C001_T048,organelle,ER,mitochondria,1.8
D10_S0_C001_T048,organelle,ER,Golgi,1.35
D10_S0_C001_T048,organelle,mitochondria,lipid_droplet,1.1860000000000002
D10_S0_C002_T048,organelle,ER,mitochondria,1.8
D10_S0_C002_T048,organelle,ER,Golgi,1.35
D10_S0_C002_T048,organelle,mitochondria,lipid_droplet,1.1860000000000002
D10_S0_C003_T048,organelle,ER,mitochondria,1.8
D10_S0_C003_T048,organelle,ER,Golgi,1.35
D10_S0_C003_T048,organelle,mitochondria,lipid_droplet,1.1860000000000002
D10_S0_C004_T048,organelle,ER,mitochondria,1.7245657806085628
D10_S0_C004_T048,organelle,ER,Golgi,1.293424335456422
D10_S0_C004_T048,organelle,mitochondria,lipid_droplet,1.1445111793347096
D10_S0_C005_T048,organelle,ER,mitochondria,1.6869396214842929
D10_S0_C005_T048,organelle,ER,Golgi,1.2652047161132196
D10_S0_C005_T048,organelle,mitochondria,lipid_droplet,1.123816791816361
D10_S0_C006_T048,organelle,ER,mitochondria,1.8
D10_S0_C006_T048,organelle,ER,Golgi,1.35
D10_S0_C006_T048,organelle,mitochondria,lipid_droplet,1.1860000000000002
D10_S0_C007_T048,organelle,ER,mitochondria,1.6179824651134929
D10_S0_C007_T048,organelle,ER,Golgi,1.2134868488351196
D10_S0_C007_T048,organelle,mitochondria,lipid_droplet,1.085890355812421
D10_S0_C008_T048,organelle,ER,mitochondria,1.7086413531349498
D10_S0_C008_T048,organelle,ER,Golgi,1.2814810148512124
D10_S0_C008_T048,organelle,mitochondria,lipid_droplet,1.1357527442242226
D10_S0_C009_T048,organelle,ER,mitochondria,1.8
D10_S0_C009_T048,organelle,ER,Golgi,1.35
D10_S0_C009_T048,organelle,mitochondria,lipid_droplet,1.1860000000000002
D10_S0_C010_T048,organelle,ER,mitochondria,1.8
D10_S0_C010_T048,organelle,ER,Golgi,1.35
D10_S0_C010_T048,organelle,mitochondria,lipid_droplet,1.1860000000000002
D10_S0_C011_T048,organelle,ER,mitochondria,1.8
D10_S0_C011_T048,organelle,ER,Golgi,1.35
D10_S0_C011_T048,organelle,mitochondria,lipid_droplet,1.1860000000000002
D10_S0_C012_T048,organelle,ER,mitochondria,1.8
D10_S0_C012_T048,organelle,ER,Golgi,1.35
D10_S0_C012_T048,organelle,mitochondria,lipid_droplet,1.1860000000000002
D10_S0_C013_T048,organelle,ER,mitochondria,1.8
D10_S0_C013_T048,organelle,ER,Golgi,1.35
D10_S0_C013_T048,organelle,mitochondria,lipid_droplet,1.1860000000000002
D10_S0_C014_T048,organelle,ER,mitochondria,1.8
D10_S0_C014_T048,organelle,ER,Golgi,1.35
D10_S0_C014_T048,organelle,mitochondria,lipid_droplet,1.1860000000000002
D10_S0_C015_T048,organelle,ER,mitochondria,1.7444447953131264
D10_S0_C015_T048,organelle,ER,Golgi,1.3083335964848448
D10_S0_C015_T048,organelle,mitochondria,lipid_droplet,1.1554446374222196
D10_S0_C016_T048,organelle,ER,mitochondria,1.6174079340127119
D10_S0_C016_T048,organelle,ER,Golgi,1.213055950509534
D10_S0_C016_T048,organelle,mitochondria,lipid_droplet,1.0855743637069917
D10_S0_C017_T048,organelle,ER,mitochondria,1.8
D10_S0_C017_T048,organelle,ER,Golgi,1.35
D10_S0_C017_T048,organelle,mitochondria,lipid_droplet,1.1860000000000002
D10_S0_C018_T048,organelle,ER,mitochondria,1.8
D10_S0_C018_T048,organelle,ER,Golgi,1.35
D10_S0_C018_T048,organelle,mitochondria,lipid_droplet,1.1860000000000002
D10_S0_C019_T048,organelle,ER,mitochondria,1.6036727685241978
D10_S0_C019_T048,organelle,ER,Golgi,1.2027545763931484
D10_S0_C019_T048,organelle,mitochondria,lipid_droplet,1.078020022688309
D10_S0_C020_T048,organelle,ER,mitochondria,1.7687965491381832
D10_S0_C020_T048,organelle,ER,Golgi,1.3265974118536374
D10_S0_C020_T048,organelle,mitochondria,lipid_droplet,1.1688381020260008
D10_S0_C021_T048,organelle,ER,mitochondria,1.8
D10_S0_C021_T048,organelle,ER,Golgi,1.35
D10_S0_C021_T048,organelle,mitochondria,lipid_droplet,1.1860000000000002
D10_S0_C022_T048,organelle,ER,mitochondria,1.8
D10_S0_C022_T048,organelle,ER,Golgi,1.35
D10_S0_C022_T048,organelle,mitochondria,lipid_droplet,1.1860000000000002
D10_S0_C023_T048,organelle,ER,mitochondria,1.8
D10_S0_C023_T048,organelle,ER,Golgi,1.35
D10_S0_C023_T048,organelle,mitochondria,lipid_droplet,1.1860000000000002
D10_S0_C024_T048,organelle,ER,mitochondria,1.8
D10_S0_C024_T048,organelle,ER,Golgi,1.35
D10_S0_C024_T048,organelle,mitochondria,lipid_droplet,1.1860000000000002
D10_S0_C025_T048,organelle,ER,mitochondria,1.8
D10_S0_C025_T048,organelle,ER,Golgi,1.35
D10_S0_C025_T048,organelle,mitochondria,lipid_droplet,1.1860000000000002
D10_S0_C026_T048,organelle,ER,mitochondria,1.8
D10_S0_C026_T048,organelle,ER,Golgi,1.35
D10_S0_C026_T048,organelle,mitochondria,lipid_droplet,1.1860000000000002
D10_S0_C027_T048,organelle,ER,mitochondria,1.8
D10_S0_C027_T048,organelle,ER,Golgi,1.35
D10_S0_C027_T048,organelle,mitochondria,lipid_droplet,1.1860000000000002
D10_S0_C028_T048,organelle,ER,mitochondria,1.8
D10_S0_C028_T048,organelle,ER,Golgi,1.35
D10_S0_C028_T048,organelle,mitochondria,lipid_droplet,1.1860000000000002
D10_S0_C029_T048,organelle,ER,mitochondria,1.8
D10_S0_C029_T048,organelle,ER,Golgi,1.35
D10_S0_C029_T048,organelle,mitochondria,lipid_droplet,1.1860000000000002
D10_S0_C030_T048,organelle,ER,mitochondria,1.8
D10_S0_C030_T048,organelle,ER,Golgi,1.35
D10_S0_C030_T048,organelle,mitochondria,lipid_droplet,1.1860000000000002
D10_S0_C031_T048,organelle,ER,mitochondria,1.8
D10_S0_C031_T048,organelle,ER,Golgi,1.35
D10_S0_C031_T048,organelle,mitochondria,lipid_droplet,1.1860000000000002
D10_S0_C032_T048,organelle,ER,mitochondria,1.787575132799766
D10_S0_C032_T048,organelle,ER,Golgi,1.3406813495998244
D10_S0_C032_T048,organelle,mitochondria,lipid_droplet,1.1791663230398715
D10_S0_C033_T048,organelle,ER,mitochondria,1.8
D10_S0_C033_T048,organelle,ER,Golgi,1.35
D10_S0_C033_T048,organelle,mitochondria,lipid_droplet,1.1860000000000002
D10_S0_C034_T048,organelle,ER,mitochondria,1.8
D10_S0_C034_T048,organelle,ER,Golgi,1.35
D10_S0_C034_T048,organelle,mitochondria,lipid_droplet,1.1860000000000002
D10_S0_C035_T048,organelle,ER,mitochondria,1.7903471504653965
D10_S0_C035_T048,organelle,ER,Golgi,1.3427603628490474
D10_S0_C035_T048,organelle,mitochondria,lipid_droplet,1.1806909327559683
D10_S1_C000_T000,organelle,ER,mitochondria,0.5165748225029422
D10_S1_C000_T000,organelle,ER,Golgi,0.38743111687720666
D10_S1_C000_T000,organelle,mitochondria,lipid_droplet,0.3600989025377372
D10_S1_C001_T000,organelle,ER,mitochondria,0.8013189143707212
D10_S1_C001_T000,organelle,ER,Golgi,0.600989185778041
D10_S1_C001_T000,organelle,mitochondria,lipid_droplet,0.5295522477698642
D10_S1_C002_T000,organelle,ER,mitochondria,0.6105927319051662
D10_S1_C002_T000,organelle,ER,Golgi,0.4579445489288746
D10_S1_C002_T000,organelle,mitochondria,lipid_droplet,0.4225419036796486
D10_S1_C003_T000,organelle,ER,mitochondria,0.6967663619151141
D10_S1_C003_T000,organelle,ER,Golgi,0.5225747714363356
D10_S1_C003_T000,organelle,mitochondria,lipid_droplet,0.47714210549093333
D10_S1_C004_T000,organelle,ER,mitochondria,0.5973254017482691
D10_S1_C004_T000,organelle,ER,Golgi,0.44799405131120185
D10_S1_C004_T000,organelle,mitochondria,lipid_droplet,0.39234848570812575
D10_S1_C005_T000,organelle,ER,mitochondria,0.8307621121540858
D10_S1_C005_T000,organelle,ER,Golgi,0.6230715841155643
D10_S1_C005_T000,organelle,mitochondria,lipid_droplet,0.5742013181665605
D10_S1_C006_T000,organelle,ER,mitochondria,0.5047550695299888
D10_S1_C006_T000,organelle,ER,Golgi,0.37856630214749165
D10_S1_C006_T000,organelle,mitochondria,lipid_droplet,0.363405280949184
D10_S1_C007_T000,organelle,ER,mitochondria,0.5930380060214654
D10_S1_C007_T000,organelle,ER,Golgi,0.444778504516099
D10_S1_C007_T000,organelle,mitochondria,lipid_droplet,0.4419234226929993
D10_S1_C008_T000,organelle,ER,mitochondria,0.4660225064119926
D10_S1_C008_T000,organelle,ER,Golgi,0.3495168798089945
D10_S1_C008_T000,organelle,mitochondria,lipid_droplet,0.3469115735903322
D10_S1_C009_T000,organelle,ER,mitochondria,0.4435873555321453
D10_S1_C009_T000,organelle,ER,Golgi,0.332690516649109
D10_S1_C009_T000,organelle,mitochondria,lipid_droplet,0.32832359064358435
D10_S1_C010_T000,organelle,ER,mitochondria,0.8980509198193187
D10_S1_C010_T000,organelle,ER,Golgi,0.673538189864489
D10_S1_C010_T000,organelle,mitochondria,lipid_droplet,0.6090893168630072
D10_S1_C011_T000,organelle,ER,mitochondria,0.5936030773694982
D10_S1_C011_T000,organelle,ER,Golgi,0.4452023080271237
D10_S1_C011_T000,organelle,mitochondria,lipid_droplet,0.4577698282348535
D10_S1_C012_T000,organelle,ER,mitochondria,0.894372279774448
D10_S1_C012_T000,organelle,ER,Golgi,0.670779209830836
D10_S1_C012_T000,organelle,mitochondria,lipid_droplet,0.5981099212811555
D10_S1_C013_T000,organelle,ER,mitochondria,0.737911836356565
D10_S1_C013_T000,organelle,ER,Golgi,0.5534338772674238
D10_S1_C013_T000,organelle,mitochondria,lipid_droplet,0.5053439820619747
D10_S1_C014_T000,organelle,ER,mitochondria,0.6742138534697284
D10_S1_C014_T000,organelle,ER,Golgi,0.5056603901022962
D10_S1_C014_T000,organelle,mitochondria,lipid_droplet,0.47135122800864193
D10_S1_C015_T000,organelle,ER,mitochondria,0.7452118455001651
D10_S1_C015_T000,organelle,ER,Golgi,0.5589088841251237
D10_S1_C015_T000,organelle,mitochondria,lipid_droplet,0.5096642650814629
D10_S1_C016_T000,organelle,ER,mitochondria,0.5151998711225217
D10_S1_C016_T000,organelle,ER,Golgi,0.38639990334189134
D10_S1_C016_T000,organelle,mitochondria,lipid_droplet,0.35172313940579514
D10_S1_C017_T000,organelle,ER,mitochondria,0.7671269030215437
D10_S1_C017_T000,organelle,ER,Golgi,0.5753451772661577
D10_S1_C017_T000,organelle,mitochondria,lipid_droplet,0.4957393705844497
D10_S1_C018_T000,organelle,ER,mitochondria,0.6253286864453551
D10_S1_C018_T000,organelle,ER,Golgi,0.46899651483401633
D10_S1_C018_T000,organelle,mitochondria,lipid_droplet,0.4132168986957727
D10_S1_C019_T000,organelle,ER,mitochondria,0.7670050956121369
D10_S1_C019_T000,organelle,ER,Golgi,0.5752538217091027
D10_S1_C019_T000,organelle,mitochondria,lipid_droplet,0.5513872450885731
D10_S1_C020_T000,organelle,ER,mitochondria,0.5540619674833647
D10_S1_C020_T000,organelle,ER,Golgi,0.4155464756125235
D10_S1_C020_T000,organelle,mitochondria,lipid_droplet,0.41359071489550187
D10_S1_C021_T000,organelle,ER,mitochondria,0.9330656654364061
D10_S1_C021_T000,organelle,ER,Golgi,0.6997992490773046
D10_S1_C021_T000,organelle,mitochondria,lipid_droplet,0.6119032099658407
D10_S1_C022_T000,organelle,ER,mitochondria,0.49836609060977155
D10_S1_C022_T000,organelle,ER,Golgi,0.37377456795732866
D10_S1_C022_T000,organelle,mitochondria,lipid_droplet,0.3412176213763343
D10_S1_C023_T000,organelle,ER,mitochondria,0.6169148453162182
D10_S1_C023_T000,organelle,ER,Golgi,0.46268613398716363
D10_S1_C023_T000,organelle,mitochondria,lipid_droplet,0.42175673065014474
D10_S1_C024_T000,organelle,ER,mitochondria,0.6041698388961241
D10_S1_C024_T000,organelle,ER,Golgi,0.45312737917209306
D10_S1_C024_T000,organelle,mitochondria,lipid_droplet,0.4220972057377309
D10_S1_C025_T000,organelle,ER,mitochondria,0.7736336743794417
D10_S1_C025_T000,organelle,ER,Golgi,0.5802252557845813
D10_S1_C025_T000,organelle,mitochondria,lipid_droplet,0.5446170684396697
D10_S1_C026_T000,organelle,ER,mitochondria,0.5993455602761585
D10_S1_C026_T000,organelle,ER,Golgi,0.4495091702071189
D10_S1_C026_T000,organelle,mitochondria,lipid_droplet,0.4242718454600325
D10_S1_C027_T000,organelle,ER,mitochondria,0.7623648608789036
D10_S1_C027_T000,organelle,ER,Golgi,0.5717736456591778
D10_S1_C027_T000,organelle,mitochondria,lipid_droplet,0.5336240098614737
D10_S1_C028_T000,organelle,ER,mitochondria,0.4578917033970945
D10_S1_C028_T000,organelle,ER,Golgi,0.3434187775478209
D10_S1_C028_T000,organelle,mitochondria,lipid_droplet,0.317961901850402
D10_S1_C029_T000,organelle,ER,mitochondria,0.8756850108656842
D10_S1_C029_T000,organelle,ER,Golgi,0.6567637581492631
D10_S1_C029_T000,organelle,mitochondria,lipid_droplet,0.5901545175136615
D10_S1_C030_T000,organelle,ER,mitochondria,0.5617023219548523
D10_S1_C030_T000,organelle,ER,Golgi,0.4212767414661392
D10_S1_C030_T000,organelle,mitochondria,lipid_droplet,0.41083843366463435
D10_S1_C031_T000,organelle,ER,mitochondria,0.8218044110090075
D10_S1_C031_T000,organelle,ER,Golgi,0.6163533082567556
D10_S1_C031_T000,organelle,mitochondria,lipid_droplet,0.5550357499330505
D10_S1_C032_T000,organelle,ER,mitochondria,0.9336515524595502
D10_S1_C032_T000,organelle,ER,Golgi,0.7002386643446626
D10_S1_C032_T000,organelle,mitochondria,lipid_droplet,0.634667636124962
D10_S1_C033_T000,organelle,ER,mitochondria,0.5865491993155268
D10_S1_C033_T000,organelle,ER,Golgi,0.4399118994866451
D10_S1_C033_T000,organelle,mitochondria,lipid_droplet,0.41526625323380917
D10_S1_C034_T000,organelle,ER,mitochondria,0.7711867494961201
D10_S1_C034_T000,organelle,ER,Golgi,0.5783900621220901
D10_S1_C034_T000,organelle,mitochondria,lipid_droplet,0.5569908126491323
D10_S1_C035_T000,organelle,ER,mitochondria,0.8365834640328617
D10_S1_C035_T000,organelle,ER,Golgi,0.6274375980246463
D10_S1_C035_T000,organelle,mitochondria,lipid_droplet,0.574644950595905
D10_S1_C000_T012,organelle,ER,mitochondria,0.7470016481964987
D10_S1_C000_T012,organelle,ER,Golgi,0.560251236147374
D10_S1_C000_T012,organelle,mitochondria,lipid_droplet,0.5276207039556007
D10_S1_C001_T012,organelle,ER,mitochondria,1.0274065601091198
D10_S1_C001_T012,organelle,ER,Golgi,0.7705549200818398
D10_S1_C001_T012,organelle,mitochondria,lipid_droplet,0.695034669007507
D10_S1_C002_T012,organelle,ER,mitochondria,0.9021377911031988
D10_S1_C002_T012,organelle,ER,Golgi,0.6766033433273991
D10_S1_C002_T012,organelle,mitochondria,lipid_droplet,0.6217196506316401
D10_S1_C003_T012,organelle,ER,mitochondria,0.9141959972623557
D10_S1_C003_T012,organelle,ER,Golgi,0.6856469979467668
D10_S1_C003_T012,organelle,mitochondria,lipid_droplet,0.6413480109527294
D10_S1_C004_T012,organelle,ER,mitochondria,0.7591579761754684
D10_S1_C004_T012,organelle,ER,Golgi,0.5693684821316013
D10_S1_C004_T012,organelle,mitochondria,lipid_droplet,0.5217586929137031
D10_S1_C005_T012,organelle,ER,mitochondria,1.0544622384105222
D10_S1_C005_T012,organelle,ER,Golgi,0.7908466788078916
D10_S1_C005_T012,organelle,mitochondria,lipid_droplet,0.7413360877110191
D10_S1_C006_T012,organelle,ER,mitochondria,0.6980396792937882
D10_S1_C006_T012,organelle,ER,Golgi,0.5235297594703412
D10_S1_C006_T012,organelle,mitochondria,lipid_droplet,0.4967377856452987
D10_S1_C007_T012,organelle,ER,mitochondria,0.798540730405516
D10_S1_C007_T012,organelle,ER,Golgi,0.598905547804137
D10_S1_C007_T012,organelle,mitochondria,lipid_droplet,0.6087437841777248
D10_S1_C008_T012,organelle,ER,mitochondria,0.6871477500990317
D10_S1_C008_T012,organelle,ER,Golgi,0.5153608125742738
D10_S1_C008_T012,organelle,mitochondria,lipid_droplet,0.49537571625534566
D10_S1_C009_T012,organelle,ER,mitochondria,0.68319609520258
D10_S1_C009_T012,organelle,ER,Golgi,0.512397071401935
D10_S1_C009_T012,organelle,mitochondria,lipid_droplet,0.4936294957586285
D10_S1_C010_T012,organelle,ER,mitochondria,1.122353129539181
D10_S1_C010_T012,organelle,ER,Golgi,0.8417648471543858
D10_S1_C010_T012,organelle,mitochondria,lipid_droplet,0.7814349008235523
D10_S1_C011_T012,organelle,ER,mitochondria,0.8416597592788926
D10_S1_C011_T012,organelle,ER,Golgi,0.6312448194591694
D10_S1_C011_T012,organelle,mitochondria,lipid_droplet,0.6296453216208581
D10_S1_C012_T012,organelle,ER,mitochondria,1.1524921097223326
D10_S1_C012_T012,organelle,ER,Golgi,0.8643690822917495
D10_S1_C012_T012,organelle,mitochondria,lipid_droplet,0.798239418282422
D10_S1_C013_T012,organelle,ER,mitochondria,0.94306736564376
D10_S1_C013_T012,organelle,ER,Golgi,0.7073005242328201
D10_S1_C013_T012,organelle,mitochondria,lipid_droplet,0.6558569170576636
D10_S1_C014_T012,organelle,ER,mitochondria,0.8493089707614849
D10_S1_C014_T012,organelle,ER,Golgi,0.6369817280711136
D10_S1_C014_T012,organelle,mitochondria,lipid_droplet,0.605153455191043
D10_S1_C015_T012,organelle,ER,mitochondria,0.962520723521011
D10_S1_C015_T012,organelle,ER,Golgi,0.7218905426407582
D10_S1_C015_T012,organelle,mitochondria,lipid_droplet,0.667686232149391
D10_S1_C016_T012,organelle,ER,mitochondria,0.7043478986855468
D10_S1_C016_T012,organelle,ER,Golgi,0.5282609240141601
D10_S1_C016_T012,organelle,mitochondria,lipid_droplet,0.49465965702641174
D10_S1_C017_T012,organelle,ER,mitochondria,1.0424118984042365
D10_S1_C017_T012,organelle,ER,Golgi,0.7818089238031773
D10_S1_C017_T012,organelle,mitochondria,lipid_droplet,0.6902616860317375
D10_S1_C018_T012,organelle,ER,mitochondria,0.7955624373875851
D10_S1_C018_T012,organelle,ER,Golgi,0.5966718280406889
D10_S1_C018_T012,organelle,mitochondria,lipid_droplet,0.5322243726888711
D10_S1_C019_T012,organelle,ER,mitochondria,1.05714495588127
D10_S1_C019_T012,organelle,ER,Golgi,0.7928587169109524
D10_S1_C019_T012,organelle,mitochondria,lipid_droplet,0.7774297257346985
D10_S1_C020_T012,organelle,ER,mitochondria,0.8367235943700692
D10_S1_C020_T012,organelle,ER,Golgi,0.6275426957775518
D10_S1_C020_T012,organelle,mitochondria,lipid_droplet,0.6314464678005658
D10_S1_C021_T012,organelle,ER,mitochondria,1.1244088063517257
D10_S1_C021_T012,organelle,ER,Golgi,0.8433066047637943
D10_S1_C021_T012,organelle,mitochondria,lipid_droplet,0.7824881410743167
D10_S1_C022_T012,organelle,ER,mitochondria,0.7431006400038068
D10_S1_C022_T012,organelle,ER,Golgi,0.5573254800028551
D10_S1_C022_T012,organelle,mitochondria,lipid_droplet,0.5168705453581218
D10_S1_C023_T012,organelle,ER,mitochondria,0.7812215537257563
D10_S1_C023_T012,organelle,ER,Golgi,0.5859161652943172
D10_S1_C023_T012,organelle,mitochondria,lipid_droplet,0.5450130334253976
D10_S1_C024_T012,organelle,ER,mitochondria,0.84985335687304
D10_S1_C024_T012,organelle,ER,Golgi,0.63739001765478
D10_S1_C024_T012,organelle,mitochondria,lipid_droplet,0.6065998680223038
D10_S1_C025_T012,organelle,ER,mitochondria,1.00953532292999
D10_S1_C025_T012,organelle,ER,Golgi,0.7571514921974924
D10_S1_C025_T012,organelle,mitochondria,lipid_droplet,0.7275628338667057
D10_S1_C026_T012,organelle,ER,mitochondria,0.8355660605000732
D10_S1_C026_T012,organelle,ER,Golgi,0.6266745453750548
D10_S1_C026_T012,organelle,mitochondria,lipid_droplet,0.5956578622660907
D10_S1_C027_T012,organelle,ER,mitochondria,1.0185026934580546
D10_S1_C027_T012,organelle,ER,Golgi,0.763877020093541
D10_S1_C027_T012,organelle,mitochondria,lipid_droplet,0.720156497706854
D10_S1_C028_T012,organelle,ER,mitochondria,0.6845727663820789
D10_S1_C028_T012,organelle,ER,Golgi,0.5134295747865592
D10_S1_C028_T012,organelle,mitochondria,lipid_droplet,0.4903849000971505
D10_S1_C029_T012,organelle,ER,mitochondria,1.097707222934652
D10_S1_C029_T012,organelle,ER,Golgi,0.8232804172009891
D10_S1_C029_T012,organelle,mitochondria,lipid_droplet,0.7574217393081789
D10_S1_C030_T012,organelle,ER,mitochondria,0.7353458068600404
D10_S1_C030_T012,organelle,ER,Golgi,0.5515093551450303
D10_S1_C030_T012,organelle,mitochondria,lipid_droplet,0.5323665987256466
D10_S1_C031_T012,organelle,ER,mitochondria,1.0256458106997788
D10_S1_C031_T012,organelle,ER,Golgi,0.7692343580248341
D10_S1_C031_T012,organelle,mitochondria,lipid_droplet,0.7137527716575902
D10_S1_C032_T012,organelle,ER,mitochondria,1.1502358777249977
D10_S1_C032_T012,organelle,ER,Golgi,0.8626769082937482
D10_S1_C032_T012,organelle,mitochondria,lipid_droplet,0.8123681238428099
D10_S1_C033_T012,organelle,ER,mitochondria,0.89381968868478
D10_S1_C033_T012,organelle,ER,Golgi,0.670364766513585
D10_S1_C033_T012,organelle,mitochondria,lipid_droplet,0.6542685837946793
D10_S1_C034_T012,organelle,ER,mitochondria,1.0087998793583162
D10_S1_C034_T012,organelle,ER,Golgi,0.7565999095187371
D10_S1_C034_T012,organelle,mitochondria,lipid_droplet,0.7499997178290256
D10_S1_C035_T012,organelle,ER,mitochondria,1.082074848273185
D10_S1_C035_T012,organelle,ER,Golgi,0.8115561362048888
D10_S1_C035_T012,organelle,mitochondria,lipid_droplet,0.7716762548854934
D10_S1_C000_T024,organelle,ER,mitochondria,1.2261934612786722
D10_S1_C000_T024,organelle,ER,Golgi,0.9196450959590041
D10_S1_C000_T024,organelle,mitochondria,lipid_droplet,0.8704064037032697
D10_S1_C001_T024,organelle,ER,mitochondria,1.3456971969063027
D10_S1_C001_T024,organelle,ER,Golgi,1.0092728976797272
D10_S1_C001_T024,organelle,mitochondria,lipid_droplet,0.9361334582984666
D10_S1_C002_T024,organelle,ER,mitochondria,1.2503893261981118
D10_S1_C002_T024,organelle,ER,Golgi,0.9377919946485839
D10_S1_C002_T024,organelle,mitochondria,lipid_droplet,0.8837141294089617
D10_S1_C003_T024,organelle,ER,mitochondria,1.2961306777451047
D10_S1_C003_T024,organelle,ER,Golgi,0.9720980083088285
D10_S1_C003_T024,organelle,mitochondria,lipid_droplet,0.9088718727598077
D10_S1_C004_T024,organelle,ER,mitochondria,1.1597806706476363
D10_S1_C004_T024,organelle,ER,Golgi,0.8698355029857272
D10_S1_C004_T024,organelle,mitochondria,lipid_droplet,0.8244446791748917
D10_S1_C005_T024,organelle,ER,mitochondria,1.4176523832430785
D10_S1_C005_T024,organelle,ER,Golgi,1.0632392874323089
D10_S1_C005_T024,organelle,mitochondria,lipid_droplet,0.9757088107836933
D10_S1_C006_T024,organelle,ER,mitochondria,1.0198089269585113
D10_S1_C006_T024,organelle,ER,Golgi,0.7648566952188836
D10_S1_C006_T024,organelle,mitochondria,lipid_droplet,0.753231824181494
D10_S1_C007_T024,organelle,ER,mitochondria,1.112062155409555
D10_S1_C007_T024,organelle,ER,Golgi,0.8340466165571663
D10_S1_C007_T024,organelle,mitochondria,lipid_droplet,0.8076341854752553
D10_S1_C008_T024,organelle,ER,mitochondria,1.0435703366980267
D10_S1_C008_T024,organelle,ER,Golgi,0.78267775252352
D10_S1_C008_T024,organelle,mitochondria,lipid_droplet,0.7699636851839147
D10_S1_C009_T024,organelle,ER,mitochondria,0.9998614293270324
D10_S1_C009_T024,organelle,ER,Golgi,0.7498960719952743
D10_S1_C009_T024,organelle,mitochondria,lipid_droplet,0.7437141754521949
D10_S1_C010_T024,organelle,ER,mitochondria,1.526408787492229
D10_S1_C010_T024,organelle,ER,Golgi,1.1448065906191718
D10_S1_C010_T024,organelle,mitochondria,lipid_droplet,1.035524833120726
D10_S1_C011_T024,organelle,ER,mitochondria,1.1607959061742579
D10_S1_C011_T024,organelle,ER,Golgi,0.8705969296306935
D10_S1_C011_T024,organelle,mitochondria,lipid_droplet,0.8344377483958418
D10_S1_C012_T024,organelle,ER,mitochondria,1.4765236485599742
D10_S1_C012_T024,organelle,ER,Golgi,1.1073927364199807
D10_S1_C012_T024,organelle,mitochondria,lipid_droplet,1.0080880067079858
D10_S1_C013_T024,organelle,ER,mitochondria,1.2578449513367453
D10_S1_C013_T024,organelle,ER,Golgi,0.943383713502559
D10_S1_C013_T024,organelle,mitochondria,lipid_droplet,0.88781472323521
D10_S1_C014_T024,organelle,ER,mitochondria,1.1283548149406364
D10_S1_C014_T024,organelle,ER,Golgi,0.8462661112054772
D10_S1_C014_T024,organelle,mitochondria,lipid_droplet,0.8165951482173501
D10_S1_C015_T024,organelle,ER,mitochondria,1.281084600640828
D10_S1_C015_T024,organelle,ER,Golgi,0.9608134504806211
D10_S1_C015_T024,organelle,mitochondria,lipid_droplet,0.9005965303524555
D10_S1_C016_T024,organelle,ER,mitochondria,1.038476586480771
D10_S1_C016_T024,organelle,ER,Golgi,0.7788574398605783
D10_S1_C016_T024,organelle,mitochondria,lipid_droplet,0.7663921732432403
D10_S1_C017_T024,organelle,ER,mitochondria,1.5190204007522772
D10_S1_C017_T024,organelle,ER,Golgi,1.139265300564208
D10_S1_C017_T024,organelle,mitochondria,lipid_droplet,1.0314612204137525
D10_S1_C018_T024,organelle,ER,mitochondria,1.0967480463626371
D10_S1_C018_T024,organelle,ER,Golgi,0.8225610347719778
D10_S1_C018_T024,organelle,mitochondria,lipid_droplet,0.7613049550878662
D10_S1_C019_T024,organelle,ER,mitochondria,1.4165085642721054
D10_S1_C019_T024,organelle,ER,Golgi,1.0623814232040791
D10_S1_C019_T024,organelle,mitochondria,lipid_droplet,0.975079710349658
D10_S1_C020_T024,organelle,ER,mitochondria,1.17158676750885
D10_S1_C020_T024,organelle,ER,Golgi,0.8786900756316376
D10_S1_C020_T024,organelle,mitochondria,lipid_droplet,0.8403727221298676
D10_S1_C021_T024,organelle,ER,mitochondria,1.4271713468573088
D10_S1_C021_T024,organelle,ER,Golgi,1.0703785101429817
D10_S1_C021_T024,organelle,mitochondria,lipid_droplet,0.9809442407715199
D10_S1_C022_T024,organelle,ER,mitochondria,1.107093115566286
D10_S1_C022_T024,organelle,ER,Golgi,0.8303198366747144
D10_S1_C022_T024,organelle,mitochondria,lipid_droplet,0.8049012135614573
D10_S1_C023_T024,organelle,ER,mitochondria,1.15346005969306
D10_S1_C023_T024,organelle,ER,Golgi,0.8650950447697949
D10_S1_C023_T024,organelle,mitochondria,lipid_droplet,0.8304030328311831
D10_S1_C024_T024,organelle,ER,mitochondria,1.2506301244340658
D10_S1_C024_T024,organelle,ER,Golgi,0.9379725933255494
D10_S1_C024_T024,organelle,mitochondria,lipid_droplet,0.8838465684387362
D10_S1_C025_T024,organelle,ER,mitochondria,1.319026893647881
D10_S1_C025_T024,organelle,ER,Golgi,0.9892701702359108
D10_S1_C025_T024,organelle,mitochondria,lipid_droplet,0.9214647915063348
D10_S1_C026_T024,organelle,ER,mitochondria,1.2059071766698664
D10_S1_C026_T024,organelle,ER,Golgi,0.9044303825023998
D10_S1_C026_T024,organelle,mitochondria,lipid_droplet,0.8592489471684266
D10_S1_C027_T024,organelle,ER,mitochondria,1.3385682068812308
D10_S1_C027_T024,organelle,ER,Golgi,1.003926155160923
D10_S1_C027_T024,organelle,mitochondria,lipid_droplet,0.9322125137846771
D10_S1_C028_T024,organelle,ER,mitochondria,1.0779639783545232
D10_S1_C028_T024,organelle,ER,Golgi,0.8084729837658924
D10_S1_C028_T024,organelle,mitochondria,lipid_droplet,0.7888801880949878
D10_S1_C029_T024,organelle,ER,mitochondria,1.4003662958099194
D10_S1_C029_T024,organelle,ER,Golgi,1.0502747218574395
D10_S1_C029_T024,organelle,mitochondria,lipid_droplet,0.9662014626954558
D10_S1_C030_T024,organelle,ER,mitochondria,1.149641182742717
D10_S1_C030_T024,organelle,ER,Golgi,0.8622308870570379
D10_S1_C030_T024,organelle,mitochondria,lipid_droplet,0.8283026505084945
D10_S1_C031_T024,organelle,ER,mitochondria,1.3767572121372853
D10_S1_C031_T024,organelle,ER,Golgi,1.032567909102964
D10_S1_C031_T024,organelle,mitochondria,lipid_droplet,0.953216466675507
D10_S1_C032_T024,organelle,ER,mitochondria,1.428918905961843
D10_S1_C032_T024,organelle,ER,Golgi,1.0716891794713823
D10_S1_C032_T024,organelle,mitochondria,lipid_droplet,0.9819053982790138
D10_S1_C033_T024,organelle,ER,mitochondria,1.186597525816177
D10_S1_C033_T024,organelle,ER,Golgi,0.8899481443621327
D10_S1_C033_T024,organelle,mitochondria,lipid_droplet,0.8486286391988973
D10_S1_C034_T024,organelle,ER,mitochondria,1.339921542052794
D10_S1_C034_T024,organelle,ER,Golgi,1.0049411565395954
D10_S1_C034_T024,organelle,mitochondria,lipid_droplet,0.9329568481290367
D10_S1_C035_T024,organelle,ER,mitochondria,1.4423370729501463
D10_S1_C035_T024,organelle,ER,Golgi,1.0817528047126097
D10_S1_C035_T024,organelle,mitochondria,lipid_droplet,0.9892853901225807
D10_S1_C000_T048,organelle,ER,mitochondria,1.8
D10_S1_C000_T048,organelle,ER,Golgi,1.35
D10_S1_C000_T048,organelle,mitochondria,lipid_droplet,1.1860000000000002
D10_S1_C001_T048,organelle,ER,mitochondria,1.8
D10_S1_C001_T048,organelle,ER,Golgi,1.35
D10_S1_C001_T048,organelle,mitochondria,lipid_droplet,1.1860000000000002
D10_S1_C002_T048,organelle,ER,mitochondria,1.8
D10_S1_C002_T048,organelle,ER,Golgi,1.35
D10_S1_C002_T048,organelle,mitochondria,lipid_droplet,1.1860000000000002
D10_S1_C003_T048,organelle,ER,mitochondria,1.8
D10_S1_C003_T048,organelle,ER,Golgi,1.35
D10_S1_C003_T048,organelle,mitochondria,lipid_droplet,1.1860000000000002
D10_S1_C004_T048,organelle,ER,mitochondria,1.8
D10_S1_C004_T048,organelle,ER,Golgi,1.35
D10_S1_C004_T048,organelle,mitochondria,lipid_droplet,1.1860000000000002
D10_S1_C005_T048,organelle,ER,mitochondria,1.8
D10_S1_C005_T048,organelle,ER,Golgi,1.35
D10_S1_C005_T048,organelle,mitochondria,lipid_droplet,1.1860000000000002
D10_S1_C006_T048,organelle,ER,mitochondria,1.7464217943984965
D10_S1_C006_T048,organelle,ER,Golgi,1.3098163457988723
D10_S1_C006_T048,organelle,mitochondria,lipid_droplet,1.1565319869191732
D10_S1_C007_T048,organelle,ER,mitochondria,1.7147449989247483
D10_S1_C007_T048,organelle,ER,Golgi,1.2860587491935611
D10_S1_C007_T048,organelle,mitochondria,lipid_droplet,1.1391097494086115
D10_S1_C008_T048,organelle,ER,mitochondria,1.7389741538040246
D10_S1_C008_T048,organelle,ER,Golgi,1.3042306153530185
D10_S1_C008_T048,organelle,mitochondria,lipid_droplet,1.1524357845922137
D10_S1_C009_T048,organelle,ER,mitochondria,1.7166616840495894
D10_S1_C009_T048,organelle,ER,Golgi,1.287496263037192
D10_S1_C009_T048,organelle,mitochondria,lipid_droplet,1.1401639262272742
D10_S1_C010_T048,organelle,ER,mitochondria,1.8
D10_S1_C010_T048,organelle,ER,Golgi,1.35
D10_S1_C010_T048,organelle,mitochondria,lipid_droplet,1.1860000000000002
D10_S1_C011_T048,organelle,ER,mitochondria,1.7531690298627083
D10_S1_C011_T048,organelle,ER,Golgi,1.3148767723970312
D10_S1_C011_T048,organelle,mitochondria,lipid_droplet,1.1602429664244895
D10_S1_C012_T048,organelle,ER,mitochondria,1.8
D10_S1_C012_T048,organelle,ER,Golgi,1.35
D10_S1_C012_T048,organelle,mitochondria,lipid_droplet,1.1860000000000002
D10_S1_C013_T048,organelle,ER,mitochondria,1.8
D10_S1_C013_T048,organelle,ER,Golgi,1.35
D10_S1_C013_T048,organelle,mitochondria,lipid_droplet,1.1860000000000002
D10_S1_C014_T048,organelle,ER,mitochondria,1.8
D10_S1_C014_T048,organelle,ER,Golgi,1.35
D10_S1_C014_T048,organelle,mitochondria,lipid_droplet,1.1860000000000002
D10_S1_C015_T048,organelle,ER,mitochondria,1.8
D10_S1_C015_T048,organelle,ER,Golgi,1.35
D10_S1_C015_T048,organelle,mitochondria,lipid_droplet,1.1860000000000002
D10_S1_C016_T048,organelle,ER,mitochondria,1.735372644313521
D10_S1_C016_T048,organelle,ER,Golgi,1.3015294832351407
D10_S1_C016_T048,organelle,mitochondria,lipid_droplet,1.1504549543724365
D10_S1_C017_T048,organelle,ER,mitochondria,1.8
D10_S1_C017_T048,organelle,ER,Golgi,1.35
D10_S1_C017_T048,organelle,mitochondria,lipid_droplet,1.1860000000000002
D10_S1_C018_T048,organelle,ER,mitochondria,1.8
D10_S1_C018_T048,organelle,ER,Golgi,1.35
D10_S1_C018_T048,organelle,mitochondria,lipid_droplet,1.1860000000000002
D10_S1_C019_T048,organelle,ER,mitochondria,1.8
D10_S1_C019_T048,organelle,ER,Golgi,1.35
D10_S1_C019_T048,organelle,mitochondria,lipid_droplet,1.1860000000000002
D10_S1_C020_T048,organelle,ER,mitochondria,1.7896047121778391
D10_S1_C020_T048,organelle,ER,Golgi,1.3422035341333793
D10_S1_C020_T048,organelle,mitochondria,lipid_droplet,1.1802825916978117
D10_S1_C021_T048,organelle,ER,mitochondria,1.8
D10_S1_C021_T048,organelle,ER,Golgi,1.35
D10_S1_C021_T048,organelle,mitochondria,lipid_droplet,1.1860000000000002
D10_S1_C022_T048,organelle,ER,mitochondria,1.7832318150572801
D10_S1_C022_T048,organelle,ER,Golgi,1.33742386129296
D10_S1_C022_T048,organelle,mitochondria,lipid_droplet,1.1767774982815042
D10_S1_C023_T048,organelle,ER,mitochondria,1.8
D10_S1_C023_T048,organelle,ER,Golgi,1.35
D10_S1_C023_T048,organelle,mitochondria,lipid_droplet,1.1860000000000002
D10_S1_C024_T048,organelle,ER,mitochondria,1.8
D10_S1_C024_T048,organelle,ER,Golgi,1.35
D10_S1_C024_T048,organelle,mitochondria,lipid_droplet,1.1860000000000002
D10_S1_C025_T048,organelle,ER,mitochondria,1.8
D10_S1_C025_T048,organelle,ER,Golgi,1.35
D10_S1_C025_T048,organelle,mitochondria,lipid_droplet,1.1860000000000002
D10_S1_C026_T048,organelle,ER,mitochondria,1.7921621876884832
D10_S1_C026_T048,organelle,ER,Golgi,1.3441216407663625
D10_S1_C026_T048,organelle,mitochondria,lipid_droplet,1.1816892032286659
D10_S1_C027_T048,organelle,ER,mitochondria,1.8
D10_S1_C027_T048,organelle,ER,Golgi,1.35
D10_S1_C027_T048,organelle,mitochondria,lipid_droplet,1.1860000000000002
D10_S1_C028_T048,organelle,ER,mitochondria,1.7612438642442014
D10_S1_C028_T048,organelle,ER,Golgi,1.320932898183151
D10_S1_C028_T048,organelle,mitochondria,lipid_droplet,1.164684125334311
D10_S1_C029_T048,organelle,ER,mitochondria,1.8
D10_S1_C029_T048,organelle,ER,Golgi,1.35
D10_S1_C029_T048,organelle,mitochondria,lipid_droplet,1.1860000000000002
D10_S1_C030_T048,organelle,ER,mitochondria,1.8
D10_S1_C030_T048,organelle,ER,Golgi,1.35
D10_S1_C030_T048,organelle,mitochondria,lipid_droplet,1.1860000000000002
D10_S1_C031_T048,organelle,ER,mitochondria,1.8
D10_S1_C031_T048,organelle,ER,Golgi,1.35
D10_S1_C031_T048,organelle,mitochondria,lipid_droplet,1.1860000000000002
D10_S1_C032_T048,organelle,ER,mitochondria,1.8
D10_S1_C032_T048,organelle,ER,Golgi,1.35
D10_S1_C032_T048,organelle,mitochondria,lipid_droplet,1.1860000000000002
D10_S1_C033_T048,organelle,ER,mitochondria,1.8
D10_S1_C033_T048,organelle,ER,Golgi,1.35
D10_S1_C033_T048,organelle,mitochondria,lipid_droplet,1.1860000000000002
D10_S1_C034_T048,organelle,ER,mitochondria,1.8
D10_S1_C034_T048,organelle,ER,Golgi,1.35
D10_S1_C034_T048,organelle,mitochondria,lipid_droplet,1.1860000000000002
D10_S1_C035_T048,organelle,ER,mitochondria,1.8
D10_S1_C035_T048,organelle,ER,Golgi,1.35
D10_S1_C035_T048,organelle,mitochondria,lipid_droplet,1.1860000000000002
D11_S0_C000_T000,organelle,ER,mitochondria,0.871529456105209
D11_S0_C000_T000,organelle,ER,Golgi,0.6536470920789068
D11_S0_C000_T000,organelle,mitochondria,lipid_droplet,0.5539214083132257
D11_S0_C001_T000,organelle,ER,mitochondria,0.5763584948977053
D11_S0_C001_T000,organelle,ER,Golgi,0.43226887117327895
D11_S0_C001_T000,organelle,mitochondria,lipid_droplet,0.3723021571073456
D11_S0_C002_T000,organelle,ER,mitochondria,0.936673299961941
D11_S0_C002_T000,organelle,ER,Golgi,0.7025049749714558
D11_S0_C002_T000,organelle,mitochondria,lipid_droplet,0.6234855192053707
D11_S0_C003_T000,organelle,ER,mitochondria,0.7107582249145614
D11_S0_C003_T000,organelle,ER,Golgi,0.5330686686859211
D11_S0_C003_T000,organelle,mitochondria,lipid_droplet,0.46483137880240777
D11_S0_C004_T000,organelle,ER,mitochondria,0.7219834448868994
D11_S0_C004_T000,organelle,ER,Golgi,0.5414875836651745
D11_S0_C004_T000,organelle,mitochondria,lipid_droplet,0.49559500667268785
D11_S0_C005_T000,organelle,ER,mitochondria,0.3616257367507439
D11_S0_C005_T000,organelle,ER,Golgi,0.27121930256305793
D11_S0_C005_T000,organelle,mitochondria,lipid_droplet,0.2331359529186156
D11_S0_C006_T000,organelle,ER,mitochondria,0.6612303447785433
D11_S0_C006_T000,organelle,ER,Golgi,0.49592275858390744
D11_S0_C006_T000,organelle,mitochondria,lipid_droplet,0.43020363159429875
D11_S0_C007_T000,organelle,ER,mitochondria,0.8384678142427594
D11_S0_C007_T000,organelle,ER,Golgi,0.6288508606820695
D11_S0_C007_T000,organelle,mitochondria,lipid_droplet,0.5500146355718056
D11_S0_C008_T000,organelle,ER,mitochondria,0.4078514364861051
D11_S0_C008_T000,organelle,ER,Golgi,0.30588857736457886
D11_S0_C008_T000,organelle,mitochondria,lipid_droplet,0.28224379767177804
D11_S0_C009_T000,organelle,ER,mitochondria,0.5708154494676723
D11_S0_C009_T000,organelle,ER,Golgi,0.4281115871007542
D11_S0_C009_T000,organelle,mitochondria,lipid_droplet,0.34086247468555214
D11_S0_C010_T000,organelle,ER,mitochondria,0.8133929579576115
D11_S0_C010_T000,organelle,ER,Golgi,0.6100447184682086
D11_S0_C010_T000,organelle,mitochondria,lipid_droplet,0.5539165967577107
D11_S0_C011_T000,organelle,ER,mitochondria,0.35000501398611966
D11_S0_C011_T000,organelle,ER,Golgi,0.26250376048958973
D11_S0_C011_T000,organelle,mitochondria,lipid_droplet,0.2755754857004219
D11_S0_C012_T000,organelle,ER,mitochondria,0.7266861402035031
D11_S0_C012_T000,organelle,ER,Golgi,0.5450146051526273
D11_S0_C012_T000,organelle,mitochondria,lipid_droplet,0.49608443958967263
D11_S0_C013_T000,organelle,ER,mitochondria,0.8515221954652126
D11_S0_C013_T000,organelle,ER,Golgi,0.6386416465989094
D11_S0_C013_T000,organelle,mitochondria,lipid_droplet,0.5594039982681568
D11_S0_C014_T000,organelle,ER,mitochondria,0.928870238986801
D11_S0_C014_T000,organelle,ER,Golgi,0.6966526792401008
D11_S0_C014_T000,organelle,mitochondria,lipid_droplet,0.6025411215083281
D11_S0_C015_T000,organelle,ER,mitochondria,0.9914595179302493
D11_S0_C015_T000,organelle,ER,Golgi,0.743594638447687
D11_S0_C015_T000,organelle,mitochondria,lipid_droplet,0.6071254548211512
D11_S0_C016_T000,organelle,ER,mitochondria,0.7446965841464884
D11_S0_C016_T000,organelle,ER,Golgi,0.5585224381098663
D11_S0_C016_T000,organelle,mitochondria,lipid_droplet,0.4995553083618164
D11_S0_C017_T000,organelle,ER,mitochondria,0.5549344620756113
D11_S0_C017_T000,organelle,ER,Golgi,0.4162008465567084
D11_S0_C017_T000,organelle,mitochondria,lipid_droplet,0.35807401027389485
D11_S0_C018_T000,organelle,ER,mitochondria,0.7319388353772871
D11_S0_C018_T000,organelle,ER,Golgi,0.5489541265329654
D11_S0_C018_T000,organelle,mitochondria,lipid_droplet,0.4898951107078514
D11_S0_C019_T000,organelle,ER,mitochondria,0.7111064913242353
D11_S0_C019_T000,organelle,ER,Golgi,0.5333298684931764
D11_S0_C019_T000,organelle,mitochondria,lipid_droplet,0.48707685731066785
D11_S0_C020_T000,organelle,ER,mitochondria,0.627319524162058
D11_S0_C020_T000,organelle,ER,Golgi,0.4704896431215435
D11_S0_C020_T000,organelle,mitochondria,lipid_droplet,0.3879554748443286
D11_S0_C021_T000,organelle,ER,mitochondria,0.45213514726652043
D11_S0_C021_T000,organelle,ER,Golgi,0.3391013604498903
D11_S0_C021_T000,organelle,mitochondria,lipid_droplet,0.30365096321915197
D11_S0_C022_T000,organelle,ER,mitochondria,0.7568597110445394
D11_S0_C022_T000,organelle,ER,Golgi,0.5676447832834046
D11_S0_C022_T000,organelle,mitochondria,lipid_droplet,0.4996212497979898
D11_S0_C023_T000,organelle,ER,mitochondria,0.6223966019388669
D11_S0_C023_T000,organelle,ER,Golgi,0.4667974514541502
D11_S0_C023_T000,organelle,mitochondria,lipid_droplet,0.43904728173908447
D11_S0_C024_T000,organelle,ER,mitochondria,1.0942975607020127
D11_S0_C024_T000,organelle,ER,Golgi,0.8207231705265094
D11_S0_C024_T000,organelle,mitochondria,lipid_droplet,0.7093839400698172
D11_S0_C025_T000,organelle,ER,mitochondria,0.810645966600936
D11_S0_C025_T000,organelle,ER,Golgi,0.607984474950702
D11_S0_C025_T000,organelle,mitochondria,lipid_droplet,0.541531498796872
D11_S0_C026_T000,organelle,ER,mitochondria,0.6031808964582698
D11_S0_C026_T000,organelle,ER,Golgi,0.4523856723437023
D11_S0_C026_T000,organelle,mitochondria,lipid_droplet,0.4166076940511594
D11_S0_C027_T000,organelle,ER,mitochondria,0.6581541310090228
D11_S0_C027_T000,organelle,ER,Golgi,0.49361559825676704
D11_S0_C027_T000,organelle,mitochondria,lipid_droplet,0.4590290131017208
D11_S0_C028_T000,organelle,ER,mitochondria,1.022327114865998
D11_S0_C028_T000,organelle,ER,Golgi,0.7667453361494985
D11_S0_C028_T000,organelle,mitochondria,lipid_droplet,0.5853351436012849
D11_S0_C029_T000,organelle,ER,mitochondria,0.58003637572508
D11_S0_C029_T000,organelle,ER,Golgi,0.43502728179381
D11_S0_C029_T000,organelle,mitochondria,lipid_droplet,0.42251969893346536
D11_S0_C030_T000,organelle,ER,mitochondria,0.5717696446655849
D11_S0_C030_T000,organelle,ER,Golgi,0.42882723349918866
D11_S0_C030_T000,organelle,mitochondria,lipid_droplet,0.42192405344977774
D11_S0_C031_T000,organelle,ER,mitochondria,0.6246582031475519
D11_S0_C031_T000,organelle,ER,Golgi,0.468493652360664
D11_S0_C031_T000,organelle,mitochondria,lipid_droplet,0.38207232934826885
D11_S0_C032_T000,organelle,ER,mitochondria,0.5101596132317601
D11_S0_C032_T000,organelle,ER,Golgi,0.38261970992382005
D11_S0_C032_T000,organelle,mitochondria,lipid_droplet,0.3361717694359122
D11_S0_C033_T000,organelle,ER,mitochondria,0.5730792738704713
D11_S0_C033_T000,organelle,ER,Golgi,0.4298094554028535
D11_S0_C033_T000,organelle,mitochondria,lipid_droplet,0.37047570928298745
D11_S0_C034_T000,organelle,ER,mitochondria,0.6848882339619229
D11_S0_C034_T000,organelle,ER,Golgi,0.5136661754714422
D11_S0_C034_T000,organelle,mitochondria,lipid_droplet,0.4431791280940822
D11_S0_C035_T000,organelle,ER,mitochondria,0.5999157317987689
D11_S0_C035_T000,organelle,ER,Golgi,0.44993679884907667
D11_S0_C035_T000,organelle,mitochondria,lipid_droplet,0.3672666644513525
D11_S0_C000_T012,organelle,ER,mitochondria,1.1562760841374768
D11_S0_C000_T012,organelle,ER,Golgi,0.8672070631031077
D11_S0_C000_T012,organelle,mitochondria,lipid_droplet,0.7645653308366646
D11_S0_C001_T012,organelle,ER,mitochondria,0.8475677164755918
D11_S0_C001_T012,organelle,ER,Golgi,0.6356757873566938
D11_S0_C001_T012,organelle,mitochondria,lipid_droplet,0.5804946307140348
D11_S0_C002_T012,organelle,ER,mitochondria,1.1433717290614789
D11_S0_C002_T012,organelle,ER,Golgi,0.8575287967961092
D11_S0_C002_T012,organelle,mitochondria,lipid_droplet,0.7940234329427334
D11_S0_C003_T012,organelle,ER,mitochondria,0.9428146312077673
D11_S0_C003_T012,organelle,ER,Golgi,0.7071109734058255
D11_S0_C003_T012,organelle,mitochondria,lipid_droplet,0.6597340304945991
D11_S0_C004_T012,organelle,ER,mitochondria,0.9616469298469112
D11_S0_C004_T012,organelle,ER,Golgi,0.7212351973851834
D11_S0_C004_T012,organelle,mitochondria,lipid_droplet,0.6819400463443974
D11_S0_C005_T012,organelle,ER,mitochondria,0.6501120867854835
D11_S0_C005_T012,organelle,ER,Golgi,0.4875840650891126
D11_S0_C005_T012,organelle,mitochondria,lipid_droplet,0.440935455604363
D11_S0_C006_T012,organelle,ER,mitochondria,0.9433223689997875
D11_S0_C006_T012,organelle,ER,Golgi,0.7074917767498407
D11_S0_C006_T012,organelle,mitochondria,lipid_droplet,0.6473943555320073
D11_S0_C007_T012,organelle,ER,mitochondria,1.0801582046242808
D11_S0_C007_T012,organelle,ER,Golgi,0.8101186534682105
D11_S0_C007_T012,organelle,mitochondria,lipid_droplet,0.7332213278997451
D11_S0_C008_T012,organelle,ER,mitochondria,0.7066101994033999
D11_S0_C008_T012,organelle,ER,Golgi,0.5299576495525499
D11_S0_C008_T012,organelle,mitochondria,lipid_droplet,0.5003005039355237
D11_S0_C009_T012,organelle,ER,mitochondria,0.929289668553222
D11_S0_C009_T012,organelle,ER,Golgi,0.6969672514149166
D11_S0_C009_T012,organelle,mitochondria,lipid_droplet,0.6261792028130116
D11_S0_C010_T012,organelle,ER,mitochondria,1.041695787877175
D11_S0_C010_T012,organelle,ER,Golgi,0.7812718409078814
D11_S0_C010_T012,organelle,mitochondria,lipid_droplet,0.7446874451701149
D11_S0_C011_T012,organelle,ER,mitochondria,0.49795891858472574
D11_S0_C011_T012,organelle,ER,Golgi,0.3734691889385443
D11_S0_C011_T012,organelle,mitochondria,lipid_droplet,0.3942569976600425
D11_S0_C012_T012,organelle,ER,mitochondria,0.9505078516656843
D11_S0_C012_T012,organelle,ER,Golgi,0.7128808887492633
D11_S0_C012_T012,organelle,mitochondria,lipid_droplet,0.6653244894376955
D11_S0_C013_T012,organelle,ER,mitochondria,1.1365870633376314
D11_S0_C013_T012,organelle,ER,Golgi,0.8524402975032235
D11_S0_C013_T012,organelle,mitochondria,lipid_droplet,0.783096393984354
D11_S0_C014_T012,organelle,ER,mitochondria,1.130350288533868
D11_S0_C014_T012,organelle,ER,Golgi,0.8477627164004011
D11_S0_C014_T012,organelle,mitochondria,lipid_droplet,0.7622328274729885
D11_S0_C015_T012,organelle,ER,mitochondria,1.169276996188359
D11_S0_C015_T012,organelle,ER,Golgi,0.8769577471412692
D11_S0_C015_T012,organelle,mitochondria,lipid_droplet,0.748601365037238
D11_S0_C016_T012,organelle,ER,mitochondria,0.9771890779947033
D11_S0_C016_T012,organelle,ER,Golgi,0.7328918084960275
D11_S0_C016_T012,organelle,mitochondria,lipid_droplet,0.687927236974742
D11_S0_C017_T012,organelle,ER,mitochondria,0.7835619489802905
D11_S0_C017_T012,organelle,ER,Golgi,0.5876714617352179
D11_S0_C017_T012,organelle,mitochondria,lipid_droplet,0.5485510038211718
D11_S0_C018_T012,organelle,ER,mitochondria,0.9752623213645586
D11_S0_C018_T012,organelle,ER,Golgi,0.7314467410234189
D11_S0_C018_T012,organelle,mitochondria,lipid_droplet,0.6739060786488268
D11_S0_C019_T012,organelle,ER,mitochondria,0.9642425878646432
D11_S0_C019_T012,organelle,ER,Golgi,0.7231819408984824
D11_S0_C019_T012,organelle,mitochondria,lipid_droplet,0.683007133370807
D11_S0_C020_T012,organelle,ER,mitochondria,0.8026914082001391
D11_S0_C020_T012,organelle,ER,Golgi,0.6020185561501044
D11_S0_C020_T012,organelle,mitochondria,lipid_droplet,0.5248145202122457
D11_S0_C021_T012,organelle,ER,mitochondria,0.668095773446512
D11_S0_C021_T012,organelle,ER,Golgi,0.501071830084884
D11_S0_C021_T012,organelle,mitochondria,lipid_droplet,0.46659092487578613
D11_S0_C022_T012,organelle,ER,mitochondria,1.0798368416894375
D11_S0_C022_T012,organelle,ER,Golgi,0.8098776312670781
D11_S0_C022_T012,organelle,mitochondria,lipid_droplet,0.7382763970006643
D11_S0_C023_T012,organelle,ER,mitochondria,0.7618545828647204
D11_S0_C023_T012,organelle,ER,Golgi,0.5713909371485403
D11_S0_C023_T012,organelle,mitochondria,lipid_droplet,0.5627293923384775
D11_S0_C024_T012,organelle,ER,mitochondria,1.2923884435018507
D11_S0_C024_T012,organelle,ER,Golgi,0.969291332626388
D11_S0_C024_T012,organelle,mitochondria,lipid_droplet,0.8857498809790734
D11_S0_C025_T012,organelle,ER,mitochondria,1.081149528559247
D11_S0_C025_T012,organelle,ER,Golgi,0.8108621464194352
D11_S0_C025_T012,organelle,mitochondria,lipid_droplet,0.7651275673219049
D11_S0_C026_T012,organelle,ER,mitochondria,0.8791271269701021
D11_S0_C026_T012,organelle,ER,Golgi,0.6593453452275766
D11_S0_C026_T012,organelle,mitochondria,lipid_droplet,0.6340140513882226
D11_S0_C027_T012,organelle,ER,mitochondria,0.9078686352510286
D11_S0_C027_T012,organelle,ER,Golgi,0.6809014764382715
D11_S0_C027_T012,organelle,mitochondria,lipid_droplet,0.6517644668306122
D11_S0_C028_T012,organelle,ER,mitochondria,1.244155797250081
D11_S0_C028_T012,organelle,ER,Golgi,0.9331168479375607
D11_S0_C028_T012,organelle,mitochondria,lipid_droplet,0.7791533050593095
D11_S0_C029_T012,organelle,ER,mitochondria,0.8352648872176176
D11_S0_C029_T012,organelle,ER,Golgi,0.6264486654132132
D11_S0_C029_T012,organelle,mitochondria,lipid_droplet,0.6324988681724146
D11_S0_C030_T012,organelle,ER,mitochondria,0.8190748162485619
D11_S0_C030_T012,organelle,ER,Golgi,0.6143061121864215
D11_S0_C030_T012,organelle,mitochondria,lipid_droplet,0.6125241173950767
D11_S0_C031_T012,organelle,ER,mitochondria,0.9255056566304852
D11_S0_C031_T012,organelle,ER,Golgi,0.6941292424728639
D11_S0_C031_T012,organelle,mitochondria,lipid_droplet,0.603267423511362
D11_S0_C032_T012,organelle,ER,mitochondria,0.7418640008668798
D11_S0_C032_T012,organelle,ER,Golgi,0.5563980006501599
D11_S0_C032_T012,organelle,mitochondria,lipid_droplet,0.5091192383387038
D11_S0_C033_T012,organelle,ER,mitochondria,0.7625574560702533
D11_S0_C033_T012,organelle,ER,Golgi,0.57191809205269
D11_S0_C033_T012,organelle,mitochondria,lipid_droplet,0.5124239398591488
D11_S0_C034_T012,organelle,ER,mitochondria,0.9908497120276663
D11_S0_C034_T012,organelle,ER,Golgi,0.7431372840207497
D11_S0_C034_T012,organelle,mitochondria,lipid_droplet,0.6651314278136007
D11_S0_C035_T012,organelle,ER,mitochondria,0.8238620321697975
D11_S0_C035_T012,organelle,ER,Golgi,0.6178965241273481
D11_S0_C035_T012,organelle,mitochondria,lipid_droplet,0.5302932473735802
D11_S0_C000_T024,organelle,ER,mitochondria,1.5676549325099058
D11_S0_C000_T024,organelle,ER,Golgi,1.1757411993824294
D11_S0_C000_T024,organelle,mitochondria,lipid_droplet,1.0582102128804483
D11_S0_C001_T024,organelle,ER,mitochondria,1.195787908382447
D11_S0_C001_T024,organelle,ER,Golgi,0.8968409312868353
D11_S0_C001_T024,organelle,mitochondria,lipid_droplet,0.853683349610346
D11_S0_C002_T024,organelle,ER,mitochondria,1.5876677222131994
D11_S0_C002_T024,organelle,ER,Golgi,1.1907507916598996
D11_S0_C002_T024,organelle,mitochondria,lipid_droplet,1.0692172472172599
D11_S0_C003_T024,organelle,ER,mitochondria,1.3715293596115614
D11_S0_C003_T024,organelle,ER,Golgi,1.028647019708671
D11_S0_C003_T024,organelle,mitochondria,lipid_droplet,0.9503411477863588
D11_S0_C004_T024,organelle,ER,mitochondria,1.372617032467439
D11_S0_C004_T024,organelle,ER,Golgi,1.0294627743505793
D11_S0_C004_T024,organelle,mitochondria,lipid_droplet,0.9509393678570914
D11_S0_C005_T024,organelle,ER,mitochondria,1.0075011210401894
D11_S0_C005_T024,organelle,ER,Golgi,0.755625840780142
D11_S0_C005_T024,organelle,mitochondria,lipid_droplet,0.7499043178761813
D11_S0_C006_T024,organelle,ER,mitochondria,1.3513618422235345
D11_S0_C006_T024,organelle,ER,Golgi,1.013521381667651
D11_S0_C006_T024,organelle,mitochondria,lipid_droplet,0.9392490132229441
D11_S0_C007_T024,organelle,ER,mitochondria,1.486111115433367
D11_S0_C007_T024,organelle,ER,Golgi,1.1145833365750253
D11_S0_C007_T024,organelle,mitochondria,lipid_droplet,1.013361113488352
D11_S0_C008_T024,organelle,ER,mitochondria,1.0668646284108545
D11_S0_C008_T024,organelle,ER,Golgi,0.8001484713081408
D11_S0_C008_T024,organelle,mitochondria,lipid_droplet,0.78277554562597
D11_S0_C009_T024,organelle,ER,mitochondria,1.3137726752959256
D11_S0_C009_T024,organelle,ER,Golgi,0.9853295064719442
D11_S0_C009_T024,organelle,mitochondria,lipid_droplet,0.9185749714127591
D11_S0_C010_T024,organelle,ER,mitochondria,1.492005229539411
D11_S0_C010_T024,organelle,ER,Golgi,1.1190039221545582
D11_S0_C010_T024,organelle,mitochondria,lipid_droplet,1.0166028762466761
D11_S0_C011_T024,organelle,ER,mitochondria,0.8058161082112272
D11_S0_C011_T024,organelle,ER,Golgi,0.6043620811584204
D11_S0_C011_T024,organelle,mitochondria,lipid_droplet,0.639198859516175
D11_S0_C012_T024,organelle,ER,mitochondria,1.3477750891096383
D11_S0_C012_T024,organelle,ER,Golgi,1.0108313168322287
D11_S0_C012_T024,organelle,mitochondria,lipid_droplet,0.9372762990103012
D11_S0_C013_T024,organelle,ER,mitochondria,1.5853475837737812
D11_S0_C013_T024,organelle,ER,Golgi,1.189010687830336
D11_S0_C013_T024,organelle,mitochondria,lipid_droplet,1.0679411710755797
D11_S0_C014_T024,organelle,ER,mitochondria,1.5053531452641813
D11_S0_C014_T024,organelle,ER,Golgi,1.129014858948136
D11_S0_C014_T024,organelle,mitochondria,lipid_droplet,1.0239442298952999
D11_S0_C015_T024,organelle,ER,mitochondria,1.5839408499666618
D11_S0_C015_T024,organelle,ER,Golgi,1.1879556374749964
D11_S0_C015_T024,organelle,mitochondria,lipid_droplet,1.067167467481664
D11_S0_C016_T024,organelle,ER,mitochondria,1.299985397095579
D11_S0_C016_T024,organelle,ER,Golgi,0.9749890478216843
D11_S0_C016_T024,organelle,mitochondria,lipid_droplet,0.9109919684025685
D11_S0_C017_T024,organelle,ER,mitochondria,1.2387918548231802
D11_S0_C017_T024,organelle,ER,Golgi,0.9290938911173852
D11_S0_C017_T024,organelle,mitochondria,lipid_droplet,0.8773355201527491
D11_S0_C018_T024,organelle,ER,mitochondria,1.338985036678573
D11_S0_C018_T024,organelle,ER,Golgi,1.0042387775089296
D11_S0_C018_T024,organelle,mitochondria,lipid_droplet,0.9324417701732153
D11_S0_C019_T024,organelle,ER,mitochondria,1.3317051917325025
D11_S0_C019_T024,organelle,ER,Golgi,0.9987788937993769
D11_S0_C019_T024,organelle,mitochondria,lipid_droplet,0.9284378554528765
D11_S0_C020_T024,organelle,ER,mitochondria,1.1959439997656933
D11_S0_C020_T024,organelle,ER,Golgi,0.89695799982427
D11_S0_C020_T024,organelle,mitochondria,lipid_droplet,0.8439063184442199
D11_S0_C021_T024,organelle,ER,mitochondria,1.112089821551427
D11_S0_C021_T024,organelle,ER,Golgi,0.8340673661635702
D11_S0_C021_T024,organelle,mitochondria,lipid_droplet,0.8076494018532849
D11_S0_C022_T024,organelle,ER,mitochondria,1.4751700494761646
D11_S0_C022_T024,organelle,ER,Golgi,1.1063775371071234
D11_S0_C022_T024,organelle,mitochondria,lipid_droplet,1.0073435272118907
D11_S0_C023_T024,organelle,ER,mitochondria,1.1303505353492764
D11_S0_C023_T024,organelle,ER,Golgi,0.8477629015119573
D11_S0_C023_T024,organelle,mitochondria,lipid_droplet,0.8176927944421022
D11_S0_C024_T024,organelle,ER,mitochondria,1.6580545197266685
D11_S0_C024_T024,organelle,ER,Golgi,1.2435408897950013
D11_S0_C024_T024,organelle,mitochondria,lipid_droplet,1.1079299858496678
D11_S0_C025_T024,organelle,ER,mitochondria,1.5686423249733585
D11_S0_C025_T024,organelle,ER,Golgi,1.1764817437300188
D11_S0_C025_T024,organelle,mitochondria,lipid_droplet,1.0587532787353473
D11_S0_C026_T024,organelle,ER,mitochondria,1.216974080256521
D11_S0_C026_T024,organelle,ER,Golgi,0.9127305601923907
D11_S0_C026_T024,organelle,mitochondria,lipid_droplet,0.8653357441410865
D11_S0_C027_T024,organelle,ER,mitochondria,1.3087334263947137
D11_S0_C027_T024,organelle,ER,Golgi,0.9815500697960353
D11_S0_C027_T024,organelle,mitochondria,lipid_droplet,0.9158033845170925
D11_S0_C028_T024,organelle,ER,mitochondria,1.684198516765069
D11_S0_C028_T024,organelle,ER,Golgi,1.2631488875738017
D11_S0_C028_T024,organelle,mitochondria,lipid_droplet,1.122309184220788
D11_S0_C029_T024,organelle,ER,mitochondria,1.1631107272314674
D11_S0_C029_T024,organelle,ER,Golgi,0.8723330454236005
D11_S0_C029_T024,organelle,mitochondria,lipid_droplet,0.8357108999773071
D11_S0_C030_T024,organelle,ER,mitochondria,1.1961279987149687
D11_S0_C030_T024,organelle,ER,Golgi,0.8970959990362265
D11_S0_C030_T024,organelle,mitochondria,lipid_droplet,0.8538703992932328
D11_S0_C031_T024,organelle,ER,mitochondria,1.3200946258718333
D11_S0_C031_T024,organelle,ER,Golgi,0.990070969403875
D11_S0_C031_T024,organelle,mitochondria,lipid_droplet,0.9220520442295084
D11_S0_C032_T024,organelle,ER,mitochondria,1.0643313977867588
D11_S0_C032_T024,organelle,ER,Golgi,0.7982485483400691
D11_S0_C032_T024,organelle,mitochondria,lipid_droplet,0.7773591718271721
D11_S0_C033_T024,organelle,ER,mitochondria,1.0829793952414557
D11_S0_C033_T024,organelle,ER,Golgi,0.8122345464310918
D11_S0_C033_T024,organelle,mitochondria,lipid_droplet,0.7831398221702701
D11_S0_C034_T024,organelle,ER,mitochondria,1.346464105949594
D11_S0_C034_T024,organelle,ER,Golgi,1.0098480794621956
D11_S0_C034_T024,organelle,mitochondria,lipid_droplet,0.9365552582722769
D11_S0_C035_T024,organelle,ER,mitochondria,1.219004285760793
D11_S0_C035_T024,organelle,ER,Golgi,0.9142532143205948
D11_S0_C035_T024,organelle,mitochondria,lipid_droplet,0.8525186357935751
D11_S0_C000_T048,organelle,ER,mitochondria,1.8
D11_S0_C000_T048,organelle,ER,Golgi,1.35
D11_S0_C000_T048,organelle,mitochondria,lipid_droplet,1.1860000000000002
D11_S0_C001_T048,organelle,ER,mitochondria,1.8
D11_S0_C001_T048,organelle,ER,Golgi,1.35
D11_S0_C001_T048,organelle,mitochondria,lipid_droplet,1.1860000000000002
D11_S0_C002_T048,organelle,ER,mitochondria,1.8
D11_S0_C002_T048,organelle,ER,Golgi,1.35
D11_S0_C002_T048,organelle,mitochondria,lipid_droplet,1.1860000000000002
D11_S0_C003_T048,organelle,ER,mitochondria,1.8
D11_S0_C003_T048,organelle,ER,Golgi,1.35
D11_S0_C003_T048,organelle,mitochondria,lipid_droplet,1.1860000000000002
D11_S0_C004_T048,organelle,ER,mitochondria,1.8
D11_S0_C004_T048,organelle,ER,Golgi,1.35
D11_S0_C004_T048,organelle,mitochondria,lipid_droplet,1.1860000000000002
D11_S0_C005_T048,organelle,ER,mitochondria,1.6414242355725988
D11_S0_C005_T048,organelle,ER,Golgi,1.2310681766794491
D11_S0_C005_T048,organelle,mitochondria,lipid_droplet,1.0987833295649294
D11_S0_C006_T048,organelle,ER,mitochondria,1.8
D11_S0_C006_T048,organelle,ER,Golgi,1.35
D11_S0_C006_T048,organelle,mitochondria,lipid_droplet,1.1860000000000002
D11_S0_C007_T048,organelle,ER,mitochondria,1.8
D11_S0_C007_T048,organelle,ER,Golgi,1.35
D11_S0_C007_T048,organelle,mitochondria,lipid_droplet,1.1860000000000002
D11_S0_C008_T048,organelle,ER,mitochondria,1.6737351347539249
D11_S0_C008_T048,organelle,ER,Golgi,1.2553013510654436
D11_S0_C008_T048,organelle,mitochondria,lipid_droplet,1.1165543241146587
D11_S0_C009_T048,organelle,ER,mitochondria,1.8
D11_S0_C009_T048,organelle,ER,Golgi,1.35
D11_S0_C009_T048,organelle,mitochondria,lipid_droplet,1.1860000000000002
D11_S0_C010_T048,organelle,ER,mitochondria,1.8
D11_S0_C010_T048,organelle,ER,Golgi,1.35
D11_S0_C010_T048,organelle,mitochondria,lipid_droplet,1.1860000000000002
D11_S0_C011_T048,organelle,ER,mitochondria,1.5168602254780628
D11_S0_C011_T048,organelle,ER,Golgi,1.1376451691085472
D11_S0_C011_T048,organelle,mitochondria,lipid_droplet,1.0302731240129346
D11_S0_C012_T048,organelle,ER,mitochondria,1.8
D11_S0_C012_T048,organelle,ER,Golgi,1.35
D11_S0_C012_T048,organelle,mitochondria,lipid_droplet,1.1860000000000002
D11_S0_C013_T048,organelle,ER,mitochondria,1.8
D11_S0_C013_T048,organelle,ER,Golgi,1.35
D11_S0_C013_T048,organelle,mitochondria,lipid_droplet,1.1860000000000002
D11_S0_C014_T048,organelle,ER,mitochondria,1.8
D11_S0_C014_T048,organelle,ER,Golgi,1.35
D11_S0_C014_T048,organelle,mitochondria,lipid_droplet,1.1860000000000002
D11_S0_C015_T048,organelle,ER,mitochondria,1.8
D11_S0_C015_T048,organelle,ER,Golgi,1.35
D11_S0_C015_T048,organelle,mitochondria,lipid_droplet,1.1860000000000002
D11_S0_C016_T048,organelle,ER,mitochondria,1.7999533051137642
D11_S0_C016_T048,organelle,ER,Golgi,1.3499649788353232
D11_S0_C016_T048,organelle,mitochondria,lipid_droplet,1.1859743178125703
D11_S0_C017_T048,organelle,ER,mitochondria,1.8
D11_S0_C017_T048,organelle,ER,Golgi,1.35
D11_S0_C017_T048,organelle,mitochondria,lipid_droplet,1.1860000000000002
D11_S0_C018_T048,organelle,ER,mitochondria,1.8
D11_S0_C018_T048,organelle,ER,Golgi,1.35
D11_S0_C018_T048,organelle,mitochondria,lipid_droplet,1.1860000000000002
D11_S0_C019_T048,organelle,ER,mitochondria,1.8
D11_S0_C019_T048,organelle,ER,Golgi,1.35
D11_S0_C019_T048,organelle,mitochondria,lipid_droplet,1.1860000000000002
D11_S0_C020_T048,organelle,ER,mitochondria,1.8
D11_S0_C020_T048,organelle,ER,Golgi,1.35
D11_S0_C020_T048,organelle,mitochondria,lipid_droplet,1.1860000000000002
D11_S0_C021_T048,organelle,ER,mitochondria,1.6209274856841334
D11_S0_C021_T048,organelle,ER,Golgi,1.2156956142631001
D11_S0_C021_T048,organelle,mitochondria,lipid_droplet,1.0875101171262733
D11_S0_C022_T048,organelle,ER,mitochondria,1.8
D11_S0_C022_T048,organelle,ER,Golgi,1.35
D11_S0_C022_T048,organelle,mitochondria,lipid_droplet,1.1860000000000002
D11_S0_C023_T048,organelle,ER,mitochondria,1.6570585554567998
D11_S0_C023_T048,organelle,ER,Golgi,1.2427939165925999
D11_S0_C023_T048,organelle,mitochondria,lipid_droplet,1.10738220550124
D11_S0_C024_T048,organelle,ER,mitochondria,1.8
D11_S0_C024_T048,organelle,ER,Golgi,1.35
D11_S0_C024_T048,organelle,mitochondria,lipid_droplet,1.1860000000000002
D11_S0_C025_T048,organelle,ER,mitochondria,1.8
D11_S0_C025_T048,organelle,ER,Golgi,1.35
D11_S0_C025_T048,organelle,mitochondria,lipid_droplet,1.1860000000000002
D11_S0_C026_T048,organelle,ER,mitochondria,1.7109162265298812
D11_S0_C026_T048,organelle,ER,Golgi,1.2831871698974109
D11_S0_C026_T048,organelle,mitochondria,lipid_droplet,1.1370039245914347
D11_S0_C027_T048,organelle,ER,mitochondria,1.723160137219193
D11_S0_C027_T048,organelle,ER,Golgi,1.2923701029143948
D11_S0_C027_T048,organelle,mitochondria,lipid_droplet,1.1437380754705562
D11_S0_C028_T048,organelle,ER,mitochondria,1.8
D11_S0_C028_T048,organelle,ER,Golgi,1.35
D11_S0_C028_T048,organelle,mitochondria,lipid_droplet,1.1860000000000002
D11_S0_C029_T048,organelle,ER,mitochondria,1.739103415705204
D11_S0_C029_T048,organelle,ER,Golgi,1.3043275617789032
D11_S0_C029_T048,organelle,mitochondria,lipid_droplet,1.1525068786378623
D11_S0_C030_T048,organelle,ER,mitochondria,1.7820000154118774
D11_S0_C030_T048,organelle,ER,Golgi,1.336500011558908
D11_S0_C030_T048,organelle,mitochondria,lipid_droplet,1.1761000084765327
D11_S0_C031_T048,organelle,ER,mitochondria,1.8
D11_S0_C031_T048,organelle,ER,Golgi,1.35
D11_S0_C031_T048,organelle,mitochondria,lipid_droplet,1.1860000000000002
D11_S0_C032_T048,organelle,ER,mitochondria,1.713806367550606
D11_S0_C032_T048,organelle,ER,Golgi,1.2853547756629544
D11_S0_C032_T048,organelle,mitochondria,lipid_droplet,1.1385935021528333
D11_S0_C033_T048,organelle,ER,mitochondria,1.7809436376123118
D11_S0_C033_T048,organelle,ER,Golgi,1.3357077282092338
D11_S0_C033_T048,organelle,mitochondria,lipid_droplet,1.1755190006867715
D11_S0_C034_T048,organelle,ER,mitochondria,1.8
D11_S0_C034_T048,organelle,ER,Golgi,1.35
D11_S0_C034_T048,organelle,mitochondria,lipid_droplet,1.1860000000000002
D11_S0_C035_T048,organelle,ER,mitochondria,1.8
D11_S0_C035_T048,organelle,ER,Golgi,1.35
D11_S0_C035_T048,organelle,mitochondria,lipid_droplet,1.1860000000000002
D11_S1_C000_T000,organelle,ER,mitochondria,0.7128982123019693
D11_S1_C000_T000,organelle,ER,Golgi,0.5346736592264769
D11_S1_C000_T000,organelle,mitochondria,lipid_droplet,0.46347062624679725
D11_S1_C001_T000,organelle,ER,mitochondria,0.7095223381350837
D11_S1_C001_T000,organelle,ER,Golgi,0.5321417536013128
D11_S1_C001_T000,organelle,mitochondria,lipid_droplet,0.47577924204200084
D11_S1_C002_T000,organelle,ER,mitochondria,0.31448259486150476
D11_S1_C002_T000,organelle,ER,Golgi,0.23586194614612857
D11_S1_C002_T000,organelle,mitochondria,lipid_droplet,0.24528048443098183
D11_S1_C003_T000,organelle,ER,mitochondria,0.6979365622233601
D11_S1_C003_T000,organelle,ER,Golgi,0.52345242166752
D11_S1_C003_T000,organelle,mitochondria,lipid_droplet,0.48455689525096746
D11_S1_C004_T000,organelle,ER,mitochondria,1.0047029741366214
D11_S1_C004_T000,organelle,ER,Golgi,0.7535272306024661
D11_S1_C004_T000,organelle,mitochondria,lipid_droplet,0.6268637121026024
D11_S1_C005_T000,organelle,ER,mitochondria,0.5923954478150849
D11_S1_C005_T000,organelle,ER,Golgi,0.4442965858613137
D11_S1_C005_T000,organelle,mitochondria,lipid_droplet,0.3792780884639767
D11_S1_C006_T000,organelle,ER,mitochondria,0.8786900675395883
D11_S1_C006_T000,organelle,ER,Golgi,0.6590175506546913
D11_S1_C006_T000,organelle,mitochondria,lipid_droplet,0.5474802606374278
D11_S1_C007_T000,organelle,ER,mitochondria,0.4384904767091661
D11_S1_C007_T000,organelle,ER,Golgi,0.32886785753187453
D11_S1_C007_T000,organelle,mitochondria,lipid_droplet,0.33180963260808816
D11_S1_C008_T000,organelle,ER,mitochondria,0.8596783938331628
D11_S1_C008_T000,organelle,ER,Golgi,0.6447587953748721
D11_S1_C008_T000,organelle,mitochondria,lipid_droplet,0.5903195742192886
D11_S1_C009_T000,organelle,ER,mitochondria,0.41207476970827317
D11_S1_C009_T000,organelle,ER,Golgi,0.3090560772812049
D11_S1_C009_T000,organelle,mitochondria,lipid_droplet,0.2845428656069049
D11_S1_C010_T000,organelle,ER,mitochondria,0.8177529957629976
D11_S1_C010_T000,organelle,ER,Golgi,0.6133147468222482
D11_S1_C010_T000,organelle,mitochondria,lipid_droplet,0.5460483723839024
D11_S1_C011_T000,organelle,ER,mitochondria,0.6551964435122808
D11_S1_C011_T000,organelle,ER,Golgi,0.4913973326342106
D11_S1_C011_T000,organelle,mitochondria,lipid_droplet,0.45288086648628817
D11_S1_C012_T000,organelle,ER,mitochondria,0.641490189334028
D11_S1_C012_T000,organelle,ER,Golgi,0.481117642000521
D11_S1_C012_T000,organelle,mitochondria,lipid_droplet,0.4140213495930175
D11_S1_C013_T000,organelle,ER,mitochondria,0.7000824835399119
D11_S1_C013_T000,organelle,ER,Golgi,0.5250618626549339
D11_S1_C013_T000,organelle,mitochondria,lipid_droplet,0.4341940922337646
D11_S1_C014_T000,organelle,ER,mitochondria,0.5127649994306049
D11_S1_C014_T000,organelle,ER,Golgi,0.3845737495729537
D11_S1_C014_T000,organelle,mitochondria,lipid_droplet,0.3451483886017428
D11_S1_C015_T000,organelle,ER,mitochondria,0.7801272225830017
D11_S1_C015_T000,organelle,ER,Golgi,0.5850954169372513
D11_S1_C015_T000,organelle,mitochondria,lipid_droplet,0.5026434136190785
D11_S1_C016_T000,organelle,ER,mitochondria,0.7173976896996758
D11_S1_C016_T000,organelle,ER,Golgi,0.5380482672747569
D11_S1_C016_T000,organelle,mitochondria,lipid_droplet,0.44012456953719753
D11_S1_C017_T000,organelle,ER,mitochondria,0.603034006973038
D11_S1_C017_T000,organelle,ER,Golgi,0.4522755052297785
D11_S1_C017_T000,organelle,mitochondria,lipid_droplet,0.3936002260343045
D11_S1_C018_T000,organelle,ER,mitochondria,0.8571404849045197
D11_S1_C018_T000,organelle,ER,Golgi,0.6428553636783898
D11_S1_C018_T000,organelle,mitochondria,lipid_droplet,0.5183253312994954
D11_S1_C019_T000,organelle,ER,mitochondria,0.6684682867071999
D11_S1_C019_T000,organelle,ER,Golgi,0.5013512150303999
D11_S1_C019_T000,organelle,mitochondria,lipid_droplet,0.45967013140640256
D11_S1_C020_T000,organelle,ER,mitochondria,0.3987999530675942
D11_S1_C020_T000,organelle,ER,Golgi,0.2990999648006957
D11_S1_C020_T000,organelle,mitochondria,lipid_droplet,0.28400253696855576
D11_S1_C021_T000,organelle,ER,mitochondria,0.4324894709347717
D11_S1_C021_T000,organelle,ER,Golgi,0.32436710320107875
D11_S1_C021_T000,organelle,mitochondria,lipid_droplet,0.2711081506303658
D11_S1_C022_T000,organelle,ER,mitochondria,0.4270251654961567
D11_S1_C022_T000,organelle,ER,Golgi,0.3202688741221175
D11_S1_C022_T000,organelle,mitochondria,lipid_droplet,0.26520125591944654
D11_S1_C023_T000,organelle,ER,mitochondria,0.730384971525979
D11_S1_C023_T000,organelle,ER,Golgi,0.5477887286444842
D11_S1_C023_T000,organelle,mitochondria,lipid_droplet,0.4960311860309451
D11_S1_C024_T000,organelle,ER,mitochondria,0.8606037260473222
D11_S1_C024_T000,organelle,ER,Golgi,0.6454527945354916
D11_S1_C024_T000,organelle,mitochondria,lipid_droplet,0.519611376291815
D11_S1_C025_T000,organelle,ER,mitochondria,0.5720628293173858
D11_S1_C025_T000,organelle,ER,Golgi,0.4290471219880394
D11_S1_C025_T000,organelle,mitochondria,lipid_droplet,0.398013455739392
D11_S1_C026_T000,organelle,ER,mitochondria,0.6142619104664908
D11_S1_C026_T000,organelle,ER,Golgi,0.4606964328498681
D11_S1_C026_T000,organelle,mitochondria,lipid_droplet,0.40906603421869764
D11_S1_C027_T000,organelle,ER,mitochondria,0.5586545909420195
D11_S1_C027_T000,organelle,ER,Golgi,0.41899094320651464
D11_S1_C027_T000,organelle,mitochondria,lipid_droplet,0.32233632435557763
D11_S1_C028_T000,organelle,ER,mitochondria,0.7018841831220964
D11_S1_C028_T000,organelle,ER,Golgi,0.5264131373415724
D11_S1_C028_T000,organelle,mitochondria,lipid_droplet,0.4388968232646516
D11_S1_C029_T000,organelle,ER,mitochondria,0.49647222854353656
D11_S1_C029_T000,organelle,ER,Golgi,0.3723541714076524
D11_S1_C029_T000,organelle,mitochondria,lipid_droplet,0.33059075858301035
D11_S1_C030_T000,organelle,ER,mitochondria,0.33755205672112887
D11_S1_C030_T000,organelle,ER,Golgi,0.2531640425408467
D11_S1_C030_T000,organelle,mitochondria,lipid_droplet,0.25667368112195466
D11_S1_C031_T000,organelle,ER,mitochondria,0.5908056741354477
D11_S1_C031_T000,organelle,ER,Golgi,0.4431042556015858
D11_S1_C031_T000,organelle,mitochondria,lipid_droplet,0.3548053324395717
D11_S1_C032_T000,organelle,ER,mitochondria,0.39376955817266973
D11_S1_C032_T000,organelle,ER,Golgi,0.2953271686295023
D11_S1_C032_T000,organelle,mitochondria,lipid_droplet,0.25689184779490293
D11_S1_C033_T000,organelle,ER,mitochondria,0.8972900554568207
D11_S1_C033_T000,organelle,ER,Golgi,0.6729675415926155
D11_S1_C033_T000,organelle,mitochondria,lipid_droplet,0.5758962529031199
D11_S1_C034_T000,organelle,ER,mitochondria,0.30900627414075627
D11_S1_C034_T000,organelle,ER,Golgi,0.2317547056055672
D11_S1_C034_T000,organelle,mitochondria,lipid_droplet,0.24334717732456068
D11_S1_C035_T000,organelle,ER,mitochondria,0.785598633321436
D11_S1_C035_T000,organelle,ER,Golgi,0.589198974991077
D11_S1_C035_T000,organelle,mitochondria,lipid_droplet,0.5148379639876894
D11_S1_C000_T012,organelle,ER,mitochondria,0.9206973692406388
D11_S1_C000_T012,organelle,ER,Golgi,0.6905230269304792
D11_S1_C000_T012,organelle,mitochondria,lipid_droplet,0.6159190329564503
D11_S1_C001_T012,organelle,ER,mitochondria,0.9773386695085409
D11_S1_C001_T012,organelle,ER,Golgi,0.7330040021314057
D11_S1_C001_T012,organelle,mitochondria,lipid_droplet,0.7019278535813214
D11_S1_C002_T012,organelle,ER,mitochondria,0.5767512964130663
D11_S1_C002_T012,organelle,ER,Golgi,0.43256347230979975
D11_S1_C002_T012,organelle,mitochondria,lipid_droplet,0.44541728334508796
D11_S1_C003_T012,organelle,ER,mitochondria,0.9535672253297955
D11_S1_C003_T012,organelle,ER,Golgi,0.7151754189973467
D11_S1_C003_T012,organelle,mitochondria,lipid_droplet,0.6970321815077158
D11_S1_C004_T012,organelle,ER,mitochondria,1.3174959341318633
D11_S1_C004_T012,organelle,ER,Golgi,0.9881219505988974
D11_S1_C004_T012,organelle,mitochondria,lipid_droplet,0.8672699307047499
D11_S1_C005_T012,organelle,ER,mitochondria,0.8989228922798926
D11_S1_C005_T012,organelle,ER,Golgi,0.6741921692099195
D11_S1_C005_T012,organelle,mitochondria,lipid_droplet,0.6032103187204594
D11_S1_C006_T012,organelle,ER,mitochondria,1.0913657648199402
D11_S1_C006_T012,organelle,ER,Golgi,0.8185243236149551
D11_S1_C006_T012,organelle,mitochondria,lipid_droplet,0.7271685440929951
D11_S1_C007_T012,organelle,ER,mitochondria,0.6765223479248093
D11_S1_C007_T012,organelle,ER,Golgi,0.5073917609436069
D11_S1_C007_T012,organelle,mitochondria,lipid_droplet,0.5012919142863954
D11_S1_C008_T012,organelle,ER,mitochondria,1.140149335325232
D11_S1_C008_T012,organelle,ER,Golgi,0.8551120014939241
D11_S1_C008_T012,organelle,mitochondria,lipid_droplet,0.8230821344288777
D11_S1_C009_T012,organelle,ER,mitochondria,0.6093454744698075
D11_S1_C009_T012,organelle,ER,Golgi,0.4570091058523556
D11_S1_C009_T012,organelle,mitochondria,lipid_droplet,0.4312869086272234
D11_S1_C010_T012,organelle,ER,mitochondria,1.031545561925567
D11_S1_C010_T012,organelle,ER,Golgi,0.7736591714441752
D11_S1_C010_T012,organelle,mitochondria,lipid_droplet,0.7408490860435489
D11_S1_C011_T012,organelle,ER,mitochondria,0.8019177845798507
D11_S1_C011_T012,organelle,ER,Golgi,0.601438338434888
D11_S1_C011_T012,organelle,mitochondria,lipid_droplet,0.5738364738148004
D11_S1_C012_T012,organelle,ER,mitochondria,0.9403445708425473
D11_S1_C012_T012,organelle,ER,Golgi,0.7052584281319105
D11_S1_C012_T012,organelle,mitochondria,lipid_droplet,0.6346823040842459
D11_S1_C013_T012,organelle,ER,mitochondria,0.9048476734084437
D11_S1_C013_T012,organelle,ER,Golgi,0.6786357550563328
D11_S1_C013_T012,organelle,mitochondria,lipid_droplet,0.5986732342621769
D11_S1_C014_T012,organelle,ER,mitochondria,0.7917345627952332
D11_S1_C014_T012,organelle,ER,Golgi,0.5938009220964249
D11_S1_C014_T012,organelle,mitochondria,lipid_droplet,0.5493303596229806
D11_S1_C015_T012,organelle,ER,mitochondria,0.9646808642806511
D11_S1_C015_T012,organelle,ER,Golgi,0.7235106482104884
D11_S1_C015_T012,organelle,mitochondria,lipid_droplet,0.6670970150592025
D11_S1_C016_T012,organelle,ER,mitochondria,0.9679622261033969
D11_S1_C016_T012,organelle,ER,Golgi,0.7259716695775477
D11_S1_C016_T012,organelle,mitochondria,lipid_droplet,0.6233458320571946
D11_S1_C017_T012,organelle,ER,mitochondria,0.7956078115354667
D11_S1_C017_T012,organelle,ER,Golgi,0.5967058586516
D11_S1_C017_T012,organelle,mitochondria,lipid_droplet,0.5358417627309296
D11_S1_C018_T012,organelle,ER,mitochondria,1.046029939487052
D11_S1_C018_T012,organelle,ER,Golgi,0.784522454615289
D11_S1_C018_T012,organelle,mitochondria,lipid_droplet,0.6748578907332641
D11_S1_C019_T012,organelle,ER,mitochondria,0.8940791099947681
D11_S1_C019_T012,organelle,ER,Golgi,0.6705593324960761
D11_S1_C019_T012,organelle,mitochondria,lipid_droplet,0.6412897802592422
D11_S1_C020_T012,organelle,ER,mitochondria,0.6301556389994707
D11_S1_C020_T012,organelle,ER,Golgi,0.472616729249603
D11_S1_C020_T012,organelle,mitochondria,lipid_droplet,0.4489220673096807
D11_S1_C021_T012,organelle,ER,mitochondria,0.6295265109767578
D11_S1_C021_T012,organelle,ER,Golgi,0.47214488323256837
D11_S1_C021_T012,organelle,mitochondria,lipid_droplet,0.42396114026914894
D11_S1_C022_T012,organelle,ER,mitochondria,0.6646319997165725
D11_S1_C022_T012,organelle,ER,Golgi,0.49847399978742934
D11_S1_C022_T012,organelle,mitochondria,lipid_droplet,0.4387795902283896
D11_S1_C023_T012,organelle,ER,mitochondria,0.894768709073705
D11_S1_C023_T012,organelle,ER,Golgi,0.6710765318052787
D11_S1_C023_T012,organelle,mitochondria,lipid_droplet,0.641142510768222
D11_S1_C024_T012,organelle,ER,mitochondria,1.1252458253500963
D11_S1_C024_T012,organelle,ER,Golgi,0.8439343690125722
D11_S1_C024_T012,organelle,mitochondria,lipid_droplet,0.7174067547314518
D11_S1_C025_T012,organelle,ER,mitochondria,0.8082228162963045
D11_S1_C025_T012,organelle,ER,Golgi,0.6061671122222284
D11_S1_C025_T012,organelle,mitochondria,lipid_droplet,0.5856497759379369
D11_S1_C026_T012,organelle,ER,mitochondria,0.7619146274802686
D11_S1_C026_T012,organelle,ER,Golgi,0.5714359706102015
D11_S1_C026_T012,organelle,mitochondria,lipid_droplet,0.5201211493678737
D11_S1_C027_T012,organelle,ER,mitochondria,0.7720580425811392
D11_S1_C027_T012,organelle,ER,Golgi,0.5790435319358544
D11_S1_C027_T012,organelle,mitochondria,lipid_droplet,0.48847070523086294
D11_S1_C028_T012,organelle,ER,mitochondria,0.9122708518841557
D11_S1_C028_T012,organelle,ER,Golgi,0.6842031389131168
D11_S1_C028_T012,organelle,mitochondria,lipid_droplet,0.6049390698271431
D11_S1_C029_T012,organelle,ER,mitochondria,0.7356177370171887
D11_S1_C029_T012,organelle,ER,Golgi,0.5517133027628915
D11_S1_C029_T012,organelle,mitochondria,lipid_droplet,0.506820520403336
D11_S1_C030_T012,organelle,ER,mitochondria,0.5537634862885319
D11_S1_C030_T012,organelle,ER,Golgi,0.4153226147163989
D11_S1_C030_T012,organelle,mitochondria,lipid_droplet,0.4344499822977479
D11_S1_C031_T012,organelle,ER,mitochondria,0.6988914836246585
D11_S1_C031_T012,organelle,ER,Golgi,0.5241686127184939
D11_S1_C031_T012,organelle,mitochondria,lipid_droplet,0.4610345325332672
D11_S1_C032_T012,organelle,ER,mitochondria,0.5730868295594631
D11_S1_C032_T012,organelle,ER,Golgi,0.42981512216959733
D11_S1_C032_T012,organelle,mitochondria,lipid_droplet,0.40021011054212796
D11_S1_C033_T012,organelle,ER,mitochondria,1.197885198445003
D11_S1_C033_T012,organelle,ER,Golgi,0.8984138988337522
D11_S1_C033_T012,organelle,mitochondria,lipid_droplet,0.8110565453529891
D11_S1_C034_T012,organelle,ER,mitochondria,0.5730042901195948
D11_S1_C034_T012,organelle,ER,Golgi,0.4297532175896961
D11_S1_C034_T012,organelle,mitochondria,lipid_droplet,0.4262891015215606
D11_S1_C035_T012,organelle,ER,mitochondria,1.0222087462024587
D11_S1_C035_T012,organelle,ER,Golgi,0.766656559651844
D11_S1_C035_T012,organelle,mitochondria,lipid_droplet,0.7043258316078898
D11_S1_C000_T024,organelle,ER,mitochondria,1.254980915146269
D11_S1_C000_T024,organelle,ER,Golgi,0.9412356863597018
D11_S1_C000_T024,organelle,mitochondria,lipid_droplet,0.886239503330448
D11_S1_C001_T024,organelle,ER,mitochondria,1.3936403781398268
D11_S1_C001_T024,organelle,ER,Golgi,1.0452302836048701
D11_S1_C001_T024,organelle,mitochondria,lipid_droplet,0.9625022079769048
D11_S1_C002_T024,organelle,ER,mitochondria,0.9143128944827615
D11_S1_C002_T024,organelle,ER,Golgi,0.6857346708620712
D11_S1_C002_T024,organelle,mitochondria,lipid_droplet,0.6988720919655189
D11_S1_C003_T024,organelle,ER,mitochondria,1.2975652622713205
D11_S1_C003_T024,organelle,ER,Golgi,0.9731739467034903
D11_S1_C003_T024,organelle,mitochondria,lipid_droplet,0.9096608942492264
D11_S1_C004_T024,organelle,ER,mitochondria,1.7464174265476147
D11_S1_C004_T024,organelle,ER,Golgi,1.3098130699107111
D11_S1_C004_T024,organelle,mitochondria,lipid_droplet,1.156529584601188
D11_S1_C005_T024,organelle,ER,mitochondria,1.2762989030856688
D11_S1_C005_T024,organelle,ER,Golgi,0.9572241773142516
D11_S1_C005_T024,organelle,mitochondria,lipid_droplet,0.897964396697118
D11_S1_C006_T024,organelle,ER,mitochondria,1.5009923447480624
D11_S1_C006_T024,organelle,ER,Golgi,1.1257442585610469
D11_S1_C006_T024,organelle,mitochondria,lipid_droplet,1.0215457896114344
D11_S1_C007_T024,organelle,ER,mitochondria,1.0287937711089707
D11_S1_C007_T024,organelle,ER,Golgi,0.7715953283317281
D11_S1_C007_T024,organelle,mitochondria,lipid_droplet,0.761836574109934
D11_S1_C008_T024,organelle,ER,mitochondria,1.4759924356926941
D11_S1_C008_T024,organelle,ER,Golgi,1.1069943267695206
D11_S1_C008_T024,organelle,mitochondria,lipid_droplet,1.0077958396309818
D11_S1_C009_T024,organelle,ER,mitochondria,0.9950086046864824
D11_S1_C009_T024,organelle,ER,Golgi,0.7462564535148618
D11_S1_C009_T024,organelle,mitochondria,lipid_droplet,0.7429403921614071
D11_S1_C010_T024,organelle,ER,mitochondria,1.3223180439761006
D11_S1_C010_T024,organelle,ER,Golgi,0.9917385329820755
D11_S1_C010_T024,organelle,mitochondria,lipid_droplet,0.9232749241868554
D11_S1_C011_T024,organelle,ER,mitochondria,1.1816224011837038
D11_S1_C011_T024,organelle,ER,Golgi,0.8862168008877778
D11_S1_C011_T024,organelle,mitochondria,lipid_droplet,0.8458923206510371
D11_S1_C012_T024,organelle,ER,mitochondria,1.298390324405668
D11_S1_C012_T024,organelle,ER,Golgi,0.973792743304251
D11_S1_C012_T024,organelle,mitochondria,lipid_droplet,0.9101146784231176
D11_S1_C013_T024,organelle,ER,mitochondria,1.2208403074657956
D11_S1_C013_T024,organelle,ER,Golgi,0.9156302305993467
D11_S1_C013_T024,organelle,mitochondria,lipid_droplet,0.8674621691061877
D11_S1_C014_T024,organelle,ER,mitochondria,1.1648266131264924
D11_S1_C014_T024,organelle,ER,Golgi,0.8736199598448693
D11_S1_C014_T024,organelle,mitochondria,lipid_droplet,0.8366546372195709
D11_S1_C015_T024,organelle,ER,mitochondria,1.3686687902230152
D11_S1_C015_T024,organelle,ER,Golgi,1.0265015926672614
D11_S1_C015_T024,organelle,mitochondria,lipid_droplet,0.9487678346226585
D11_S1_C016_T024,organelle,ER,mitochondria,1.3316878805658625
D11_S1_C016_T024,organelle,ER,Golgi,0.9987659104243969
D11_S1_C016_T024,organelle,mitochondria,lipid_droplet,0.9284283343112245
D11_S1_C017_T024,organelle,ER,mitochondria,1.1044843146454673
D11_S1_C017_T024,organelle,ER,Golgi,0.8283632359841004
D11_S1_C017_T024,organelle,mitochondria,lipid_droplet,0.7980451464950147
D11_S1_C018_T024,organelle,ER,mitochondria,1.391554448104638
D11_S1_C018_T024,organelle,ER,Golgi,1.0436658360784785
D11_S1_C018_T024,organelle,mitochondria,lipid_droplet,0.961354946457551
D11_S1_C019_T024,organelle,ER,mitochondria,1.2482448648673528
D11_S1_C019_T024,organelle,ER,Golgi,0.9361836486505146
D11_S1_C019_T024,organelle,mitochondria,lipid_droplet,0.882534675677044
D11_S1_C020_T024,organelle,ER,mitochondria,0.9967998896151384
D11_S1_C020_T024,organelle,ER,Golgi,0.7475999172113539
D11_S1_C020_T024,organelle,mitochondria,lipid_droplet,0.7442399392883261
D11_S1_C021_T024,organelle,ER,mitochondria,0.9658781764106915
D11_S1_C021_T024,organelle,ER,Golgi,0.7244086323080187
D11_S1_C021_T024,organelle,mitochondria,lipid_droplet,0.6999623653411238
D11_S1_C022_T024,organelle,ER,mitochondria,1.0676468000148849
D11_S1_C022_T024,organelle,ER,Golgi,0.8007351000111637
D11_S1_C022_T024,organelle,mitochondria,lipid_droplet,0.7512729223672471
D11_S1_C023_T024,organelle,ER,mitochondria,1.282367737059048
D11_S1_C023_T024,organelle,ER,Golgi,0.961775802794286
D11_S1_C023_T024,organelle,mitochondria,lipid_droplet,0.9013022553824765
D11_S1_C024_T024,organelle,ER,mitochondria,1.4989926221171945
D11_S1_C024_T024,organelle,ER,Golgi,1.124244466587896
D11_S1_C024_T024,organelle,mitochondria,lipid_droplet,1.0204459421644572
D11_S1_C025_T024,organelle,ER,mitochondria,1.1427133830673453
D11_S1_C025_T024,organelle,ER,Golgi,0.8570350373005089
D11_S1_C025_T024,organelle,mitochondria,lipid_droplet,0.82449236068704
D11_S1_C026_T024,organelle,ER,mitochondria,1.1109675561946706
D11_S1_C026_T024,organelle,ER,Golgi,0.833225667146003
D11_S1_C026_T024,organelle,mitochondria,lipid_droplet,0.8070321559070688
D11_S1_C027_T024,organelle,ER,mitochondria,1.093598989402523
D11_S1_C027_T024,organelle,ER,Golgi,0.8201992420518923
D11_S1_C027_T024,organelle,mitochondria,lipid_droplet,0.7570652656538853
D11_S1_C028_T024,organelle,ER,mitochondria,1.3315060347712593
D11_S1_C028_T024,organelle,ER,Golgi,0.9986295260784445
D11_S1_C028_T024,organelle,mitochondria,lipid_droplet,0.9283283191241927
D11_S1_C029_T024,organelle,ER,mitochondria,1.038699134598296
D11_S1_C029_T024,organelle,ER,Golgi,0.779024350948722
D11_S1_C029_T024,organelle,mitochondria,lipid_droplet,0.7672845240290629
D11_S1_C030_T024,organelle,ER,mitochondria,0.9047318003752356
D11_S1_C030_T024,organelle,ER,Golgi,0.6785488502814268
D11_S1_C030_T024,organelle,mitochondria,lipid_droplet,0.6936024902063797
D11_S1_C031_T024,organelle,ER,mitochondria,1.083181701774635
D11_S1_C031_T024,organelle,ER,Golgi,0.8123862763309763
D11_S1_C031_T024,organelle,mitochondria,lipid_droplet,0.7577001902117189
D11_S1_C032_T024,organelle,ER,mitochondria,0.9116511650593182
D11_S1_C032_T024,organelle,ER,Golgi,0.6837383737944887
D11_S1_C032_T024,organelle,mitochondria,lipid_droplet,0.6834492811153221
D11_S1_C033_T024,organelle,ER,mitochondria,1.4995852334800954
D11_S1_C033_T024,organelle,ER,Golgi,1.1246889251100716
D11_S1_C033_T024,organelle,mitochondria,lipid_droplet,1.0207718784140525
D11_S1_C034_T024,organelle,ER,mitochondria,0.9648317507566809
D11_S1_C034_T024,organelle,ER,Golgi,0.7236238130675107
D11_S1_C034_T024,organelle,mitochondria,lipid_droplet,0.7266574629161746
D11_S1_C035_T024,organelle,ER,mitochondria,1.3808718480500075
D11_S1_C035_T024,organelle,ER,Golgi,1.0356538860375055
D11_S1_C035_T024,organelle,mitochondria,lipid_droplet,0.9554795164275043
D11_S1_C000_T048,organelle,ER,mitochondria,1.7574721145398697
D11_S1_C000_T048,organelle,ER,Golgi,1.3181040859049022
D11_S1_C000_T048,organelle,mitochondria,lipid_droplet,1.1626096629969285
D11_S1_C001_T048,organelle,ER,mitochondria,1.8
D11_S1_C001_T048,organelle,ER,Golgi,1.35
D11_S1_C001_T048,organelle,mitochondria,lipid_droplet,1.1860000000000002
D11_S1_C002_T048,organelle,ER,mitochondria,1.5157782553505923
D11_S1_C002_T048,organelle,ER,Golgi,1.1368336915129442
D11_S1_C002_T048,organelle,mitochondria,lipid_droplet,1.0296780404428258
D11_S1_C003_T048,organelle,ER,mitochondria,1.7843652970999422
D11_S1_C003_T048,organelle,ER,Golgi,1.3382739728249566
D11_S1_C003_T048,organelle,mitochondria,lipid_droplet,1.1774009134049683
D11_S1_C004_T048,organelle,ER,mitochondria,1.8
D11_S1_C004_T048,organelle,ER,Golgi,1.35
D11_S1_C004_T048,organelle,mitochondria,lipid_droplet,1.1860000000000002
D11_S1_C005_T048,organelle,ER,mitochondria,1.8
D11_S1_C005_T048,organelle,ER,Golgi,1.35
D11_S1_C005_T048,organelle,mitochondria,lipid_droplet,1.1860000000000002
D11_S1_C006_T048,organelle,ER,mitochondria,1.8
D11_S1_C006_T048,organelle,ER,Golgi,1.35
D11_S1_C006_T048,organelle,mitochondria,lipid_droplet,1.1860000000000002
D11_S1_C007_T048,organelle,ER,mitochondria,1.5782336265362673
D11_S1_C007_T048,organelle,ER,Golgi,1.1836752199022005
D11_S1_C007_T048,organelle,mitochondria,lipid_droplet,1.0640284945949472
D11_S1_C008_T048,organelle,ER,mitochondria,1.8
D11_S1_C008_T048,organelle,ER,Golgi,1.35
D11_S1_C008_T048,organelle,mitochondria,lipid_droplet,1.1860000000000002
D11_S1_C009_T048,organelle,ER,mitochondria,1.5874824795293794
D11_S1_C009_T048,organelle,ER,Golgi,1.1906118596470345
D11_S1_C009_T048,organelle,mitochondria,lipid_droplet,1.0691153637411588
D11_S1_C010_T048,organelle,ER,mitochondria,1.7974625163259643
D11_S1_C010_T048,organelle,ER,Golgi,1.3480968872444732
D11_S1_C010_T048,organelle,mitochondria,lipid_droplet,1.1846043839792804
D11_S1_C011_T048,organelle,ER,mitochondria,1.6738160936571418
D11_S1_C011_T048,organelle,ER,Golgi,1.2553620702428563
D11_S1_C011_T048,organelle,mitochondria,lipid_droplet,1.116598851511428
D11_S1_C012_T048,organelle,ER,mitochondria,1.8
D11_S1_C012_T048,organelle,ER,Golgi,1.35
D11_S1_C012_T048,organelle,mitochondria,lipid_droplet,1.1860000000000002
D11_S1_C013_T048,organelle,ER,mitochondria,1.8
D11_S1_C013_T048,organelle,ER,Golgi,1.35
D11_S1_C013_T048,organelle,mitochondria,lipid_droplet,1.1860000000000002
D11_S1_C014_T048,organelle,ER,mitochondria,1.7249742624669948
D11_S1_C014_T048,organelle,ER,Golgi,1.293730696850246
D11_S1_C014_T048,organelle,mitochondria,lipid_droplet,1.1447358443568472
D11_S1_C015_T048,organelle,ER,mitochondria,1.8
D11_S1_C015_T048,organelle,ER,Golgi,1.35
D11_S1_C015_T048,organelle,mitochondria,lipid_droplet,1.1860000000000002
D11_S1_C016_T048,organelle,ER,mitochondria,1.8
D11_S1_C016_T048,organelle,ER,Golgi,1.35
D11_S1_C016_T048,organelle,mitochondria,lipid_droplet,1.1860000000000002
D11_S1_C017_T048,organelle,ER,mitochondria,1.6688840029670413
D11_S1_C017_T048,organelle,ER,Golgi,1.251663002225281
D11_S1_C017_T048,organelle,mitochondria,lipid_droplet,1.113886201631873
D11_S1_C018_T048,organelle,ER,mitochondria,1.8
D11_S1_C018_T048,organelle,ER,Golgi,1.35
D11_S1_C018_T048,organelle,mitochondria,lipid_droplet,1.1860000000000002
D11_S1_C019_T048,organelle,ER,mitochondria,1.7105235922546498
D11_S1_C019_T048,organelle,ER,Golgi,1.2828926941909873
D11_S1_C019_T048,organelle,mitochondria,lipid_droplet,1.1367879757400574
D11_S1_C020_T048,organelle,ER,mitochondria,1.6455855439461633
D11_S1_C020_T048,organelle,ER,Golgi,1.2341891579596225
D11_S1_C020_T048,organelle,mitochondria,lipid_droplet,1.1010720491703898
D11_S1_C021_T048,organelle,ER,mitochondria,1.6656174885421677
D11_S1_C021_T048,organelle,ER,Golgi,1.2492131164066258
D11_S1_C021_T048,organelle,mitochondria,lipid_droplet,1.1120896186981923
D11_S1_C022_T048,organelle,ER,mitochondria,1.6119691998832038
D11_S1_C022_T048,organelle,ER,Golgi,1.2089768999124029
D11_S1_C022_T048,organelle,mitochondria,lipid_droplet,1.0825830599357622
D11_S1_C023_T048,organelle,ER,mitochondria,1.8
D11_S1_C023_T048,organelle,ER,Golgi,1.35
D11_S1_C023_T048,organelle,mitochondria,lipid_droplet,1.1860000000000002
D11_S1_C024_T048,organelle,ER,mitochondria,1.8
D11_S1_C024_T048,organelle,ER,Golgi,1.35
D11_S1_C024_T048,organelle,mitochondria,lipid_droplet,1.1860000000000002
D11_S1_C025_T048,organelle,ER,mitochondria,1.657536385087524
D11_S1_C025_T048,organelle,ER,Golgi,1.243152288815643
D11_S1_C025_T048,organelle,mitochondria,lipid_droplet,1.1076450117981382
D11_S1_C026_T048,organelle,ER,mitochondria,1.6660631397900136
D11_S1_C026_T048,organelle,ER,Golgi,1.2495473548425102
D11_S1_C026_T048,organelle,mitochondria,lipid_droplet,1.1123347268845076
D11_S1_C027_T048,organelle,ER,mitochondria,1.7613140911967842
D11_S1_C027_T048,organelle,ER,Golgi,1.3209855683975882
D11_S1_C027_T048,organelle,mitochondria,lipid_droplet,1.1647227501582313
D11_S1_C028_T048,organelle,ER,mitochondria,1.8
D11_S1_C028_T048,organelle,ER,Golgi,1.35
D11_S1_C028_T048,organelle,mitochondria,lipid_droplet,1.1860000000000002
D11_S1_C029_T048,organelle,ER,mitochondria,1.6890013269170405
D11_S1_C029_T048,organelle,ER,Golgi,1.2667509951877804
D11_S1_C029_T048,organelle,mitochondria,lipid_droplet,1.1249507298043724
D11_S1_C030_T048,organelle,ER,mitochondria,1.5317183426735845
D11_S1_C030_T048,organelle,ER,Golgi,1.1487887570051885
D11_S1_C030_T048,organelle,mitochondria,lipid_droplet,1.0384450884704717
D11_S1_C031_T048,organelle,ER,mitochondria,1.718659695810315
D11_S1_C031_T048,organelle,ER,Golgi,1.2889947718577364
D11_S1_C031_T048,organelle,mitochondria,lipid_droplet,1.1412628326956733
D11_S1_C032_T048,organelle,ER,mitochondria,1.4882505775970765
D11_S1_C032_T048,organelle,ER,Golgi,1.1161879331978073
D11_S1_C032_T048,organelle,mitochondria,lipid_droplet,1.0145378176783921
D11_S1_C033_T048,organelle,ER,mitochondria,1.8
D11_S1_C033_T048,organelle,ER,Golgi,1.35
D11_S1_C033_T048,organelle,mitochondria,lipid_droplet,1.1860000000000002
D11_S1_C034_T048,organelle,ER,mitochondria,1.5060895458351875
D11_S1_C034_T048,organelle,ER,Golgi,1.1295671593763905
D11_S1_C034_T048,organelle,mitochondria,lipid_droplet,1.0243492502093532
D11_S1_C035_T048,organelle,ER,mitochondria,1.8
D11_S1_C035_T048,organelle,ER,Golgi,1.35
D11_S1_C035_T048,organelle,mitochondria,lipid_droplet,1.1860000000000002
