row_id,graph_type,source,target,weight
D00_S0_C000_T000,regulatory,XBP1,proteostasis,0.8821192428486554
D00_S0_C000_T000,regulatory,ATF4,stress_adaptation,0.6768439946714957
D00_S0_C000_T000,regulatory,NFkB,inflammation,0.5266946780329695
D00_S0_C001_T000,regulatory,XBP1,proteostasis,0.5936705743082498
D00_S0_C001_T000,regulatory,ATF4,stress_adaptation,0.4488499800485009
D00_S0_C001_T000,regulatory,NFkB,inflammation,0.5309647296212945
D00_S0_C002_T000,regulatory,XBP1,proteostasis,0.44033980539524054
D00_S0_C002_T000,regulatory,ATF4,stress_adaptation,0.33114006750115316
D00_S0_C002_T000,regulatory,NFkB,inflammation,0.4420665511783235
D00_S0_C003_T000,regulatory,XBP1,proteostasis,0.6572274446278951
D00_S0_C003_T000,regulatory,ATF4,stress_adaptation,0.5068113464154206
D00_S0_C003_T000,regulatory,NFkB,inflammation,0.5483615875499107
D00_S0_C004_T000,regulatory,XBP1,proteostasis,0.6078000848846384
D00_S0_C004_T000,regulatory,ATF4,stress_adaptation,0.5148291229139075
D00_S0_C004_T000,regulatory,NFkB,inflammation,0.4325304322511875
D00_S0_C005_T000,regulatory,XBP1,proteostasis,0.474077145449733
D00_S0_C005_T000,regulatory,ATF4,stress_adaptation,0.40575820122638356
D00_S0_C005_T000,regulatory,NFkB,inflammation,0.3621124114266678
D00_S0_C006_T000,regulatory,XBP1,proteostasis,0.2949074189826886
D00_S0_C006_T000,regulatory,ATF4,stress_adaptation,0.25401796884774164
D00_S0_C006_T000,regulatory,NFkB,inflammation,0.3802917723303298
D00_S0_C007_T000,regulatory,XBP1,proteostasis,0.7339958156672014
D00_S0_C007_T000,regulatory,ATF4,stress_adaptation,0.5178987217880887
D00_S0_C007_T000,regulatory,NFkB,inflammation,0.5847643504630572
D00_S0_C008_T000,regulatory,XBP1,proteostasis,0.565793830572144
D00_S0_C008_T000,regulatory,ATF4,stress_adaptation,0.4658603297802576
D00_S0_C008_T000,regulatory,NFkB,inflammation,0.3828207436799566
D00_S0_C009_T000,regulatory,XBP1,proteostasis,0.5389279787189344
D00_S0_C009_T000,regulatory,ATF4,stress_adaptation,0.3911649392843298
D00_S0_C009_T000,regulatory,NFkB,inflammation,0.2885079887379602
D00_S0_C010_T000,regulatory,XBP1,proteostasis,0.7279532209892516
D00_S0_C010_T000,regulatory,ATF4,stress_adaptation,0.5633572329310298
D00_S0_C010_T000,regulatory,NFkB,inflammation,0.4457880338612612
D00_S0_C011_T000,regulatory,XBP1,proteostasis,0.3677457044884211
D00_S0_C011_T000,regulatory,ATF4,stress_adaptation,0.3046394466278652
D00_S0_C011_T000,regulatory,NFkB,inflammation,0.42810390555688477
D00_S0_C012_T000,regulatory,XBP1,proteostasis,0.6265497446558886
D00_S0_C012_T000,regulatory,ATF4,stress_adaptation,0.5207262601294637
D00_S0_C012_T000,regulatory,NFkB,inflammation,0.4429294055682196
D00_S0_C013_T000,regulatory,XBP1,proteostasis,0.47561540287439935
D00_S0_C013_T000,regulatory,ATF4,stress_adaptation,0.3691475089853925
D00_S0_C013_T000,regulatory,NFkB,inflammation,0.23870237697149427
D00_S0_C014_T000,regulatory,XBP1,proteostasis,0.5343296794191996
D00_S0_C014_T000,regulatory,ATF4,stress_adaptation,0.40795681518735094
D00_S0_C014_T000,regulatory,NFkB,inflammation,0.44810769995214805
D00_S0_C015_T000,regulatory,XBP1,proteostasis,0.6841275482687461
D00_S0_C015_T000,regulatory,ATF4,stress_adaptation,0.5708656838006324
D00_S0_C015_T000,regulatory,NFkB,inflammation,0.4697694921177411
D00_S0_C016_T000,regulatory,XBP1,proteostasis,0.27986311179962914
D00_S0_C016_T000,regulatory,ATF4,stress_adaptation,0.22689916217674994
D00_S0_C016_T000,regulatory,NFkB,inflammation,0.31546996580820563
D00_S0_C017_T000,regulatory,XBP1,proteostasis,0.6675797080734927
D00_S0_C017_T000,regulatory,ATF4,stress_adaptation,0.4764106151901517
D00_S0_C017_T000,regulatory,NFkB,inflammation,0.35322595080961683
D00_S0_C018_T000,regulatory,XBP1,proteostasis,0.4627922314716951
D00_S0_C018_T000,regulatory,ATF4,stress_adaptation,0.41377817740499095
D00_S0_C018_T000,regulatory,NFkB,inflammation,0.3506035305893793
D00_S0_C019_T000,regulatory,XBP1,proteostasis,0.6308377256682499
D00_S0_C019_T000,regulatory,ATF4,stress_adaptation,0.5135520086145696
D00_S0_C019_T000,regulatory,NFkB,inflammation,0.41870798791102826
D00_S0_C020_T000,regulatory,XBP1,proteostasis,0.6117600160446817
D00_S0_C020_T000,regulatory,ATF4,stress_adaptation,0.4362044626611939
D00_S0_C020_T000,regulatory,NFkB,inflammation,0.2977701953084041
D00_S0_C021_T000,regulatory,XBP1,proteostasis,0.5955223979171941
D00_S0_C021_T000,regulatory,ATF4,stress_adaptation,0.4674962796784656
D00_S0_C021_T000,regulatory,NFkB,inflammation,0.5405248147111636
D00_S0_C022_T000,regulatory,XBP1,proteostasis,0.5151207096087523
D00_S0_C022_T000,regulatory,ATF4,stress_adaptation,0.4527558529310673
D00_S0_C022_T000,regulatory,NFkB,inflammation,0.39215407064953534
D00_S0_C023_T000,regulatory,XBP1,proteostasis,0.2761089898687028
D00_S0_C023_T000,regulatory,ATF4,stress_adaptation,0.23541924628449765
D00_S0_C023_T000,regulatory,NFkB,inflammation,0.4027961651172919
D00_S0_C024_T000,regulatory,XBP1,proteostasis,0.2218937283088468
D00_S0_C024_T000,regulatory,ATF4,stress_adaptation,0.18728022892149368
D00_S0_C024_T000,regulatory,NFkB,inflammation,0.14352404434063945
D00_S0_C025_T000,regulatory,XBP1,proteostasis,0.5413083762878402
D00_S0_C025_T000,regulatory,ATF4,stress_adaptation,0.4005190147495543
D00_S0_C025_T000,regulatory,NFkB,inflammation,0.2626460580733959
D00_S0_C026_T000,regulatory,XBP1,proteostasis,0.2966664865151653
D00_S0_C026_T000,regulatory,ATF4,stress_adaptation,0.2564046666504748
D00_S0_C026_T000,regulatory,NFkB,inflammation,0.33818500299119825
D00_S0_C027_T000,regulatory,XBP1,proteostasis,0.7173199446283332
D00_S0_C027_T000,regulatory,ATF4,stress_adaptation,0.5278983949385238
D00_S0_C027_T000,regulatory,NFkB,inflammation,0.5113149181945033
D00_S0_C028_T000,regulatory,XBP1,proteostasis,0.8250935046112193
D00_S0_C028_T000,regulatory,ATF4,stress_adaptation,0.5795621038929867
D00_S0_C028_T000,regulatory,NFkB,inflammation,0.5926920939907526
D00_S0_C029_T000,regulatory,XBP1,proteostasis,0.5468848862887238
D00_S0_C029_T000,regulatory,ATF4,stress_adaptation,0.41397290012740073
D00_S0_C029_T000,regulatory,NFkB,inflammation,0.4556010056653287
D00_S0_C030_T000,regulatory,XBP1,proteostasis,0.4086755623685399
D00_S0_C030_T000,regulatory,ATF4,stress_adaptation,0.3208959463486192
D00_S0_C030_T000,regulatory,NFkB,inflammation,0.2142336183957996
D00_S0_C031_T000,regulatory,XBP1,proteostasis,0.6146939465507734
D00_S0_C031_T000,regulatory,ATF4,stress_adaptation,0.5309911803884907
D00_S0_C031_T000,regulatory,NFkB,inflammation,0.42630304450713213
D00_S0_C032_T000,regulatory,XBP1,proteostasis,0.6031856245649565
D00_S0_C032_T000,regulatory,ATF4,stress_adaptation,0.4683136900113898
D00_S0_C032_T000,regulatory,NFkB,inflammation,0.4638891836419031
D00_S0_C033_T000,regulatory,XBP1,proteostasis,0.8157958804097278
D00_S0_C033_T000,regulatory,ATF4,stress_adaptation,0.563302736663082
D00_S0_C033_T000,regulatory,NFkB,inflammation,0.6281840782519887
D00_S0_C034_T000,regulatory,XBP1,proteostasis,0.4503315227514059
D00_S0_C034_T000,regulatory,ATF4,stress_adaptation,0.3728707308861193
D00_S0_C034_T000,regulatory,NFkB,inflammation,0.2559511516269517
D00_S0_C035_T000,regulatory,XBP1,proteostasis,0.6554537122338869
D00_S0_C035_T000,regulatory,ATF4,stress_adaptation,0.5034239052339738
D00_S0_C035_T000,regulatory,NFkB,inflammation,0.42385800360142223
D00_S0_C000_T012,regulatory,XBP1,proteostasis,0.939435977500371
D00_S0_C000_T012,regulatory,ATF4,stress_adaptation,0.7591858779245455
D00_S0_C000_T012,regulatory,NFkB,inflammation,0.7106046670480235
D00_S0_C001_T012,regulatory,XBP1,proteostasis,0.764024279803764
D00_S0_C001_T012,regulatory,ATF4,stress_adaptation,0.6227265756419902
D00_S0_C001_T012,regulatory,NFkB,inflammation,0.7026909419276719
D00_S0_C002_T012,regulatory,XBP1,proteostasis,0.5050894783407952
D00_S0_C002_T012,regulatory,ATF4,stress_adaptation,0.4330119236892237
D00_S0_C002_T012,regulatory,NFkB,inflammation,0.5193388305688791
D00_S0_C003_T012,regulatory,XBP1,proteostasis,0.7548953748010382
D00_S0_C003_T012,regulatory,ATF4,stress_adaptation,0.6376035773822096
D00_S0_C003_T012,regulatory,NFkB,inflammation,0.6949609471184806
D00_S0_C004_T012,regulatory,XBP1,proteostasis,0.7068743335668677
D00_S0_C004_T012,regulatory,ATF4,stress_adaptation,0.6467343903162734
D00_S0_C004_T012,regulatory,NFkB,inflammation,0.6338127165400901
D00_S0_C005_T012,regulatory,XBP1,proteostasis,0.5311746394187884
D00_S0_C005_T012,regulatory,ATF4,stress_adaptation,0.48758025616147993
D00_S0_C005_T012,regulatory,NFkB,inflammation,0.4942428671285468
D00_S0_C006_T012,regulatory,XBP1,proteostasis,0.4040805868167858
D00_S0_C006_T012,regulatory,ATF4,stress_adaptation,0.39422777963292444
D00_S0_C006_T012,regulatory,NFkB,inflammation,0.4929052555922373
D00_S0_C007_T012,regulatory,XBP1,proteostasis,0.8284355130156311
D00_S0_C007_T012,regulatory,ATF4,stress_adaptation,0.6462585269724908
D00_S0_C007_T012,regulatory,NFkB,inflammation,0.6830062597854568
D00_S0_C008_T012,regulatory,XBP1,proteostasis,0.6703308014641005
D00_S0_C008_T012,regulatory,ATF4,stress_adaptation,0.5887345923081596
D00_S0_C008_T012,regulatory,NFkB,inflammation,0.5499954288158279
D00_S0_C009_T012,regulatory,XBP1,proteostasis,0.5990960964098048
D00_S0_C009_T012,regulatory,ATF4,stress_adaptation,0.4848843422192437
D00_S0_C009_T012,regulatory,NFkB,inflammation,0.4226577546035004
D00_S0_C010_T012,regulatory,XBP1,proteostasis,0.7706090295373274
D00_S0_C010_T012,regulatory,ATF4,stress_adaptation,0.6355244847220716
D00_S0_C010_T012,regulatory,NFkB,inflammation,0.5937144042376826
D00_S0_C011_T012,regulatory,XBP1,proteostasis,0.5288070990370334
D00_S0_C011_T012,regulatory,ATF4,stress_adaptation,0.4870905496648008
D00_S0_C011_T012,regulatory,NFkB,inflammation,0.5650617520212857
D00_S0_C012_T012,regulatory,XBP1,proteostasis,0.7209434756506324
D00_S0_C012_T012,regulatory,ATF4,stress_adaptation,0.6553964144712308
D00_S0_C012_T012,regulatory,NFkB,inflammation,0.5885860636207595
D00_S0_C013_T012,regulatory,XBP1,proteostasis,0.5661965884409168
D00_S0_C013_T012,regulatory,ATF4,stress_adaptation,0.48582741091381404
D00_S0_C013_T012,regulatory,NFkB,inflammation,0.4124402813755248
D00_S0_C014_T012,regulatory,XBP1,proteostasis,0.6169990651555592
D00_S0_C014_T012,regulatory,ATF4,stress_adaptation,0.5255020971396045
D00_S0_C014_T012,regulatory,NFkB,inflammation,0.5720652280169122
D00_S0_C015_T012,regulatory,XBP1,proteostasis,0.7231969282753428
D00_S0_C015_T012,regulatory,ATF4,stress_adaptation,0.6549789078661208
D00_S0_C015_T012,regulatory,NFkB,inflammation,0.6408834870748522
D00_S0_C016_T012,regulatory,XBP1,proteostasis,0.3524257622349902
D00_S0_C016_T012,regulatory,ATF4,stress_adaptation,0.32539795921447373
D00_S0_C016_T012,regulatory,NFkB,inflammation,0.4670056203154829
D00_S0_C017_T012,regulatory,XBP1,proteostasis,0.7431681016172119
D00_S0_C017_T012,regulatory,ATF4,stress_adaptation,0.6061548930614569
D00_S0_C017_T012,regulatory,NFkB,inflammation,0.44071310074610603
D00_S0_C018_T012,regulatory,XBP1,proteostasis,0.5181083929767564
D00_S0_C018_T012,regulatory,ATF4,stress_adaptation,0.49884828335046744
D00_S0_C018_T012,regulatory,NFkB,inflammation,0.5146798056406086
D00_S0_C019_T012,regulatory,XBP1,proteostasis,0.6937231651206981
D00_S0_C019_T012,regulatory,ATF4,stress_adaptation,0.585324292719271
D00_S0_C019_T012,regulatory,NFkB,inflammation,0.5560068686532502
D00_S0_C020_T012,regulatory,XBP1,proteostasis,0.6844193052469948
D00_S0_C020_T012,regulatory,ATF4,stress_adaptation,0.558735718496062
D00_S0_C020_T012,regulatory,NFkB,inflammation,0.4524382121928071
D00_S0_C021_T012,regulatory,XBP1,proteostasis,0.7385816857643023
D00_S0_C021_T012,regulatory,ATF4,stress_adaptation,0.6318879873510399
D00_S0_C021_T012,regulatory,NFkB,inflammation,0.6564177271521284
D00_S0_C022_T012,regulatory,XBP1,proteostasis,0.5531049449402841
D00_S0_C022_T012,regulatory,ATF4,stress_adaptation,0.5274845427650199
D00_S0_C022_T012,regulatory,NFkB,inflammation,0.5344073281945513
D00_S0_C023_T012,regulatory,XBP1,proteostasis,0.384896889916425
D00_S0_C023_T012,regulatory,ATF4,stress_adaptation,0.33576951542662714
D00_S0_C023_T012,regulatory,NFkB,inflammation,0.5116472147381372
D00_S0_C024_T012,regulatory,XBP1,proteostasis,0.3511119542837558
D00_S0_C024_T012,regulatory,ATF4,stress_adaptation,0.3254542184611612
D00_S0_C024_T012,regulatory,NFkB,inflammation,0.33463177173381525
D00_S0_C025_T012,regulatory,XBP1,proteostasis,0.6587645160240817
D00_S0_C025_T012,regulatory,ATF4,stress_adaptation,0.5360469773741493
D00_S0_C025_T012,regulatory,NFkB,inflammation,0.4631561116876216
D00_S0_C026_T012,regulatory,XBP1,proteostasis,0.44080136430420347
D00_S0_C026_T012,regulatory,ATF4,stress_adaptation,0.41431431957785236
D00_S0_C026_T012,regulatory,NFkB,inflammation,0.49085259622080313
D00_S0_C027_T012,regulatory,XBP1,proteostasis,0.8774116302910135
D00_S0_C027_T012,regulatory,ATF4,stress_adaptation,0.6959533341216638
D00_S0_C027_T012,regulatory,NFkB,inflammation,0.6654735772428345
D00_S0_C028_T012,regulatory,XBP1,proteostasis,0.8972509819664011
D00_S0_C028_T012,regulatory,ATF4,stress_adaptation,0.6899080300028466
D00_S0_C028_T012,regulatory,NFkB,inflammation,0.6979951657526706
D00_S0_C029_T012,regulatory,XBP1,proteostasis,0.6493251449646985
D00_S0_C029_T012,regulatory,ATF4,stress_adaptation,0.5401040042104492
D00_S0_C029_T012,regulatory,NFkB,inflammation,0.5923964795002588
D00_S0_C030_T012,regulatory,XBP1,proteostasis,0.5035978304566371
D00_S0_C030_T012,regulatory,ATF4,stress_adaptation,0.46582396135386495
D00_S0_C030_T012,regulatory,NFkB,inflammation,0.37461011661178517
D00_S0_C031_T012,regulatory,XBP1,proteostasis,0.6844519791877727
D00_S0_C031_T012,regulatory,ATF4,stress_adaptation,0.6330462653546118
D00_S0_C031_T012,regulatory,NFkB,inflammation,0.5992654984969373
D00_S0_C032_T012,regulatory,XBP1,proteostasis,0.6986049330266663
D00_S0_C032_T012,regulatory,ATF4,stress_adaptation,0.6216808815697267
D00_S0_C032_T012,regulatory,NFkB,inflammation,0.5671982386535144
D00_S0_C033_T012,regulatory,XBP1,proteostasis,0.948611148921392
D00_S0_C033_T012,regulatory,ATF4,stress_adaptation,0.7203593439485498
D00_S0_C033_T012,regulatory,NFkB,inflammation,0.7430811778159401
D00_S0_C034_T012,regulatory,XBP1,proteostasis,0.6247653879049773
D00_S0_C034_T012,regulatory,ATF4,stress_adaptation,0.5631022273569931
D00_S0_C034_T012,regulatory,NFkB,inflammation,0.42231854089980747
D00_S0_C035_T012,regulatory,XBP1,proteostasis,0.7251429451924828
D00_S0_C035_T012,regulatory,ATF4,stress_adaptation,0.5932111010975357
D00_S0_C035_T012,regulatory,NFkB,inflammation,0.5675833800048632
D00_S0_C000_T024,regulatory,XBP1,proteostasis,1.0631197501208522
D00_S0_C000_T024,regulatory,ATF4,stress_adaptation,0.9125958576730684
D00_S0_C000_T024,regulatory,NFkB,inflammation,0.939505076368074
D00_S0_C001_T024,regulatory,XBP1,proteostasis,0.8567613789871589
D00_S0_C001_T024,regulatory,ATF4,stress_adaptation,0.7704635091196337
D00_S0_C001_T024,regulatory,NFkB,inflammation,0.9147720067214897
D00_S0_C002_T024,regulatory,XBP1,proteostasis,0.6051436031331483
D00_S0_C002_T024,regulatory,ATF4,stress_adaptation,0.5665146184225167
D00_S0_C002_T024,regulatory,NFkB,inflammation,0.6771083774494986
D00_S0_C003_T024,regulatory,XBP1,proteostasis,0.916930643896701
D00_S0_C003_T024,regulatory,ATF4,stress_adaptation,0.839099443093102
D00_S0_C003_T024,regulatory,NFkB,inflammation,0.9506689309376464
D00_S0_C004_T024,regulatory,XBP1,proteostasis,0.8354033301931507
D00_S0_C004_T024,regulatory,ATF4,stress_adaptation,0.825965380712449
D00_S0_C004_T024,regulatory,NFkB,inflammation,0.8797098988638143
D00_S0_C005_T024,regulatory,XBP1,proteostasis,0.673040022766307
D00_S0_C005_T024,regulatory,ATF4,stress_adaptation,0.6632377493076476
D00_S0_C005_T024,regulatory,NFkB,inflammation,0.7296140010883329
D00_S0_C006_T024,regulatory,XBP1,proteostasis,0.45889005267691124
D00_S0_C006_T024,regulatory,ATF4,stress_adaptation,0.5112952722284891
D00_S0_C006_T024,regulatory,NFkB,inflammation,0.6709854694029342
D00_S0_C007_T024,regulatory,XBP1,proteostasis,0.9629617275118478
D00_S0_C007_T024,regulatory,ATF4,stress_adaptation,0.8091378994249424
D00_S0_C007_T024,regulatory,NFkB,inflammation,0.8836697822513504
D00_S0_C008_T024,regulatory,XBP1,proteostasis,0.7609883484607645
D00_S0_C008_T024,regulatory,ATF4,stress_adaptation,0.7361733514448643
D00_S0_C008_T024,regulatory,NFkB,inflammation,0.7536410959741697
D00_S0_C009_T024,regulatory,XBP1,proteostasis,0.7104586984295848
D00_S0_C009_T024,regulatory,ATF4,stress_adaptation,0.623864964412574
D00_S0_C009_T024,regulatory,NFkB,inflammation,0.6260152822368378
D00_S0_C010_T024,regulatory,XBP1,proteostasis,0.8764633356256188
D00_S0_C010_T024,regulatory,ATF4,stress_adaptation,0.7822789192840128
D00_S0_C010_T024,regulatory,NFkB,inflammation,0.8023277452706135
D00_S0_C011_T024,regulatory,XBP1,proteostasis,0.6539705350343382
D00_S0_C011_T024,regulatory,ATF4,stress_adaptation,0.6555853029775862
D00_S0_C011_T024,regulatory,NFkB,inflammation,0.7879680650115153
D00_S0_C012_T024,regulatory,XBP1,proteostasis,0.8235582923473943
D00_S0_C012_T024,regulatory,ATF4,stress_adaptation,0.8120626147998973
D00_S0_C012_T024,regulatory,NFkB,inflammation,0.8077019360786828
D00_S0_C013_T024,regulatory,XBP1,proteostasis,0.7810928410137559
D00_S0_C013_T024,regulatory,ATF4,stress_adaptation,0.6994310058444846
D00_S0_C013_T024,regulatory,NFkB,inflammation,0.6832033076962178
D00_S0_C014_T024,regulatory,XBP1,proteostasis,0.7510577634387151
D00_S0_C014_T024,regulatory,ATF4,stress_adaptation,0.6946714137013034
D00_S0_C014_T024,regulatory,NFkB,inflammation,0.7734466739850684
D00_S0_C015_T024,regulatory,XBP1,proteostasis,0.8461322245287732
D00_S0_C015_T024,regulatory,ATF4,stress_adaptation,0.8194376115635007
D00_S0_C015_T024,regulatory,NFkB,inflammation,0.8548612755954129
D00_S0_C016_T024,regulatory,XBP1,proteostasis,0.4493749968690259
D00_S0_C016_T024,regulatory,ATF4,stress_adaptation,0.45595315073731446
D00_S0_C016_T024,regulatory,NFkB,inflammation,0.6761081727417797
D00_S0_C017_T024,regulatory,XBP1,proteostasis,0.9198448609776945
D00_S0_C017_T024,regulatory,ATF4,stress_adaptation,0.8130929986819316
D00_S0_C017_T024,regulatory,NFkB,inflammation,0.66917176567815
D00_S0_C018_T024,regulatory,XBP1,proteostasis,0.6426932868650757
D00_S0_C018_T024,regulatory,ATF4,stress_adaptation,0.6592209650318576
D00_S0_C018_T024,regulatory,NFkB,inflammation,0.7362697251622761
D00_S0_C019_T024,regulatory,XBP1,proteostasis,0.8674770097830552
D00_S0_C019_T024,regulatory,ATF4,stress_adaptation,0.7672282245307865
D00_S0_C019_T024,regulatory,NFkB,inflammation,0.8231975183349771
D00_S0_C020_T024,regulatory,XBP1,proteostasis,0.8002868214357736
D00_S0_C020_T024,regulatory,ATF4,stress_adaptation,0.7239977062253792
D00_S0_C020_T024,regulatory,NFkB,inflammation,0.6594860450789333
D00_S0_C021_T024,regulatory,XBP1,proteostasis,0.8064274834011308
D00_S0_C021_T024,regulatory,ATF4,stress_adaptation,0.776986585325399
D00_S0_C021_T024,regulatory,NFkB,inflammation,0.8599614027765461
D00_S0_C022_T024,regulatory,XBP1,proteostasis,0.6441140335826142
D00_S0_C022_T024,regulatory,ATF4,stress_adaptation,0.6596650113554912
D00_S0_C022_T024,regulatory,NFkB,inflammation,0.7738575098094946
D00_S0_C023_T024,regulatory,XBP1,proteostasis,0.4240283357500339
D00_S0_C023_T024,regulatory,ATF4,stress_adaptation,0.43718493776454825
D00_S0_C023_T024,regulatory,NFkB,inflammation,0.6377789841771906
D00_S0_C024_T024,regulatory,XBP1,proteostasis,0.43651057235394886
D00_S0_C024_T024,regulatory,ATF4,stress_adaptation,0.44419374461732075
D00_S0_C024_T024,regulatory,NFkB,inflammation,0.566536842959152
D00_S0_C025_T024,regulatory,XBP1,proteostasis,0.7700898136547925
D00_S0_C025_T024,regulatory,ATF4,stress_adaptation,0.6876263463752801
D00_S0_C025_T024,regulatory,NFkB,inflammation,0.7192357204091703
D00_S0_C026_T024,regulatory,XBP1,proteostasis,0.5113685444044215
D00_S0_C026_T024,regulatory,ATF4,stress_adaptation,0.5388635012333056
D00_S0_C026_T024,regulatory,NFkB,inflammation,0.6734587318811243
D00_S0_C027_T024,regulatory,XBP1,proteostasis,0.9981442762912991
D00_S0_C027_T024,regulatory,ATF4,stress_adaptation,0.8719556362215156
D00_S0_C027_T024,regulatory,NFkB,inflammation,0.8461697836669082
D00_S0_C028_T024,regulatory,XBP1,proteostasis,1.0757645264185216
D00_S0_C028_T024,regulatory,ATF4,stress_adaptation,0.8905966940102593
D00_S0_C028_T024,regulatory,NFkB,inflammation,0.9419743715863899
D00_S0_C029_T024,regulatory,XBP1,proteostasis,0.7131492662846572
D00_S0_C029_T024,regulatory,ATF4,stress_adaptation,0.6614853475359262
D00_S0_C029_T024,regulatory,NFkB,inflammation,0.7643573183083412
D00_S0_C030_T024,regulatory,XBP1,proteostasis,0.6634524409979294
D00_S0_C030_T024,regulatory,ATF4,stress_adaptation,0.6641375821004942
D00_S0_C030_T024,regulatory,NFkB,inflammation,0.6389966571815062
D00_S0_C031_T024,regulatory,XBP1,proteostasis,0.8077937999447337
D00_S0_C031_T024,regulatory,ATF4,stress_adaptation,0.7913154457713598
D00_S0_C031_T024,regulatory,NFkB,inflammation,0.8468410492161933
D00_S0_C032_T024,regulatory,XBP1,proteostasis,0.8374249819997761
D00_S0_C032_T024,regulatory,ATF4,stress_adaptation,0.8026041284178015
D00_S0_C032_T024,regulatory,NFkB,inflammation,0.7684757453426194
D00_S0_C033_T024,regulatory,XBP1,proteostasis,1.0518656173707472
D00_S0_C033_T024,regulatory,ATF4,stress_adaptation,0.8757544870811539
D00_S0_C033_T024,regulatory,NFkB,inflammation,0.934645476016625
D00_S0_C034_T024,regulatory,XBP1,proteostasis,0.7304230672092976
D00_S0_C034_T024,regulatory,ATF4,stress_adaptation,0.7253081975707101
D00_S0_C034_T024,regulatory,NFkB,inflammation,0.6204675113733593
D00_S0_C035_T024,regulatory,XBP1,proteostasis,0.8198373251879891
D00_S0_C035_T024,regulatory,ATF4,stress_adaptation,0.7144759230041445
D00_S0_C035_T024,regulatory,NFkB,inflammation,0.7703404016825837
D00_S0_C000_T048,regulatory,XBP1,proteostasis,1.2645414352469906
D00_S0_C000_T048,regulatory,ATF4,stress_adaptation,1.2284838339929418
D00_S0_C000_T048,regulatory,NFkB,inflammation,1.4440436458611456
D00_S0_C001_T048,regulatory,XBP1,proteostasis,1.0962189125973147
D00_S0_C001_T048,regulatory,ATF4,stress_adaptation,1.1519960008071868
D00_S0_C001_T048,regulatory,NFkB,inflammation,1.3682985106687917
D00_S0_C002_T048,regulatory,XBP1,proteostasis,0.7858196517731555
D00_S0_C002_T048,regulatory,ATF4,stress_adaptation,0.859652324731573
D00_S0_C002_T048,regulatory,NFkB,inflammation,1.22861884329792
D00_S0_C003_T048,regulatory,XBP1,proteostasis,1.0839892671250528
D00_S0_C003_T048,regulatory,ATF4,stress_adaptation,1.1824575660153036
D00_S0_C003_T048,regulatory,NFkB,inflammation,1.3627951702062737
D00_S0_C004_T048,regulatory,XBP1,proteostasis,1.1069736894739892
D00_S0_C004_T048,regulatory,ATF4,stress_adaptation,1.2102286459523075
D00_S0_C004_T048,regulatory,NFkB,inflammation,1.373138160263295
D00_S0_C005_T048,regulatory,XBP1,proteostasis,0.9495445226294612
D00_S0_C005_T048,regulatory,ATF4,stress_adaptation,1.0899658021558378
D00_S0_C005_T048,regulatory,NFkB,inflammation,1.3022950351832576
D00_S0_C006_T048,regulatory,XBP1,proteostasis,0.8100769848819734
D00_S0_C006_T048,regulatory,ATF4,stress_adaptation,1.0017609415803799
D00_S0_C006_T048,regulatory,NFkB,inflammation,1.239534643196888
D00_S0_C007_T048,regulatory,XBP1,proteostasis,1.1504000082163102
D00_S0_C007_T048,regulatory,ATF4,stress_adaptation,1.1389184876139233
D00_S0_C007_T048,regulatory,NFkB,inflammation,1.3926800036973397
D00_S0_C008_T048,regulatory,XBP1,proteostasis,1.0160806413666843
D00_S0_C008_T048,regulatory,ATF4,stress_adaptation,1.1311631556297599
D00_S0_C008_T048,regulatory,NFkB,inflammation,1.3322362886150079
D00_S0_C009_T048,regulatory,XBP1,proteostasis,0.9320905235258424
D00_S0_C009_T048,regulatory,ATF4,stress_adaptation,0.9621458560253663
D00_S0_C009_T048,regulatory,NFkB,inflammation,1.2274709691153123
D00_S0_C010_T048,regulatory,XBP1,proteostasis,1.1218486352528168
D00_S0_C010_T048,regulatory,ATF4,stress_adaptation,1.1582522907850752
D00_S0_C010_T048,regulatory,NFkB,inflammation,1.3798318858637675
D00_S0_C011_T048,regulatory,XBP1,proteostasis,0.9411353323723535
D00_S0_C011_T048,regulatory,ATF4,stress_adaptation,1.0916526985891801
D00_S0_C011_T048,regulatory,NFkB,inflammation,1.298510899567559
D00_S0_C012_T048,regulatory,XBP1,proteostasis,1.0890193374250217
D00_S0_C012_T048,regulatory,ATF4,stress_adaptation,1.2140957910068737
D00_S0_C012_T048,regulatory,NFkB,inflammation,1.3650587018412597
D00_S0_C013_T048,regulatory,XBP1,proteostasis,0.9565129547634245
D00_S0_C013_T048,regulatory,ATF4,stress_adaptation,1.0107148829213461
D00_S0_C013_T048,regulatory,NFkB,inflammation,1.2703233526801525
D00_S0_C014_T048,regulatory,XBP1,proteostasis,0.9804424067353182
D00_S0_C014_T048,regulatory,ATF4,stress_adaptation,1.0431923520079573
D00_S0_C014_T048,regulatory,NFkB,inflammation,1.3161990830308932
D00_S0_C015_T048,regulatory,XBP1,proteostasis,1.0734482723197252
D00_S0_C015_T048,regulatory,ATF4,stress_adaptation,1.1872251004330614
D00_S0_C015_T048,regulatory,NFkB,inflammation,1.3580517225438764
D00_S0_C016_T048,regulatory,XBP1,proteostasis,0.7115508994285483
D00_S0_C016_T048,regulatory,ATF4,stress_adaptation,0.8259411349185307
D00_S0_C016_T048,regulatory,NFkB,inflammation,1.1951979047428467
D00_S0_C017_T048,regulatory,XBP1,proteostasis,1.160614314176311
D00_S0_C017_T048,regulatory,ATF4,stress_adaptation,1.2005170321054917
D00_S0_C017_T048,regulatory,NFkB,inflammation,1.3156801852757574
D00_S0_C018_T048,regulatory,XBP1,proteostasis,0.8980215531020341
D00_S0_C018_T048,regulatory,ATF4,stress_adaptation,1.0631462159936056
D00_S0_C018_T048,regulatory,NFkB,inflammation,1.2791096988959154
D00_S0_C019_T048,regulatory,XBP1,proteostasis,0.9916126350089222
D00_S0_C019_T048,regulatory,ATF4,stress_adaptation,1.0365743399859357
D00_S0_C019_T048,regulatory,NFkB,inflammation,1.321225685754015
D00_S0_C020_T048,regulatory,XBP1,proteostasis,1.135552906449937
D00_S0_C020_T048,regulatory,ATF4,stress_adaptation,1.2078353718527675
D00_S0_C020_T048,regulatory,NFkB,inflammation,1.3859988079024717
D00_S0_C021_T048,regulatory,XBP1,proteostasis,1.101988622287403
D00_S0_C021_T048,regulatory,ATF4,stress_adaptation,1.2077335240656502
D00_S0_C021_T048,regulatory,NFkB,inflammation,1.3708948800293312
D00_S0_C022_T048,regulatory,XBP1,proteostasis,0.8810877750061624
D00_S0_C022_T048,regulatory,ATF4,stress_adaptation,1.0025781793520303
D00_S0_C022_T048,regulatory,NFkB,inflammation,1.2714894987527732
D00_S0_C023_T048,regulatory,XBP1,proteostasis,0.6408133854482216
D00_S0_C023_T048,regulatory,ATF4,stress_adaptation,0.7716109712526116
D00_S0_C023_T048,regulatory,NFkB,inflammation,1.1633660234516998
D00_S0_C024_T048,regulatory,XBP1,proteostasis,0.6718410293083174
D00_S0_C024_T048,regulatory,ATF4,stress_adaptation,0.7862024635683394
D00_S0_C024_T048,regulatory,NFkB,inflammation,1.1773284631887428
D00_S0_C025_T048,regulatory,XBP1,proteostasis,1.0290178212992604
D00_S0_C025_T048,regulatory,ATF4,stress_adaptation,1.070771961423199
D00_S0_C025_T048,regulatory,NFkB,inflammation,1.3380580195846672
D00_S0_C026_T048,regulatory,XBP1,proteostasis,0.7572664847376402
D00_S0_C026_T048,regulatory,ATF4,stress_adaptation,0.9041567084009088
D00_S0_C026_T048,regulatory,NFkB,inflammation,1.2157699181319381
D00_S0_C027_T048,regulatory,XBP1,proteostasis,1.2656215409656058
D00_S0_C027_T048,regulatory,ATF4,stress_adaptation,1.2844822540892158
D00_S0_C027_T048,regulatory,NFkB,inflammation,1.4445296934345226
D00_S0_C028_T048,regulatory,XBP1,proteostasis,1.2627065623325677
D00_S0_C028_T048,regulatory,ATF4,stress_adaptation,1.2184205703531903
D00_S0_C028_T048,regulatory,NFkB,inflammation,1.4432179530496554
D00_S0_C029_T048,regulatory,XBP1,proteostasis,0.9642276899909509
D00_S0_C029_T048,regulatory,ATF4,stress_adaptation,1.0186294891684886
D00_S0_C029_T048,regulatory,NFkB,inflammation,1.3089024604959278
D00_S0_C030_T048,regulatory,XBP1,proteostasis,0.907057569595102
D00_S0_C030_T048,regulatory,ATF4,stress_adaptation,1.05857612443677
D00_S0_C030_T048,regulatory,NFkB,inflammation,1.2831759063177959
D00_S0_C031_T048,regulatory,XBP1,proteostasis,1.0754768193065356
D00_S0_C031_T048,regulatory,ATF4,stress_adaptation,1.18510373145486
D00_S0_C031_T048,regulatory,NFkB,inflammation,1.358964568687941
D00_S0_C032_T048,regulatory,XBP1,proteostasis,1.136473645391093
D00_S0_C032_T048,regulatory,ATF4,stress_adaptation,1.244158607058585
D00_S0_C032_T048,regulatory,NFkB,inflammation,1.3864131404259918
D00_S0_C033_T048,regulatory,XBP1,proteostasis,1.3177369401928878
D00_S0_C033_T048,regulatory,ATF4,stress_adaptation,1.257781278276929
D00_S0_C033_T048,regulatory,NFkB,inflammation,1.4679816230867995
D00_S0_C034_T048,regulatory,XBP1,proteostasis,0.9566528488155334
D00_S0_C034_T048,regulatory,ATF4,stress_adaptation,1.0770987071707432
D00_S0_C034_T048,regulatory,NFkB,inflammation,1.3046749681268597
D00_S0_C035_T048,regulatory,XBP1,proteostasis,0.9727054877708339
D00_S0_C035_T048,regulatory,ATF4,stress_adaptation,1.0107664303214274
D00_S0_C035_T048,regulatory,NFkB,inflammation,1.3127174694968753
D00_S1_C000_T000,regulatory,XBP1,proteostasis,0.15693424448364077
D00_S1_C000_T000,regulatory,ATF4,stress_adaptation,0.12233791208908419
D00_S1_C000_T000,regulatory,NFkB,inflammation,0.24831151278628233
D00_S1_C001_T000,regulatory,XBP1,proteostasis,0.4048090294416391
D00_S1_C001_T000,regulatory,ATF4,stress_adaptation,0.32643102766873344
D00_S1_C001_T000,regulatory,NFkB,inflammation,0.3815604685251093
D00_S1_C002_T000,regulatory,XBP1,proteostasis,0.5780637176535668
D00_S1_C002_T000,regulatory,ATF4,stress_adaptation,0.4458685457120034
D00_S1_C002_T000,regulatory,NFkB,inflammation,0.32988318437507475
D00_S1_C003_T000,regulatory,XBP1,proteostasis,0.4748290318094732
D00_S1_C003_T000,regulatory,ATF4,stress_adaptation,0.3727146853552163
D00_S1_C003_T000,regulatory,NFkB,inflammation,0.2566095607627052
D00_S1_C004_T000,regulatory,XBP1,proteostasis,0.4961719482785596
D00_S1_C004_T000,regulatory,ATF4,stress_adaptation,0.39723039583369435
D00_S1_C004_T000,regulatory,NFkB,inflammation,0.3943028842679862
D00_S1_C005_T000,regulatory,XBP1,proteostasis,0.36369869873413013
D00_S1_C005_T000,regulatory,ATF4,stress_adaptation,0.2844790758765618
D00_S1_C005_T000,regulatory,NFkB,inflammation,0.2015670329959357
D00_S1_C006_T000,regulatory,XBP1,proteostasis,0.36207785989916336
D00_S1_C006_T000,regulatory,ATF4,stress_adaptation,0.3073330564953713
D00_S1_C006_T000,regulatory,NFkB,inflammation,0.3418618682954555
D00_S1_C007_T000,regulatory,XBP1,proteostasis,0.598200903122016
D00_S1_C007_T000,regulatory,ATF4,stress_adaptation,0.4480487174698496
D00_S1_C007_T000,regulatory,NFkB,inflammation,0.5253249717394333
D00_S1_C008_T000,regulatory,XBP1,proteostasis,0.680301079343376
D00_S1_C008_T000,regulatory,ATF4,stress_adaptation,0.49022055013843485
D00_S1_C008_T000,regulatory,NFkB,inflammation,0.3125767866177143
D00_S1_C009_T000,regulatory,XBP1,proteostasis,0.6346976592514465
D00_S1_C009_T000,regulatory,ATF4,stress_adaptation,0.5110655325675171
D00_S1_C009_T000,regulatory,NFkB,inflammation,0.4222785763880052
D00_S1_C010_T000,regulatory,XBP1,proteostasis,0.5267679336429989
D00_S1_C010_T000,regulatory,ATF4,stress_adaptation,0.3940165297880637
D00_S1_C010_T000,regulatory,NFkB,inflammation,0.43035161983523273
D00_S1_C011_T000,regulatory,XBP1,proteostasis,0.582263447254038
D00_S1_C011_T000,regulatory,ATF4,stress_adaptation,0.4708604497418638
D00_S1_C011_T000,regulatory,NFkB,inflammation,0.5206504720690037
D00_S1_C012_T000,regulatory,XBP1,proteostasis,0.446829941798069
D00_S1_C012_T000,regulatory,ATF4,stress_adaptation,0.4041308825613947
D00_S1_C012_T000,regulatory,NFkB,inflammation,0.34748639825695116
D00_S1_C013_T000,regulatory,XBP1,proteostasis,0.20692372623665084
D00_S1_C013_T000,regulatory,ATF4,stress_adaptation,0.2009244799319481
D00_S1_C013_T000,regulatory,NFkB,inflammation,0.29637317020456055
D00_S1_C014_T000,regulatory,XBP1,proteostasis,0.5689034206483583
D00_S1_C014_T000,regulatory,ATF4,stress_adaptation,0.40806156353106515
D00_S1_C014_T000,regulatory,NFkB,inflammation,0.3110191442957594
D00_S1_C015_T000,regulatory,XBP1,proteostasis,0.5871283929849346
D00_S1_C015_T000,regulatory,ATF4,stress_adaptation,0.4355232872158729
D00_S1_C015_T000,regulatory,NFkB,inflammation,0.29233101078033924
D00_S1_C016_T000,regulatory,XBP1,proteostasis,0.42620409223770594
D00_S1_C016_T000,regulatory,ATF4,stress_adaptation,0.3574497080508003
D00_S1_C016_T000,regulatory,NFkB,inflammation,0.21131502295396049
D00_S1_C017_T000,regulatory,XBP1,proteostasis,0.5316207006471836
D00_S1_C017_T000,regulatory,ATF4,stress_adaptation,0.436158015129814
D00_S1_C017_T000,regulatory,NFkB,inflammation,0.35863347814332874
D00_S1_C018_T000,regulatory,XBP1,proteostasis,0.5178463398653982
D00_S1_C018_T000,regulatory,ATF4,stress_adaptation,0.4166401759355151
D00_S1_C018_T000,regulatory,NFkB,inflammation,0.2705523731880274
D00_S1_C019_T000,regulatory,XBP1,proteostasis,0.6330500762631309
D00_S1_C019_T000,regulatory,ATF4,stress_adaptation,0.5065015370567172
D00_S1_C019_T000,regulatory,NFkB,inflammation,0.41775267027516927
D00_S1_C020_T000,regulatory,XBP1,proteostasis,0.4172619916522242
D00_S1_C020_T000,regulatory,ATF4,stress_adaptation,0.3586250692259509
D00_S1_C020_T000,regulatory,NFkB,inflammation,0.37178294101480946
D00_S1_C021_T000,regulatory,XBP1,proteostasis,0.6875246570810134
D00_S1_C021_T000,regulatory,ATF4,stress_adaptation,0.5492639382936911
D00_S1_C021_T000,regulatory,NFkB,inflammation,0.44212420325945406
D00_S1_C022_T000,regulatory,XBP1,proteostasis,0.5235326185204334
D00_S1_C022_T000,regulatory,ATF4,stress_adaptation,0.402820201615406
D00_S1_C022_T000,regulatory,NFkB,inflammation,0.2694548814080161
D00_S1_C023_T000,regulatory,XBP1,proteostasis,0.5585377255851215
D00_S1_C023_T000,regulatory,ATF4,stress_adaptation,0.44352651585742153
D00_S1_C023_T000,regulatory,NFkB,inflammation,0.46098968916768623
D00_S1_C024_T000,regulatory,XBP1,proteostasis,0.24115191570076652
D00_S1_C024_T000,regulatory,ATF4,stress_adaptation,0.213331306624702
D00_S1_C024_T000,regulatory,NFkB,inflammation,0.13166584859529906
D00_S1_C025_T000,regulatory,XBP1,proteostasis,0.6422011065097649
D00_S1_C025_T000,regulatory,ATF4,stress_adaptation,0.5145412588182603
D00_S1_C025_T000,regulatory,NFkB,inflammation,0.454374866583901
D00_S1_C026_T000,regulatory,XBP1,proteostasis,0.32763421813469645
D00_S1_C026_T000,regulatory,ATF4,stress_adaptation,0.28944477138066393
D00_S1_C026_T000,regulatory,NFkB,inflammation,0.3372942440337578
D00_S1_C027_T000,regulatory,XBP1,proteostasis,0.588660824214419
D00_S1_C027_T000,regulatory,ATF4,stress_adaptation,0.45440489962074077
D00_S1_C027_T000,regulatory,NFkB,inflammation,0.3035437338544682
D00_S1_C028_T000,regulatory,XBP1,proteostasis,0.4839729393791011
D00_S1_C028_T000,regulatory,ATF4,stress_adaptation,0.39777295609962343
D00_S1_C028_T000,regulatory,NFkB,inflammation,0.46726236941392063
D00_S1_C029_T000,regulatory,XBP1,proteostasis,0.5002376144899596
D00_S1_C029_T000,regulatory,ATF4,stress_adaptation,0.3910754175700405
D00_S1_C029_T000,regulatory,NFkB,inflammation,0.24040118478669717
D00_S1_C030_T000,regulatory,XBP1,proteostasis,0.5546221733612374
D00_S1_C030_T000,regulatory,ATF4,stress_adaptation,0.4709527002500663
D00_S1_C030_T000,regulatory,NFkB,inflammation,0.4015437414590825
D00_S1_C031_T000,regulatory,XBP1,proteostasis,0.34583646338588403
D00_S1_C031_T000,regulatory,ATF4,stress_adaptation,0.28705860027668767
D00_S1_C031_T000,regulatory,NFkB,inflammation,0.3460636749606587
D00_S1_C032_T000,regulatory,XBP1,proteostasis,0.2950703502069834
D00_S1_C032_T000,regulatory,ATF4,stress_adaptation,0.25162743623314826
D00_S1_C032_T000,regulatory,NFkB,inflammation,0.3898092697872774
D00_S1_C033_T000,regulatory,XBP1,proteostasis,0.5711806061385173
D00_S1_C033_T000,regulatory,ATF4,stress_adaptation,0.44077939416965817
D00_S1_C033_T000,regulatory,NFkB,inflammation,0.2943491782295802
D00_S1_C034_T000,regulatory,XBP1,proteostasis,0.40061251692762234
D00_S1_C034_T000,regulatory,ATF4,stress_adaptation,0.30344482474370005
D00_S1_C034_T000,regulatory,NFkB,inflammation,0.21619822309653305
D00_S1_C035_T000,regulatory,XBP1,proteostasis,0.48445577550758967
D00_S1_C035_T000,regulatory,ATF4,stress_adaptation,0.42450714551343627
D00_S1_C035_T000,regulatory,NFkB,inflammation,0.3493174220884414
D00_S1_C000_T012,regulatory,XBP1,proteostasis,0.2966691936905226
D00_S1_C000_T012,regulatory,ATF4,stress_adaptation,0.26648555505229105
D00_S1_C000_T012,regulatory,NFkB,inflammation,0.36836411074722797
D00_S1_C001_T012,regulatory,XBP1,proteostasis,0.511861912452267
D00_S1_C001_T012,regulatory,ATF4,stress_adaptation,0.45262569454904383
D00_S1_C001_T012,regulatory,NFkB,inflammation,0.4775185441414207
D00_S1_C002_T012,regulatory,XBP1,proteostasis,0.6369824731943128
D00_S1_C002_T012,regulatory,ATF4,stress_adaptation,0.5423861911666934
D00_S1_C002_T012,regulatory,NFkB,inflammation,0.45398425116327445
D00_S1_C003_T012,regulatory,XBP1,proteostasis,0.6254762690063774
D00_S1_C003_T012,regulatory,ATF4,stress_adaptation,0.5470873672938398
D00_S1_C003_T012,regulatory,NFkB,inflammation,0.4449910610587039
D00_S1_C004_T012,regulatory,XBP1,proteostasis,0.6074319255736422
D00_S1_C004_T012,regulatory,ATF4,stress_adaptation,0.5336329329686925
D00_S1_C004_T012,regulatory,NFkB,inflammation,0.5231666895714369
D00_S1_C005_T012,regulatory,XBP1,proteostasis,0.4490630082496719
D00_S1_C005_T012,regulatory,ATF4,stress_adaptation,0.3945274698018847
D00_S1_C005_T012,regulatory,NFkB,inflammation,0.3466205734096732
D00_S1_C006_T012,regulatory,XBP1,proteostasis,0.4912582099204626
D00_S1_C006_T012,regulatory,ATF4,stress_adaptation,0.45874745508618797
D00_S1_C006_T012,regulatory,NFkB,inflammation,0.46876760094200887
D00_S1_C007_T012,regulatory,XBP1,proteostasis,0.678754046823666
D00_S1_C007_T012,regulatory,ATF4,stress_adaptation,0.5543384181989313
D00_S1_C007_T012,regulatory,NFkB,inflammation,0.6137829123677803
D00_S1_C008_T012,regulatory,XBP1,proteostasis,0.8074661927014962
D00_S1_C008_T012,regulatory,ATF4,stress_adaptation,0.6583156806621647
D00_S1_C008_T012,regulatory,NFkB,inflammation,0.4435816327513774
D00_S1_C009_T012,regulatory,XBP1,proteostasis,0.6586137867122623
D00_S1_C009_T012,regulatory,ATF4,stress_adaptation,0.5810060483716452
D00_S1_C009_T012,regulatory,NFkB,inflammation,0.5497044017120988
D00_S1_C010_T012,regulatory,XBP1,proteostasis,0.5328972211040052
D00_S1_C010_T012,regulatory,ATF4,stress_adaptation,0.4609271478829859
D00_S1_C010_T012,regulatory,NFkB,inflammation,0.5010464734065738
D00_S1_C011_T012,regulatory,XBP1,proteostasis,0.6808144685100318
D00_S1_C011_T012,regulatory,ATF4,stress_adaptation,0.602070965486305
D00_S1_C011_T012,regulatory,NFkB,inflammation,0.6060250236830631
D00_S1_C012_T012,regulatory,XBP1,proteostasis,0.4851631210183232
D00_S1_C012_T012,regulatory,ATF4,stress_adaptation,0.487603817739679
D00_S1_C012_T012,regulatory,NFkB,inflammation,0.46682585617218303
D00_S1_C013_T012,regulatory,XBP1,proteostasis,0.331922899803101
D00_S1_C013_T012,regulatory,ATF4,stress_adaptation,0.3321568583502065
D00_S1_C013_T012,regulatory,NFkB,inflammation,0.4506270959369536
D00_S1_C014_T012,regulatory,XBP1,proteostasis,0.6454301877291948
D00_S1_C014_T012,regulatory,ATF4,stress_adaptation,0.5215246130686755
D00_S1_C014_T012,regulatory,NFkB,inflammation,0.46436012184153463
D00_S1_C015_T012,regulatory,XBP1,proteostasis,0.6763637457755538
D00_S1_C015_T012,regulatory,ATF4,stress_adaptation,0.5567610891136889
D00_S1_C015_T012,regulatory,NFkB,inflammation,0.456783140252779
D00_S1_C016_T012,regulatory,XBP1,proteostasis,0.4899140812238008
D00_S1_C016_T012,regulatory,ATF4,stress_adaptation,0.46009597952464987
D00_S1_C016_T012,regulatory,NFkB,inflammation,0.3632997069786061
D00_S1_C017_T012,regulatory,XBP1,proteostasis,0.7261953041737731
D00_S1_C017_T012,regulatory,ATF4,stress_adaptation,0.6358652581132368
D00_S1_C017_T012,regulatory,NFkB,inflammation,0.5335184884395353
D00_S1_C018_T012,regulatory,XBP1,proteostasis,0.6196390131292469
D00_S1_C018_T012,regulatory,ATF4,stress_adaptation,0.5404501122802718
D00_S1_C018_T012,regulatory,NFkB,inflammation,0.4798839254810602
D00_S1_C019_T012,regulatory,XBP1,proteostasis,0.7302903408659376
D00_S1_C019_T012,regulatory,ATF4,stress_adaptation,0.6269946046309015
D00_S1_C019_T012,regulatory,NFkB,inflammation,0.5398317055888543
D00_S1_C020_T012,regulatory,XBP1,proteostasis,0.5185051101252485
D00_S1_C020_T012,regulatory,ATF4,stress_adaptation,0.504423143452874
D00_S1_C020_T012,regulatory,NFkB,inflammation,0.5063612722752613
D00_S1_C021_T012,regulatory,XBP1,proteostasis,0.7436334565545758
D00_S1_C021_T012,regulatory,ATF4,stress_adaptation,0.6495391143352863
D00_S1_C021_T012,regulatory,NFkB,inflammation,0.5729820960735095
D00_S1_C022_T012,regulatory,XBP1,proteostasis,0.6534587691517428
D00_S1_C022_T012,regulatory,ATF4,stress_adaptation,0.5575030778676408
D00_S1_C022_T012,regulatory,NFkB,inflammation,0.4421388169524354
D00_S1_C023_T012,regulatory,XBP1,proteostasis,0.7349763350695991
D00_S1_C023_T012,regulatory,ATF4,stress_adaptation,0.6433058318178279
D00_S1_C023_T012,regulatory,NFkB,inflammation,0.6298437118679976
D00_S1_C024_T012,regulatory,XBP1,proteostasis,0.3042659683609169
D00_S1_C024_T012,regulatory,ATF4,stress_adaptation,0.31334106712420207
D00_S1_C024_T012,regulatory,NFkB,inflammation,0.2870226047612363
D00_S1_C025_T012,regulatory,XBP1,proteostasis,0.7308808816905614
D00_S1_C025_T012,regulatory,ATF4,stress_adaptation,0.6159390842982742
D00_S1_C025_T012,regulatory,NFkB,inflammation,0.624064480998785
D00_S1_C026_T012,regulatory,XBP1,proteostasis,0.44420488226700117
D00_S1_C026_T012,regulatory,ATF4,stress_adaptation,0.4229297807520368
D00_S1_C026_T012,regulatory,NFkB,inflammation,0.437873616161948
D00_S1_C027_T012,regulatory,XBP1,proteostasis,0.7529631529156101
D00_S1_C027_T012,regulatory,ATF4,stress_adaptation,0.662319377679129
D00_S1_C027_T012,regulatory,NFkB,inflammation,0.48875038159054396
D00_S1_C028_T012,regulatory,XBP1,proteostasis,0.5634014199828139
D00_S1_C028_T012,regulatory,ATF4,stress_adaptation,0.5137040211114688
D00_S1_C028_T012,regulatory,NFkB,inflammation,0.5225752351202304
D00_S1_C029_T012,regulatory,XBP1,proteostasis,0.6356551986558703
D00_S1_C029_T012,regulatory,ATF4,stress_adaptation,0.5408535913516715
D00_S1_C029_T012,regulatory,NFkB,inflammation,0.45061095842742815
D00_S1_C030_T012,regulatory,XBP1,proteostasis,0.6676065181725311
D00_S1_C030_T012,regulatory,ATF4,stress_adaptation,0.6041579699880193
D00_S1_C030_T012,regulatory,NFkB,inflammation,0.5171002616108765
D00_S1_C031_T012,regulatory,XBP1,proteostasis,0.4269923911149695
D00_S1_C031_T012,regulatory,ATF4,stress_adaptation,0.37392334030646834
D00_S1_C031_T012,regulatory,NFkB,inflammation,0.4737144399406431
D00_S1_C032_T012,regulatory,XBP1,proteostasis,0.37104155579470727
D00_S1_C032_T012,regulatory,ATF4,stress_adaptation,0.35609050259745845
D00_S1_C032_T012,regulatory,NFkB,inflammation,0.4506352884857706
D00_S1_C033_T012,regulatory,XBP1,proteostasis,0.6199368735095916
D00_S1_C033_T012,regulatory,ATF4,stress_adaptation,0.5390213543529108
D00_S1_C033_T012,regulatory,NFkB,inflammation,0.42688802561908135
D00_S1_C034_T012,regulatory,XBP1,proteostasis,0.5323423090191648
D00_S1_C034_T012,regulatory,ATF4,stress_adaptation,0.4523020993390168
D00_S1_C034_T012,regulatory,NFkB,inflammation,0.3967704975332478
D00_S1_C035_T012,regulatory,XBP1,proteostasis,0.5538726087323965
D00_S1_C035_T012,regulatory,ATF4,stress_adaptation,0.5125072152456878
D00_S1_C035_T012,regulatory,NFkB,inflammation,0.5176024977492117
D00_S1_C000_T024,regulatory,XBP1,proteostasis,0.3988074171764017
D00_S1_C000_T024,regulatory,ATF4,stress_adaptation,0.4167177124281558
D00_S1_C000_T024,regulatory,NFkB,inflammation,0.5714930365666765
D00_S1_C001_T024,regulatory,XBP1,proteostasis,0.6490447611872616
D00_S1_C001_T024,regulatory,ATF4,stress_adaptation,0.6129137066584691
D00_S1_C001_T024,regulatory,NFkB,inflammation,0.6490597966222587
D00_S1_C002_T024,regulatory,XBP1,proteostasis,0.7476550823550266
D00_S1_C002_T024,regulatory,ATF4,stress_adaptation,0.696734870474832
D00_S1_C002_T024,regulatory,NFkB,inflammation,0.6407068162902517
D00_S1_C003_T024,regulatory,XBP1,proteostasis,0.6716428939558483
D00_S1_C003_T024,regulatory,ATF4,stress_adaptation,0.6576385868193385
D00_S1_C003_T024,regulatory,NFkB,inflammation,0.638345400036722
D00_S1_C004_T024,regulatory,XBP1,proteostasis,0.7135802425765583
D00_S1_C004_T024,regulatory,ATF4,stress_adaptation,0.6813774838315672
D00_S1_C004_T024,regulatory,NFkB,inflammation,0.7381157465618216
D00_S1_C005_T024,regulatory,XBP1,proteostasis,0.5379052027444055
D00_S1_C005_T024,regulatory,ATF4,stress_adaptation,0.518129336848221
D00_S1_C005_T024,regulatory,NFkB,inflammation,0.5386990072416931
D00_S1_C006_T024,regulatory,XBP1,proteostasis,0.5678536575458456
D00_S1_C006_T024,regulatory,ATF4,stress_adaptation,0.6099549984773676
D00_S1_C006_T024,regulatory,NFkB,inflammation,0.6223005386047122
D00_S1_C007_T024,regulatory,XBP1,proteostasis,0.8266130959330771
D00_S1_C007_T024,regulatory,ATF4,stress_adaptation,0.727703516113215
D00_S1_C007_T024,regulatory,NFkB,inflammation,0.8198273077023932
D00_S1_C008_T024,regulatory,XBP1,proteostasis,0.9588548051037524
D00_S1_C008_T024,regulatory,ATF4,stress_adaptation,0.8592201330085858
D00_S1_C008_T024,regulatory,NFkB,inflammation,0.6929122838054054
D00_S1_C009_T024,regulatory,XBP1,proteostasis,0.8279291835845861
D00_S1_C009_T024,regulatory,ATF4,stress_adaptation,0.7671946938665681
D00_S1_C009_T024,regulatory,NFkB,inflammation,0.7780396820734315
D00_S1_C010_T024,regulatory,XBP1,proteostasis,0.7819832365010332
D00_S1_C010_T024,regulatory,ATF4,stress_adaptation,0.710964928557258
D00_S1_C010_T024,regulatory,NFkB,inflammation,0.7311749790618961
D00_S1_C011_T024,regulatory,XBP1,proteostasis,0.7884683474454004
D00_S1_C011_T024,regulatory,ATF4,stress_adaptation,0.7516899112197061
D00_S1_C011_T024,regulatory,NFkB,inflammation,0.7782110684854584
D00_S1_C012_T024,regulatory,XBP1,proteostasis,0.6196563973322475
D00_S1_C012_T024,regulatory,ATF4,stress_adaptation,0.6565594457145402
D00_S1_C012_T024,regulatory,NFkB,inflammation,0.7005795498196064
D00_S1_C013_T024,regulatory,XBP1,proteostasis,0.4328883734577006
D00_S1_C013_T024,regulatory,ATF4,stress_adaptation,0.474841901066579
D00_S1_C013_T024,regulatory,NFkB,inflammation,0.6325848554083215
D00_S1_C014_T024,regulatory,XBP1,proteostasis,0.8031205884065983
D00_S1_C014_T024,regulatory,ATF4,stress_adaptation,0.6898243503315992
D00_S1_C014_T024,regulatory,NFkB,inflammation,0.6811526123324493
D00_S1_C015_T024,regulatory,XBP1,proteostasis,0.7813716198907958
D00_S1_C015_T024,regulatory,ATF4,stress_adaptation,0.710239523509095
D00_S1_C015_T024,regulatory,NFkB,inflammation,0.663850177314716
D00_S1_C016_T024,regulatory,XBP1,proteostasis,0.5924473394321343
D00_S1_C016_T024,regulatory,ATF4,stress_adaptation,0.6071616946569729
D00_S1_C016_T024,regulatory,NFkB,inflammation,0.5744712697872931
D00_S1_C017_T024,regulatory,XBP1,proteostasis,0.7960963012851461
D00_S1_C017_T024,regulatory,ATF4,stress_adaptation,0.776715162615931
D00_S1_C017_T024,regulatory,NFkB,inflammation,0.7285380644916137
D00_S1_C018_T024,regulatory,XBP1,proteostasis,0.7625626221998507
D00_S1_C018_T024,regulatory,ATF4,stress_adaptation,0.7304748546422792
D00_S1_C018_T024,regulatory,NFkB,inflammation,0.7133310444601448
D00_S1_C019_T024,regulatory,XBP1,proteostasis,0.8374904528710763
D00_S1_C019_T024,regulatory,ATF4,stress_adaptation,0.789979350477028
D00_S1_C019_T024,regulatory,NFkB,inflammation,0.7526824108823338
D00_S1_C020_T024,regulatory,XBP1,proteostasis,0.606477351585012
D00_S1_C020_T024,regulatory,ATF4,stress_adaptation,0.6482547205686437
D00_S1_C020_T024,regulatory,NFkB,inflammation,0.7230710843912469
D00_S1_C021_T024,regulatory,XBP1,proteostasis,0.8325578941525306
D00_S1_C021_T024,regulatory,ATF4,stress_adaptation,0.7591815123883316
D00_S1_C021_T024,regulatory,NFkB,inflammation,0.7767461321506206
D00_S1_C022_T024,regulatory,XBP1,proteostasis,0.8280944050486142
D00_S1_C022_T024,regulatory,ATF4,stress_adaptation,0.7625618891683726
D00_S1_C022_T024,regulatory,NFkB,inflammation,0.6870575864334578
D00_S1_C023_T024,regulatory,XBP1,proteostasis,0.8153330792936765
D00_S1_C023_T024,regulatory,ATF4,stress_adaptation,0.781683340553442
D00_S1_C023_T024,regulatory,NFkB,inflammation,0.8369734117946148
D00_S1_C024_T024,regulatory,XBP1,proteostasis,0.45610604616656103
D00_S1_C024_T024,regulatory,ATF4,stress_adaptation,0.49126013113074285
D00_S1_C024_T024,regulatory,NFkB,inflammation,0.5180158507909377
D00_S1_C025_T024,regulatory,XBP1,proteostasis,0.8594960507463023
D00_S1_C025_T024,regulatory,ATF4,stress_adaptation,0.797254382961619
D00_S1_C025_T024,regulatory,NFkB,inflammation,0.8605931041702426
D00_S1_C026_T024,regulatory,XBP1,proteostasis,0.5425078215802743
D00_S1_C026_T024,regulatory,ATF4,stress_adaptation,0.5665808302794828
D00_S1_C026_T024,regulatory,NFkB,inflammation,0.580239503143447
D00_S1_C027_T024,regulatory,XBP1,proteostasis,0.8497811586036679
D00_S1_C027_T024,regulatory,ATF4,stress_adaptation,0.8321063476681019
D00_S1_C027_T024,regulatory,NFkB,inflammation,0.7057154134259923
D00_S1_C028_T024,regulatory,XBP1,proteostasis,0.7054489393648588
D00_S1_C028_T024,regulatory,ATF4,stress_adaptation,0.6848473923312819
D00_S1_C028_T024,regulatory,NFkB,inflammation,0.7075141841279144
D00_S1_C029_T024,regulatory,XBP1,proteostasis,0.7726639027329186
D00_S1_C029_T024,regulatory,ATF4,stress_adaptation,0.7025017045370706
D00_S1_C029_T024,regulatory,NFkB,inflammation,0.6752034141602551
D00_S1_C030_T024,regulatory,XBP1,proteostasis,0.7649733652851393
D00_S1_C030_T024,regulatory,ATF4,stress_adaptation,0.7520177690836729
D00_S1_C030_T024,regulatory,NFkB,inflammation,0.7049939211483399
D00_S1_C031_T024,regulatory,XBP1,proteostasis,0.5276342674924358
D00_S1_C031_T024,regulatory,ATF4,stress_adaptation,0.5153161236170226
D00_S1_C031_T024,regulatory,NFkB,inflammation,0.6779806963109337
D00_S1_C032_T024,regulatory,XBP1,proteostasis,0.5385870560154655
D00_S1_C032_T024,regulatory,ATF4,stress_adaptation,0.5284888176293565
D00_S1_C032_T024,regulatory,NFkB,inflammation,0.6220457543832407
D00_S1_C033_T024,regulatory,XBP1,proteostasis,0.7426714371563063
D00_S1_C033_T024,regulatory,ATF4,stress_adaptation,0.7189620594012802
D00_S1_C033_T024,regulatory,NFkB,inflammation,0.6298626329364181
D00_S1_C034_T024,regulatory,XBP1,proteostasis,0.6711605048047107
D00_S1_C034_T024,regulatory,ATF4,stress_adaptation,0.6237291080035727
D00_S1_C034_T024,regulatory,NFkB,inflammation,0.6174303904777717
D00_S1_C035_T024,regulatory,XBP1,proteostasis,0.6248447642021712
D00_S1_C035_T024,regulatory,ATF4,stress_adaptation,0.6317230930469027
D00_S1_C035_T024,regulatory,NFkB,inflammation,0.6971591259633538
D00_S1_C000_T048,regulatory,XBP1,proteostasis,0.6637486796915458
D00_S1_C000_T048,regulatory,ATF4,stress_adaptation,0.7836872456486137
D00_S1_C000_T048,regulatory,NFkB,inflammation,1.1736869058611956
D00_S1_C001_T048,regulatory,XBP1,proteostasis,0.9119060341157019
D00_S1_C001_T048,regulatory,ATF4,stress_adaptation,1.000792963367641
D00_S1_C001_T048,regulatory,NFkB,inflammation,1.2122581503042593
D00_S1_C002_T048,regulatory,XBP1,proteostasis,1.0261455343243377
D00_S1_C002_T048,regulatory,ATF4,stress_adaptation,1.0902681019922287
D00_S1_C002_T048,regulatory,NFkB,inflammation,1.2604872133175626
D00_S1_C003_T048,regulatory,XBP1,proteostasis,0.9530990194829957
D00_S1_C003_T048,regulatory,ATF4,stress_adaptation,1.038103666291701
D00_S1_C003_T048,regulatory,NFkB,inflammation,1.2705114975518241
D00_S1_C004_T048,regulatory,XBP1,proteostasis,0.9842419699556729
D00_S1_C004_T048,regulatory,ATF4,stress_adaptation,1.064772224851686
D00_S1_C004_T048,regulatory,NFkB,inflammation,1.3179088864800528
D00_S1_C005_T048,regulatory,XBP1,proteostasis,0.7998685742477118
D00_S1_C005_T048,regulatory,ATF4,stress_adaptation,0.8664727936829378
D00_S1_C005_T048,regulatory,NFkB,inflammation,1.170561900302442
D00_S1_C006_T048,regulatory,XBP1,proteostasis,0.8435230678171532
D00_S1_C006_T048,regulatory,ATF4,stress_adaptation,1.0226375105887089
D00_S1_C006_T048,regulatory,NFkB,inflammation,1.254585380517719
D00_S1_C007_T048,regulatory,XBP1,proteostasis,1.047593749796724
D00_S1_C007_T048,regulatory,ATF4,stress_adaptation,1.0787679833067192
D00_S1_C007_T048,regulatory,NFkB,inflammation,1.3464171874085258
D00_S1_C008_T048,regulatory,XBP1,proteostasis,1.2601658316018733
D00_S1_C008_T048,regulatory,ATF4,stress_adaptation,1.304025749098035
D00_S1_C008_T048,regulatory,NFkB,inflammation,1.425115174683047
D00_S1_C009_T048,regulatory,XBP1,proteostasis,1.049576522453779
D00_S1_C009_T048,regulatory,ATF4,stress_adaptation,1.139741682834161
D00_S1_C009_T048,regulatory,NFkB,inflammation,1.3473094351042005
D00_S1_C010_T048,regulatory,XBP1,proteostasis,0.9524420798533827
D00_S1_C010_T048,regulatory,ATF4,stress_adaptation,1.0153067645996119
D00_S1_C010_T048,regulatory,NFkB,inflammation,1.271391563076075
D00_S1_C011_T048,regulatory,XBP1,proteostasis,1.0561266684284984
D00_S1_C011_T048,regulatory,ATF4,stress_adaptation,1.16967777635292
D00_S1_C011_T048,regulatory,NFkB,inflammation,1.3502570007928243
D00_S1_C012_T048,regulatory,XBP1,proteostasis,0.859982947206883
D00_S1_C012_T048,regulatory,ATF4,stress_adaptation,1.047952830090557
D00_S1_C012_T048,regulatory,NFkB,inflammation,1.2619923262430972
D00_S1_C013_T048,regulatory,XBP1,proteostasis,0.6788587250736003
D00_S1_C013_T048,regulatory,ATF4,stress_adaptation,0.810505456123713
D00_S1_C013_T048,regulatory,NFkB,inflammation,1.18048642628312
D00_S1_C014_T048,regulatory,XBP1,proteostasis,1.0405532193212963
D00_S1_C014_T048,regulatory,ATF4,stress_adaptation,1.0476749065287039
D00_S1_C014_T048,regulatory,NFkB,inflammation,1.3206596981212817
D00_S1_C015_T048,regulatory,XBP1,proteostasis,1.0353726901111688
D00_S1_C015_T048,regulatory,ATF4,stress_adaptation,1.0784631968979608
D00_S1_C015_T048,regulatory,NFkB,inflammation,1.3274659541658447
D00_S1_C016_T048,regulatory,XBP1,proteostasis,0.9045246007380094
D00_S1_C016_T048,regulatory,ATF4,stress_adaptation,1.0269121753976047
D00_S1_C016_T048,regulatory,NFkB,inflammation,1.2512573218636378
D00_S1_C017_T048,regulatory,XBP1,proteostasis,1.0465693449250304
D00_S1_C017_T048,regulatory,ATF4,stress_adaptation,1.1566866098403996
D00_S1_C017_T048,regulatory,NFkB,inflammation,1.3459562052162637
D00_S1_C018_T048,regulatory,XBP1,proteostasis,0.9748015873394045
D00_S1_C018_T048,regulatory,ATF4,stress_adaptation,1.076594819821063
D00_S1_C018_T048,regulatory,NFkB,inflammation,1.3136607143027321
D00_S1_C019_T048,regulatory,XBP1,proteostasis,1.1197633820145134
D00_S1_C019_T048,regulatory,ATF4,stress_adaptation,1.221902916317597
D00_S1_C019_T048,regulatory,NFkB,inflammation,1.378893521906531
D00_S1_C020_T048,regulatory,XBP1,proteostasis,0.8739155210871817
D00_S1_C020_T048,regulatory,ATF4,stress_adaptation,1.0278086074047637
D00_S1_C020_T048,regulatory,NFkB,inflammation,1.2682619844892318
D00_S1_C021_T048,regulatory,XBP1,proteostasis,1.1088323555274269
D00_S1_C021_T048,regulatory,ATF4,stress_adaptation,1.1451098085654807
D00_S1_C021_T048,regulatory,NFkB,inflammation,1.373974559987342
D00_S1_C022_T048,regulatory,XBP1,proteostasis,1.0151675989479685
D00_S1_C022_T048,regulatory,ATF4,stress_adaptation,1.115770668890388
D00_S1_C022_T048,regulatory,NFkB,inflammation,1.2888993126967307
D00_S1_C023_T048,regulatory,XBP1,proteostasis,1.0827213863421195
D00_S1_C023_T048,regulatory,ATF4,stress_adaptation,1.2000653754373256
D00_S1_C023_T048,regulatory,NFkB,inflammation,1.3622246238539537
D00_S1_C024_T048,regulatory,XBP1,proteostasis,0.6883419699400125
D00_S1_C024_T048,regulatory,ATF4,stress_adaptation,0.8573773377015405
D00_S1_C024_T048,regulatory,NFkB,inflammation,1.1547580527335826
D00_S1_C025_T048,regulatory,XBP1,proteostasis,1.1461097993341764
D00_S1_C025_T048,regulatory,ATF4,stress_adaptation,1.2070850270434281
D00_S1_C025_T048,regulatory,NFkB,inflammation,1.3907494097003794
D00_S1_C026_T048,regulatory,XBP1,proteostasis,0.7549015432298042
D00_S1_C026_T048,regulatory,ATF4,stress_adaptation,0.9440479541722453
D00_S1_C026_T048,regulatory,NFkB,inflammation,1.175464833923357
D00_S1_C027_T048,regulatory,XBP1,proteostasis,1.1436287738510142
D00_S1_C027_T048,regulatory,ATF4,stress_adaptation,1.2619510528225943
D00_S1_C027_T048,regulatory,NFkB,inflammation,1.3896329482329564
D00_S1_C028_T048,regulatory,XBP1,proteostasis,0.9196983620378036
D00_S1_C028_T048,regulatory,ATF4,stress_adaptation,1.0369414040493612
D00_S1_C028_T048,regulatory,NFkB,inflammation,1.2888642629170117
D00_S1_C029_T048,regulatory,XBP1,proteostasis,0.9471041325843096
D00_S1_C029_T048,regulatory,ATF4,stress_adaptation,1.0387865333677158
D00_S1_C029_T048,regulatory,NFkB,inflammation,1.2729673281897216
D00_S1_C030_T048,regulatory,XBP1,proteostasis,1.0195311406081609
D00_S1_C030_T048,regulatory,ATF4,stress_adaptation,1.148102105053682
D00_S1_C030_T048,regulatory,NFkB,inflammation,1.3337890132736723
D00_S1_C031_T048,regulatory,XBP1,proteostasis,0.7725807362324625
D00_S1_C031_T048,regulatory,ATF4,stress_adaptation,0.8730115076749527
D00_S1_C031_T048,regulatory,NFkB,inflammation,1.2226613313046082
D00_S1_C032_T048,regulatory,XBP1,proteostasis,0.7569317969628551
D00_S1_C032_T048,regulatory,ATF4,stress_adaptation,0.8598385480068764
D00_S1_C032_T048,regulatory,NFkB,inflammation,1.158353529831768
D00_S1_C033_T048,regulatory,XBP1,proteostasis,0.9569114113179531
D00_S1_C033_T048,regulatory,ATF4,stress_adaptation,1.0298547006036711
D00_S1_C033_T048,regulatory,NFkB,inflammation,1.1870940650245467
D00_S1_C034_T048,regulatory,XBP1,proteostasis,0.9552566095795251
D00_S1_C034_T048,regulatory,ATF4,stress_adaptation,1.03968466104514
D00_S1_C034_T048,regulatory,NFkB,inflammation,1.2976420990720046
D00_S1_C035_T048,regulatory,XBP1,proteostasis,0.8423320776884462
D00_S1_C035_T048,regulatory,ATF4,stress_adaptation,0.9742723870661809
D00_S1_C035_T048,regulatory,NFkB,inflammation,1.2540494349598008
D01_S0_C000_T000,regulatory,XBP1,proteostasis,0.42428745203949314
D01_S0_C000_T000,regulatory,ATF4,stress_adaptation,0.36766654430212037
D01_S0_C000_T000,regulatory,NFkB,inflammation,0.35922729464635933
D01_S0_C001_T000,regulatory,XBP1,proteostasis,0.6626409639827707
D01_S0_C001_T000,regulatory,ATF4,stress_adaptation,0.5712490708781731
D01_S0_C001_T000,regulatory,NFkB,inflammation,0.4360587858806276
D01_S0_C002_T000,regulatory,XBP1,proteostasis,0.6166406954782923
D01_S0_C002_T000,regulatory,ATF4,stress_adaptation,0.4978978426299673
D01_S0_C002_T000,regulatory,NFkB,inflammation,0.46226720784492814
D01_S0_C003_T000,regulatory,XBP1,proteostasis,0.5713624772010181
D01_S0_C003_T000,regulatory,ATF4,stress_adaptation,0.5022790469691039
D01_S0_C003_T000,regulatory,NFkB,inflammation,0.36581169184315315
D01_S0_C004_T000,regulatory,XBP1,proteostasis,0.5266693635886364
D01_S0_C004_T000,regulatory,ATF4,stress_adaptation,0.44343384482233084
D01_S0_C004_T000,regulatory,NFkB,inflammation,0.24158510035043632
D01_S0_C005_T000,regulatory,XBP1,proteostasis,0.4958907043495011
D01_S0_C005_T000,regulatory,ATF4,stress_adaptation,0.4675155929419001
D01_S0_C005_T000,regulatory,NFkB,inflammation,0.34575063813070794
D01_S0_C006_T000,regulatory,XBP1,proteostasis,0.6909471588149382
D01_S0_C006_T000,regulatory,ATF4,stress_adaptation,0.5318845939377359
D01_S0_C006_T000,regulatory,NFkB,inflammation,0.5296501844837457
D01_S0_C007_T000,regulatory,XBP1,proteostasis,0.38683702964289723
D01_S0_C007_T000,regulatory,ATF4,stress_adaptation,0.3774870980650171
D01_S0_C007_T000,regulatory,NFkB,inflammation,0.2815491998290295
D01_S0_C008_T000,regulatory,XBP1,proteostasis,0.5676514502516119
D01_S0_C008_T000,regulatory,ATF4,stress_adaptation,0.4552354680525235
D01_S0_C008_T000,regulatory,NFkB,inflammation,0.4138596173574609
D01_S0_C009_T000,regulatory,XBP1,proteostasis,0.4476723225432681
D01_S0_C009_T000,regulatory,ATF4,stress_adaptation,0.4203799896275048
D01_S0_C009_T000,regulatory,NFkB,inflammation,0.30238942657361734
D01_S0_C010_T000,regulatory,XBP1,proteostasis,0.2440815014706665
D01_S0_C010_T000,regulatory,ATF4,stress_adaptation,0.2557540602764238
D01_S0_C010_T000,regulatory,NFkB,inflammation,0.1447886537398793
D01_S0_C011_T000,regulatory,XBP1,proteostasis,0.4062348854055895
D01_S0_C011_T000,regulatory,ATF4,stress_adaptation,0.3891772901366624
D01_S0_C011_T000,regulatory,NFkB,inflammation,0.30522539316381725
D01_S0_C012_T000,regulatory,XBP1,proteostasis,0.4255374975716383
D01_S0_C012_T000,regulatory,ATF4,stress_adaptation,0.3607305100524215
D01_S0_C012_T000,regulatory,NFkB,inflammation,0.36371348053175073
D01_S0_C013_T000,regulatory,XBP1,proteostasis,0.44204721458705215
D01_S0_C013_T000,regulatory,ATF4,stress_adaptation,0.4074135011509627
D01_S0_C013_T000,regulatory,NFkB,inflammation,0.3794612632251545
D01_S0_C014_T000,regulatory,XBP1,proteostasis,0.5433654542670783
D01_S0_C014_T000,regulatory,ATF4,stress_adaptation,0.4951959531237028
D01_S0_C014_T000,regulatory,NFkB,inflammation,0.3628436343454426
D01_S0_C015_T000,regulatory,XBP1,proteostasis,0.45467422878189934
D01_S0_C015_T000,regulatory,ATF4,stress_adaptation,0.4034872933573349
D01_S0_C015_T000,regulatory,NFkB,inflammation,0.23120024489703692
D01_S0_C016_T000,regulatory,XBP1,proteostasis,0.7312077266887771
D01_S0_C016_T000,regulatory,ATF4,stress_adaptation,0.5804692107868695
D01_S0_C016_T000,regulatory,NFkB,inflammation,0.518037048105224
D01_S0_C017_T000,regulatory,XBP1,proteostasis,0.5045401342118354
D01_S0_C017_T000,regulatory,ATF4,stress_adaptation,0.4080172876608055
D01_S0_C017_T000,regulatory,NFkB,inflammation,0.28371250147974353
D01_S0_C018_T000,regulatory,XBP1,proteostasis,0.4507348257243497
D01_S0_C018_T000,regulatory,ATF4,stress_adaptation,0.37569261469235765
D01_S0_C018_T000,regulatory,NFkB,inflammation,0.23092038054612668
D01_S0_C019_T000,regulatory,XBP1,proteostasis,0.8048213116488383
D01_S0_C019_T000,regulatory,ATF4,stress_adaptation,0.6469114228911811
D01_S0_C019_T000,regulatory,NFkB,inflammation,0.4719563228979254
D01_S0_C020_T000,regulatory,XBP1,proteostasis,0.5880857902757488
D01_S0_C020_T000,regulatory,ATF4,stress_adaptation,0.48513321496925405
D01_S0_C020_T000,regulatory,NFkB,inflammation,0.5149680088329411
D01_S0_C021_T000,regulatory,XBP1,proteostasis,0.3216782168901192
D01_S0_C021_T000,regulatory,ATF4,stress_adaptation,0.3236694459890661
D01_S0_C021_T000,regulatory,NFkB,inflammation,0.1907118424727593
D01_S0_C022_T000,regulatory,XBP1,proteostasis,0.8274036390317117
D01_S0_C022_T000,regulatory,ATF4,stress_adaptation,0.6805251891058133
D01_S0_C022_T000,regulatory,NFkB,inflammation,0.5051096314054113
D01_S0_C023_T000,regulatory,XBP1,proteostasis,0.4456152994478297
D01_S0_C023_T000,regulatory,ATF4,stress_adaptation,0.40786541481901056
D01_S0_C023_T000,regulatory,NFkB,inflammation,0.3165192263727304
D01_S0_C024_T000,regulatory,XBP1,proteostasis,0.557539801444681
D01_S0_C024_T000,regulatory,ATF4,stress_adaptation,0.4640432887597913
D01_S0_C024_T000,regulatory,NFkB,inflammation,0.27371160282569884
D01_S0_C025_T000,regulatory,XBP1,proteostasis,0.499316273120708
D01_S0_C025_T000,regulatory,ATF4,stress_adaptation,0.444257957502502
D01_S0_C025_T000,regulatory,NFkB,inflammation,0.31560602860399767
D01_S0_C026_T000,regulatory,XBP1,proteostasis,0.546803210310065
D01_S0_C026_T000,regulatory,ATF4,stress_adaptation,0.4589283220833502
D01_S0_C026_T000,regulatory,NFkB,inflammation,0.36203690919426135
D01_S0_C027_T000,regulatory,XBP1,proteostasis,0.733697898574171
D01_S0_C027_T000,regulatory,ATF4,stress_adaptation,0.6293999078366371
D01_S0_C027_T000,regulatory,NFkB,inflammation,0.4486217322229069
D01_S0_C028_T000,regulatory,XBP1,proteostasis,0.6266571783702509
D01_S0_C028_T000,regulatory,ATF4,stress_adaptation,0.48125317511807447
D01_S0_C028_T000,regulatory,NFkB,inflammation,0.2934721904635812
D01_S0_C029_T000,regulatory,XBP1,proteostasis,0.7008684709531694
D01_S0_C029_T000,regulatory,ATF4,stress_adaptation,0.6027263436023331
D01_S0_C029_T000,regulatory,NFkB,inflammation,0.434556484957009
D01_S0_C030_T000,regulatory,XBP1,proteostasis,0.744074373909975
D01_S0_C030_T000,regulatory,ATF4,stress_adaptation,0.6142220278820931
D01_S0_C030_T000,regulatory,NFkB,inflammation,0.4629862453368303
D01_S0_C031_T000,regulatory,XBP1,proteostasis,0.587262630057236
D01_S0_C031_T000,regulatory,ATF4,stress_adaptation,0.5293214907387636
D01_S0_C031_T000,regulatory,NFkB,inflammation,0.38319526311638147
D01_S0_C032_T000,regulatory,XBP1,proteostasis,0.6880890242088321
D01_S0_C032_T000,regulatory,ATF4,stress_adaptation,0.5171459142675535
D01_S0_C032_T000,regulatory,NFkB,inflammation,0.5313535987190544
D01_S0_C033_T000,regulatory,XBP1,proteostasis,0.5216531219854695
D01_S0_C033_T000,regulatory,ATF4,stress_adaptation,0.4358082988208778
D01_S0_C033_T000,regulatory,NFkB,inflammation,0.38808250445565784
D01_S0_C034_T000,regulatory,XBP1,proteostasis,0.469550278776592
D01_S0_C034_T000,regulatory,ATF4,stress_adaptation,0.46583110158753205
D01_S0_C034_T000,regulatory,NFkB,inflammation,0.3366783333161578
D01_S0_C035_T000,regulatory,XBP1,proteostasis,0.6807789065833824
D01_S0_C035_T000,regulatory,ATF4,stress_adaptation,0.5620009925106053
D01_S0_C035_T000,regulatory,NFkB,inflammation,0.4076321887508686
D01_S0_C000_T012,regulatory,XBP1,proteostasis,0.49249442648125313
D01_S0_C000_T012,regulatory,ATF4,stress_adaptation,0.489155225073708
D01_S0_C000_T012,regulatory,NFkB,inflammation,0.45238949427708897
D01_S0_C001_T012,regulatory,XBP1,proteostasis,0.7593097152931784
D01_S0_C001_T012,regulatory,ATF4,stress_adaptation,0.6981765620569214
D01_S0_C001_T012,regulatory,NFkB,inflammation,0.5556055400372992
D01_S0_C002_T012,regulatory,XBP1,proteostasis,0.7898585942646164
D01_S0_C002_T012,regulatory,ATF4,stress_adaptation,0.7044375203043584
D01_S0_C002_T012,regulatory,NFkB,inflammation,0.5815865134869361
D01_S0_C003_T012,regulatory,XBP1,proteostasis,0.7178433720901205
D01_S0_C003_T012,regulatory,ATF4,stress_adaptation,0.6753108971971021
D01_S0_C003_T012,regulatory,NFkB,inflammation,0.5300697148911206
D01_S0_C004_T012,regulatory,XBP1,proteostasis,0.5967090349406522
D01_S0_C004_T012,regulatory,ATF4,stress_adaptation,0.5629027717265146
D01_S0_C004_T012,regulatory,NFkB,inflammation,0.35788718106107
D01_S0_C005_T012,regulatory,XBP1,proteostasis,0.5491889593528003
D01_S0_C005_T012,regulatory,ATF4,stress_adaptation,0.5638896653661574
D01_S0_C005_T012,regulatory,NFkB,inflammation,0.4679115155097351
D01_S0_C006_T012,regulatory,XBP1,proteostasis,0.8158987796126403
D01_S0_C006_T012,regulatory,ATF4,stress_adaptation,0.7122419532409919
D01_S0_C006_T012,regulatory,NFkB,inflammation,0.6383710557650817
D01_S0_C007_T012,regulatory,XBP1,proteostasis,0.5137792708497546
D01_S0_C007_T012,regulatory,ATF4,stress_adaptation,0.5260752003981716
D01_S0_C007_T012,regulatory,NFkB,inflammation,0.43666086045486024
D01_S0_C008_T012,regulatory,XBP1,proteostasis,0.7495424999071529
D01_S0_C008_T012,regulatory,ATF4,stress_adaptation,0.6681677467402592
D01_S0_C008_T012,regulatory,NFkB,inflammation,0.5750699655316917
D01_S0_C009_T012,regulatory,XBP1,proteostasis,0.5656564288568449
D01_S0_C009_T012,regulatory,ATF4,stress_adaptation,0.562587493880413
D01_S0_C009_T012,regulatory,NFkB,inflammation,0.5103637983666727
D01_S0_C010_T012,regulatory,XBP1,proteostasis,0.3343317472616564
D01_S0_C010_T012,regulatory,ATF4,stress_adaptation,0.39579013760523096
D01_S0_C010_T012,regulatory,NFkB,inflammation,0.31033550511116975
D01_S0_C011_T012,regulatory,XBP1,proteostasis,0.529993415019115
D01_S0_C011_T012,regulatory,ATF4,stress_adaptation,0.5285105863954029
D01_S0_C011_T012,regulatory,NFkB,inflammation,0.45473179722461177
D01_S0_C012_T012,regulatory,XBP1,proteostasis,0.524859999874486
D01_S0_C012_T012,regulatory,ATF4,stress_adaptation,0.48346621836614634
D01_S0_C012_T012,regulatory,NFkB,inflammation,0.42867672544250857
D01_S0_C013_T012,regulatory,XBP1,proteostasis,0.5312087778179834
D01_S0_C013_T012,regulatory,ATF4,stress_adaptation,0.5332834325508415
D01_S0_C013_T012,regulatory,NFkB,inflammation,0.5016810111078152
D01_S0_C014_T012,regulatory,XBP1,proteostasis,0.6783209775372392
D01_S0_C014_T012,regulatory,ATF4,stress_adaptation,0.6453291968831175
D01_S0_C014_T012,regulatory,NFkB,inflammation,0.5505981434857253
D01_S0_C015_T012,regulatory,XBP1,proteostasis,0.5303754906315201
D01_S0_C015_T012,regulatory,ATF4,stress_adaptation,0.5274473934004424
D01_S0_C015_T012,regulatory,NFkB,inflammation,0.35890255581435765
D01_S0_C016_T012,regulatory,XBP1,proteostasis,0.8590656772570124
D01_S0_C016_T012,regulatory,ATF4,stress_adaptation,0.7648012604118977
D01_S0_C016_T012,regulatory,NFkB,inflammation,0.6389791617290173
D01_S0_C017_T012,regulatory,XBP1,proteostasis,0.5817221643988353
D01_S0_C017_T012,regulatory,ATF4,stress_adaptation,0.5505765533193232
D01_S0_C017_T012,regulatory,NFkB,inflammation,0.36930085711913624
D01_S0_C018_T012,regulatory,XBP1,proteostasis,0.630127199694353
D01_S0_C018_T012,regulatory,ATF4,stress_adaptation,0.5814928876781094
D01_S0_C018_T012,regulatory,NFkB,inflammation,0.37269245651818594
D01_S0_C019_T012,regulatory,XBP1,proteostasis,0.90017665679833
D01_S0_C019_T012,regulatory,ATF4,stress_adaptation,0.7736121545490828
D01_S0_C019_T012,regulatory,NFkB,inflammation,0.6087312563103842
D01_S0_C020_T012,regulatory,XBP1,proteostasis,0.7530096474656683
D01_S0_C020_T012,regulatory,ATF4,stress_adaptation,0.6889164444979644
D01_S0_C020_T012,regulatory,NFkB,inflammation,0.6434491509456342
D01_S0_C021_T012,regulatory,XBP1,proteostasis,0.4419929000236515
D01_S0_C021_T012,regulatory,ATF4,stress_adaptation,0.4840807466154221
D01_S0_C021_T012,regulatory,NFkB,inflammation,0.3567944020525927
D01_S0_C022_T012,regulatory,XBP1,proteostasis,0.9189468578071527
D01_S0_C022_T012,regulatory,ATF4,stress_adaptation,0.8365332783489163
D01_S0_C022_T012,regulatory,NFkB,inflammation,0.6262076424954802
D01_S0_C023_T012,regulatory,XBP1,proteostasis,0.5233584129350001
D01_S0_C023_T012,regulatory,ATF4,stress_adaptation,0.5279684081735959
D01_S0_C023_T012,regulatory,NFkB,inflammation,0.4720222688689296
D01_S0_C024_T012,regulatory,XBP1,proteostasis,0.7028672007574871
D01_S0_C024_T012,regulatory,ATF4,stress_adaptation,0.6589509162181684
D01_S0_C024_T012,regulatory,NFkB,inflammation,0.42004623573880484
D01_S0_C025_T012,regulatory,XBP1,proteostasis,0.6542741133087331
D01_S0_C025_T012,regulatory,ATF4,stress_adaptation,0.6063255794129063
D01_S0_C025_T012,regulatory,NFkB,inflammation,0.4706773773560492
D01_S0_C026_T012,regulatory,XBP1,proteostasis,0.6495282509839442
D01_S0_C026_T012,regulatory,ATF4,stress_adaptation,0.5947948111440009
D01_S0_C026_T012,regulatory,NFkB,inflammation,0.5143395006783058
D01_S0_C027_T012,regulatory,XBP1,proteostasis,0.8077938553351981
D01_S0_C027_T012,regulatory,ATF4,stress_adaptation,0.7497141897787934
D01_S0_C027_T012,regulatory,NFkB,inflammation,0.6107451533350461
D01_S0_C028_T012,regulatory,XBP1,proteostasis,0.7640254612500705
D01_S0_C028_T012,regulatory,ATF4,stress_adaptation,0.6495207056197164
D01_S0_C028_T012,regulatory,NFkB,inflammation,0.4343749588069293
D01_S0_C029_T012,regulatory,XBP1,proteostasis,0.8475448915703063
D01_S0_C029_T012,regulatory,ATF4,stress_adaptation,0.7794300594062701
D01_S0_C029_T012,regulatory,NFkB,inflammation,0.6397806002278148
D01_S0_C030_T012,regulatory,XBP1,proteostasis,0.8162235499508169
D01_S0_C030_T012,regulatory,ATF4,stress_adaptation,0.7430163641649252
D01_S0_C030_T012,regulatory,NFkB,inflammation,0.6147368465906677
D01_S0_C031_T012,regulatory,XBP1,proteostasis,0.72350969715132
D01_S0_C031_T012,regulatory,ATF4,stress_adaptation,0.704887323340856
D01_S0_C031_T012,regulatory,NFkB,inflammation,0.5789500907337439
D01_S0_C032_T012,regulatory,XBP1,proteostasis,0.8150048795560038
D01_S0_C032_T012,regulatory,ATF4,stress_adaptation,0.685832674624524
D01_S0_C032_T012,regulatory,NFkB,inflammation,0.6479523636958718
D01_S0_C033_T012,regulatory,XBP1,proteostasis,0.6598057787730479
D01_S0_C033_T012,regulatory,ATF4,stress_adaptation,0.6083573927242034
D01_S0_C033_T012,regulatory,NFkB,inflammation,0.5494376755860255
D01_S0_C034_T012,regulatory,XBP1,proteostasis,0.5446459725731895
D01_S0_C034_T012,regulatory,ATF4,stress_adaptation,0.5816356024278293
D01_S0_C034_T012,regulatory,NFkB,inflammation,0.49913531763189456
D01_S0_C035_T012,regulatory,XBP1,proteostasis,0.7574235682070201
D01_S0_C035_T012,regulatory,ATF4,stress_adaptation,0.6689137376180977
D01_S0_C035_T012,regulatory,NFkB,inflammation,0.5493373531497576
D01_S0_C000_T024,regulatory,XBP1,proteostasis,0.6959783743138797
D01_S0_C000_T024,regulatory,ATF4,stress_adaptation,0.7437640509369565
D01_S0_C000_T024,regulatory,NFkB,inflammation,0.7200312552911393
D01_S0_C001_T024,regulatory,XBP1,proteostasis,0.892917542016734
D01_S0_C001_T024,regulatory,ATF4,stress_adaptation,0.8925033427196737
D01_S0_C001_T024,regulatory,NFkB,inflammation,0.781185526727871
D01_S0_C002_T024,regulatory,XBP1,proteostasis,0.9550309492676176
D01_S0_C002_T024,regulatory,ATF4,stress_adaptation,0.9133354000633844
D01_S0_C002_T024,regulatory,NFkB,inflammation,0.7610472857517792
D01_S0_C003_T024,regulatory,XBP1,proteostasis,0.8600512871268305
D01_S0_C003_T024,regulatory,ATF4,stress_adaptation,0.8796937813147135
D01_S0_C003_T024,regulatory,NFkB,inflammation,0.7462537825993936
D01_S0_C004_T024,regulatory,XBP1,proteostasis,0.7497888070255327
D01_S0_C004_T024,regulatory,ATF4,stress_adaptation,0.7708531956875272
D01_S0_C004_T024,regulatory,NFkB,inflammation,0.5636936585039356
D01_S0_C005_T024,regulatory,XBP1,proteostasis,0.715636932228414
D01_S0_C005_T024,regulatory,ATF4,stress_adaptation,0.7497368142931522
D01_S0_C005_T024,regulatory,NFkB,inflammation,0.6797186659962364
D01_S0_C006_T024,regulatory,XBP1,proteostasis,1.0052383763887127
D01_S0_C006_T024,regulatory,ATF4,stress_adaptation,0.9533504981269953
D01_S0_C006_T024,regulatory,NFkB,inflammation,0.8683261851035657
D01_S0_C007_T024,regulatory,XBP1,proteostasis,0.6809106719600636
D01_S0_C007_T024,regulatory,ATF4,stress_adaptation,0.7390591019224445
D01_S0_C007_T024,regulatory,NFkB,inflammation,0.6972734025591351
D01_S0_C008_T024,regulatory,XBP1,proteostasis,0.8756328087914531
D01_S0_C008_T024,regulatory,ATF4,stress_adaptation,0.8633218562464942
D01_S0_C008_T024,regulatory,NFkB,inflammation,0.7785580247372118
D01_S0_C009_T024,regulatory,XBP1,proteostasis,0.712927298808871
D01_S0_C009_T024,regulatory,ATF4,stress_adaptation,0.7499757136971831
D01_S0_C009_T024,regulatory,NFkB,inflammation,0.7559219983154322
D01_S0_C010_T024,regulatory,XBP1,proteostasis,0.5225642697313836
D01_S0_C010_T024,regulatory,ATF4,stress_adaptation,0.6247978029360444
D01_S0_C010_T024,regulatory,NFkB,inflammation,0.5825950981085364
D01_S0_C011_T024,regulatory,XBP1,proteostasis,0.6378229951489293
D01_S0_C011_T024,regulatory,ATF4,stress_adaptation,0.6807945904505739
D01_S0_C011_T024,regulatory,NFkB,inflammation,0.7009563157975145
D01_S0_C012_T024,regulatory,XBP1,proteostasis,0.6540648867427213
D01_S0_C012_T024,regulatory,ATF4,stress_adaptation,0.6611409158325808
D01_S0_C012_T024,regulatory,NFkB,inflammation,0.5742689277574684
D01_S0_C013_T024,regulatory,XBP1,proteostasis,0.6940320430516544
D01_S0_C013_T024,regulatory,ATF4,stress_adaptation,0.7559332791307314
D01_S0_C013_T024,regulatory,NFkB,inflammation,0.7431138205761334
D01_S0_C014_T024,regulatory,XBP1,proteostasis,0.7910095767099771
D01_S0_C014_T024,regulatory,ATF4,stress_adaptation,0.8171372699131357
D01_S0_C014_T024,regulatory,NFkB,inflammation,0.777749545510293
D01_S0_C015_T024,regulatory,XBP1,proteostasis,0.7436928007594399
D01_S0_C015_T024,regulatory,ATF4,stress_adaptation,0.7618981686555468
D01_S0_C015_T024,regulatory,NFkB,inflammation,0.588802895725195
D01_S0_C016_T024,regulatory,XBP1,proteostasis,1.077116062315355
D01_S0_C016_T024,regulatory,ATF4,stress_adaptation,1.0145657651842774
D01_S0_C016_T024,regulatory,NFkB,inflammation,0.9198585467766471
D01_S0_C017_T024,regulatory,XBP1,proteostasis,0.7459731210393294
D01_S0_C017_T024,regulatory,ATF4,stress_adaptation,0.7581513105546422
D01_S0_C017_T024,regulatory,NFkB,inflammation,0.5478237280041143
D01_S0_C018_T024,regulatory,XBP1,proteostasis,0.7979772916181438
D01_S0_C018_T024,regulatory,ATF4,stress_adaptation,0.7943357836191631
D01_S0_C018_T024,regulatory,NFkB,inflammation,0.5858465631501426
D01_S0_C019_T024,regulatory,XBP1,proteostasis,1.1242907697613027
D01_S0_C019_T024,regulatory,ATF4,stress_adaptation,1.0195280245234115
D01_S0_C019_T024,regulatory,NFkB,inflammation,0.8795795231524355
D01_S0_C020_T024,regulatory,XBP1,proteostasis,0.9450036963660513
D01_S0_C020_T024,regulatory,ATF4,stress_adaptation,0.9204416544749181
D01_S0_C020_T024,regulatory,NFkB,inflammation,0.8787973864122628
D01_S0_C021_T024,regulatory,XBP1,proteostasis,0.6750326597258791
D01_S0_C021_T024,regulatory,ATF4,stress_adaptation,0.7403390413567655
D01_S0_C021_T024,regulatory,NFkB,inflammation,0.6112648990555424
D01_S0_C022_T024,regulatory,XBP1,proteostasis,1.0837055797167607
D01_S0_C022_T024,regulatory,ATF4,stress_adaptation,1.0481416799801395
D01_S0_C022_T024,regulatory,NFkB,inflammation,0.8675363500652009
D01_S0_C023_T024,regulatory,XBP1,proteostasis,0.704029784414779
D01_S0_C023_T024,regulatory,ATF4,stress_adaptation,0.7461519087671068
D01_S0_C023_T024,regulatory,NFkB,inflammation,0.7314505684944549
D01_S0_C024_T024,regulatory,XBP1,proteostasis,0.8882996752503171
D01_S0_C024_T024,regulatory,ATF4,stress_adaptation,0.8970937433359935
D01_S0_C024_T024,regulatory,NFkB,inflammation,0.6577658388553581
D01_S0_C025_T024,regulatory,XBP1,proteostasis,0.7996683170727819
D01_S0_C025_T024,regulatory,ATF4,stress_adaptation,0.7654889431699564
D01_S0_C025_T024,regulatory,NFkB,inflammation,0.6698554594925541
D01_S0_C026_T024,regulatory,XBP1,proteostasis,0.8326642752442212
D01_S0_C026_T024,regulatory,ATF4,stress_adaptation,0.8089348717655925
D01_S0_C026_T024,regulatory,NFkB,inflammation,0.7820643309162196
D01_S0_C027_T024,regulatory,XBP1,proteostasis,0.9466833759435352
D01_S0_C027_T024,regulatory,ATF4,stress_adaptation,0.9451522559320666
D01_S0_C027_T024,regulatory,NFkB,inflammation,0.8459568639889923
D01_S0_C028_T024,regulatory,XBP1,proteostasis,0.9490023276883232
D01_S0_C028_T024,regulatory,ATF4,stress_adaptation,0.884073423440608
D01_S0_C028_T024,regulatory,NFkB,inflammation,0.6636025547320771
D01_S0_C029_T024,regulatory,XBP1,proteostasis,0.9824213156934251
D01_S0_C029_T024,regulatory,ATF4,stress_adaptation,0.9755816187860985
D01_S0_C029_T024,regulatory,NFkB,inflammation,0.8595051815785075
D01_S0_C030_T024,regulatory,XBP1,proteostasis,0.9457690380459882
D01_S0_C030_T024,regulatory,ATF4,stress_adaptation,0.9209810298020745
D01_S0_C030_T024,regulatory,NFkB,inflammation,0.8655315356316482
D01_S0_C031_T024,regulatory,XBP1,proteostasis,0.8414133298519998
D01_S0_C031_T024,regulatory,ATF4,stress_adaptation,0.8800855013729677
D01_S0_C031_T024,regulatory,NFkB,inflammation,0.8084111272875301
D01_S0_C032_T024,regulatory,XBP1,proteostasis,0.9977706505228211
D01_S0_C032_T024,regulatory,ATF4,stress_adaptation,0.9101290198731555
D01_S0_C032_T024,regulatory,NFkB,inflammation,0.9011165557551579
D01_S0_C033_T024,regulatory,XBP1,proteostasis,0.8437659335604519
D01_S0_C033_T024,regulatory,ATF4,stress_adaptation,0.8363199060453911
D01_S0_C033_T024,regulatory,NFkB,inflammation,0.8125603478499668
D01_S0_C034_T024,regulatory,XBP1,proteostasis,0.698713158213303
D01_S0_C034_T024,regulatory,ATF4,stress_adaptation,0.7705720330718809
D01_S0_C034_T024,regulatory,NFkB,inflammation,0.7430918400859788
D01_S0_C035_T024,regulatory,XBP1,proteostasis,0.8728878346475867
D01_S0_C035_T024,regulatory,ATF4,stress_adaptation,0.8226283520014586
D01_S0_C035_T024,regulatory,NFkB,inflammation,0.8003132781496457
D01_S0_C000_T048,regulatory,XBP1,proteostasis,1.01098420166147
D01_S0_C000_T048,regulatory,ATF4,stress_adaptation,1.2385310347670195
D01_S0_C000_T048,regulatory,NFkB,inflammation,1.3299428907476616
D01_S0_C001_T048,regulatory,XBP1,proteostasis,1.2118870265756634
D01_S0_C001_T048,regulatory,ATF4,stress_adaptation,1.3877265672741812
D01_S0_C001_T048,regulatory,NFkB,inflammation,1.4203491619590487
D01_S0_C002_T048,regulatory,XBP1,proteostasis,1.2383386820023383
D01_S0_C002_T048,regulatory,ATF4,stress_adaptation,1.3780972290227709
D01_S0_C002_T048,regulatory,NFkB,inflammation,1.3931198568625796
D01_S0_C003_T048,regulatory,XBP1,proteostasis,1.2097524368531853
D01_S0_C003_T048,regulatory,ATF4,stress_adaptation,1.3863390839545706
D01_S0_C003_T048,regulatory,NFkB,inflammation,1.4193885965839335
D01_S0_C004_T048,regulatory,XBP1,proteostasis,1.0194457069100746
D01_S0_C004_T048,regulatory,ATF4,stress_adaptation,1.2035557892503492
D01_S0_C004_T048,regulatory,NFkB,inflammation,1.1312556768724766
D01_S0_C005_T048,regulatory,XBP1,proteostasis,1.0137066495876517
D01_S0_C005_T048,regulatory,ATF4,stress_adaptation,1.186963508415063
D01_S0_C005_T048,regulatory,NFkB,inflammation,1.3311679923144433
D01_S0_C006_T048,regulatory,XBP1,proteostasis,1.2738268511362276
D01_S0_C006_T048,regulatory,ATF4,stress_adaptation,1.3814869092562447
D01_S0_C006_T048,regulatory,NFkB,inflammation,1.4482220830113024
D01_S0_C007_T048,regulatory,XBP1,proteostasis,0.9340300057497908
D01_S0_C007_T048,regulatory,ATF4,stress_adaptation,1.1759709580716808
D01_S0_C007_T048,regulatory,NFkB,inflammation,1.2953135025874059
D01_S0_C008_T048,regulatory,XBP1,proteostasis,1.2075775144291414
D01_S0_C008_T048,regulatory,ATF4,stress_adaptation,1.3510287065809998
D01_S0_C008_T048,regulatory,NFkB,inflammation,1.4184098814931136
D01_S0_C009_T048,regulatory,XBP1,proteostasis,1.0616991597694578
D01_S0_C009_T048,regulatory,ATF4,stress_adaptation,1.2500465774120904
D01_S0_C009_T048,regulatory,NFkB,inflammation,1.352764621896256
D01_S0_C010_T048,regulatory,XBP1,proteostasis,0.8353697284789294
D01_S0_C010_T048,regulatory,ATF4,stress_adaptation,1.0975264805660632
D01_S0_C010_T048,regulatory,NFkB,inflammation,1.2509163778155181
D01_S0_C011_T048,regulatory,XBP1,proteostasis,0.9305390538194838
D01_S0_C011_T048,regulatory,ATF4,stress_adaptation,1.1023747957633256
D01_S0_C011_T048,regulatory,NFkB,inflammation,1.2937425742187676
D01_S0_C012_T048,regulatory,XBP1,proteostasis,1.0012738086756743
D01_S0_C012_T048,regulatory,ATF4,stress_adaptation,1.141069281550922
D01_S0_C012_T048,regulatory,NFkB,inflammation,1.1930598408116952
D01_S0_C013_T048,regulatory,XBP1,proteostasis,0.9887296711259062
D01_S0_C013_T048,regulatory,ATF4,stress_adaptation,1.2316250434840235
D01_S0_C013_T048,regulatory,NFkB,inflammation,1.3199283520066578
D01_S0_C014_T048,regulatory,XBP1,proteostasis,1.0577467667958456
D01_S0_C014_T048,regulatory,ATF4,stress_adaptation,1.2377433117346355
D01_S0_C014_T048,regulatory,NFkB,inflammation,1.3509860450581306
D01_S0_C015_T048,regulatory,XBP1,proteostasis,1.046014084511639
D01_S0_C015_T048,regulatory,ATF4,stress_adaptation,1.210134323550819
D01_S0_C015_T048,regulatory,NFkB,inflammation,1.223522917477933
D01_S0_C016_T048,regulatory,XBP1,proteostasis,1.351499490057808
D01_S0_C016_T048,regulatory,ATF4,stress_adaptation,1.4727099900672447
D01_S0_C016_T048,regulatory,NFkB,inflammation,1.4831747705260137
D01_S0_C017_T048,regulatory,XBP1,proteostasis,1.10762856021298
D01_S0_C017_T048,regulatory,ATF4,stress_adaptation,1.255537932788572
D01_S0_C017_T048,regulatory,NFkB,inflammation,1.1885606836635458
D01_S0_C018_T048,regulatory,XBP1,proteostasis,1.128959927451581
D01_S0_C018_T048,regulatory,ATF4,stress_adaptation,1.303783400515472
D01_S0_C018_T048,regulatory,NFkB,inflammation,1.285701855126757
D01_S0_C019_T048,regulatory,XBP1,proteostasis,1.4019739826674145
D01_S0_C019_T048,regulatory,ATF4,stress_adaptation,1.5048750902330426
D01_S0_C019_T048,regulatory,NFkB,inflammation,1.5058882922003365
D01_S0_C020_T048,regulatory,XBP1,proteostasis,1.2533713308982657
D01_S0_C020_T048,regulatory,ATF4,stress_adaptation,1.4146913650838728
D01_S0_C020_T048,regulatory,NFkB,inflammation,1.4390170989042197
D01_S0_C021_T048,regulatory,XBP1,proteostasis,1.0059306064569784
D01_S0_C021_T048,regulatory,ATF4,stress_adaptation,1.253854894197036
D01_S0_C021_T048,regulatory,NFkB,inflammation,1.3276687729056402
D01_S0_C022_T048,regulatory,XBP1,proteostasis,1.3924927488581353
D01_S0_C022_T048,regulatory,ATF4,stress_adaptation,1.505120286757788
D01_S0_C022_T048,regulatory,NFkB,inflammation,1.501621736986161
D01_S0_C023_T048,regulatory,XBP1,proteostasis,1.0172506740090528
D01_S0_C023_T048,regulatory,ATF4,stress_adaptation,1.2214409304923297
D01_S0_C023_T048,regulatory,NFkB,inflammation,1.3327628033040737
D01_S0_C024_T048,regulatory,XBP1,proteostasis,1.187210613897838
D01_S0_C024_T048,regulatory,ATF4,stress_adaptation,1.3716868990335949
D01_S0_C024_T048,regulatory,NFkB,inflammation,1.409244776254027
D01_S0_C025_T048,regulatory,XBP1,proteostasis,1.007245394426092
D01_S0_C025_T048,regulatory,ATF4,stress_adaptation,1.1249620904756554
D01_S0_C025_T048,regulatory,NFkB,inflammation,1.3128339272653131
D01_S0_C026_T048,regulatory,XBP1,proteostasis,1.0645836316888146
D01_S0_C026_T048,regulatory,ATF4,stress_adaptation,1.2143616585258306
D01_S0_C026_T048,regulatory,NFkB,inflammation,1.3540626342599666
D01_S0_C027_T048,regulatory,XBP1,proteostasis,1.2789938795410396
D01_S0_C027_T048,regulatory,ATF4,stress_adaptation,1.431346021701676
D01_S0_C027_T048,regulatory,NFkB,inflammation,1.4505472457934678
D01_S0_C028_T048,regulatory,XBP1,proteostasis,1.270995326680062
D01_S0_C028_T048,regulatory,ATF4,stress_adaptation,1.3693096148554753
D01_S0_C028_T048,regulatory,NFkB,inflammation,1.3208968464627386
D01_S0_C029_T048,regulatory,XBP1,proteostasis,1.2753293247833624
D01_S0_C029_T048,regulatory,ATF4,stress_adaptation,1.4289640611091856
D01_S0_C029_T048,regulatory,NFkB,inflammation,1.4488981961525131
D01_S0_C030_T048,regulatory,XBP1,proteostasis,1.3229740162186614
D01_S0_C030_T048,regulatory,ATF4,stress_adaptation,1.4574240865966963
D01_S0_C030_T048,regulatory,NFkB,inflammation,1.4703383072983978
D01_S0_C031_T048,regulatory,XBP1,proteostasis,1.1510017402543025
D01_S0_C031_T048,regulatory,ATF4,stress_adaptation,1.3481511311652967
D01_S0_C031_T048,regulatory,NFkB,inflammation,1.392950783114436
D01_S0_C032_T048,regulatory,XBP1,proteostasis,1.3196721832444933
D01_S0_C032_T048,regulatory,ATF4,stress_adaptation,1.3858059575151065
D01_S0_C032_T048,regulatory,NFkB,inflammation,1.468852482460022
D01_S0_C033_T048,regulatory,XBP1,proteostasis,1.1623751417589288
D01_S0_C033_T048,regulatory,ATF4,stress_adaptation,1.327499481260414
D01_S0_C033_T048,regulatory,NFkB,inflammation,1.398068813791518
D01_S0_C034_T048,regulatory,XBP1,proteostasis,0.9624112274075981
D01_S0_C034_T048,regulatory,ATF4,stress_adaptation,1.1826509891569188
D01_S0_C034_T048,regulatory,NFkB,inflammation,1.308085052333419
D01_S0_C035_T048,regulatory,XBP1,proteostasis,1.2280619251120408
D01_S0_C035_T048,regulatory,ATF4,stress_adaptation,1.3244872008420205
D01_S0_C035_T048,regulatory,NFkB,inflammation,1.4276278663004183
D01_S1_C000_T000,regulatory,XBP1,proteostasis,0.7885305718898696
D01_S1_C000_T000,regulatory,ATF4,stress_adaptation,0.6339267175044704
D01_S1_C000_T000,regulatory,NFkB,inflammation,0.47271358098367783
D01_S1_C001_T000,regulatory,XBP1,proteostasis,0.41605013747574654
D01_S1_C001_T000,regulatory,ATF4,stress_adaptation,0.3685005034761379
D01_S1_C001_T000,regulatory,NFkB,inflammation,0.18722256186408595
D01_S1_C002_T000,regulatory,XBP1,proteostasis,0.12781158351188643
D01_S1_C002_T000,regulatory,ATF4,stress_adaptation,0.16186251834843543
D01_S1_C002_T000,regulatory,NFkB,inflammation,0.22688326754790153
D01_S1_C003_T000,regulatory,XBP1,proteostasis,0.45938988215229765
D01_S1_C003_T000,regulatory,ATF4,stress_adaptation,0.37051911120950815
D01_S1_C003_T000,regulatory,NFkB,inflammation,0.20672544696853395
D01_S1_C004_T000,regulatory,XBP1,proteostasis,0.7176578981416956
D01_S1_C004_T000,regulatory,ATF4,stress_adaptation,0.6133846769014959
D01_S1_C004_T000,regulatory,NFkB,inflammation,0.4580235326441896
D01_S1_C005_T000,regulatory,XBP1,proteostasis,0.4151719342294169
D01_S1_C005_T000,regulatory,ATF4,stress_adaptation,0.3560461770492793
D01_S1_C005_T000,regulatory,NFkB,inflammation,0.2399022197066415
D01_S1_C006_T000,regulatory,XBP1,proteostasis,0.5879667673383348
D01_S1_C006_T000,regulatory,ATF4,stress_adaptation,0.5067225941755742
D01_S1_C006_T000,regulatory,NFkB,inflammation,0.361538158173604
D01_S1_C007_T000,regulatory,XBP1,proteostasis,0.44677412366361574
D01_S1_C007_T000,regulatory,ATF4,stress_adaptation,0.38753249167590803
D01_S1_C007_T000,regulatory,NFkB,inflammation,0.4202696644777416
D01_S1_C008_T000,regulatory,XBP1,proteostasis,0.5138362671182223
D01_S1_C008_T000,regulatory,ATF4,stress_adaptation,0.4486560350354584
D01_S1_C008_T000,regulatory,NFkB,inflammation,0.3478262656600999
D01_S1_C009_T000,regulatory,XBP1,proteostasis,0.63791078347834
D01_S1_C009_T000,regulatory,ATF4,stress_adaptation,0.4939600081586162
D01_S1_C009_T000,regulatory,NFkB,inflammation,0.2984554703716152
D01_S1_C010_T000,regulatory,XBP1,proteostasis,0.7090905051139522
D01_S1_C010_T000,regulatory,ATF4,stress_adaptation,0.5469775570849915
D01_S1_C010_T000,regulatory,NFkB,inflammation,0.4979496088372391
D01_S1_C011_T000,regulatory,XBP1,proteostasis,0.432264374804905
D01_S1_C011_T000,regulatory,ATF4,stress_adaptation,0.3592832601642558
D01_S1_C011_T000,regulatory,NFkB,inflammation,0.434902844032715
D01_S1_C012_T000,regulatory,XBP1,proteostasis,0.6027620393949141
D01_S1_C012_T000,regulatory,ATF4,stress_adaptation,0.5034395675098987
D01_S1_C012_T000,regulatory,NFkB,inflammation,0.39744323761694933
D01_S1_C013_T000,regulatory,XBP1,proteostasis,0.336588002491162
D01_S1_C013_T000,regulatory,ATF4,stress_adaptation,0.299430717432762
D01_S1_C013_T000,regulatory,NFkB,inflammation,0.1663947653562156
D01_S1_C014_T000,regulatory,XBP1,proteostasis,0.4979991648002894
D01_S1_C014_T000,regulatory,ATF4,stress_adaptation,0.476489497744523
D01_S1_C014_T000,regulatory,NFkB,inflammation,0.35346080181700434
D01_S1_C015_T000,regulatory,XBP1,proteostasis,0.2688725797099703
D01_S1_C015_T000,regulatory,ATF4,stress_adaptation,0.25851238064794396
D01_S1_C015_T000,regulatory,NFkB,inflammation,0.12099266086948664
D01_S1_C016_T000,regulatory,XBP1,proteostasis,0.21558490833527072
D01_S1_C016_T000,regulatory,ATF4,stress_adaptation,0.2567219903342574
D01_S1_C016_T000,regulatory,NFkB,inflammation,0.19276661289149583
D01_S1_C017_T000,regulatory,XBP1,proteostasis,0.6037466883003392
D01_S1_C017_T000,regulatory,ATF4,stress_adaptation,0.4940545614490642
D01_S1_C017_T000,regulatory,NFkB,inflammation,0.43356025877061466
D01_S1_C018_T000,regulatory,XBP1,proteostasis,0.552986278220619
D01_S1_C018_T000,regulatory,ATF4,stress_adaptation,0.40667316770038126
D01_S1_C018_T000,regulatory,NFkB,inflammation,0.24884382519927853
D01_S1_C019_T000,regulatory,XBP1,proteostasis,0.49611533759293125
D01_S1_C019_T000,regulatory,ATF4,stress_adaptation,0.4098659918207681
D01_S1_C019_T000,regulatory,NFkB,inflammation,0.22325190191681907
D01_S1_C020_T000,regulatory,XBP1,proteostasis,0.6037978270793265
D01_S1_C020_T000,regulatory,ATF4,stress_adaptation,0.48193936789180913
D01_S1_C020_T000,regulatory,NFkB,inflammation,0.29296657932354625
D01_S1_C021_T000,regulatory,XBP1,proteostasis,0.2640127776632205
D01_S1_C021_T000,regulatory,ATF4,stress_adaptation,0.25207766485055416
D01_S1_C021_T000,regulatory,NFkB,inflammation,0.3543713409527336
D01_S1_C022_T000,regulatory,XBP1,proteostasis,0.29552418785832274
D01_S1_C022_T000,regulatory,ATF4,stress_adaptation,0.2606699695298948
D01_S1_C022_T000,regulatory,NFkB,inflammation,0.13298588453624524
D01_S1_C023_T000,regulatory,XBP1,proteostasis,0.6419818230171926
D01_S1_C023_T000,regulatory,ATF4,stress_adaptation,0.5398944933671405
D01_S1_C023_T000,regulatory,NFkB,inflammation,0.4138935131716691
D01_S1_C024_T000,regulatory,XBP1,proteostasis,0.5945199924649162
D01_S1_C024_T000,regulatory,ATF4,stress_adaptation,0.5167589929850132
D01_S1_C024_T000,regulatory,NFkB,inflammation,0.36912726395223483
D01_S1_C025_T000,regulatory,XBP1,proteostasis,0.6546805067119607
D01_S1_C025_T000,regulatory,ATF4,stress_adaptation,0.5426881647896499
D01_S1_C025_T000,regulatory,NFkB,inflammation,0.3163063044803418
D01_S1_C026_T000,regulatory,XBP1,proteostasis,0.2941306481334574
D01_S1_C026_T000,regulatory,ATF4,stress_adaptation,0.27291456632383915
D01_S1_C026_T000,regulatory,NFkB,inflammation,0.3087779568526756
D01_S1_C027_T000,regulatory,XBP1,proteostasis,0.4126118988592134
D01_S1_C027_T000,regulatory,ATF4,stress_adaptation,0.3567497896536013
D01_S1_C027_T000,regulatory,NFkB,inflammation,0.3611331758910493
D01_S1_C028_T000,regulatory,XBP1,proteostasis,0.47975360154442775
D01_S1_C028_T000,regulatory,ATF4,stress_adaptation,0.4068592667700657
D01_S1_C028_T000,regulatory,NFkB,inflammation,0.39576817348131865
D01_S1_C029_T000,regulatory,XBP1,proteostasis,0.5525896831877184
D01_S1_C029_T000,regulatory,ATF4,stress_adaptation,0.4536801234162177
D01_S1_C029_T000,regulatory,NFkB,inflammation,0.4635280397283049
D01_S1_C030_T000,regulatory,XBP1,proteostasis,0.33663173219265335
D01_S1_C030_T000,regulatory,ATF4,stress_adaptation,0.321335964187577
D01_S1_C030_T000,regulatory,NFkB,inflammation,0.3909268039765366
D01_S1_C031_T000,regulatory,XBP1,proteostasis,0.4736281297898502
D01_S1_C031_T000,regulatory,ATF4,stress_adaptation,0.3965689360937372
D01_S1_C031_T000,regulatory,NFkB,inflammation,0.4252855674149152
D01_S1_C032_T000,regulatory,XBP1,proteostasis,0.34912627862777096
D01_S1_C032_T000,regulatory,ATF4,stress_adaptation,0.317695979163433
D01_S1_C032_T000,regulatory,NFkB,inflammation,0.19630207440584413
D01_S1_C033_T000,regulatory,XBP1,proteostasis,0.43849753207156544
D01_S1_C033_T000,regulatory,ATF4,stress_adaptation,0.38234852930338376
D01_S1_C033_T000,regulatory,NFkB,inflammation,0.3679061832051157
D01_S1_C034_T000,regulatory,XBP1,proteostasis,0.5107958071447501
D01_S1_C034_T000,regulatory,ATF4,stress_adaptation,0.47048791348145674
D01_S1_C034_T000,regulatory,NFkB,inflammation,0.35192079288026284
D01_S1_C035_T000,regulatory,XBP1,proteostasis,0.579422622554419
D01_S1_C035_T000,regulatory,ATF4,stress_adaptation,0.49523400045360655
D01_S1_C035_T000,regulatory,NFkB,inflammation,0.3674019047038879
D01_S1_C000_T012,regulatory,XBP1,proteostasis,0.8541794441473188
D01_S1_C000_T012,regulatory,ATF4,stress_adaptation,0.7307531352103861
D01_S1_C000_T012,regulatory,NFkB,inflammation,0.5946660366432602
D01_S1_C001_T012,regulatory,XBP1,proteostasis,0.5283196356559726
D01_S1_C001_T012,regulatory,ATF4,stress_adaptation,0.5182238317462122
D01_S1_C001_T012,regulatory,NFkB,inflammation,0.2965922083929896
D01_S1_C002_T012,regulatory,XBP1,proteostasis,0.17503072770285535
D01_S1_C002_T012,regulatory,ATF4,stress_adaptation,0.22979170832595436
D01_S1_C002_T012,regulatory,NFkB,inflammation,0.3810536419169645
D01_S1_C003_T012,regulatory,XBP1,proteostasis,0.5509518508446457
D01_S1_C003_T012,regulatory,ATF4,stress_adaptation,0.4932383636408578
D01_S1_C003_T012,regulatory,NFkB,inflammation,0.30648158020477984
D01_S1_C004_T012,regulatory,XBP1,proteostasis,0.8815427477310922
D01_S1_C004_T012,regulatory,ATF4,stress_adaptation,0.7713763264359894
D01_S1_C004_T012,regulatory,NFkB,inflammation,0.6704560560847078
D01_S1_C005_T012,regulatory,XBP1,proteostasis,0.4974346625886114
D01_S1_C005_T012,regulatory,ATF4,stress_adaptation,0.4875767686444521
D01_S1_C005_T012,regulatory,NFkB,inflammation,0.39470278661363656
D01_S1_C006_T012,regulatory,XBP1,proteostasis,0.6992911916629931
D01_S1_C006_T012,regulatory,ATF4,stress_adaptation,0.632200911367895
D01_S1_C006_T012,regulatory,NFkB,inflammation,0.5550093297223947
D01_S1_C007_T012,regulatory,XBP1,proteostasis,0.5226518071932132
D01_S1_C007_T012,regulatory,ATF4,stress_adaptation,0.5214559372037247
D01_S1_C007_T012,regulatory,NFkB,inflammation,0.5308126668717362
D01_S1_C008_T012,regulatory,XBP1,proteostasis,0.5810981103762389
D01_S1_C008_T012,regulatory,ATF4,stress_adaptation,0.5446959521404129
D01_S1_C008_T012,regulatory,NFkB,inflammation,0.5190618304156007
D01_S1_C009_T012,regulatory,XBP1,proteostasis,0.8052290314430842
D01_S1_C009_T012,regulatory,ATF4,stress_adaptation,0.6865395431080555
D01_S1_C009_T012,regulatory,NFkB,inflammation,0.49571091981344473
D01_S1_C010_T012,regulatory,XBP1,proteostasis,0.8147200725952451
D01_S1_C010_T012,regulatory,ATF4,stress_adaptation,0.6985364956746801
D01_S1_C010_T012,regulatory,NFkB,inflammation,0.5852004646847215
D01_S1_C011_T012,regulatory,XBP1,proteostasis,0.5583192899583707
D01_S1_C011_T012,regulatory,ATF4,stress_adaptation,0.5117056868580395
D01_S1_C011_T012,regulatory,NFkB,inflammation,0.564091674376636
D01_S1_C012_T012,regulatory,XBP1,proteostasis,0.6359150139243401
D01_S1_C012_T012,regulatory,ATF4,stress_adaptation,0.5683484462719975
D01_S1_C012_T012,regulatory,NFkB,inflammation,0.5269568605221513
D01_S1_C013_T012,regulatory,XBP1,proteostasis,0.44974070357600976
D01_S1_C013_T012,regulatory,ATF4,stress_adaptation,0.44351465612237695
D01_S1_C013_T012,regulatory,NFkB,inflammation,0.2583294613089767
D01_S1_C014_T012,regulatory,XBP1,proteostasis,0.6127982368711828
D01_S1_C014_T012,regulatory,ATF4,stress_adaptation,0.6188082596618206
D01_S1_C014_T012,regulatory,NFkB,inflammation,0.5410300859889602
D01_S1_C015_T012,regulatory,XBP1,proteostasis,0.35897852728814983
D01_S1_C015_T012,regulatory,ATF4,stress_adaptation,0.36627791328493153
D01_S1_C015_T012,regulatory,NFkB,inflammation,0.250686550073153
D01_S1_C016_T012,regulatory,XBP1,proteostasis,0.31067645339267175
D01_S1_C016_T012,regulatory,ATF4,stress_adaptation,0.37488955460938
D01_S1_C016_T012,regulatory,NFkB,inflammation,0.381011516499986
D01_S1_C017_T012,regulatory,XBP1,proteostasis,0.656192429245204
D01_S1_C017_T012,regulatory,ATF4,stress_adaptation,0.5777737340679666
D01_S1_C017_T012,regulatory,NFkB,inflammation,0.46471032512900884
D01_S1_C018_T012,regulatory,XBP1,proteostasis,0.6497198287475485
D01_S1_C018_T012,regulatory,ATF4,stress_adaptation,0.5305775958314723
D01_S1_C018_T012,regulatory,NFkB,inflammation,0.39335016031435094
D01_S1_C019_T012,regulatory,XBP1,proteostasis,0.6064229955384183
D01_S1_C019_T012,regulatory,ATF4,stress_adaptation,0.5504830297477252
D01_S1_C019_T012,regulatory,NFkB,inflammation,0.3348505519995299
D01_S1_C020_T012,regulatory,XBP1,proteostasis,0.7303937177774696
D01_S1_C020_T012,regulatory,ATF4,stress_adaptation,0.6361992860580665
D01_S1_C020_T012,regulatory,NFkB,inflammation,0.3895716094352454
D01_S1_C021_T012,regulatory,XBP1,proteostasis,0.31788024709005036
D01_S1_C021_T012,regulatory,ATF4,stress_adaptation,0.34749984065032785
D01_S1_C021_T012,regulatory,NFkB,inflammation,0.4563159694014782
D01_S1_C022_T012,regulatory,XBP1,proteostasis,0.43453987594722926
D01_S1_C022_T012,regulatory,ATF4,stress_adaptation,0.40964148318063337
D01_S1_C022_T012,regulatory,NFkB,inflammation,0.3380067526031655
D01_S1_C023_T012,regulatory,XBP1,proteostasis,0.6812044756467315
D01_S1_C023_T012,regulatory,ATF4,stress_adaptation,0.6141605838099615
D01_S1_C023_T012,regulatory,NFkB,inflammation,0.540437975588157
D01_S1_C024_T012,regulatory,XBP1,proteostasis,0.6664856424011504
D01_S1_C024_T012,regulatory,ATF4,stress_adaptation,0.6256841817176284
D01_S1_C024_T012,regulatory,NFkB,inflammation,0.5340612646611713
D01_S1_C025_T012,regulatory,XBP1,proteostasis,0.7353567607817885
D01_S1_C025_T012,regulatory,ATF4,stress_adaptation,0.6657028893455085
D01_S1_C025_T012,regulatory,NFkB,inflammation,0.46099996894907647
D01_S1_C026_T012,regulatory,XBP1,proteostasis,0.41583346168827384
D01_S1_C026_T012,regulatory,ATF4,stress_adaptation,0.4216614803644344
D01_S1_C026_T012,regulatory,NFkB,inflammation,0.43620249348801865
D01_S1_C027_T012,regulatory,XBP1,proteostasis,0.4864779600942679
D01_S1_C027_T012,regulatory,ATF4,stress_adaptation,0.46966024339035894
D01_S1_C027_T012,regulatory,NFkB,inflammation,0.4576840988116133
D01_S1_C028_T012,regulatory,XBP1,proteostasis,0.5457166784798505
D01_S1_C028_T012,regulatory,ATF4,stress_adaptation,0.5203111134987053
D01_S1_C028_T012,regulatory,NFkB,inflammation,0.5361304055640639
D01_S1_C029_T012,regulatory,XBP1,proteostasis,0.6494887805601475
D01_S1_C029_T012,regulatory,ATF4,stress_adaptation,0.5829443757777669
D01_S1_C029_T012,regulatory,NFkB,inflammation,0.5629227714881211
D01_S1_C030_T012,regulatory,XBP1,proteostasis,0.4545222773436217
D01_S1_C030_T012,regulatory,ATF4,stress_adaptation,0.46708353463492314
D01_S1_C030_T012,regulatory,NFkB,inflammation,0.5065583233215839
D01_S1_C031_T012,regulatory,XBP1,proteostasis,0.5439520115680555
D01_S1_C031_T012,regulatory,ATF4,stress_adaptation,0.49832336821331746
D01_S1_C031_T012,regulatory,NFkB,inflammation,0.4620956477194256
D01_S1_C032_T012,regulatory,XBP1,proteostasis,0.3966969601745618
D01_S1_C032_T012,regulatory,ATF4,stress_adaptation,0.40485862258516114
D01_S1_C032_T012,regulatory,NFkB,inflammation,0.2510946907025842
D01_S1_C033_T012,regulatory,XBP1,proteostasis,0.5633056783375391
D01_S1_C033_T012,regulatory,ATF4,stress_adaptation,0.5360007421436371
D01_S1_C033_T012,regulatory,NFkB,inflammation,0.464928701287728
D01_S1_C034_T012,regulatory,XBP1,proteostasis,0.5912171591583967
D01_S1_C034_T012,regulatory,ATF4,stress_adaptation,0.5746698807946479
D01_S1_C034_T012,regulatory,NFkB,inflammation,0.4858333439198853
D01_S1_C035_T012,regulatory,XBP1,proteostasis,0.7156418339532605
D01_S1_C035_T012,regulatory,ATF4,stress_adaptation,0.6320029885823646
D01_S1_C035_T012,regulatory,NFkB,inflammation,0.5496825699937661
D01_S1_C000_T024,regulatory,XBP1,proteostasis,0.981481314108971
D01_S1_C000_T024,regulatory,ATF4,stress_adaptation,0.9050852979498512
D01_S1_C000_T024,regulatory,NFkB,inflammation,0.8027966993740252
D01_S1_C001_T024,regulatory,XBP1,proteostasis,0.6977039136692432
D01_S1_C001_T024,regulatory,ATF4,stress_adaptation,0.7039670786704448
D01_S1_C001_T024,regulatory,NFkB,inflammation,0.47511256694192927
D01_S1_C002_T024,regulatory,XBP1,proteostasis,0.3084601077642392
D01_S1_C002_T024,regulatory,ATF4,stress_adaptation,0.371709918245336
D01_S1_C002_T024,regulatory,NFkB,inflammation,0.6012920039746691
D01_S1_C003_T024,regulatory,XBP1,proteostasis,0.7220053743328365
D01_S1_C003_T024,regulatory,ATF4,stress_adaptation,0.681566316509725
D01_S1_C003_T024,regulatory,NFkB,inflammation,0.4968309316050815
D01_S1_C004_T024,regulatory,XBP1,proteostasis,0.9514730021976912
D01_S1_C004_T024,regulatory,ATF4,stress_adaptation,0.912494924857727
D01_S1_C004_T024,regulatory,NFkB,inflammation,0.8876340492793662
D01_S1_C005_T024,regulatory,XBP1,proteostasis,0.6575336413977133
D01_S1_C005_T024,regulatory,ATF4,stress_adaptation,0.6757729482112319
D01_S1_C005_T024,regulatory,NFkB,inflammation,0.636663649855046
D01_S1_C006_T024,regulatory,XBP1,proteostasis,0.779355313340515
D01_S1_C006_T024,regulatory,ATF4,stress_adaptation,0.7570701784182507
D01_S1_C006_T024,regulatory,NFkB,inflammation,0.8035684834938857
D01_S1_C007_T024,regulatory,XBP1,proteostasis,0.6807436629369588
D01_S1_C007_T024,regulatory,ATF4,stress_adaptation,0.7043782695466294
D01_S1_C007_T024,regulatory,NFkB,inflammation,0.7631915396119708
D01_S1_C008_T024,regulatory,XBP1,proteostasis,0.7175150645528143
D01_S1_C008_T024,regulatory,ATF4,stress_adaptation,0.7129514463803047
D01_S1_C008_T024,regulatory,NFkB,inflammation,0.7386623895150772
D01_S1_C009_T024,regulatory,XBP1,proteostasis,0.9297757376751491
D01_S1_C009_T024,regulatory,ATF4,stress_adaptation,0.8514609469604318
D01_S1_C009_T024,regulatory,NFkB,inflammation,0.7509294875348445
D01_S1_C010_T024,regulatory,XBP1,proteostasis,1.0427789702736936
D01_S1_C010_T024,regulatory,ATF4,stress_adaptation,0.9500835662759826
D01_S1_C010_T024,regulatory,NFkB,inflammation,0.8007272106966244
D01_S1_C011_T024,regulatory,XBP1,proteostasis,0.7285363146799553
D01_S1_C011_T024,regulatory,ATF4,stress_adaptation,0.7075195231547027
D01_S1_C011_T024,regulatory,NFkB,inflammation,0.810253114942085
D01_S1_C012_T024,regulatory,XBP1,proteostasis,0.7497877213189332
D01_S1_C012_T024,regulatory,ATF4,stress_adaptation,0.7180592323247978
D01_S1_C012_T024,regulatory,NFkB,inflammation,0.749177592588876
D01_S1_C013_T024,regulatory,XBP1,proteostasis,0.6199789038926053
D01_S1_C013_T024,regulatory,ATF4,stress_adaptation,0.6473621189531785
D01_S1_C013_T024,regulatory,NFkB,inflammation,0.4246219860665664
D01_S1_C014_T024,regulatory,XBP1,proteostasis,0.7319995885676708
D01_S1_C014_T024,regulatory,ATF4,stress_adaptation,0.7774356693699105
D01_S1_C014_T024,regulatory,NFkB,inflammation,0.7671625161826977
D01_S1_C015_T024,regulatory,XBP1,proteostasis,0.49201815750928546
D01_S1_C015_T024,regulatory,ATF4,stress_adaptation,0.5405334823539424
D01_S1_C015_T024,regulatory,NFkB,inflammation,0.4799136123375124
D01_S1_C016_T024,regulatory,XBP1,proteostasis,0.42266145429200996
D01_S1_C016_T024,regulatory,ATF4,stress_adaptation,0.5083194051132844
D01_S1_C016_T024,regulatory,NFkB,inflammation,0.5881688765673725
D01_S1_C017_T024,regulatory,XBP1,proteostasis,0.8172844564342714
D01_S1_C017_T024,regulatory,ATF4,stress_adaptation,0.7619554786230538
D01_S1_C017_T024,regulatory,NFkB,inflammation,0.6632870076112596
D01_S1_C018_T024,regulatory,XBP1,proteostasis,0.7947952465960502
D01_S1_C018_T024,regulatory,ATF4,stress_adaptation,0.7150047670511647
D01_S1_C018_T024,regulatory,NFkB,inflammation,0.6354606310324382
D01_S1_C019_T024,regulatory,XBP1,proteostasis,0.733431763621547
D01_S1_C019_T024,regulatory,ATF4,stress_adaptation,0.7136471538296127
D01_S1_C019_T024,regulatory,NFkB,inflammation,0.48176294188338453
D01_S1_C020_T024,regulatory,XBP1,proteostasis,0.8903192576440434
D01_S1_C020_T024,regulatory,ATF4,stress_adaptation,0.8415879668406867
D01_S1_C020_T024,regulatory,NFkB,inflammation,0.5465598318621119
D01_S1_C021_T024,regulatory,XBP1,proteostasis,0.45406797117578546
D01_S1_C021_T024,regulatory,ATF4,stress_adaptation,0.4964537620360798
D01_S1_C021_T024,regulatory,NFkB,inflammation,0.6860985207378327
D01_S1_C022_T024,regulatory,XBP1,proteostasis,0.45691603443341805
D01_S1_C022_T024,regulatory,ATF4,stress_adaptation,0.4931365096324193
D01_S1_C022_T024,regulatory,NFkB,inflammation,0.48382059418889367
D01_S1_C023_T024,regulatory,XBP1,proteostasis,0.8623021716861091
D01_S1_C023_T024,regulatory,ATF4,stress_adaptation,0.815045632452331
D01_S1_C023_T024,regulatory,NFkB,inflammation,0.78334352309955
D01_S1_C024_T024,regulatory,XBP1,proteostasis,0.7290807033471536
D01_S1_C024_T024,regulatory,ATF4,stress_adaptation,0.7363693672169467
D01_S1_C024_T024,regulatory,NFkB,inflammation,0.7411728923326103
D01_S1_C025_T024,regulatory,XBP1,proteostasis,0.9701034130401149
D01_S1_C025_T024,regulatory,ATF4,stress_adaptation,0.9276926548576332
D01_S1_C025_T024,regulatory,NFkB,inflammation,0.7389864699738373
D01_S1_C026_T024,regulatory,XBP1,proteostasis,0.6023589577359613
D01_S1_C026_T024,regulatory,ATF4,stress_adaptation,0.6315891088760617
D01_S1_C026_T024,regulatory,NFkB,inflammation,0.6760362022352762
D01_S1_C027_T024,regulatory,XBP1,proteostasis,0.6346674240026227
D01_S1_C027_T024,regulatory,ATF4,stress_adaptation,0.6537077834036497
D01_S1_C027_T024,regulatory,NFkB,inflammation,0.6967327324976657
D01_S1_C028_T024,regulatory,XBP1,proteostasis,0.7658495363427157
D01_S1_C028_T024,regulatory,ATF4,stress_adaptation,0.758830386127519
D01_S1_C028_T024,regulatory,NFkB,inflammation,0.7808031225441252
D01_S1_C029_T024,regulatory,XBP1,proteostasis,0.8327653188547348
D01_S1_C029_T024,regulatory,ATF4,stress_adaptation,0.7849476871579236
D01_S1_C029_T024,regulatory,NFkB,inflammation,0.8019616611239528
D01_S1_C030_T024,regulatory,XBP1,proteostasis,0.6462036230101844
D01_S1_C030_T024,regulatory,ATF4,stress_adaptation,0.6834684005623459
D01_S1_C030_T024,regulatory,NFkB,inflammation,0.7349400873266312
D01_S1_C031_T024,regulatory,XBP1,proteostasis,0.7573908799750471
D01_S1_C031_T024,regulatory,ATF4,stress_adaptation,0.7263478369917935
D01_S1_C031_T024,regulatory,NFkB,inflammation,0.7318289018213435
D01_S1_C032_T024,regulatory,XBP1,proteostasis,0.5882775034271899
D01_S1_C032_T024,regulatory,ATF4,stress_adaptation,0.6213095568032286
D01_S1_C032_T024,regulatory,NFkB,inflammation,0.41460592634916055
D01_S1_C033_T024,regulatory,XBP1,proteostasis,0.6822762550670293
D01_S1_C033_T024,regulatory,ATF4,stress_adaptation,0.6853443569830195
D01_S1_C033_T024,regulatory,NFkB,inflammation,0.6596284824481266
D01_S1_C034_T024,regulatory,XBP1,proteostasis,0.7553613021329636
D01_S1_C034_T024,regulatory,ATF4,stress_adaptation,0.7717046613949796
D01_S1_C034_T024,regulatory,NFkB,inflammation,0.7254329374725239
D01_S1_C035_T024,regulatory,XBP1,proteostasis,0.8283136433466686
D01_S1_C035_T024,regulatory,ATF4,stress_adaptation,0.7718998033387081
D01_S1_C035_T024,regulatory,NFkB,inflammation,0.7715109197286893
D01_S1_C000_T048,regulatory,XBP1,proteostasis,1.2555227290316258
D01_S1_C000_T048,regulatory,ATF4,stress_adaptation,1.3423437816839252
D01_S1_C000_T048,regulatory,NFkB,inflammation,1.4399852280642316
D01_S1_C001_T048,regulatory,XBP1,proteostasis,0.9954690430773017
D01_S1_C001_T048,regulatory,ATF4,stress_adaptation,1.1350845008435433
D01_S1_C001_T048,regulatory,NFkB,inflammation,1.080739987160821
D01_S1_C002_T048,regulatory,XBP1,proteostasis,0.6037555412051329
D01_S1_C002_T048,regulatory,ATF4,stress_adaptation,0.7686773466425647
D01_S1_C002_T048,regulatory,NFkB,inflammation,1.1466899935423098
D01_S1_C003_T048,regulatory,XBP1,proteostasis,0.9569559590664616
D01_S1_C003_T048,regulatory,ATF4,stress_adaptation,1.0798104667455413
D01_S1_C003_T048,regulatory,NFkB,inflammation,0.9863659897630264
D01_S1_C004_T048,regulatory,XBP1,proteostasis,1.2939070725790813
D01_S1_C004_T048,regulatory,ATF4,stress_adaptation,1.3929498948376247
D01_S1_C004_T048,regulatory,NFkB,inflammation,1.4572581826605866
D01_S1_C005_T048,regulatory,XBP1,proteostasis,1.0028598209831425
D01_S1_C005_T048,regulatory,ATF4,stress_adaptation,1.1358939511018395
D01_S1_C005_T048,regulatory,NFkB,inflammation,1.3262869194424143
D01_S1_C006_T048,regulatory,XBP1,proteostasis,1.0361813617912838
D01_S1_C006_T048,regulatory,ATF4,stress_adaptation,1.1140550408383592
D01_S1_C006_T048,regulatory,NFkB,inflammation,1.3412816128060778
D01_S1_C007_T048,regulatory,XBP1,proteostasis,0.9443465532808761
D01_S1_C007_T048,regulatory,ATF4,stress_adaptation,1.1187212622425675
D01_S1_C007_T048,regulatory,NFkB,inflammation,1.2999559489763943
D01_S1_C008_T048,regulatory,XBP1,proteostasis,0.9882534249166043
D01_S1_C008_T048,regulatory,ATF4,stress_adaptation,1.0809335261412152
D01_S1_C008_T048,regulatory,NFkB,inflammation,1.319714041212472
D01_S1_C009_T048,regulatory,XBP1,proteostasis,1.1814996144575063
D01_S1_C009_T048,regulatory,ATF4,stress_adaptation,1.2544430069385206
D01_S1_C009_T048,regulatory,NFkB,inflammation,1.4066748265058777
D01_S1_C010_T048,regulatory,XBP1,proteostasis,1.3471507750900997
D01_S1_C010_T048,regulatory,ATF4,stress_adaptation,1.4289143710500725
D01_S1_C010_T048,regulatory,NFkB,inflammation,1.4324048099665725
D01_S1_C011_T048,regulatory,XBP1,proteostasis,0.9096687996520143
D01_S1_C011_T048,regulatory,ATF4,stress_adaptation,0.9952820966127467
D01_S1_C011_T048,regulatory,NFkB,inflammation,1.2843509598434064
D01_S1_C012_T048,regulatory,XBP1,proteostasis,1.0119693785047876
D01_S1_C012_T048,regulatory,ATF4,stress_adaptation,1.092732661909977
D01_S1_C012_T048,regulatory,NFkB,inflammation,1.3303862203271544
D01_S1_C013_T048,regulatory,XBP1,proteostasis,0.8979201298094747
D01_S1_C013_T048,regulatory,ATF4,stress_adaptation,1.081872983738139
D01_S1_C013_T048,regulatory,NFkB,inflammation,0.8753374956471984
D01_S1_C014_T048,regulatory,XBP1,proteostasis,1.0091015741809217
D01_S1_C014_T048,regulatory,ATF4,stress_adaptation,1.196140566631003
D01_S1_C014_T048,regulatory,NFkB,inflammation,1.3290957083814148
D01_S1_C015_T048,regulatory,XBP1,proteostasis,0.7930910370910222
D01_S1_C015_T048,regulatory,ATF4,stress_adaptation,0.9460964364060653
D01_S1_C015_T048,regulatory,NFkB,inflammation,1.228146763039762
D01_S1_C016_T048,regulatory,XBP1,proteostasis,0.6388977349904725
D01_S1_C016_T048,regulatory,ATF4,stress_adaptation,0.8573319122118921
D01_S1_C016_T048,regulatory,NFkB,inflammation,1.1625039807457127
D01_S1_C017_T048,regulatory,XBP1,proteostasis,1.0802001840549855
D01_S1_C017_T048,regulatory,ATF4,stress_adaptation,1.1395811719123443
D01_S1_C017_T048,regulatory,NFkB,inflammation,1.2977517564202343
D01_S1_C018_T048,regulatory,XBP1,proteostasis,1.0583241102235201
D01_S1_C018_T048,regulatory,ATF4,stress_adaptation,1.1131390684338824
D01_S1_C018_T048,regulatory,NFkB,inflammation,1.325452043164551
D01_S1_C019_T048,regulatory,XBP1,proteostasis,1.0300570347521245
D01_S1_C019_T048,regulatory,ATF4,stress_adaptation,1.1617626818784799
D01_S1_C019_T048,regulatory,NFkB,inflammation,1.0309978321003024
D01_S1_C020_T048,regulatory,XBP1,proteostasis,1.14075328110732
D01_S1_C020_T048,regulatory,ATF4,stress_adaptation,1.2447637873770292
D01_S1_C020_T048,regulatory,NFkB,inflammation,1.0596034215900465
D01_S1_C021_T048,regulatory,XBP1,proteostasis,0.6936003276878553
D01_S1_C021_T048,regulatory,ATF4,stress_adaptation,0.8507182611619617
D01_S1_C021_T048,regulatory,NFkB,inflammation,1.187120147459535
D01_S1_C022_T048,regulatory,XBP1,proteostasis,0.7779275064138179
D01_S1_C022_T048,regulatory,ATF4,stress_adaptation,0.9003699727237588
D01_S1_C022_T048,regulatory,NFkB,inflammation,1.1676548475064827
D01_S1_C023_T048,regulatory,XBP1,proteostasis,1.120427731961045
D01_S1_C023_T048,regulatory,ATF4,stress_adaptation,1.201750611734394
D01_S1_C023_T048,regulatory,NFkB,inflammation,1.3791924793824704
D01_S1_C024_T048,regulatory,XBP1,proteostasis,0.9713869780764123
D01_S1_C024_T048,regulatory,ATF4,stress_adaptation,1.0946654791851615
D01_S1_C024_T048,regulatory,NFkB,inflammation,1.3121241401343855
D01_S1_C025_T048,regulatory,XBP1,proteostasis,1.2628034237958186
D01_S1_C025_T048,regulatory,ATF4,stress_adaptation,1.3977245431883536
D01_S1_C025_T048,regulatory,NFkB,inflammation,1.4432615407081184
D01_S1_C026_T048,regulatory,XBP1,proteostasis,0.8621687499712465
D01_S1_C026_T048,regulatory,ATF4,stress_adaptation,1.007561249397739
D01_S1_C026_T048,regulatory,NFkB,inflammation,1.2629759374870608
D01_S1_C027_T048,regulatory,XBP1,proteostasis,0.954889666393865
D01_S1_C027_T048,regulatory,ATF4,stress_adaptation,1.0973069999337968
D01_S1_C027_T048,regulatory,NFkB,inflammation,1.3047003498772392
D01_S1_C028_T048,regulatory,XBP1,proteostasis,1.0653686094803296
D01_S1_C028_T048,regulatory,ATF4,stress_adaptation,1.2172215128464035
D01_S1_C028_T048,regulatory,NFkB,inflammation,1.3544158742661483
D01_S1_C029_T048,regulatory,XBP1,proteostasis,1.0370757109071123
D01_S1_C029_T048,regulatory,ATF4,stress_adaptation,1.1500635402990458
D01_S1_C029_T048,regulatory,NFkB,inflammation,1.3416840699082004
D01_S1_C030_T048,regulatory,XBP1,proteostasis,0.8714764167353483
D01_S1_C030_T048,regulatory,ATF4,stress_adaptation,1.0822978577764286
D01_S1_C030_T048,regulatory,NFkB,inflammation,1.2671643875309067
D01_S1_C031_T048,regulatory,XBP1,proteostasis,0.9888341552945158
D01_S1_C031_T048,regulatory,ATF4,stress_adaptation,1.0848761117697978
D01_S1_C031_T048,regulatory,NFkB,inflammation,1.319975369882532
D01_S1_C032_T048,regulatory,XBP1,proteostasis,0.9127865896628853
D01_S1_C032_T048,regulatory,ATF4,stress_adaptation,1.0763555522313744
D01_S1_C032_T048,regulatory,NFkB,inflammation,0.9404675824777626
D01_S1_C033_T048,regulatory,XBP1,proteostasis,0.8885158010018034
D01_S1_C033_T048,regulatory,ATF4,stress_adaptation,1.0245683272803392
D01_S1_C033_T048,regulatory,NFkB,inflammation,1.2748321104508116
D01_S1_C034_T048,regulatory,XBP1,proteostasis,1.0420529707778556
D01_S1_C034_T048,regulatory,ATF4,stress_adaptation,1.2157552771941473
D01_S1_C034_T048,regulatory,NFkB,inflammation,1.343923836850035
D01_S1_C035_T048,regulatory,XBP1,proteostasis,1.0618076367114322
D01_S1_C035_T048,regulatory,ATF4,stress_adaptation,1.1255790186095114
D01_S1_C035_T048,regulatory,NFkB,inflammation,1.3528134365201445
D02_S0_C000_T000,regulatory,XBP1,proteostasis,0.3574341066276277
D02_S0_C000_T000,regulatory,ATF4,stress_adaptation,0.29396378114361144
D02_S0_C000_T000,regulatory,NFkB,inflammation,0.4091496287236164
D02_S0_C001_T000,regulatory,XBP1,proteostasis,0.5161131029762748
D02_S0_C001_T000,regulatory,ATF4,stress_adaptation,0.3897305875330513
D02_S0_C001_T000,regulatory,NFkB,inflammation,0.31362458675052646
D02_S0_C002_T000,regulatory,XBP1,proteostasis,0.3943161767018607
D02_S0_C002_T000,regulatory,ATF4,stress_adaptation,0.3246751379988776
D02_S0_C002_T000,regulatory,NFkB,inflammation,0.49300120697641403
D02_S0_C003_T000,regulatory,XBP1,proteostasis,0.49418494345911096
D02_S0_C003_T000,regulatory,ATF4,stress_adaptation,0.37039938193693633
D02_S0_C003_T000,regulatory,NFkB,inflammation,0.47345778356888313
D02_S0_C004_T000,regulatory,XBP1,proteostasis,0.4386814521178743
D02_S0_C004_T000,regulatory,ATF4,stress_adaptation,0.35195841326745547
D02_S0_C004_T000,regulatory,NFkB,inflammation,0.43459818991064764
D02_S0_C005_T000,regulatory,XBP1,proteostasis,0.5225661557373278
D02_S0_C005_T000,regulatory,ATF4,stress_adaptation,0.4000204253515361
D02_S0_C005_T000,regulatory,NFkB,inflammation,0.37352342298606184
D02_S0_C006_T000,regulatory,XBP1,proteostasis,0.6611762875684603
D02_S0_C006_T000,regulatory,ATF4,stress_adaptation,0.47848103800545383
D02_S0_C006_T000,regulatory,NFkB,inflammation,0.5994943970415652
D02_S0_C007_T000,regulatory,XBP1,proteostasis,0.8269331030025632
D02_S0_C007_T000,regulatory,ATF4,stress_adaptation,0.646924614159861
D02_S0_C007_T000,regulatory,NFkB,inflammation,0.5665189447506023
D02_S0_C008_T000,regulatory,XBP1,proteostasis,0.10961456725106752
D02_S0_C008_T000,regulatory,ATF4,stress_adaptation,0.11139219298873247
D02_S0_C008_T000,regulatory,NFkB,inflammation,0.13949727850400226
D02_S0_C009_T000,regulatory,XBP1,proteostasis,0.7584666209503774
D02_S0_C009_T000,regulatory,ATF4,stress_adaptation,0.5991630435598649
D02_S0_C009_T000,regulatory,NFkB,inflammation,0.5498128894841906
D02_S0_C010_T000,regulatory,XBP1,proteostasis,0.5956936259999025
D02_S0_C010_T000,regulatory,ATF4,stress_adaptation,0.5033879385960905
D02_S0_C010_T000,regulatory,NFkB,inflammation,0.4765185581830873
D02_S0_C011_T000,regulatory,XBP1,proteostasis,0.4358455895035696
D02_S0_C011_T000,regulatory,ATF4,stress_adaptation,0.3746932925726251
D02_S0_C011_T000,regulatory,NFkB,inflammation,0.3826080813014805
D02_S0_C012_T000,regulatory,XBP1,proteostasis,0.7310168320338722
D02_S0_C012_T000,regulatory,ATF4,stress_adaptation,0.5547828905930154
D02_S0_C012_T000,regulatory,NFkB,inflammation,0.6525394616615471
D02_S0_C013_T000,regulatory,XBP1,proteostasis,0.13333769342363522
D02_S0_C013_T000,regulatory,ATF4,stress_adaptation,0.17336956393992395
D02_S0_C013_T000,regulatory,NFkB,inflammation,0.25530214618862845
D02_S0_C014_T000,regulatory,XBP1,proteostasis,0.5604436216360248
D02_S0_C014_T000,regulatory,ATF4,stress_adaptation,0.41315149238988125
D02_S0_C014_T000,regulatory,NFkB,inflammation,0.31738094404137007
D02_S0_C015_T000,regulatory,XBP1,proteostasis,0.5658340499173349
D02_S0_C015_T000,regulatory,ATF4,stress_adaptation,0.49160497210193516
D02_S0_C015_T000,regulatory,NFkB,inflammation,0.4443948126318611
D02_S0_C016_T000,regulatory,XBP1,proteostasis,0.5541844890278073
D02_S0_C016_T000,regulatory,ATF4,stress_adaptation,0.4430457869689808
D02_S0_C016_T000,regulatory,NFkB,inflammation,0.5747686253714074
D02_S0_C017_T000,regulatory,XBP1,proteostasis,0.7699837832611821
D02_S0_C017_T000,regulatory,ATF4,stress_adaptation,0.5957594492173488
D02_S0_C017_T000,regulatory,NFkB,inflammation,0.6778911575310487
D02_S0_C018_T000,regulatory,XBP1,proteostasis,0.4264578518261284
D02_S0_C018_T000,regulatory,ATF4,stress_adaptation,0.36585607394457764
D02_S0_C018_T000,regulatory,NFkB,inflammation,0.5030113190734014
D02_S0_C019_T000,regulatory,XBP1,proteostasis,0.5315956906273884
D02_S0_C019_T000,regulatory,ATF4,stress_adaptation,0.4330741948227466
D02_S0_C019_T000,regulatory,NFkB,inflammation,0.44905746609684216
D02_S0_C020_T000,regulatory,XBP1,proteostasis,0.5326601617933192
D02_S0_C020_T000,regulatory,ATF4,stress_adaptation,0.4146649318089379
D02_S0_C020_T000,regulatory,NFkB,inflammation,0.4778633520261452
D02_S0_C021_T000,regulatory,XBP1,proteostasis,0.594307371281261
D02_S0_C021_T000,regulatory,ATF4,stress_adaptation,0.4660379906809229
D02_S0_C021_T000,regulatory,NFkB,inflammation,0.38813472034583646
D02_S0_C022_T000,regulatory,XBP1,proteostasis,0.577533409573482
D02_S0_C022_T000,regulatory,ATF4,stress_adaptation,0.47627846924532596
D02_S0_C022_T000,regulatory,NFkB,inflammation,0.44766731981492514
D02_S0_C023_T000,regulatory,XBP1,proteostasis,0.3168598797433009
D02_S0_C023_T000,regulatory,ATF4,stress_adaptation,0.26964643081671075
D02_S0_C023_T000,regulatory,NFkB,inflammation,0.4529319360634696
D02_S0_C024_T000,regulatory,XBP1,proteostasis,0.42835746365196553
D02_S0_C024_T000,regulatory,ATF4,stress_adaptation,0.39381821311999976
D02_S0_C024_T000,regulatory,NFkB,inflammation,0.4085401164190725
D02_S0_C025_T000,regulatory,XBP1,proteostasis,0.2992784162540702
D02_S0_C025_T000,regulatory,ATF4,stress_adaptation,0.27467767060977966
D02_S0_C025_T000,regulatory,NFkB,inflammation,0.3735665409039334
D02_S0_C026_T000,regulatory,XBP1,proteostasis,0.7025551916096362
D02_S0_C026_T000,regulatory,ATF4,stress_adaptation,0.5098842693051201
D02_S0_C026_T000,regulatory,NFkB,inflammation,0.6331063494914274
D02_S0_C027_T000,regulatory,XBP1,proteostasis,0.6744539696321974
D02_S0_C027_T000,regulatory,ATF4,stress_adaptation,0.5484623514913055
D02_S0_C027_T000,regulatory,NFkB,inflammation,0.5307989572091578
D02_S0_C028_T000,regulatory,XBP1,proteostasis,0.2592558010815835
D02_S0_C028_T000,regulatory,ATF4,stress_adaptation,0.24661602660187026
D02_S0_C028_T000,regulatory,NFkB,inflammation,0.4086417712625817
D02_S0_C029_T000,regulatory,XBP1,proteostasis,0.5396948171178119
D02_S0_C029_T000,regulatory,ATF4,stress_adaptation,0.46118194506494775
D02_S0_C029_T000,regulatory,NFkB,inflammation,0.40833170430945964
D02_S0_C030_T000,regulatory,XBP1,proteostasis,0.49939771884247475
D02_S0_C030_T000,regulatory,ATF4,stress_adaptation,0.44319103677332605
D02_S0_C030_T000,regulatory,NFkB,inflammation,0.4283032359780019
D02_S0_C031_T000,regulatory,XBP1,proteostasis,0.7962359260825899
D02_S0_C031_T000,regulatory,ATF4,stress_adaptation,0.5705302227859713
D02_S0_C031_T000,regulatory,NFkB,inflammation,0.43394815822312893
D02_S0_C032_T000,regulatory,XBP1,proteostasis,0.48632197941225297
D02_S0_C032_T000,regulatory,ATF4,stress_adaptation,0.4539105095459304
D02_S0_C032_T000,regulatory,NFkB,inflammation,0.41538178790726066
D02_S0_C033_T000,regulatory,XBP1,proteostasis,0.544021762981567
D02_S0_C033_T000,regulatory,ATF4,stress_adaptation,0.4124876268669184
D02_S0_C033_T000,regulatory,NFkB,inflammation,0.47899537859235386
D02_S0_C034_T000,regulatory,XBP1,proteostasis,0.4171506230099638
D02_S0_C034_T000,regulatory,ATF4,stress_adaptation,0.3371298855558008
D02_S0_C034_T000,regulatory,NFkB,inflammation,0.42555099083041736
D02_S0_C035_T000,regulatory,XBP1,proteostasis,0.7633183978878904
D02_S0_C035_T000,regulatory,ATF4,stress_adaptation,0.5521356097059503
D02_S0_C035_T000,regulatory,NFkB,inflammation,0.6529021761963676
D02_S0_C000_T012,regulatory,XBP1,proteostasis,0.4691398615957445
D02_S0_C000_T012,regulatory,ATF4,stress_adaptation,0.4307380448118307
D02_S0_C000_T012,regulatory,NFkB,inflammation,0.5477678706954194
D02_S0_C001_T012,regulatory,XBP1,proteostasis,0.5361132281421293
D02_S0_C001_T012,regulatory,ATF4,stress_adaptation,0.45710669609605215
D02_S0_C001_T012,regulatory,NFkB,inflammation,0.44817385345995875
D02_S0_C002_T012,regulatory,XBP1,proteostasis,0.5258933368840352
D02_S0_C002_T012,regulatory,ATF4,stress_adaptation,0.468974105822199
D02_S0_C002_T012,regulatory,NFkB,inflammation,0.6202127275833854
D02_S0_C003_T012,regulatory,XBP1,proteostasis,0.5379613634974717
D02_S0_C003_T012,regulatory,ATF4,stress_adaptation,0.4743407112080472
D02_S0_C003_T012,regulatory,NFkB,inflammation,0.5630969646392968
D02_S0_C004_T012,regulatory,XBP1,proteostasis,0.5227512423377169
D02_S0_C004_T012,regulatory,ATF4,stress_adaptation,0.4791199265735513
D02_S0_C004_T012,regulatory,NFkB,inflammation,0.5382726300908075
D02_S0_C005_T012,regulatory,XBP1,proteostasis,0.6464846784404559
D02_S0_C005_T012,regulatory,ATF4,stress_adaptation,0.562478402094832
D02_S0_C005_T012,regulatory,NFkB,inflammation,0.4844757695899193
D02_S0_C006_T012,regulatory,XBP1,proteostasis,0.7403506193755645
D02_S0_C006_T012,regulatory,ATF4,stress_adaptation,0.5805823333983194
D02_S0_C006_T012,regulatory,NFkB,inflammation,0.7863193999980835
D02_S0_C007_T012,regulatory,XBP1,proteostasis,0.8717847271854817
D02_S0_C007_T012,regulatory,ATF4,stress_adaptation,0.7423583689693434
D02_S0_C007_T012,regulatory,NFkB,inflammation,0.6979774593778894
D02_S0_C008_T012,regulatory,XBP1,proteostasis,0.1759303535760785
D02_S0_C008_T012,regulatory,ATF4,stress_adaptation,0.18933217920047413
D02_S0_C008_T012,regulatory,NFkB,inflammation,0.2540339408325064
D02_S0_C009_T012,regulatory,XBP1,proteostasis,0.8251367216343646
D02_S0_C009_T012,regulatory,ATF4,stress_adaptation,0.7157642235392446
D02_S0_C009_T012,regulatory,NFkB,inflammation,0.7017954864369663
D02_S0_C010_T012,regulatory,XBP1,proteostasis,0.6982113850022882
D02_S0_C010_T012,regulatory,ATF4,stress_adaptation,0.6232265960444828
D02_S0_C010_T012,regulatory,NFkB,inflammation,0.648721081324767
D02_S0_C011_T012,regulatory,XBP1,proteostasis,0.5379620226619343
D02_S0_C011_T012,regulatory,ATF4,stress_adaptation,0.49171167283049944
D02_S0_C011_T012,regulatory,NFkB,inflammation,0.5632332320732963
D02_S0_C012_T012,regulatory,XBP1,proteostasis,0.7783191228827896
D02_S0_C012_T012,regulatory,ATF4,stress_adaptation,0.6736577299695024
D02_S0_C012_T012,regulatory,NFkB,inflammation,0.7486584099043385
D02_S0_C013_T012,regulatory,XBP1,proteostasis,0.2875615469935715
D02_S0_C013_T012,regulatory,ATF4,stress_adaptation,0.31378946329742463
D02_S0_C013_T012,regulatory,NFkB,inflammation,0.45283704955526194
D02_S0_C014_T012,regulatory,XBP1,proteostasis,0.6393197516311532
D02_S0_C014_T012,regulatory,ATF4,stress_adaptation,0.5130661018059341
D02_S0_C014_T012,regulatory,NFkB,inflammation,0.42947422423323967
D02_S0_C015_T012,regulatory,XBP1,proteostasis,0.6007582611392741
D02_S0_C015_T012,regulatory,ATF4,stress_adaptation,0.5659823623349809
D02_S0_C015_T012,regulatory,NFkB,inflammation,0.5750578810738171
D02_S0_C016_T012,regulatory,XBP1,proteostasis,0.6435235758819576
D02_S0_C016_T012,regulatory,ATF4,stress_adaptation,0.5772025718171184
D02_S0_C016_T012,regulatory,NFkB,inflammation,0.7007453904903223
D02_S0_C017_T012,regulatory,XBP1,proteostasis,0.8588205475321392
D02_S0_C017_T012,regulatory,ATF4,stress_adaptation,0.7242765983659178
D02_S0_C017_T012,regulatory,NFkB,inflammation,0.8718927304353441
D02_S0_C018_T012,regulatory,XBP1,proteostasis,0.5546567676395564
D02_S0_C018_T012,regulatory,ATF4,stress_adaptation,0.5134957030259233
D02_S0_C018_T012,regulatory,NFkB,inflammation,0.6261123554882643
D02_S0_C019_T012,regulatory,XBP1,proteostasis,0.5926176682342753
D02_S0_C019_T012,regulatory,ATF4,stress_adaptation,0.5142861972196644
D02_S0_C019_T012,regulatory,NFkB,inflammation,0.554899690628704
D02_S0_C020_T012,regulatory,XBP1,proteostasis,0.6488184340532532
D02_S0_C020_T012,regulatory,ATF4,stress_adaptation,0.5554878466833726
D02_S0_C020_T012,regulatory,NFkB,inflammation,0.6563192151627494
D02_S0_C021_T012,regulatory,XBP1,proteostasis,0.6957280065622867
D02_S0_C021_T012,regulatory,ATF4,stress_adaptation,0.611251624170815
D02_S0_C021_T012,regulatory,NFkB,inflammation,0.48182165656963544
D02_S0_C022_T012,regulatory,XBP1,proteostasis,0.6857726913287038
D02_S0_C022_T012,regulatory,ATF4,stress_adaptation,0.6264369799024133
D02_S0_C022_T012,regulatory,NFkB,inflammation,0.5798207074242056
D02_S0_C023_T012,regulatory,XBP1,proteostasis,0.4133430832234567
D02_S0_C023_T012,regulatory,ATF4,stress_adaptation,0.3590006343959026
D02_S0_C023_T012,regulatory,NFkB,inflammation,0.6253868800189906
D02_S0_C024_T012,regulatory,XBP1,proteostasis,0.43154841539953137
D02_S0_C024_T012,regulatory,ATF4,stress_adaptation,0.4318366128828873
D02_S0_C024_T012,regulatory,NFkB,inflammation,0.5621328485674693
D02_S0_C025_T012,regulatory,XBP1,proteostasis,0.3543794003764479
D02_S0_C025_T012,regulatory,ATF4,stress_adaptation,0.3484696309544086
D02_S0_C025_T012,regulatory,NFkB,inflammation,0.4271856236030655
D02_S0_C026_T012,regulatory,XBP1,proteostasis,0.7425278828113302
D02_S0_C026_T012,regulatory,ATF4,stress_adaptation,0.6010385531653851
D02_S0_C026_T012,regulatory,NFkB,inflammation,0.7626226565571079
D02_S0_C027_T012,regulatory,XBP1,proteostasis,0.6980745936939443
D02_S0_C027_T012,regulatory,ATF4,stress_adaptation,0.6242797082319784
D02_S0_C027_T012,regulatory,NFkB,inflammation,0.6629311724882628
D02_S0_C028_T012,regulatory,XBP1,proteostasis,0.33394989857123275
D02_S0_C028_T012,regulatory,ATF4,stress_adaptation,0.3614642264282954
D02_S0_C028_T012,regulatory,NFkB,inflammation,0.48925172647181386
D02_S0_C029_T012,regulatory,XBP1,proteostasis,0.653056839575178
D02_S0_C029_T012,regulatory,ATF4,stress_adaptation,0.5716585764207567
D02_S0_C029_T012,regulatory,NFkB,inflammation,0.5840455940574589
D02_S0_C030_T012,regulatory,XBP1,proteostasis,0.6081127589295123
D02_S0_C030_T012,regulatory,ATF4,stress_adaptation,0.5667261574668548
D02_S0_C030_T012,regulatory,NFkB,inflammation,0.5916330996482556
D02_S0_C031_T012,regulatory,XBP1,proteostasis,0.8710082250772333
D02_S0_C031_T012,regulatory,ATF4,stress_adaptation,0.6956480792656696
D02_S0_C031_T012,regulatory,NFkB,inflammation,0.6042914244005171
D02_S0_C032_T012,regulatory,XBP1,proteostasis,0.5130405730083016
D02_S0_C032_T012,regulatory,ATF4,stress_adaptation,0.5135355149644841
D02_S0_C032_T012,regulatory,NFkB,inflammation,0.5556664574898988
D02_S0_C033_T012,regulatory,XBP1,proteostasis,0.590878671261588
D02_S0_C033_T012,regulatory,ATF4,stress_adaptation,0.5118398424274044
D02_S0_C033_T012,regulatory,NFkB,inflammation,0.5896662069944115
D02_S0_C034_T012,regulatory,XBP1,proteostasis,0.49613186492340017
D02_S0_C034_T012,regulatory,ATF4,stress_adaptation,0.43788351073052323
D02_S0_C034_T012,regulatory,NFkB,inflammation,0.5857314378872576
D02_S0_C035_T012,regulatory,XBP1,proteostasis,0.8650078733307512
D02_S0_C035_T012,regulatory,ATF4,stress_adaptation,0.7093725260205571
D02_S0_C035_T012,regulatory,NFkB,inflammation,0.7522467728064999
D02_S0_C000_T024,regulatory,XBP1,proteostasis,0.5706683626757894
D02_S0_C000_T024,regulatory,ATF4,stress_adaptation,0.5706593499173895
D02_S0_C000_T024,regulatory,NFkB,inflammation,0.7464788841371153
D02_S0_C001_T024,regulatory,XBP1,proteostasis,0.6932183245096226
D02_S0_C001_T024,regulatory,ATF4,stress_adaptation,0.6415433347769952
D02_S0_C001_T024,regulatory,NFkB,inflammation,0.6957480125568096
D02_S0_C002_T024,regulatory,XBP1,proteostasis,0.6202408969493217
D02_S0_C002_T024,regulatory,ATF4,stress_adaptation,0.6181036255579974
D02_S0_C002_T024,regulatory,NFkB,inflammation,0.7908239516089343
D02_S0_C003_T024,regulatory,XBP1,proteostasis,0.7061135423319893
D02_S0_C003_T024,regulatory,ATF4,stress_adaptation,0.6655761359611414
D02_S0_C003_T024,regulatory,NFkB,inflammation,0.7983642562930102
D02_S0_C004_T024,regulatory,XBP1,proteostasis,0.6532438768781496
D02_S0_C004_T024,regulatory,ATF4,stress_adaptation,0.6540312284504421
D02_S0_C004_T024,regulatory,NFkB,inflammation,0.7319549441439535
D02_S0_C005_T024,regulatory,XBP1,proteostasis,0.7664966357662668
D02_S0_C005_T024,regulatory,ATF4,stress_adaptation,0.729386824803391
D02_S0_C005_T024,regulatory,NFkB,inflammation,0.6453798792494851
D02_S0_C006_T024,regulatory,XBP1,proteostasis,0.8961444269093856
D02_S0_C006_T024,regulatory,ATF4,stress_adaptation,0.7748939409330237
D02_S0_C006_T024,regulatory,NFkB,inflammation,1.0404855517761085
D02_S0_C007_T024,regulatory,XBP1,proteostasis,1.0447495176383614
D02_S0_C007_T024,regulatory,ATF4,stress_adaptation,0.9349942187755291
D02_S0_C007_T024,regulatory,NFkB,inflammation,0.9427820004372041
D02_S0_C008_T024,regulatory,XBP1,proteostasis,0.2723246034434953
D02_S0_C008_T024,regulatory,ATF4,stress_adaptation,0.31413326986743806
D02_S0_C008_T024,regulatory,NFkB,inflammation,0.42889428703845783
D02_S0_C009_T024,regulatory,XBP1,proteostasis,0.938871594221084
D02_S0_C009_T024,regulatory,ATF4,stress_adaptation,0.8734195133924442
D02_S0_C009_T024,regulatory,NFkB,inflammation,0.9178785976876134
D02_S0_C010_T024,regulatory,XBP1,proteostasis,0.8318594555269954
D02_S0_C010_T024,regulatory,ATF4,stress_adaptation,0.7953320394633617
D02_S0_C010_T024,regulatory,NFkB,inflammation,0.8928889692124331
D02_S0_C011_T024,regulatory,XBP1,proteostasis,0.5977882993218354
D02_S0_C011_T024,regulatory,ATF4,stress_adaptation,0.6081244760411422
D02_S0_C011_T024,regulatory,NFkB,inflammation,0.7578862686338388
D02_S0_C012_T024,regulatory,XBP1,proteostasis,0.9024105082271052
D02_S0_C012_T024,regulatory,ATF4,stress_adaptation,0.8322623847086174
D02_S0_C012_T024,regulatory,NFkB,inflammation,0.9325938222589975
D02_S0_C013_T024,regulatory,XBP1,proteostasis,0.42549727102538754
D02_S0_C013_T024,regulatory,ATF4,stress_adaptation,0.47231539331694045
D02_S0_C013_T024,regulatory,NFkB,inflammation,0.7021551142970546
D02_S0_C014_T024,regulatory,XBP1,proteostasis,0.7509895121136044
D02_S0_C014_T024,regulatory,ATF4,stress_adaptation,0.6574170166851687
D02_S0_C014_T024,regulatory,NFkB,inflammation,0.5761220605294708
D02_S0_C015_T024,regulatory,XBP1,proteostasis,0.7510577972870189
D02_S0_C015_T024,regulatory,ATF4,stress_adaptation,0.7577618533475656
D02_S0_C015_T024,regulatory,NFkB,inflammation,0.8292685479900943
D02_S0_C016_T024,regulatory,XBP1,proteostasis,0.8172844181358863
D02_S0_C016_T024,regulatory,ATF4,stress_adaptation,0.7810695190111382
D02_S0_C016_T024,regulatory,NFkB,inflammation,0.9288597740850787
D02_S0_C017_T024,regulatory,XBP1,proteostasis,1.0322466861486208
D02_S0_C017_T024,regulatory,ATF4,stress_adaptation,0.9213977266333326
D02_S0_C017_T024,regulatory,NFkB,inflammation,1.1609144362775734
D02_S0_C018_T024,regulatory,XBP1,proteostasis,0.7288204766820512
D02_S0_C018_T024,regulatory,ATF4,stress_adaptation,0.7172356580029497
D02_S0_C018_T024,regulatory,NFkB,inflammation,0.8546928910916977
D02_S0_C019_T024,regulatory,XBP1,proteostasis,0.6691496762503163
D02_S0_C019_T024,regulatory,ATF4,stress_adaptation,0.6284159801656888
D02_S0_C019_T024,regulatory,NFkB,inflammation,0.7728749416757019
D02_S0_C020_T024,regulatory,XBP1,proteostasis,0.7317412702822855
D02_S0_C020_T024,regulatory,ATF4,stress_adaptation,0.6990327497974587
D02_S0_C020_T024,regulatory,NFkB,inflammation,0.8650448287494159
D02_S0_C021_T024,regulatory,XBP1,proteostasis,0.8296843314292845
D02_S0_C021_T024,regulatory,ATF4,stress_adaptation,0.7960027448500344
D02_S0_C021_T024,regulatory,NFkB,inflammation,0.6668233030437961
D02_S0_C022_T024,regulatory,XBP1,proteostasis,0.8710214494582387
D02_S0_C022_T024,regulatory,ATF4,stress_adaptation,0.8296070246597871
D02_S0_C022_T024,regulatory,NFkB,inflammation,0.8245591249269164
D02_S0_C023_T024,regulatory,XBP1,proteostasis,0.5471528864615499
D02_S0_C023_T024,regulatory,ATF4,stress_adaptation,0.5146012704844943
D02_S0_C023_T024,regulatory,NFkB,inflammation,0.8880282737749715
D02_S0_C024_T024,regulatory,XBP1,proteostasis,0.5288810070044571
D02_S0_C024_T024,regulatory,ATF4,stress_adaptation,0.5717711142004871
D02_S0_C024_T024,regulatory,NFkB,inflammation,0.7831775445141226
D02_S0_C025_T024,regulatory,XBP1,proteostasis,0.40197451582826516
D02_S0_C025_T024,regulatory,ATF4,stress_adaptation,0.4576881338718458
D02_S0_C025_T024,regulatory,NFkB,inflammation,0.5330033931236262
D02_S0_C026_T024,regulatory,XBP1,proteostasis,0.9004203006775671
D02_S0_C026_T024,regulatory,ATF4,stress_adaptation,0.7854472585834078
D02_S0_C026_T024,regulatory,NFkB,inflammation,1.034575934588211
D02_S0_C027_T024,regulatory,XBP1,proteostasis,0.8147759590523059
D02_S0_C027_T024,regulatory,ATF4,stress_adaptation,0.7544277589477378
D02_S0_C027_T024,regulatory,NFkB,inflammation,0.8686559771096264
D02_S0_C028_T024,regulatory,XBP1,proteostasis,0.4826570306667338
D02_S0_C028_T024,regulatory,ATF4,stress_adaptation,0.525718841778184
D02_S0_C028_T024,regulatory,NFkB,inflammation,0.6747268553400185
D02_S0_C029_T024,regulatory,XBP1,proteostasis,0.756900007750874
D02_S0_C029_T024,regulatory,ATF4,stress_adaptation,0.7162872409473193
D02_S0_C029_T024,regulatory,NFkB,inflammation,0.8128184741045538
D02_S0_C030_T024,regulatory,XBP1,proteostasis,0.7201001507530422
D02_S0_C030_T024,regulatory,ATF4,stress_adaptation,0.738467171249451
D02_S0_C030_T024,regulatory,NFkB,inflammation,0.7993112620617722
D02_S0_C031_T024,regulatory,XBP1,proteostasis,1.0276940662215601
D02_S0_C031_T024,regulatory,ATF4,stress_adaptation,0.900489424464783
D02_S0_C031_T024,regulatory,NFkB,inflammation,0.8464604922426222
D02_S0_C032_T024,regulatory,XBP1,proteostasis,0.6467650757608902
D02_S0_C032_T024,regulatory,ATF4,stress_adaptation,0.6777554023485088
D02_S0_C032_T024,regulatory,NFkB,inflammation,0.7833456702937623
D02_S0_C033_T024,regulatory,XBP1,proteostasis,0.7043195765262326
D02_S0_C033_T024,regulatory,ATF4,stress_adaptation,0.6650705089793646
D02_S0_C033_T024,regulatory,NFkB,inflammation,0.8288317890700277
D02_S0_C034_T024,regulatory,XBP1,proteostasis,0.5923784730707954
D02_S0_C034_T024,regulatory,ATF4,stress_adaptation,0.5702993238641004
D02_S0_C034_T024,regulatory,NFkB,inflammation,0.7918304445551188
D02_S0_C035_T024,regulatory,XBP1,proteostasis,1.0250770906691715
D02_S0_C035_T024,regulatory,ATF4,stress_adaptation,0.8959898653437695
D02_S0_C035_T024,regulatory,NFkB,inflammation,0.9518993939516097
D02_S0_C000_T048,regulatory,XBP1,proteostasis,0.8027518593589779
D02_S0_C000_T048,regulatory,ATF4,stress_adaptation,0.9182005889914568
D02_S0_C000_T048,regulatory,NFkB,inflammation,1.2362383367115402
D02_S0_C001_T048,regulatory,XBP1,proteostasis,0.9410941713887816
D02_S0_C001_T048,regulatory,ATF4,stress_adaptation,1.018170607741228
D02_S0_C001_T048,regulatory,NFkB,inflammation,1.276003496412305
D02_S0_C002_T048,regulatory,XBP1,proteostasis,0.9198334888147607
D02_S0_C002_T048,regulatory,ATF4,stress_adaptation,1.0262091587725208
D02_S0_C002_T048,regulatory,NFkB,inflammation,1.2889250699666424
D02_S0_C003_T048,regulatory,XBP1,proteostasis,0.9940742091381066
D02_S0_C003_T048,regulatory,ATF4,stress_adaptation,1.0605754971285213
D02_S0_C003_T048,regulatory,NFkB,inflammation,1.322333394112148
D02_S0_C004_T048,regulatory,XBP1,proteostasis,0.9331147018070085
D02_S0_C004_T048,regulatory,ATF4,stress_adaptation,1.0526375000916965
D02_S0_C004_T048,regulatory,NFkB,inflammation,1.2949016158131539
D02_S0_C005_T048,regulatory,XBP1,proteostasis,1.0608368287164558
D02_S0_C005_T048,regulatory,ATF4,stress_adaptation,1.143478974996384
D02_S0_C005_T048,regulatory,NFkB,inflammation,1.1861649756944752
D02_S0_C006_T048,regulatory,XBP1,proteostasis,1.186960534091318
D02_S0_C006_T048,regulatory,ATF4,stress_adaptation,1.1847200400259807
D02_S0_C006_T048,regulatory,NFkB,inflammation,1.4091322403410933
D02_S0_C007_T048,regulatory,XBP1,proteostasis,1.3335363136589526
D02_S0_C007_T048,regulatory,ATF4,stress_adaptation,1.3656068747355525
D02_S0_C007_T048,regulatory,NFkB,inflammation,1.4750913411465287
D02_S0_C008_T048,regulatory,XBP1,proteostasis,0.5638041534334114
D02_S0_C008_T048,regulatory,ATF4,stress_adaptation,0.7180439934662572
D02_S0_C008_T048,regulatory,NFkB,inflammation,0.9441910878314335
D02_S0_C009_T048,regulatory,XBP1,proteostasis,1.1840944700734302
D02_S0_C009_T048,regulatory,ATF4,stress_adaptation,1.2525839834418848
D02_S0_C009_T048,regulatory,NFkB,inflammation,1.4078425115330435
D02_S0_C010_T048,regulatory,XBP1,proteostasis,1.0379270957081224
D02_S0_C010_T048,regulatory,ATF4,stress_adaptation,1.1526066844028928
D02_S0_C010_T048,regulatory,NFkB,inflammation,1.342067193068655
D02_S0_C011_T048,regulatory,XBP1,proteostasis,0.8839764253493936
D02_S0_C011_T048,regulatory,ATF4,stress_adaptation,0.9810922555492632
D02_S0_C011_T048,regulatory,NFkB,inflammation,1.272789391407227
D02_S0_C012_T048,regulatory,XBP1,proteostasis,1.1338428042837192
D02_S0_C012_T048,regulatory,ATF4,stress_adaptation,1.168450585839098
D02_S0_C012_T048,regulatory,NFkB,inflammation,1.3852292619276736
D02_S0_C013_T048,regulatory,XBP1,proteostasis,0.6506959352402168
D02_S0_C013_T048,regulatory,ATF4,stress_adaptation,0.8278348389073429
D02_S0_C013_T048,regulatory,NFkB,inflammation,1.1678131708580977
D02_S0_C014_T048,regulatory,XBP1,proteostasis,1.0399461245420092
D02_S0_C014_T048,regulatory,ATF4,stress_adaptation,1.0531859748471675
D02_S0_C014_T048,regulatory,NFkB,inflammation,1.0682308951150616
D02_S0_C015_T048,regulatory,XBP1,proteostasis,1.0038045682060592
D02_S0_C015_T048,regulatory,ATF4,stress_adaptation,1.173214535590931
D02_S0_C015_T048,regulatory,NFkB,inflammation,1.3267120556927265
D02_S0_C016_T048,regulatory,XBP1,proteostasis,1.0576005696818098
D02_S0_C016_T048,regulatory,ATF4,stress_adaptation,1.154851697537655
D02_S0_C016_T048,regulatory,NFkB,inflammation,1.3509202563568143
D02_S0_C017_T048,regulatory,XBP1,proteostasis,1.1871523503273937
D02_S0_C017_T048,regulatory,ATF4,stress_adaptation,1.2249720961290795
D02_S0_C017_T048,regulatory,NFkB,inflammation,1.409218557647327
D02_S0_C018_T048,regulatory,XBP1,proteostasis,0.9466246653712795
D02_S0_C018_T048,regulatory,ATF4,stress_adaptation,1.0728231140581834
D02_S0_C018_T048,regulatory,NFkB,inflammation,1.3009810994170758
D02_S0_C019_T048,regulatory,XBP1,proteostasis,0.9034241041912893
D02_S0_C019_T048,regulatory,ATF4,stress_adaptation,1.0041121419947991
D02_S0_C019_T048,regulatory,NFkB,inflammation,1.28154084688608
D02_S0_C020_T048,regulatory,XBP1,proteostasis,1.0183427907119267
D02_S0_C020_T048,regulatory,ATF4,stress_adaptation,1.1184618073027095
D02_S0_C020_T048,regulatory,NFkB,inflammation,1.333254255820367
D02_S0_C021_T048,regulatory,XBP1,proteostasis,1.1188407358209596
D02_S0_C021_T048,regulatory,ATF4,stress_adaptation,1.2166630483037517
D02_S0_C021_T048,regulatory,NFkB,inflammation,1.1599400958059367
D02_S0_C022_T048,regulatory,XBP1,proteostasis,1.0283914703911086
D02_S0_C022_T048,regulatory,ATF4,stress_adaptation,1.152483604802041
D02_S0_C022_T048,regulatory,NFkB,inflammation,1.3377761616759989
D02_S0_C023_T048,regulatory,XBP1,proteostasis,0.7590992062561548
D02_S0_C023_T048,regulatory,ATF4,stress_adaptation,0.8477811639173707
D02_S0_C023_T048,regulatory,NFkB,inflammation,1.2165946428152696
D02_S0_C024_T048,regulatory,XBP1,proteostasis,0.7786206311088306
D02_S0_C024_T048,regulatory,ATF4,stress_adaptation,0.9495181550550817
D02_S0_C024_T048,regulatory,NFkB,inflammation,1.225379283998974
D02_S0_C025_T048,regulatory,XBP1,proteostasis,0.7404168219240277
D02_S0_C025_T048,regulatory,ATF4,stress_adaptation,0.8802777560560988
D02_S0_C025_T048,regulatory,NFkB,inflammation,1.0296505939210232
D02_S0_C026_T048,regulatory,XBP1,proteostasis,1.0785866797402153
D02_S0_C026_T048,regulatory,ATF4,stress_adaptation,1.0976393523257815
D02_S0_C026_T048,regulatory,NFkB,inflammation,1.3603640058830968
D02_S0_C027_T048,regulatory,XBP1,proteostasis,1.1147668943729239
D02_S0_C027_T048,regulatory,ATF4,stress_adaptation,1.185590015309661
D02_S0_C027_T048,regulatory,NFkB,inflammation,1.376645102467816
D02_S0_C028_T048,regulatory,XBP1,proteostasis,0.708348403403188
D02_S0_C028_T048,regulatory,ATF4,stress_adaptation,0.8774654351327891
D02_S0_C028_T048,regulatory,NFkB,inflammation,1.1937567815314347
D02_S0_C029_T048,regulatory,XBP1,proteostasis,1.0087139700553835
D02_S0_C029_T048,regulatory,ATF4,stress_adaptation,1.1089280714114913
D02_S0_C029_T048,regulatory,NFkB,inflammation,1.3289212865249227
D02_S0_C030_T048,regulatory,XBP1,proteostasis,0.9162180087582303
D02_S0_C030_T048,regulatory,ATF4,stress_adaptation,1.0799412965213269
D02_S0_C030_T048,regulatory,NFkB,inflammation,1.2872981039412037
D02_S0_C031_T048,regulatory,XBP1,proteostasis,1.2578415043873918
D02_S0_C031_T048,regulatory,ATF4,stress_adaptation,1.2797200297809022
D02_S0_C031_T048,regulatory,NFkB,inflammation,1.4410286769743264
D02_S0_C032_T048,regulatory,XBP1,proteostasis,0.8735981723244319
D02_S0_C032_T048,regulatory,ATF4,stress_adaptation,1.034695243480499
D02_S0_C032_T048,regulatory,NFkB,inflammation,1.2681191775459943
D02_S0_C033_T048,regulatory,XBP1,proteostasis,1.0360071625808975
D02_S0_C033_T048,regulatory,ATF4,stress_adaptation,1.105418149778666
D02_S0_C033_T048,regulatory,NFkB,inflammation,1.341203223161404
D02_S0_C034_T048,regulatory,XBP1,proteostasis,0.8072726963334451
D02_S0_C034_T048,regulatory,ATF4,stress_adaptation,0.8840687487991397
D02_S0_C034_T048,regulatory,NFkB,inflammation,1.2382727133500504
D02_S0_C035_T048,regulatory,XBP1,proteostasis,1.2756235284214523
D02_S0_C035_T048,regulatory,ATF4,stress_adaptation,1.2983060201491718
D02_S0_C035_T048,regulatory,NFkB,inflammation,1.4490305877896534
D02_S1_C000_T000,regulatory,XBP1,proteostasis,0.5690922924629436
D02_S1_C000_T000,regulatory,ATF4,stress_adaptation,0.47069624392955045
D02_S1_C000_T000,regulatory,NFkB,inflammation,0.4581859171192965
D02_S1_C001_T000,regulatory,XBP1,proteostasis,0.42252319268398697
D02_S1_C001_T000,regulatory,ATF4,stress_adaptation,0.3773607642692601
D02_S1_C001_T000,regulatory,NFkB,inflammation,0.45486663336082717
D02_S1_C002_T000,regulatory,XBP1,proteostasis,0.5254822618932484
D02_S1_C002_T000,regulatory,ATF4,stress_adaptation,0.41891766317890855
D02_S1_C002_T000,regulatory,NFkB,inflammation,0.35621591460770513
D02_S1_C003_T000,regulatory,XBP1,proteostasis,0.5332634330359319
D02_S1_C003_T000,regulatory,ATF4,stress_adaptation,0.4174887591410391
D02_S1_C003_T000,regulatory,NFkB,inflammation,0.4186043850252168
D02_S1_C004_T000,regulatory,XBP1,proteostasis,0.5731535637031364
D02_S1_C004_T000,regulatory,ATF4,stress_adaptation,0.4284077890183759
D02_S1_C004_T000,regulatory,NFkB,inflammation,0.5008604812278208
D02_S1_C005_T000,regulatory,XBP1,proteostasis,0.5339150979077975
D02_S1_C005_T000,regulatory,ATF4,stress_adaptation,0.42256259210725955
D02_S1_C005_T000,regulatory,NFkB,inflammation,0.4202370381954963
D02_S1_C006_T000,regulatory,XBP1,proteostasis,0.43990223299981246
D02_S1_C006_T000,regulatory,ATF4,stress_adaptation,0.3823872059582628
D02_S1_C006_T000,regulatory,NFkB,inflammation,0.4018023730322135
D02_S1_C007_T000,regulatory,XBP1,proteostasis,0.5878951070383384
D02_S1_C007_T000,regulatory,ATF4,stress_adaptation,0.4485907420256443
D02_S1_C007_T000,regulatory,NFkB,inflammation,0.5762501916667244
D02_S1_C008_T000,regulatory,XBP1,proteostasis,0.4054438187508764
D02_S1_C008_T000,regulatory,ATF4,stress_adaptation,0.3409765126234375
D02_S1_C008_T000,regulatory,NFkB,inflammation,0.4318204291999629
D02_S1_C009_T000,regulatory,XBP1,proteostasis,0.5640041490151783
D02_S1_C009_T000,regulatory,ATF4,stress_adaptation,0.471762812898318
D02_S1_C009_T000,regulatory,NFkB,inflammation,0.44315340094008404
D02_S1_C010_T000,regulatory,XBP1,proteostasis,0.5736387774364261
D02_S1_C010_T000,regulatory,ATF4,stress_adaptation,0.4319301472958567
D02_S1_C010_T000,regulatory,NFkB,inflammation,0.3507264202691566
D02_S1_C011_T000,regulatory,XBP1,proteostasis,0.48119884599537993
D02_S1_C011_T000,regulatory,ATF4,stress_adaptation,0.3641374627988387
D02_S1_C011_T000,regulatory,NFkB,inflammation,0.33407912001371204
D02_S1_C012_T000,regulatory,XBP1,proteostasis,0.5975173600420141
D02_S1_C012_T000,regulatory,ATF4,stress_adaptation,0.49225566028047946
D02_S1_C012_T000,regulatory,NFkB,inflammation,0.4552887869826179
D02_S1_C013_T000,regulatory,XBP1,proteostasis,0.7595924061778759
D02_S1_C013_T000,regulatory,ATF4,stress_adaptation,0.5560905789971915
D02_S1_C013_T000,regulatory,NFkB,inflammation,0.6267526126991163
D02_S1_C014_T000,regulatory,XBP1,proteostasis,0.5467933739160554
D02_S1_C014_T000,regulatory,ATF4,stress_adaptation,0.3983317739686051
D02_S1_C014_T000,regulatory,NFkB,inflammation,0.32473570322662976
D02_S1_C015_T000,regulatory,XBP1,proteostasis,0.7262530694585053
D02_S1_C015_T000,regulatory,ATF4,stress_adaptation,0.5713074746498609
D02_S1_C015_T000,regulatory,NFkB,inflammation,0.5242663997465263
D02_S1_C016_T000,regulatory,XBP1,proteostasis,0.4315837348752542
D02_S1_C016_T000,regulatory,ATF4,stress_adaptation,0.3509560532548462
D02_S1_C016_T000,regulatory,NFkB,inflammation,0.2880645809458535
D02_S1_C017_T000,regulatory,XBP1,proteostasis,0.459145629009774
D02_S1_C017_T000,regulatory,ATF4,stress_adaptation,0.36058873656986856
D02_S1_C017_T000,regulatory,NFkB,inflammation,0.5377194545866296
D02_S1_C018_T000,regulatory,XBP1,proteostasis,0.41658406964512423
D02_S1_C018_T000,regulatory,ATF4,stress_adaptation,0.3257125476941481
D02_S1_C018_T000,regulatory,NFkB,inflammation,0.2971900850830598
D02_S1_C019_T000,regulatory,XBP1,proteostasis,0.6629501282715932
D02_S1_C019_T000,regulatory,ATF4,stress_adaptation,0.5394674604857184
D02_S1_C019_T000,regulatory,NFkB,inflammation,0.5020776333873334
D02_S1_C020_T000,regulatory,XBP1,proteostasis,0.2519917859046534
D02_S1_C020_T000,regulatory,ATF4,stress_adaptation,0.25439922529900383
D02_S1_C020_T000,regulatory,NFkB,inflammation,0.3083431869614468
D02_S1_C021_T000,regulatory,XBP1,proteostasis,0.5022782977730954
D02_S1_C021_T000,regulatory,ATF4,stress_adaptation,0.4342401254339379
D02_S1_C021_T000,regulatory,NFkB,inflammation,0.4263556111086422
D02_S1_C022_T000,regulatory,XBP1,proteostasis,0.5112009067739407
D02_S1_C022_T000,regulatory,ATF4,stress_adaptation,0.39876121984566226
D02_S1_C022_T000,regulatory,NFkB,inflammation,0.3343461603015435
D02_S1_C023_T000,regulatory,XBP1,proteostasis,0.6534271993075617
D02_S1_C023_T000,regulatory,ATF4,stress_adaptation,0.5126767136295699
D02_S1_C023_T000,regulatory,NFkB,inflammation,0.4724143897902054
D02_S1_C024_T000,regulatory,XBP1,proteostasis,0.4089157674650568
D02_S1_C024_T000,regulatory,ATF4,stress_adaptation,0.3052846279680237
D02_S1_C024_T000,regulatory,NFkB,inflammation,0.22348355332632044
D02_S1_C025_T000,regulatory,XBP1,proteostasis,0.4825315014451571
D02_S1_C025_T000,regulatory,ATF4,stress_adaptation,0.40426830644941203
D02_S1_C025_T000,regulatory,NFkB,inflammation,0.3481887346622756
D02_S1_C026_T000,regulatory,XBP1,proteostasis,0.6400386409373137
D02_S1_C026_T000,regulatory,ATF4,stress_adaptation,0.4681977429673707
D02_S1_C026_T000,regulatory,NFkB,inflammation,0.3965647838663131
D02_S1_C027_T000,regulatory,XBP1,proteostasis,0.5815791103820129
D02_S1_C027_T000,regulatory,ATF4,stress_adaptation,0.46138911012765305
D02_S1_C027_T000,regulatory,NFkB,inflammation,0.3656390474968313
D02_S1_C028_T000,regulatory,XBP1,proteostasis,0.552540286698479
D02_S1_C028_T000,regulatory,ATF4,stress_adaptation,0.4526549110538643
D02_S1_C028_T000,regulatory,NFkB,inflammation,0.4627166428568861
D02_S1_C029_T000,regulatory,XBP1,proteostasis,0.49597450612229693
D02_S1_C029_T000,regulatory,ATF4,stress_adaptation,0.4492397225304354
D02_S1_C029_T000,regulatory,NFkB,inflammation,0.4351876357558191
D02_S1_C030_T000,regulatory,XBP1,proteostasis,0.40707548015675943
D02_S1_C030_T000,regulatory,ATF4,stress_adaptation,0.33052727026090584
D02_S1_C030_T000,regulatory,NFkB,inflammation,0.2678141926496893
D02_S1_C031_T000,regulatory,XBP1,proteostasis,0.6218133117556731
D02_S1_C031_T000,regulatory,ATF4,stress_adaptation,0.4421940009443792
D02_S1_C031_T000,regulatory,NFkB,inflammation,0.5370028588722016
D02_S1_C032_T000,regulatory,XBP1,proteostasis,0.5387276309831294
D02_S1_C032_T000,regulatory,ATF4,stress_adaptation,0.41166883923754305
D02_S1_C032_T000,regulatory,NFkB,inflammation,0.3117068512610089
D02_S1_C033_T000,regulatory,XBP1,proteostasis,0.5114205233989951
D02_S1_C033_T000,regulatory,ATF4,stress_adaptation,0.4407429499150546
D02_S1_C033_T000,regulatory,NFkB,inflammation,0.4329562890425218
D02_S1_C034_T000,regulatory,XBP1,proteostasis,0.6849153798214187
D02_S1_C034_T000,regulatory,ATF4,stress_adaptation,0.5397396638516166
D02_S1_C034_T000,regulatory,NFkB,inflammation,0.39506017714204505
D02_S1_C035_T000,regulatory,XBP1,proteostasis,0.41183791035337286
D02_S1_C035_T000,regulatory,ATF4,stress_adaptation,0.3169454621563424
D02_S1_C035_T000,regulatory,NFkB,inflammation,0.28958529582129694
D02_S1_C000_T012,regulatory,XBP1,proteostasis,0.6483112285733592
D02_S1_C000_T012,regulatory,ATF4,stress_adaptation,0.5651457815508197
D02_S1_C000_T012,regulatory,NFkB,inflammation,0.6066369688649458
D02_S1_C001_T012,regulatory,XBP1,proteostasis,0.5154174971880393
D02_S1_C001_T012,regulatory,ATF4,stress_adaptation,0.5150880245089747
D02_S1_C001_T012,regulatory,NFkB,inflammation,0.5872491021824834
D02_S1_C002_T012,regulatory,XBP1,proteostasis,0.6260572465223643
D02_S1_C002_T012,regulatory,ATF4,stress_adaptation,0.5408373640039298
D02_S1_C002_T012,regulatory,NFkB,inflammation,0.5206765904543054
D02_S1_C003_T012,regulatory,XBP1,proteostasis,0.5703312688359294
D02_S1_C003_T012,regulatory,ATF4,stress_adaptation,0.48910710989627415
D02_S1_C003_T012,regulatory,NFkB,inflammation,0.5560123440099491
D02_S1_C004_T012,regulatory,XBP1,proteostasis,0.6660142746736184
D02_S1_C004_T012,regulatory,ATF4,stress_adaptation,0.5497142120588105
D02_S1_C004_T012,regulatory,NFkB,inflammation,0.6309952203664639
D02_S1_C005_T012,regulatory,XBP1,proteostasis,0.6654174626974543
D02_S1_C005_T012,regulatory,ATF4,stress_adaptation,0.5588447926346951
D02_S1_C005_T012,regulatory,NFkB,inflammation,0.5993446989689131
D02_S1_C006_T012,regulatory,XBP1,proteostasis,0.5642283713913165
D02_S1_C006_T012,regulatory,ATF4,stress_adaptation,0.5179191315296532
D02_S1_C006_T012,regulatory,NFkB,inflammation,0.5962061594697221
D02_S1_C007_T012,regulatory,XBP1,proteostasis,0.6770333623062753
D02_S1_C007_T012,regulatory,ATF4,stress_adaptation,0.5671219615100165
D02_S1_C007_T012,regulatory,NFkB,inflammation,0.6723922001369808
D02_S1_C008_T012,regulatory,XBP1,proteostasis,0.4807940111083304
D02_S1_C008_T012,regulatory,ATF4,stress_adaptation,0.4520162601205687
D02_S1_C008_T012,regulatory,NFkB,inflammation,0.49128110652128787
D02_S1_C009_T012,regulatory,XBP1,proteostasis,0.6141286508112065
D02_S1_C009_T012,regulatory,ATF4,stress_adaptation,0.5625064426751472
D02_S1_C009_T012,regulatory,NFkB,inflammation,0.6116561697867713
D02_S1_C010_T012,regulatory,XBP1,proteostasis,0.6251323856433187
D02_S1_C010_T012,regulatory,ATF4,stress_adaptation,0.5040270732570028
D02_S1_C010_T012,regulatory,NFkB,inflammation,0.48786071745573883
D02_S1_C011_T012,regulatory,XBP1,proteostasis,0.5621747210613897
D02_S1_C011_T012,regulatory,ATF4,stress_adaptation,0.463346014737457
D02_S1_C011_T012,regulatory,NFkB,inflammation,0.47783312094875074
D02_S1_C012_T012,regulatory,XBP1,proteostasis,0.7088462796261722
D02_S1_C012_T012,regulatory,ATF4,stress_adaptation,0.6123898174578841
D02_S1_C012_T012,regulatory,NFkB,inflammation,0.6047651422644768
D02_S1_C013_T012,regulatory,XBP1,proteostasis,0.8574647611940888
D02_S1_C013_T012,regulatory,ATF4,stress_adaptation,0.6875347287559391
D02_S1_C013_T012,regulatory,NFkB,inflammation,0.7111910177636553
D02_S1_C014_T012,regulatory,XBP1,proteostasis,0.6061747207097644
D02_S1_C014_T012,regulatory,ATF4,stress_adaptation,0.493853677044944
D02_S1_C014_T012,regulatory,NFkB,inflammation,0.4460259361635779
D02_S1_C015_T012,regulatory,XBP1,proteostasis,0.8192024123347743
D02_S1_C015_T012,regulatory,ATF4,stress_adaptation,0.6809575923515174
D02_S1_C015_T012,regulatory,NFkB,inflammation,0.7148613452487073
D02_S1_C016_T012,regulatory,XBP1,proteostasis,0.48138921314191496
D02_S1_C016_T012,regulatory,ATF4,stress_adaptation,0.4461031062452653
D02_S1_C016_T012,regulatory,NFkB,inflammation,0.3988486905147632
D02_S1_C017_T012,regulatory,XBP1,proteostasis,0.5378321922624558
D02_S1_C017_T012,regulatory,ATF4,stress_adaptation,0.4893169819338436
D02_S1_C017_T012,regulatory,NFkB,inflammation,0.6229547400564414
D02_S1_C018_T012,regulatory,XBP1,proteostasis,0.4871750652071197
D02_S1_C018_T012,regulatory,ATF4,stress_adaptation,0.40962733052525846
D02_S1_C018_T012,regulatory,NFkB,inflammation,0.4063897674943195
D02_S1_C019_T012,regulatory,XBP1,proteostasis,0.7160102634741525
D02_S1_C019_T012,regulatory,ATF4,stress_adaptation,0.6348390219706205
D02_S1_C019_T012,regulatory,NFkB,inflammation,0.6503689959905798
D02_S1_C020_T012,regulatory,XBP1,proteostasis,0.3577384333239322
D02_S1_C020_T012,regulatory,ATF4,stress_adaptation,0.374375921804264
D02_S1_C020_T012,regulatory,NFkB,inflammation,0.4096253247444252
D02_S1_C021_T012,regulatory,XBP1,proteostasis,0.6053044525173804
D02_S1_C021_T012,regulatory,ATF4,stress_adaptation,0.5560383529440409
D02_S1_C021_T012,regulatory,NFkB,inflammation,0.6070738769012103
D02_S1_C022_T012,regulatory,XBP1,proteostasis,0.5975168862222464
D02_S1_C022_T012,regulatory,ATF4,stress_adaptation,0.516586669782673
D02_S1_C022_T012,regulatory,NFkB,inflammation,0.5160547888738369
D02_S1_C023_T012,regulatory,XBP1,proteostasis,0.7234566604732021
D02_S1_C023_T012,regulatory,ATF4,stress_adaptation,0.6142946876585313
D02_S1_C023_T012,regulatory,NFkB,inflammation,0.6212221954667001
D02_S1_C024_T012,regulatory,XBP1,proteostasis,0.5070163319715635
D02_S1_C024_T012,regulatory,ATF4,stress_adaptation,0.4122022516443112
D02_S1_C024_T012,regulatory,NFkB,inflammation,0.37174022383080174
D02_S1_C025_T012,regulatory,XBP1,proteostasis,0.5514414702457522
D02_S1_C025_T012,regulatory,ATF4,stress_adaptation,0.515266205887741
D02_S1_C025_T012,regulatory,NFkB,inflammation,0.4447701171162055
D02_S1_C026_T012,regulatory,XBP1,proteostasis,0.6829647766341171
D02_S1_C026_T012,regulatory,ATF4,stress_adaptation,0.573947872768861
D02_S1_C026_T012,regulatory,NFkB,inflammation,0.526238923732148
D02_S1_C027_T012,regulatory,XBP1,proteostasis,0.5841478842111174
D02_S1_C027_T012,regulatory,ATF4,stress_adaptation,0.5180540019387927
D02_S1_C027_T012,regulatory,NFkB,inflammation,0.46187529832879537
D02_S1_C028_T012,regulatory,XBP1,proteostasis,0.5844310015037997
D02_S1_C028_T012,regulatory,ATF4,stress_adaptation,0.5404863045744577
D02_S1_C028_T012,regulatory,NFkB,inflammation,0.5576097135620057
D02_S1_C029_T012,regulatory,XBP1,proteostasis,0.5558554579779414
D02_S1_C029_T012,regulatory,ATF4,stress_adaptation,0.5331091226101768
D02_S1_C029_T012,regulatory,NFkB,inflammation,0.5992502466423302
D02_S1_C030_T012,regulatory,XBP1,proteostasis,0.4887698330448604
D02_S1_C030_T012,regulatory,ATF4,stress_adaptation,0.4522905633297753
D02_S1_C030_T012,regulatory,NFkB,inflammation,0.437033909731507
D02_S1_C031_T012,regulatory,XBP1,proteostasis,0.6772422105384869
D02_S1_C031_T012,regulatory,ATF4,stress_adaptation,0.5469567511385474
D02_S1_C031_T012,regulatory,NFkB,inflammation,0.610331438406273
D02_S1_C032_T012,regulatory,XBP1,proteostasis,0.6314355590792257
D02_S1_C032_T012,regulatory,ATF4,stress_adaptation,0.5368651964044574
D02_S1_C032_T012,regulatory,NFkB,inflammation,0.45753040272296486
D02_S1_C033_T012,regulatory,XBP1,proteostasis,0.6167230360428384
D02_S1_C033_T012,regulatory,ATF4,stress_adaptation,0.5562890154581243
D02_S1_C033_T012,regulatory,NFkB,inflammation,0.5887333732623167
D02_S1_C034_T012,regulatory,XBP1,proteostasis,0.7395189530772893
D02_S1_C034_T012,regulatory,ATF4,stress_adaptation,0.6424107644121485
D02_S1_C034_T012,regulatory,NFkB,inflammation,0.5474978607635899
D02_S1_C035_T012,regulatory,XBP1,proteostasis,0.44076260151516233
D02_S1_C035_T012,regulatory,ATF4,stress_adaptation,0.3862713690240922
D02_S1_C035_T012,regulatory,NFkB,inflammation,0.3590230812722658
D02_S1_C000_T024,regulatory,XBP1,proteostasis,0.7815078928688954
D02_S1_C000_T024,regulatory,ATF4,stress_adaptation,0.7399278754409284
D02_S1_C000_T024,regulatory,NFkB,inflammation,0.8386540985625379
D02_S1_C001_T024,regulatory,XBP1,proteostasis,0.6267906119921668
D02_S1_C001_T024,regulatory,ATF4,stress_adaptation,0.6589313037944553
D02_S1_C001_T024,regulatory,NFkB,inflammation,0.7734487189589234
D02_S1_C002_T024,regulatory,XBP1,proteostasis,0.7115153495053926
D02_S1_C002_T024,regulatory,ATF4,stress_adaptation,0.7024588911999172
D02_S1_C002_T024,regulatory,NFkB,inflammation,0.7325153650601175
D02_S1_C003_T024,regulatory,XBP1,proteostasis,0.7060937720903766
D02_S1_C003_T024,regulatory,ATF4,stress_adaptation,0.6491391625457182
D02_S1_C003_T024,regulatory,NFkB,inflammation,0.7517200132903734
D02_S1_C004_T024,regulatory,XBP1,proteostasis,0.7702675075344638
D02_S1_C004_T024,regulatory,ATF4,stress_adaptation,0.7109970994559915
D02_S1_C004_T024,regulatory,NFkB,inflammation,0.8244199609389904
D02_S1_C005_T024,regulatory,XBP1,proteostasis,0.7056466439580403
D02_S1_C005_T024,regulatory,ATF4,stress_adaptation,0.65586550245168
D02_S1_C005_T024,regulatory,NFkB,inflammation,0.778427799312155
D02_S1_C006_T024,regulatory,XBP1,proteostasis,0.6250433406903882
D02_S1_C006_T024,regulatory,ATF4,stress_adaptation,0.6188636260859356
D02_S1_C006_T024,regulatory,NFkB,inflammation,0.804212663674061
D02_S1_C007_T024,regulatory,XBP1,proteostasis,0.8076368732686138
D02_S1_C007_T024,regulatory,ATF4,stress_adaptation,0.7404066195566756
D02_S1_C007_T024,regulatory,NFkB,inflammation,0.8598155884195706
D02_S1_C008_T024,regulatory,XBP1,proteostasis,0.5745125429751641
D02_S1_C008_T024,regulatory,ATF4,stress_adaptation,0.5950424217871073
D02_S1_C008_T024,regulatory,NFkB,inflammation,0.6460465908037583
D02_S1_C009_T024,regulatory,XBP1,proteostasis,0.7540747441606573
D02_S1_C009_T024,regulatory,ATF4,stress_adaptation,0.7180592771466303
D02_S1_C009_T024,regulatory,NFkB,inflammation,0.8417889547307327
D02_S1_C010_T024,regulatory,XBP1,proteostasis,0.7781598273409955
D02_S1_C010_T024,regulatory,ATF4,stress_adaptation,0.6895005548989277
D02_S1_C010_T024,regulatory,NFkB,inflammation,0.7239301208179901
D02_S1_C011_T024,regulatory,XBP1,proteostasis,0.6870841582257553
D02_S1_C011_T024,regulatory,ATF4,stress_adaptation,0.6299470088269017
D02_S1_C011_T024,regulatory,NFkB,inflammation,0.666191252345921
D02_S1_C012_T024,regulatory,XBP1,proteostasis,0.8186269907260886
D02_S1_C012_T024,regulatory,ATF4,stress_adaptation,0.7722368223100611
D02_S1_C012_T024,regulatory,NFkB,inflammation,0.8227436634678862
D02_S1_C013_T024,regulatory,XBP1,proteostasis,0.9130397289922448
D02_S1_C013_T024,regulatory,ATF4,stress_adaptation,0.7923509429561207
D02_S1_C013_T024,regulatory,NFkB,inflammation,0.8688926048375227
D02_S1_C014_T024,regulatory,XBP1,proteostasis,0.7148830643970823
D02_S1_C014_T024,regulatory,ATF4,stress_adaptation,0.6546299022458382
D02_S1_C014_T024,regulatory,NFkB,inflammation,0.6083585232380411
D02_S1_C015_T024,regulatory,XBP1,proteostasis,0.8835288718479535
D02_S1_C015_T024,regulatory,ATF4,stress_adaptation,0.7981358634923326
D02_S1_C015_T024,regulatory,NFkB,inflammation,0.898619722328609
D02_S1_C016_T024,regulatory,XBP1,proteostasis,0.5545024687003497
D02_S1_C016_T024,regulatory,ATF4,stress_adaptation,0.5661140461432327
D02_S1_C016_T024,regulatory,NFkB,inflammation,0.5480799936912792
D02_S1_C017_T024,regulatory,XBP1,proteostasis,0.6800617122391308
D02_S1_C017_T024,regulatory,ATF4,stress_adaptation,0.6684102169260786
D02_S1_C017_T024,regulatory,NFkB,inflammation,0.8272354498983078
D02_S1_C018_T024,regulatory,XBP1,proteostasis,0.588592437117694
D02_S1_C018_T024,regulatory,ATF4,stress_adaptation,0.5377383485748142
D02_S1_C018_T024,regulatory,NFkB,inflammation,0.574099785181613
D02_S1_C019_T024,regulatory,XBP1,proteostasis,0.8161225952550457
D02_S1_C019_T024,regulatory,ATF4,stress_adaptation,0.7636356187431306
D02_S1_C019_T024,regulatory,NFkB,inflammation,0.8481668221440876
D02_S1_C020_T024,regulatory,XBP1,proteostasis,0.4546724376748719
D02_S1_C020_T024,regulatory,ATF4,stress_adaptation,0.5180688784769152
D02_S1_C020_T024,regulatory,NFkB,inflammation,0.5913899211541633
D02_S1_C021_T024,regulatory,XBP1,proteostasis,0.7311032792965994
D02_S1_C021_T024,regulatory,ATF4,stress_adaptation,0.728442013553031
D02_S1_C021_T024,regulatory,NFkB,inflammation,0.8427332066126278
D02_S1_C022_T024,regulatory,XBP1,proteostasis,0.7657749697798992
D02_S1_C022_T024,regulatory,ATF4,stress_adaptation,0.7181878009131084
D02_S1_C022_T024,regulatory,NFkB,inflammation,0.7592585922025744
D02_S1_C023_T024,regulatory,XBP1,proteostasis,0.8088836480904767
D02_S1_C023_T024,regulatory,ATF4,stress_adaptation,0.72934677234097
D02_S1_C023_T024,regulatory,NFkB,inflammation,0.7898658953555433
D02_S1_C024_T024,regulatory,XBP1,proteostasis,0.557541736325725
D02_S1_C024_T024,regulatory,ATF4,stress_adaptation,0.5158397284666166
D02_S1_C024_T024,regulatory,NFkB,inflammation,0.5427834189892236
D02_S1_C025_T024,regulatory,XBP1,proteostasis,0.6132315856854841
D02_S1_C025_T024,regulatory,ATF4,stress_adaptation,0.6348679155805615
D02_S1_C025_T024,regulatory,NFkB,inflammation,0.5561579632218114
D02_S1_C026_T024,regulatory,XBP1,proteostasis,0.7922882497752313
D02_S1_C026_T024,regulatory,ATF4,stress_adaptation,0.7407892270945401
D02_S1_C026_T024,regulatory,NFkB,inflammation,0.7245765345326134
D02_S1_C027_T024,regulatory,XBP1,proteostasis,0.7172337929818576
D02_S1_C027_T024,regulatory,ATF4,stress_adaptation,0.6859373848773402
D02_S1_C027_T024,regulatory,NFkB,inflammation,0.6727221865047421
D02_S1_C028_T024,regulatory,XBP1,proteostasis,0.7262473515725479
D02_S1_C028_T024,regulatory,ATF4,stress_adaptation,0.6976713078267256
D02_S1_C028_T024,regulatory,NFkB,inflammation,0.792490944652327
D02_S1_C029_T024,regulatory,XBP1,proteostasis,0.6539706327924426
D02_S1_C029_T024,regulatory,ATF4,stress_adaptation,0.6789777695501443
D02_S1_C029_T024,regulatory,NFkB,inflammation,0.7926134406899279
D02_S1_C030_T024,regulatory,XBP1,proteostasis,0.6104880606615881
D02_S1_C030_T024,regulatory,ATF4,stress_adaptation,0.5882599353090322
D02_S1_C030_T024,regulatory,NFkB,inflammation,0.6640129176521776
D02_S1_C031_T024,regulatory,XBP1,proteostasis,0.8379831638932119
D02_S1_C031_T024,regulatory,ATF4,stress_adaptation,0.7377729445749688
D02_S1_C031_T024,regulatory,NFkB,inflammation,0.8290448587070426
D02_S1_C032_T024,regulatory,XBP1,proteostasis,0.7273312974462617
D02_S1_C032_T024,regulatory,ATF4,stress_adaptation,0.7035610947692806
D02_S1_C032_T024,regulatory,NFkB,inflammation,0.6625811655345356
D02_S1_C033_T024,regulatory,XBP1,proteostasis,0.7056388267251634
D02_S1_C033_T024,regulatory,ATF4,stress_adaptation,0.696641225709743
D02_S1_C033_T024,regulatory,NFkB,inflammation,0.7810998576448389
D02_S1_C034_T024,regulatory,XBP1,proteostasis,0.9139233326636532
D02_S1_C034_T024,regulatory,ATF4,stress_adaptation,0.8411890494915248
D02_S1_C034_T024,regulatory,NFkB,inflammation,0.7911389885484639
D02_S1_C035_T024,regulatory,XBP1,proteostasis,0.5917268539633126
D02_S1_C035_T024,regulatory,ATF4,stress_adaptation,0.5612019704435076
D02_S1_C035_T024,regulatory,NFkB,inflammation,0.5484267810793819
D02_S1_C000_T048,regulatory,XBP1,proteostasis,1.1024168464581832
D02_S1_C000_T048,regulatory,ATF4,stress_adaptation,1.1596804813877282
D02_S1_C000_T048,regulatory,NFkB,inflammation,1.3710875809061824
D02_S1_C001_T048,regulatory,XBP1,proteostasis,0.8494469570087315
D02_S1_C001_T048,regulatory,ATF4,stress_adaptation,1.0326274801149415
D02_S1_C001_T048,regulatory,NFkB,inflammation,1.2572511306539291
D02_S1_C002_T048,regulatory,XBP1,proteostasis,0.988416122134525
D02_S1_C002_T048,regulatory,ATF4,stress_adaptation,1.1044839669461304
D02_S1_C002_T048,regulatory,NFkB,inflammation,1.3197872549605363
D02_S1_C003_T048,regulatory,XBP1,proteostasis,0.9066999894411252
D02_S1_C003_T048,regulatory,ATF4,stress_adaptation,0.9735937220715136
D02_S1_C003_T048,regulatory,NFkB,inflammation,1.2830149952485064
D02_S1_C004_T048,regulatory,XBP1,proteostasis,1.113096220970829
D02_S1_C004_T048,regulatory,ATF4,stress_adaptation,1.179841709214092
D02_S1_C004_T048,regulatory,NFkB,inflammation,1.375893299436873
D02_S1_C005_T048,regulatory,XBP1,proteostasis,0.9853630169316009
D02_S1_C005_T048,regulatory,ATF4,stress_adaptation,1.020331311048026
D02_S1_C005_T048,regulatory,NFkB,inflammation,1.3184133576192205
D02_S1_C006_T048,regulatory,XBP1,proteostasis,0.8625248573237779
D02_S1_C006_T048,regulatory,ATF4,stress_adaptation,0.9914171347500063
D02_S1_C006_T048,regulatory,NFkB,inflammation,1.2631361857957
D02_S1_C007_T048,regulatory,XBP1,proteostasis,1.133818645922366
D02_S1_C007_T048,regulatory,ATF4,stress_adaptation,1.1847139963252764
D02_S1_C007_T048,regulatory,NFkB,inflammation,1.3852183906650648
D02_S1_C008_T048,regulatory,XBP1,proteostasis,0.8297317866004904
D02_S1_C008_T048,regulatory,ATF4,stress_adaptation,0.9626498285612658
D02_S1_C008_T048,regulatory,NFkB,inflammation,1.209565705721844
D02_S1_C009_T048,regulatory,XBP1,proteostasis,0.9599549656754693
D02_S1_C009_T048,regulatory,ATF4,stress_adaptation,1.06327936804295
D02_S1_C009_T048,regulatory,NFkB,inflammation,1.3069797345539613
D02_S1_C010_T048,regulatory,XBP1,proteostasis,1.060602353941989
D02_S1_C010_T048,regulatory,ATF4,stress_adaptation,1.077627944148662
D02_S1_C010_T048,regulatory,NFkB,inflammation,1.3328134667097626
D02_S1_C011_T048,regulatory,XBP1,proteostasis,0.9753864913178659
D02_S1_C011_T048,regulatory,ATF4,stress_adaptation,1.007925852073627
D02_S1_C011_T048,regulatory,NFkB,inflammation,1.1833793902679237
D02_S1_C012_T048,regulatory,XBP1,proteostasis,1.0370516775489942
D02_S1_C012_T048,regulatory,ATF4,stress_adaptation,1.0907929441143653
D02_S1_C012_T048,regulatory,NFkB,inflammation,1.3416732548970474
D02_S1_C013_T048,regulatory,XBP1,proteostasis,1.2213978545454414
D02_S1_C013_T048,regulatory,ATF4,stress_adaptation,1.1998918995788945
D02_S1_C013_T048,regulatory,NFkB,inflammation,1.4246290345454486
D02_S1_C014_T048,regulatory,XBP1,proteostasis,1.0548212920031428
D02_S1_C014_T048,regulatory,ATF4,stress_adaptation,1.0967679393823935
D02_S1_C014_T048,regulatory,NFkB,inflammation,1.2109539911694474
D02_S1_C015_T048,regulatory,XBP1,proteostasis,1.1409036467281901
D02_S1_C015_T048,regulatory,ATF4,stress_adaptation,1.1575175825642605
D02_S1_C015_T048,regulatory,NFkB,inflammation,1.3884066410276854
D02_S1_C016_T048,regulatory,XBP1,proteostasis,0.8311209461715455
D02_S1_C016_T048,regulatory,ATF4,stress_adaptation,0.9508807187071493
D02_S1_C016_T048,regulatory,NFkB,inflammation,1.180667376066059
D02_S1_C017_T048,regulatory,XBP1,proteostasis,0.8867321681802108
D02_S1_C017_T048,regulatory,ATF4,stress_adaptation,1.0120431117033064
D02_S1_C017_T048,regulatory,NFkB,inflammation,1.2740294756810948
D02_S1_C018_T048,regulatory,XBP1,proteostasis,0.876781128966463
D02_S1_C018_T048,regulatory,ATF4,stress_adaptation,0.9100334509025367
D02_S1_C018_T048,regulatory,NFkB,inflammation,1.122295187771646
D02_S1_C019_T048,regulatory,XBP1,proteostasis,1.0761522165583082
D02_S1_C019_T048,regulatory,ATF4,stress_adaptation,1.128422386720023
D02_S1_C019_T048,regulatory,NFkB,inflammation,1.3592684974512386
D02_S1_C020_T048,regulatory,XBP1,proteostasis,0.6758774104505447
D02_S1_C020_T048,regulatory,ATF4,stress_adaptation,0.8466889066743379
D02_S1_C020_T048,regulatory,NFkB,inflammation,1.1398789511469918
D02_S1_C021_T048,regulatory,XBP1,proteostasis,0.951939721836281
D02_S1_C021_T048,regulatory,ATF4,stress_adaptation,1.0757817544713297
D02_S1_C021_T048,regulatory,NFkB,inflammation,1.3033728748263265
D02_S1_C022_T048,regulatory,XBP1,proteostasis,1.0336767015897006
D02_S1_C022_T048,regulatory,ATF4,stress_adaptation,1.1176339808992006
D02_S1_C022_T048,regulatory,NFkB,inflammation,1.3401545157153651
D02_S1_C023_T048,regulatory,XBP1,proteostasis,1.034245857336935
D02_S1_C023_T048,regulatory,ATF4,stress_adaptation,1.0747682484420213
D02_S1_C023_T048,regulatory,NFkB,inflammation,1.3404106358016208
D02_S1_C024_T048,regulatory,XBP1,proteostasis,0.8088060572672154
D02_S1_C024_T048,regulatory,ATF4,stress_adaptation,0.8341873795241024
D02_S1_C024_T048,regulatory,NFkB,inflammation,1.0733054539160027
D02_S1_C025_T048,regulatory,XBP1,proteostasis,0.9496459341657504
D02_S1_C025_T048,regulatory,ATF4,stress_adaptation,1.083091226039543
D02_S1_C025_T048,regulatory,NFkB,inflammation,1.1764941021107438
D02_S1_C026_T048,regulatory,XBP1,proteostasis,1.1507444867105545
D02_S1_C026_T048,regulatory,ATF4,stress_adaptation,1.2026356568396326
D02_S1_C026_T048,regulatory,NFkB,inflammation,1.3394017077926266
D02_S1_C027_T048,regulatory,XBP1,proteostasis,1.0275644461604907
D02_S1_C027_T048,regulatory,ATF4,stress_adaptation,1.1039750942866926
D02_S1_C027_T048,regulatory,NFkB,inflammation,1.307347941428237
D02_S1_C028_T048,regulatory,XBP1,proteostasis,0.9863973506461471
D02_S1_C028_T048,regulatory,ATF4,stress_adaptation,1.0651517334812723
D02_S1_C028_T048,regulatory,NFkB,inflammation,1.3188788077907663
D02_S1_C029_T048,regulatory,XBP1,proteostasis,0.9028380398248019
D02_S1_C029_T048,regulatory,ATF4,stress_adaptation,1.0359445942223158
D02_S1_C029_T048,regulatory,NFkB,inflammation,1.2812771179211608
D02_S1_C030_T048,regulatory,XBP1,proteostasis,0.8242701417097799
D02_S1_C030_T048,regulatory,ATF4,stress_adaptation,0.9496198445103996
D02_S1_C030_T048,regulatory,NFkB,inflammation,1.245921563769401
D02_S1_C031_T048,regulatory,XBP1,proteostasis,1.1019869326302372
D02_S1_C031_T048,regulatory,ATF4,stress_adaptation,1.1334760431240936
D02_S1_C031_T048,regulatory,NFkB,inflammation,1.3708941196836069
D02_S1_C032_T048,regulatory,XBP1,proteostasis,1.0529894171498106
D02_S1_C032_T048,regulatory,ATF4,stress_adaptation,1.14095107437786
D02_S1_C032_T048,regulatory,NFkB,inflammation,1.348845237717415
D02_S1_C033_T048,regulatory,XBP1,proteostasis,0.9858036940154336
D02_S1_C033_T048,regulatory,ATF4,stress_adaptation,1.089200075082137
D02_S1_C033_T048,regulatory,NFkB,inflammation,1.318611662306945
D02_S1_C034_T048,regulatory,XBP1,proteostasis,1.1892699098905402
D02_S1_C034_T048,regulatory,ATF4,stress_adaptation,1.2419677954671344
D02_S1_C034_T048,regulatory,NFkB,inflammation,1.410171459450743
D02_S1_C035_T048,regulatory,XBP1,proteostasis,0.8854065229821224
D02_S1_C035_T048,regulatory,ATF4,stress_adaptation,0.9643962009552741
D02_S1_C035_T048,regulatory,NFkB,inflammation,1.106009636134849
D03_S0_C000_T000,regulatory,XBP1,proteostasis,0.2956798672002089
D03_S0_C000_T000,regulatory,ATF4,stress_adaptation,0.2973528017438181
D03_S0_C000_T000,regulatory,NFkB,inflammation,0.3238684818438934
D03_S0_C001_T000,regulatory,XBP1,proteostasis,0.34231803546165457
D03_S0_C001_T000,regulatory,ATF4,stress_adaptation,0.3081345689471521
D03_S0_C001_T000,regulatory,NFkB,inflammation,0.18120106248118986
D03_S0_C002_T000,regulatory,XBP1,proteostasis,0.4224837982925862
D03_S0_C002_T000,regulatory,ATF4,stress_adaptation,0.36470232980460116
D03_S0_C002_T000,regulatory,NFkB,inflammation,0.3884979431519251
D03_S0_C003_T000,regulatory,XBP1,proteostasis,0.682494235607544
D03_S0_C003_T000,regulatory,ATF4,stress_adaptation,0.5237305212001483
D03_S0_C003_T000,regulatory,NFkB,inflammation,0.5364264215239029
D03_S0_C004_T000,regulatory,XBP1,proteostasis,0.2888559813343474
D03_S0_C004_T000,regulatory,ATF4,stress_adaptation,0.28798542327103593
D03_S0_C004_T000,regulatory,NFkB,inflammation,0.1464630557768023
D03_S0_C005_T000,regulatory,XBP1,proteostasis,0.3184243639223023
D03_S0_C005_T000,regulatory,ATF4,stress_adaptation,0.271971894137648
D03_S0_C005_T000,regulatory,NFkB,inflammation,0.39315349624386253
D03_S0_C006_T000,regulatory,XBP1,proteostasis,0.6656023306478608
D03_S0_C006_T000,regulatory,ATF4,stress_adaptation,0.5690467009473799
D03_S0_C006_T000,regulatory,NFkB,inflammation,0.42897330224802976
D03_S0_C007_T000,regulatory,XBP1,proteostasis,0.4680236633760556
D03_S0_C007_T000,regulatory,ATF4,stress_adaptation,0.41998222556997716
D03_S0_C007_T000,regulatory,NFkB,inflammation,0.33484864667085257
D03_S0_C008_T000,regulatory,XBP1,proteostasis,0.32361583488222484
D03_S0_C008_T000,regulatory,ATF4,stress_adaptation,0.28911753956370456
D03_S0_C008_T000,regulatory,NFkB,inflammation,0.3404685849807828
D03_S0_C009_T000,regulatory,XBP1,proteostasis,0.2946333037714181
D03_S0_C009_T000,regulatory,ATF4,stress_adaptation,0.3108456473040907
D03_S0_C009_T000,regulatory,NFkB,inflammation,0.39767654770022953
D03_S0_C010_T000,regulatory,XBP1,proteostasis,0.28911872202011635
D03_S0_C010_T000,regulatory,ATF4,stress_adaptation,0.26532052362197217
D03_S0_C010_T000,regulatory,NFkB,inflammation,0.14575503884337473
D03_S0_C011_T000,regulatory,XBP1,proteostasis,0.7180757234208993
D03_S0_C011_T000,regulatory,ATF4,stress_adaptation,0.5969735747655038
D03_S0_C011_T000,regulatory,NFkB,inflammation,0.4742824730706222
D03_S0_C012_T000,regulatory,XBP1,proteostasis,0.6445209292372347
D03_S0_C012_T000,regulatory,ATF4,stress_adaptation,0.5536175728485744
D03_S0_C012_T000,regulatory,NFkB,inflammation,0.42192693335025855
D03_S0_C013_T000,regulatory,XBP1,proteostasis,0.40639359624212384
D03_S0_C013_T000,regulatory,ATF4,stress_adaptation,0.3776322258473505
D03_S0_C013_T000,regulatory,NFkB,inflammation,0.21145855738598351
D03_S0_C014_T000,regulatory,XBP1,proteostasis,0.8782562852000618
D03_S0_C014_T000,regulatory,ATF4,stress_adaptation,0.6955006378073494
D03_S0_C014_T000,regulatory,NFkB,inflammation,0.5202424739186591
D03_S0_C015_T000,regulatory,XBP1,proteostasis,0.6838122034443572
D03_S0_C015_T000,regulatory,ATF4,stress_adaptation,0.5380037602117153
D03_S0_C015_T000,regulatory,NFkB,inflammation,0.589293073847794
D03_S0_C016_T000,regulatory,XBP1,proteostasis,0.36229769597623207
D03_S0_C016_T000,regulatory,ATF4,stress_adaptation,0.31276499028676774
D03_S0_C016_T000,regulatory,NFkB,inflammation,0.16502441633740944
D03_S0_C017_T000,regulatory,XBP1,proteostasis,0.4039750124619353
D03_S0_C017_T000,regulatory,ATF4,stress_adaptation,0.358496437649252
D03_S0_C017_T000,regulatory,NFkB,inflammation,0.45735818364445374
D03_S0_C018_T000,regulatory,XBP1,proteostasis,0.441534045783882
D03_S0_C018_T000,regulatory,ATF4,stress_adaptation,0.3803637370518175
D03_S0_C018_T000,regulatory,NFkB,inflammation,0.25844151150257333
D03_S0_C019_T000,regulatory,XBP1,proteostasis,0.7113079533018134
D03_S0_C019_T000,regulatory,ATF4,stress_adaptation,0.5619767784235064
D03_S0_C019_T000,regulatory,NFkB,inflammation,0.5057470982483424
D03_S0_C020_T000,regulatory,XBP1,proteostasis,0.5454850210095297
D03_S0_C020_T000,regulatory,ATF4,stress_adaptation,0.44819040936069254
D03_S0_C020_T000,regulatory,NFkB,inflammation,0.43852820533435627
D03_S0_C021_T000,regulatory,XBP1,proteostasis,0.67072938135119
D03_S0_C021_T000,regulatory,ATF4,stress_adaptation,0.5578700577563106
D03_S0_C021_T000,regulatory,NFkB,inflammation,0.41794788187033993
D03_S0_C022_T000,regulatory,XBP1,proteostasis,0.27587873306231997
D03_S0_C022_T000,regulatory,ATF4,stress_adaptation,0.2665164266107307
D03_S0_C022_T000,regulatory,NFkB,inflammation,0.305311564118211
D03_S0_C023_T000,regulatory,XBP1,proteostasis,0.5317875785645788
D03_S0_C023_T000,regulatory,ATF4,stress_adaptation,0.43433112087031456
D03_S0_C023_T000,regulatory,NFkB,inflammation,0.27631736915103916
D03_S0_C024_T000,regulatory,XBP1,proteostasis,0.6603059623066567
D03_S0_C024_T000,regulatory,ATF4,stress_adaptation,0.5562134017227223
D03_S0_C024_T000,regulatory,NFkB,inflammation,0.4382113891552103
D03_S0_C025_T000,regulatory,XBP1,proteostasis,0.27606709670898194
D03_S0_C025_T000,regulatory,ATF4,stress_adaptation,0.2662963196731024
D03_S0_C025_T000,regulatory,NFkB,inflammation,0.1552774974914989
D03_S0_C026_T000,regulatory,XBP1,proteostasis,0.5225376262689896
D03_S0_C026_T000,regulatory,ATF4,stress_adaptation,0.46320406356805977
D03_S0_C026_T000,regulatory,NFkB,inflammation,0.35185925810088525
D03_S0_C027_T000,regulatory,XBP1,proteostasis,0.45985718304101797
D03_S0_C027_T000,regulatory,ATF4,stress_adaptation,0.44120213443775314
D03_S0_C027_T000,regulatory,NFkB,inflammation,0.3618154435800315
D03_S0_C028_T000,regulatory,XBP1,proteostasis,0.5978228687252369
D03_S0_C028_T000,regulatory,ATF4,stress_adaptation,0.47406826846547634
D03_S0_C028_T000,regulatory,NFkB,inflammation,0.5273058303017746
D03_S0_C029_T000,regulatory,XBP1,proteostasis,0.476493566850273
D03_S0_C029_T000,regulatory,ATF4,stress_adaptation,0.4383893401786434
D03_S0_C029_T000,regulatory,NFkB,inflammation,0.3556465382573507
D03_S0_C030_T000,regulatory,XBP1,proteostasis,0.5467448691757423
D03_S0_C030_T000,regulatory,ATF4,stress_adaptation,0.4344453834457082
D03_S0_C030_T000,regulatory,NFkB,inflammation,0.45788925238789413
D03_S0_C031_T000,regulatory,XBP1,proteostasis,0.7910815617203554
D03_S0_C031_T000,regulatory,ATF4,stress_adaptation,0.6432643011250334
D03_S0_C031_T000,regulatory,NFkB,inflammation,0.4932938522506761
D03_S0_C032_T000,regulatory,XBP1,proteostasis,0.27887187844551964
D03_S0_C032_T000,regulatory,ATF4,stress_adaptation,0.28221339203554197
D03_S0_C032_T000,regulatory,NFkB,inflammation,0.3876914126542681
D03_S0_C033_T000,regulatory,XBP1,proteostasis,0.6656306059331393
D03_S0_C033_T000,regulatory,ATF4,stress_adaptation,0.5664728459119502
D03_S0_C033_T000,regulatory,NFkB,inflammation,0.4597029461083988
D03_S0_C034_T000,regulatory,XBP1,proteostasis,0.7102503978749213
D03_S0_C034_T000,regulatory,ATF4,stress_adaptation,0.5897730628104607
D03_S0_C034_T000,regulatory,NFkB,inflammation,0.456707131863306
D03_S0_C035_T000,regulatory,XBP1,proteostasis,0.5384541191348264
D03_S0_C035_T000,regulatory,ATF4,stress_adaptation,0.41329041287494017
D03_S0_C035_T000,regulatory,NFkB,inflammation,0.39683913323420816
D03_S0_C000_T012,regulatory,XBP1,proteostasis,0.3900982500663608
D03_S0_C000_T012,regulatory,ATF4,stress_adaptation,0.4335879493550122
D03_S0_C000_T012,regulatory,NFkB,inflammation,0.44849017568102256
D03_S0_C001_T012,regulatory,XBP1,proteostasis,0.5051594173694905
D03_S0_C001_T012,regulatory,ATF4,stress_adaptation,0.4906634017712538
D03_S0_C001_T012,regulatory,NFkB,inflammation,0.3474992444191681
D03_S0_C002_T012,regulatory,XBP1,proteostasis,0.4967604021477297
D03_S0_C002_T012,regulatory,ATF4,stress_adaptation,0.4868503926885861
D03_S0_C002_T012,regulatory,NFkB,inflammation,0.49657633585481603
D03_S0_C003_T012,regulatory,XBP1,proteostasis,0.7729173732595656
D03_S0_C003_T012,regulatory,ATF4,stress_adaptation,0.6556895919385617
D03_S0_C003_T012,regulatory,NFkB,inflammation,0.5990648947716566
D03_S0_C004_T012,regulatory,XBP1,proteostasis,0.38553369080356675
D03_S0_C004_T012,regulatory,ATF4,stress_adaptation,0.4276887284577695
D03_S0_C004_T012,regulatory,NFkB,inflammation,0.28188072869646874
D03_S0_C005_T012,regulatory,XBP1,proteostasis,0.35092886438271714
D03_S0_C005_T012,regulatory,ATF4,stress_adaptation,0.33255438634074885
D03_S0_C005_T012,regulatory,NFkB,inflammation,0.5005353492018555
D03_S0_C006_T012,regulatory,XBP1,proteostasis,0.7616639377759447
D03_S0_C006_T012,regulatory,ATF4,stress_adaptation,0.6991046798310885
D03_S0_C006_T012,regulatory,NFkB,inflammation,0.595394187130434
D03_S0_C007_T012,regulatory,XBP1,proteostasis,0.6326200332461956
D03_S0_C007_T012,regulatory,ATF4,stress_adaptation,0.5789638271271678
D03_S0_C007_T012,regulatory,NFkB,inflammation,0.5238024439952919
D03_S0_C008_T012,regulatory,XBP1,proteostasis,0.44255687533709803
D03_S0_C008_T012,regulatory,ATF4,stress_adaptation,0.4449405726188427
D03_S0_C008_T012,regulatory,NFkB,inflammation,0.44378892076612386
D03_S0_C009_T012,regulatory,XBP1,proteostasis,0.33165513311309247
D03_S0_C009_T012,regulatory,ATF4,stress_adaptation,0.3943913583507195
D03_S0_C009_T012,regulatory,NFkB,inflammation,0.5151088453429342
D03_S0_C010_T012,regulatory,XBP1,proteostasis,0.3645128368505854
D03_S0_C010_T012,regulatory,ATF4,stress_adaptation,0.36797943441287295
D03_S0_C010_T012,regulatory,NFkB,inflammation,0.2948082499619362
D03_S0_C011_T012,regulatory,XBP1,proteostasis,0.8240949372387175
D03_S0_C011_T012,regulatory,ATF4,stress_adaptation,0.7424799716604968
D03_S0_C011_T012,regulatory,NFkB,inflammation,0.6001056284929823
D03_S0_C012_T012,regulatory,XBP1,proteostasis,0.7571188405234109
D03_S0_C012_T012,regulatory,ATF4,stress_adaptation,0.673980959028636
D03_S0_C012_T012,regulatory,NFkB,inflammation,0.5861193059584117
D03_S0_C013_T012,regulatory,XBP1,proteostasis,0.501873072610369
D03_S0_C013_T012,regulatory,ATF4,stress_adaptation,0.5080481251959721
D03_S0_C013_T012,regulatory,NFkB,inflammation,0.41011517992206126
D03_S0_C014_T012,regulatory,XBP1,proteostasis,0.9546380186299701
D03_S0_C014_T012,regulatory,ATF4,stress_adaptation,0.8050511648103618
D03_S0_C014_T012,regulatory,NFkB,inflammation,0.6340317761339778
D03_S0_C015_T012,regulatory,XBP1,proteostasis,0.8198708412504174
D03_S0_C015_T012,regulatory,ATF4,stress_adaptation,0.7001072005839117
D03_S0_C015_T012,regulatory,NFkB,inflammation,0.6742535239156677
D03_S0_C016_T012,regulatory,XBP1,proteostasis,0.42618306138473283
D03_S0_C016_T012,regulatory,ATF4,stress_adaptation,0.40926165162120687
D03_S0_C016_T012,regulatory,NFkB,inflammation,0.3539325510221525
D03_S0_C017_T012,regulatory,XBP1,proteostasis,0.5349723978694834
D03_S0_C017_T012,regulatory,ATF4,stress_adaptation,0.5250961225326956
D03_S0_C017_T012,regulatory,NFkB,inflammation,0.5530166025407808
D03_S0_C018_T012,regulatory,XBP1,proteostasis,0.5371183071511848
D03_S0_C018_T012,regulatory,ATF4,stress_adaptation,0.49944048976167366
D03_S0_C018_T012,regulatory,NFkB,inflammation,0.43335639287045347
D03_S0_C019_T012,regulatory,XBP1,proteostasis,0.7734731831369089
D03_S0_C019_T012,regulatory,ATF4,stress_adaptation,0.6803738998667768
D03_S0_C019_T012,regulatory,NFkB,inflammation,0.6325386471476053
D03_S0_C020_T012,regulatory,XBP1,proteostasis,0.726364693249658
D03_S0_C020_T012,regulatory,ATF4,stress_adaptation,0.6440171275550636
D03_S0_C020_T012,regulatory,NFkB,inflammation,0.5946712426621732
D03_S0_C021_T012,regulatory,XBP1,proteostasis,0.8278286050051886
D03_S0_C021_T012,regulatory,ATF4,stress_adaptation,0.7257633660746399
D03_S0_C021_T012,regulatory,NFkB,inflammation,0.615935661527238
D03_S0_C022_T012,regulatory,XBP1,proteostasis,0.32326872324849243
D03_S0_C022_T012,regulatory,ATF4,stress_adaptation,0.32597222585151114
D03_S0_C022_T012,regulatory,NFkB,inflammation,0.4284249542568573
D03_S0_C023_T012,regulatory,XBP1,proteostasis,0.6005818170175238
D03_S0_C023_T012,regulatory,ATF4,stress_adaptation,0.5446190403997208
D03_S0_C023_T012,regulatory,NFkB,inflammation,0.4382832694119482
D03_S0_C024_T012,regulatory,XBP1,proteostasis,0.7611838832338929
D03_S0_C024_T012,regulatory,ATF4,stress_adaptation,0.6777023714463275
D03_S0_C024_T012,regulatory,NFkB,inflammation,0.6284379362460171
D03_S0_C025_T012,regulatory,XBP1,proteostasis,0.3311513654028561
D03_S0_C025_T012,regulatory,ATF4,stress_adaptation,0.35063126997511346
D03_S0_C025_T012,regulatory,NFkB,inflammation,0.3098680613055437
D03_S0_C026_T012,regulatory,XBP1,proteostasis,0.6570713442517943
D03_S0_C026_T012,regulatory,ATF4,stress_adaptation,0.6091896600141748
D03_S0_C026_T012,regulatory,NFkB,inflammation,0.5666976622085615
D03_S0_C027_T012,regulatory,XBP1,proteostasis,0.5340540806363896
D03_S0_C027_T012,regulatory,ATF4,stress_adaptation,0.5634636683420298
D03_S0_C027_T012,regulatory,NFkB,inflammation,0.46964604964850015
D03_S0_C028_T012,regulatory,XBP1,proteostasis,0.6573853825377043
D03_S0_C028_T012,regulatory,ATF4,stress_adaptation,0.5804361846292279
D03_S0_C028_T012,regulatory,NFkB,inflammation,0.6368075668307447
D03_S0_C029_T012,regulatory,XBP1,proteostasis,0.5221519169238611
D03_S0_C029_T012,regulatory,ATF4,stress_adaptation,0.5194958178885545
D03_S0_C029_T012,regulatory,NFkB,inflammation,0.49189258227345933
D03_S0_C030_T012,regulatory,XBP1,proteostasis,0.6579443803064228
D03_S0_C030_T012,regulatory,ATF4,stress_adaptation,0.5811023646082
D03_S0_C030_T012,regulatory,NFkB,inflammation,0.6078316886904519
D03_S0_C031_T012,regulatory,XBP1,proteostasis,0.8931595092778387
D03_S0_C031_T012,regulatory,ATF4,stress_adaptation,0.777409700926413
D03_S0_C031_T012,regulatory,NFkB,inflammation,0.6628268130937564
D03_S0_C032_T012,regulatory,XBP1,proteostasis,0.44229687421727937
D03_S0_C032_T012,regulatory,ATF4,stress_adaptation,0.4550180252461179
D03_S0_C032_T012,regulatory,NFkB,inflammation,0.5195683438954715
D03_S0_C033_T012,regulatory,XBP1,proteostasis,0.7990952979643545
D03_S0_C033_T012,regulatory,ATF4,stress_adaptation,0.7217038293596351
D03_S0_C033_T012,regulatory,NFkB,inflammation,0.6174577688790299
D03_S0_C034_T012,regulatory,XBP1,proteostasis,0.8014417011669135
D03_S0_C034_T012,regulatory,ATF4,stress_adaptation,0.7167237264592607
D03_S0_C034_T012,regulatory,NFkB,inflammation,0.6476040408693156
D03_S0_C035_T012,regulatory,XBP1,proteostasis,0.6578378789048036
D03_S0_C035_T012,regulatory,ATF4,stress_adaptation,0.5630669435464808
D03_S0_C035_T012,regulatory,NFkB,inflammation,0.5487309490556476
D03_S0_C000_T024,regulatory,XBP1,proteostasis,0.5823635013604094
D03_S0_C000_T024,regulatory,ATF4,stress_adaptation,0.6545570657335026
D03_S0_C000_T024,regulatory,NFkB,inflammation,0.6851896227759484
D03_S0_C001_T024,regulatory,XBP1,proteostasis,0.6267259651938296
D03_S0_C001_T024,regulatory,ATF4,stress_adaptation,0.6555338580327951
D03_S0_C001_T024,regulatory,NFkB,inflammation,0.553672325941145
D03_S0_C002_T024,regulatory,XBP1,proteostasis,0.7005037147019159
D03_S0_C002_T024,regulatory,ATF4,stress_adaptation,0.7186583922769624
D03_S0_C002_T024,regulatory,NFkB,inflammation,0.7344508124667519
D03_S0_C003_T024,regulatory,XBP1,proteostasis,0.951197541857379
D03_S0_C003_T024,regulatory,ATF4,stress_adaptation,0.8736106984627872
D03_S0_C003_T024,regulatory,NFkB,inflammation,0.7950450637724201
D03_S0_C004_T024,regulatory,XBP1,proteostasis,0.5306010638715258
D03_S0_C004_T024,regulatory,ATF4,stress_adaptation,0.6176279199527153
D03_S0_C004_T024,regulatory,NFkB,inflammation,0.508351503674546
D03_S0_C005_T024,regulatory,XBP1,proteostasis,0.43134638451117907
D03_S0_C005_T024,regulatory,ATF4,stress_adaptation,0.4399026832845361
D03_S0_C005_T024,regulatory,NFkB,inflammation,0.6631630772288294
D03_S0_C006_T024,regulatory,XBP1,proteostasis,0.8812164587968799
D03_S0_C006_T024,regulatory,ATF4,stress_adaptation,0.8629203779035046
D03_S0_C006_T024,regulatory,NFkB,inflammation,0.8199572353428555
D03_S0_C007_T024,regulatory,XBP1,proteostasis,0.7202270559428087
D03_S0_C007_T024,regulatory,ATF4,stress_adaptation,0.7177391190631471
D03_S0_C007_T024,regulatory,NFkB,inflammation,0.7395749138587753
D03_S0_C008_T024,regulatory,XBP1,proteostasis,0.6230730604729828
D03_S0_C008_T024,regulatory,ATF4,stress_adaptation,0.6573194841816479
D03_S0_C008_T024,regulatory,NFkB,inflammation,0.6642996170524904
D03_S0_C009_T024,regulatory,XBP1,proteostasis,0.5097686428147171
D03_S0_C009_T024,regulatory,ATF4,stress_adaptation,0.5988435047448435
D03_S0_C009_T024,regulatory,NFkB,inflammation,0.7500376136334033
D03_S0_C010_T024,regulatory,XBP1,proteostasis,0.5458424185222963
D03_S0_C010_T024,regulatory,ATF4,stress_adaptation,0.5850890781503097
D03_S0_C010_T024,regulatory,NFkB,inflammation,0.5647523153855685
D03_S0_C011_T024,regulatory,XBP1,proteostasis,0.9876764490775508
D03_S0_C011_T024,regulatory,ATF4,stress_adaptation,0.9429508252042216
D03_S0_C011_T024,regulatory,NFkB,inflammation,0.797146534147746
D03_S0_C012_T024,regulatory,XBP1,proteostasis,0.8863061583589168
D03_S0_C012_T024,regulatory,ATF4,stress_adaptation,0.8491490295974746
D03_S0_C012_T024,regulatory,NFkB,inflammation,0.8260271667207151
D03_S0_C013_T024,regulatory,XBP1,proteostasis,0.685573680096109
D03_S0_C013_T024,regulatory,ATF4,stress_adaptation,0.7180948375172287
D03_S0_C013_T024,regulatory,NFkB,inflammation,0.6699437928560349
D03_S0_C014_T024,regulatory,XBP1,proteostasis,1.064364757663004
D03_S0_C014_T024,regulatory,ATF4,stress_adaptation,0.9477588673492243
D03_S0_C014_T024,regulatory,NFkB,inflammation,0.8272235193087424
D03_S0_C015_T024,regulatory,XBP1,proteostasis,0.940119333681244
D03_S0_C015_T024,regulatory,ATF4,stress_adaptation,0.8576546784119168
D03_S0_C015_T024,regulatory,NFkB,inflammation,0.8442784516513215
D03_S0_C016_T024,regulatory,XBP1,proteostasis,0.5806351622627597
D03_S0_C016_T024,regulatory,ATF4,stress_adaptation,0.5867785883362928
D03_S0_C016_T024,regulatory,NFkB,inflammation,0.5926099186435528
D03_S0_C017_T024,regulatory,XBP1,proteostasis,0.6595610999582386
D03_S0_C017_T024,regulatory,ATF4,stress_adaptation,0.6831887868052148
D03_S0_C017_T024,regulatory,NFkB,inflammation,0.7456609916520291
D03_S0_C018_T024,regulatory,XBP1,proteostasis,0.6220779926928335
D03_S0_C018_T024,regulatory,ATF4,stress_adaptation,0.6277120188604299
D03_S0_C018_T024,regulatory,NFkB,inflammation,0.6723369670385939
D03_S0_C019_T024,regulatory,XBP1,proteostasis,0.9419012839798978
D03_S0_C019_T024,regulatory,ATF4,stress_adaptation,0.8780687117382763
D03_S0_C019_T024,regulatory,NFkB,inflammation,0.8884873576967383
D03_S0_C020_T024,regulatory,XBP1,proteostasis,0.854043642607721
D03_S0_C020_T024,regulatory,ATF4,stress_adaptation,0.83612054230024
D03_S0_C020_T024,regulatory,NFkB,inflammation,0.7946411644554919
D03_S0_C021_T024,regulatory,XBP1,proteostasis,0.9277321048183582
D03_S0_C021_T024,regulatory,ATF4,stress_adaptation,0.8732578878879202
D03_S0_C021_T024,regulatory,NFkB,inflammation,0.8608220353298296
D03_S0_C022_T024,regulatory,XBP1,proteostasis,0.43269142983200315
D03_S0_C022_T024,regulatory,ATF4,stress_adaptation,0.4595902614402561
D03_S0_C022_T024,regulatory,NFkB,inflammation,0.6486903502644392
D03_S0_C023_T024,regulatory,XBP1,proteostasis,0.7815207777097867
D03_S0_C023_T024,regulatory,ATF4,stress_adaptation,0.7468114913963987
D03_S0_C023_T024,regulatory,NFkB,inflammation,0.6891297516640194
D03_S0_C024_T024,regulatory,XBP1,proteostasis,0.8844061232224294
D03_S0_C024_T024,regulatory,ATF4,stress_adaptation,0.8593276129690548
D03_S0_C024_T024,regulatory,NFkB,inflammation,0.8968815682075533
D03_S0_C025_T024,regulatory,XBP1,proteostasis,0.4880227401403036
D03_S0_C025_T024,regulatory,ATF4,stress_adaptation,0.5388578615866384
D03_S0_C025_T024,regulatory,NFkB,inflammation,0.5708627282461181
D03_S0_C026_T024,regulatory,XBP1,proteostasis,0.7621579780776404
D03_S0_C026_T024,regulatory,ATF4,stress_adaptation,0.7625955215201456
D03_S0_C026_T024,regulatory,NFkB,inflammation,0.7895669291187551
D03_S0_C027_T024,regulatory,XBP1,proteostasis,0.7090120895625572
D03_S0_C027_T024,regulatory,ATF4,stress_adaptation,0.7807117366935914
D03_S0_C027_T024,regulatory,NFkB,inflammation,0.6909559097261416
D03_S0_C028_T024,regulatory,XBP1,proteostasis,0.8353438322039457
D03_S0_C028_T024,regulatory,ATF4,stress_adaptation,0.7795229686488951
D03_S0_C028_T024,regulatory,NFkB,inflammation,0.8735352699137917
D03_S0_C029_T024,regulatory,XBP1,proteostasis,0.6681334113888331
D03_S0_C029_T024,regulatory,ATF4,stress_adaptation,0.6959255631001529
D03_S0_C029_T024,regulatory,NFkB,inflammation,0.7268738863208197
D03_S0_C030_T024,regulatory,XBP1,proteostasis,0.7935732277937153
D03_S0_C030_T024,regulatory,ATF4,stress_adaptation,0.7608637399044197
D03_S0_C030_T024,regulatory,NFkB,inflammation,0.8474204342592484
D03_S0_C031_T024,regulatory,XBP1,proteostasis,1.0650867246586995
D03_S0_C031_T024,regulatory,ATF4,stress_adaptation,0.9772790369958586
D03_S0_C031_T024,regulatory,NFkB,inflammation,0.9084067287226809
D03_S0_C032_T024,regulatory,XBP1,proteostasis,0.5652856873118925
D03_S0_C032_T024,regulatory,ATF4,stress_adaptation,0.6142019918549917
D03_S0_C032_T024,regulatory,NFkB,inflammation,0.7483337847863707
D03_S0_C033_T024,regulatory,XBP1,proteostasis,0.9654869844291379
D03_S0_C033_T024,regulatory,ATF4,stress_adaptation,0.9319363504209535
D03_S0_C033_T024,regulatory,NFkB,inflammation,0.8823314261183728
D03_S0_C034_T024,regulatory,XBP1,proteostasis,0.9564291236011959
D03_S0_C034_T024,regulatory,ATF4,stress_adaptation,0.8983179480466172
D03_S0_C034_T024,regulatory,NFkB,inflammation,0.8953085251558288
D03_S0_C035_T024,regulatory,XBP1,proteostasis,0.8197688432776563
D03_S0_C035_T024,regulatory,ATF4,stress_adaptation,0.7683190733056701
D03_S0_C035_T024,regulatory,NFkB,inflammation,0.7925745069377474
D03_S0_C000_T048,regulatory,XBP1,proteostasis,0.8444294825123068
D03_S0_C000_T048,regulatory,ATF4,stress_adaptation,1.078784467291176
D03_S0_C000_T048,regulatory,NFkB,inflammation,1.254993267130538
D03_S0_C001_T048,regulatory,XBP1,proteostasis,0.9471911097514657
D03_S0_C001_T048,regulatory,ATF4,stress_adaptation,1.14440436883788
D03_S0_C001_T048,regulatory,NFkB,inflammation,1.2084345711077713
D03_S0_C002_T048,regulatory,XBP1,proteostasis,0.9567659922275896
D03_S0_C002_T048,regulatory,ATF4,stress_adaptation,1.1218491011602958
D03_S0_C002_T048,regulatory,NFkB,inflammation,1.3055446965024153
D03_S0_C003_T048,regulatory,XBP1,proteostasis,1.2281838700429237
D03_S0_C003_T048,regulatory,ATF4,stress_adaptation,1.3079623895706434
D03_S0_C003_T048,regulatory,NFkB,inflammation,1.4276827415193156
D03_S0_C004_T048,regulatory,XBP1,proteostasis,0.8355129109276668
D03_S0_C004_T048,regulatory,ATF4,stress_adaptation,1.0689920633736882
D03_S0_C004_T048,regulatory,NFkB,inflammation,1.1856909555679174
D03_S0_C005_T048,regulatory,XBP1,proteostasis,0.7222451582146066
D03_S0_C005_T048,regulatory,ATF4,stress_adaptation,0.7912875159620595
D03_S0_C005_T048,regulatory,NFkB,inflammation,1.200010321196573
D03_S0_C006_T048,regulatory,XBP1,proteostasis,1.1515071332531452
D03_S0_C006_T048,regulatory,ATF4,stress_adaptation,1.3000785834602244
D03_S0_C006_T048,regulatory,NFkB,inflammation,1.3931782099639154
D03_S0_C007_T048,regulatory,XBP1,proteostasis,0.9800503086397022
D03_S0_C007_T048,regulatory,ATF4,stress_adaptation,1.1225846088793505
D03_S0_C007_T048,regulatory,NFkB,inflammation,1.316022638887866
D03_S0_C008_T048,regulatory,XBP1,proteostasis,0.926270232280596
D03_S0_C008_T048,regulatory,ATF4,stress_adaptation,1.092404192156281
D03_S0_C008_T048,regulatory,NFkB,inflammation,1.2918216045262683
D03_S0_C009_T048,regulatory,XBP1,proteostasis,0.7647488514456225
D03_S0_C009_T048,regulatory,ATF4,stress_adaptation,0.998285426815983
D03_S0_C009_T048,regulatory,NFkB,inflammation,1.21913698315053
D03_S0_C010_T048,regulatory,XBP1,proteostasis,0.8163350112208438
D03_S0_C010_T048,regulatory,ATF4,stress_adaptation,0.9969552823236885
D03_S0_C010_T048,regulatory,NFkB,inflammation,1.2423507550493798
D03_S0_C011_T048,regulatory,XBP1,proteostasis,1.242151707605429
D03_S0_C011_T048,regulatory,ATF4,stress_adaptation,1.3715537041549177
D03_S0_C011_T048,regulatory,NFkB,inflammation,1.433968268422443
D03_S0_C012_T048,regulatory,XBP1,proteostasis,1.1202283045794599
D03_S0_C012_T048,regulatory,ATF4,stress_adaptation,1.2408667873146078
D03_S0_C012_T048,regulatory,NFkB,inflammation,1.379102737060757
D03_S0_C013_T048,regulatory,XBP1,proteostasis,0.9174077748018948
D03_S0_C013_T048,regulatory,ATF4,stress_adaptation,1.118461386335642
D03_S0_C013_T048,regulatory,NFkB,inflammation,1.2878334986608526
D03_S0_C014_T048,regulatory,XBP1,proteostasis,1.3247413387255695
D03_S0_C014_T048,regulatory,ATF4,stress_adaptation,1.352921743820843
D03_S0_C014_T048,regulatory,NFkB,inflammation,1.4711336024265063
D03_S0_C015_T048,regulatory,XBP1,proteostasis,1.1505356609300053
D03_S0_C015_T048,regulatory,ATF4,stress_adaptation,1.2049408601032416
D03_S0_C015_T048,regulatory,NFkB,inflammation,1.3927410474185025
D03_S0_C016_T048,regulatory,XBP1,proteostasis,0.8046780839835569
D03_S0_C016_T048,regulatory,ATF4,stress_adaptation,0.9530813644756431
D03_S0_C016_T048,regulatory,NFkB,inflammation,1.2371051377926006
D03_S0_C017_T048,regulatory,XBP1,proteostasis,0.91707762811325
D03_S0_C017_T048,regulatory,ATF4,stress_adaptation,1.0920165189575783
D03_S0_C017_T048,regulatory,NFkB,inflammation,1.2876849326509625
D03_S0_C018_T048,regulatory,XBP1,proteostasis,0.9289060018699522
D03_S0_C018_T048,regulatory,ATF4,stress_adaptation,1.0130332081124744
D03_S0_C018_T048,regulatory,NFkB,inflammation,1.2930077008414784
D03_S0_C019_T048,regulatory,XBP1,proteostasis,1.2521419781938365
D03_S0_C019_T048,regulatory,ATF4,stress_adaptation,1.3244209270385392
D03_S0_C019_T048,regulatory,NFkB,inflammation,1.4384638901872264
D03_S0_C020_T048,regulatory,XBP1,proteostasis,1.1061587003953668
D03_S0_C020_T048,regulatory,ATF4,stress_adaptation,1.2324630939477688
D03_S0_C020_T048,regulatory,NFkB,inflammation,1.3727714151779151
D03_S0_C021_T048,regulatory,XBP1,proteostasis,1.1765926336607961
D03_S0_C021_T048,regulatory,ATF4,stress_adaptation,1.263574629203125
D03_S0_C021_T048,regulatory,NFkB,inflammation,1.4044666851473582
D03_S0_C022_T048,regulatory,XBP1,proteostasis,0.6788941845876864
D03_S0_C022_T048,regulatory,ATF4,stress_adaptation,0.7912022069606481
D03_S0_C022_T048,regulatory,NFkB,inflammation,1.180502383064459
D03_S0_C023_T048,regulatory,XBP1,proteostasis,1.1497168546576961
D03_S0_C023_T048,regulatory,ATF4,stress_adaptation,1.2486815259722157
D03_S0_C023_T048,regulatory,NFkB,inflammation,1.3923725845959631
D03_S0_C024_T048,regulatory,XBP1,proteostasis,1.1563552429275052
D03_S0_C024_T048,regulatory,ATF4,stress_adaptation,1.2709851734588187
D03_S0_C024_T048,regulatory,NFkB,inflammation,1.3953598593173773
D03_S0_C025_T048,regulatory,XBP1,proteostasis,0.7925183999341121
D03_S0_C025_T048,regulatory,ATF4,stress_adaptation,0.9689115289001327
D03_S0_C025_T048,regulatory,NFkB,inflammation,1.2316332799703504
D03_S0_C026_T048,regulatory,XBP1,proteostasis,1.0498028883985204
D03_S0_C026_T048,regulatory,ATF4,stress_adaptation,1.1693673477624333
D03_S0_C026_T048,regulatory,NFkB,inflammation,1.3474112997793342
D03_S0_C027_T048,regulatory,XBP1,proteostasis,0.9489869434209783
D03_S0_C027_T048,regulatory,ATF4,stress_adaptation,1.186326044512719
D03_S0_C027_T048,regulatory,NFkB,inflammation,1.3020441245394403
D03_S0_C028_T048,regulatory,XBP1,proteostasis,1.1767124914471407
D03_S0_C028_T048,regulatory,ATF4,stress_adaptation,1.2553438375907855
D03_S0_C028_T048,regulatory,NFkB,inflammation,1.4045206211512133
D03_S0_C029_T048,regulatory,XBP1,proteostasis,0.8963572381043738
D03_S0_C029_T048,regulatory,ATF4,stress_adaptation,1.053122905401105
D03_S0_C029_T048,regulatory,NFkB,inflammation,1.2783607571469682
D03_S0_C030_T048,regulatory,XBP1,proteostasis,1.0846384631693593
D03_S0_C030_T048,regulatory,ATF4,stress_adaptation,1.2082133969793474
D03_S0_C030_T048,regulatory,NFkB,inflammation,1.3630873084262116
D03_S0_C031_T048,regulatory,XBP1,proteostasis,1.314816070681387
D03_S0_C031_T048,regulatory,ATF4,stress_adaptation,1.38032213890222
D03_S0_C031_T048,regulatory,NFkB,inflammation,1.4666672318066243
D03_S0_C032_T048,regulatory,XBP1,proteostasis,0.833190676760308
D03_S0_C032_T048,regulatory,ATF4,stress_adaptation,1.0379970502616906
D03_S0_C032_T048,regulatory,NFkB,inflammation,1.2499358045421385
D03_S0_C033_T048,regulatory,XBP1,proteostasis,1.1452026087512017
D03_S0_C033_T048,regulatory,ATF4,stress_adaptation,1.2838841977576299
D03_S0_C033_T048,regulatory,NFkB,inflammation,1.3903411739380407
D03_S0_C034_T048,regulatory,XBP1,proteostasis,1.2163983795876032
D03_S0_C034_T048,regulatory,ATF4,stress_adaptation,1.289640031439896
D03_S0_C034_T048,regulatory,NFkB,inflammation,1.4223792708144214
D03_S0_C035_T048,regulatory,XBP1,proteostasis,1.1682701503961255
D03_S0_C035_T048,regulatory,ATF4,stress_adaptation,1.2519381862862136
D03_S0_C035_T048,regulatory,NFkB,inflammation,1.4007215676782565
D03_S1_C000_T000,regulatory,XBP1,proteostasis,0.7681136796532035
D03_S1_C000_T000,regulatory,ATF4,stress_adaptation,0.5864693194390583
D03_S1_C000_T000,regulatory,NFkB,inflammation,0.3586874825400526
D03_S1_C001_T000,regulatory,XBP1,proteostasis,0.7927176915056737
D03_S1_C001_T000,regulatory,ATF4,stress_adaptation,0.6552873743235872
D03_S1_C001_T000,regulatory,NFkB,inflammation,0.5086316523625017
D03_S1_C002_T000,regulatory,XBP1,proteostasis,0.2215839453120432
D03_S1_C002_T000,regulatory,ATF4,stress_adaptation,0.24601199245896943
D03_S1_C002_T000,regulatory,NFkB,inflammation,0.13938166423484016
D03_S1_C003_T000,regulatory,XBP1,proteostasis,0.6242328696616628
D03_S1_C003_T000,regulatory,ATF4,stress_adaptation,0.48696486453010274
D03_S1_C003_T000,regulatory,NFkB,inflammation,0.30094748870124793
D03_S1_C004_T000,regulatory,XBP1,proteostasis,0.6555337841066342
D03_S1_C004_T000,regulatory,ATF4,stress_adaptation,0.5606095064134371
D03_S1_C004_T000,regulatory,NFkB,inflammation,0.43738180121562953
D03_S1_C005_T000,regulatory,XBP1,proteostasis,0.6183528917973478
D03_S1_C005_T000,regulatory,ATF4,stress_adaptation,0.474199166007097
D03_S1_C005_T000,regulatory,NFkB,inflammation,0.32939555517654645
D03_S1_C006_T000,regulatory,XBP1,proteostasis,0.658348397695506
D03_S1_C006_T000,regulatory,ATF4,stress_adaptation,0.5495463460510621
D03_S1_C006_T000,regulatory,NFkB,inflammation,0.42178756060808953
D03_S1_C007_T000,regulatory,XBP1,proteostasis,0.6693101428353374
D03_S1_C007_T000,regulatory,ATF4,stress_adaptation,0.5291363476577748
D03_S1_C007_T000,regulatory,NFkB,inflammation,0.3136406954072331
D03_S1_C008_T000,regulatory,XBP1,proteostasis,0.756212536017188
D03_S1_C008_T000,regulatory,ATF4,stress_adaptation,0.5729165105888597
D03_S1_C008_T000,regulatory,NFkB,inflammation,0.3771119065901585
D03_S1_C009_T000,regulatory,XBP1,proteostasis,0.6414029399983657
D03_S1_C009_T000,regulatory,ATF4,stress_adaptation,0.5138858182477273
D03_S1_C009_T000,regulatory,NFkB,inflammation,0.48597298360065155
D03_S1_C010_T000,regulatory,XBP1,proteostasis,0.5713810833305052
D03_S1_C010_T000,regulatory,ATF4,stress_adaptation,0.46500917015313165
D03_S1_C010_T000,regulatory,NFkB,inflammation,0.4270963167056977
D03_S1_C011_T000,regulatory,XBP1,proteostasis,0.6881201655284787
D03_S1_C011_T000,regulatory,ATF4,stress_adaptation,0.5754254380971386
D03_S1_C011_T000,regulatory,NFkB,inflammation,0.44497834501025846
D03_S1_C012_T000,regulatory,XBP1,proteostasis,0.78008108943958
D03_S1_C012_T000,regulatory,ATF4,stress_adaptation,0.6610305562473902
D03_S1_C012_T000,regulatory,NFkB,inflammation,0.46715682635559236
D03_S1_C013_T000,regulatory,XBP1,proteostasis,0.45242953841293504
D03_S1_C013_T000,regulatory,ATF4,stress_adaptation,0.38801995764468705
D03_S1_C013_T000,regulatory,NFkB,inflammation,0.410498409232951
D03_S1_C014_T000,regulatory,XBP1,proteostasis,0.588106074472382
D03_S1_C014_T000,regulatory,ATF4,stress_adaptation,0.4825724615390476
D03_S1_C014_T000,regulatory,NFkB,inflammation,0.4668549614052932
D03_S1_C015_T000,regulatory,XBP1,proteostasis,0.5241353577151431
D03_S1_C015_T000,regulatory,ATF4,stress_adaptation,0.4703570421714632
D03_S1_C015_T000,regulatory,NFkB,inflammation,0.3633224006313034
D03_S1_C016_T000,regulatory,XBP1,proteostasis,0.3509747633761768
D03_S1_C016_T000,regulatory,ATF4,stress_adaptation,0.32063206087939866
D03_S1_C016_T000,regulatory,NFkB,inflammation,0.30465024798575446
D03_S1_C017_T000,regulatory,XBP1,proteostasis,0.32785517712729445
D03_S1_C017_T000,regulatory,ATF4,stress_adaptation,0.3401511126372397
D03_S1_C017_T000,regulatory,NFkB,inflammation,0.2870639649814922
D03_S1_C018_T000,regulatory,XBP1,proteostasis,0.6627534655677094
D03_S1_C018_T000,regulatory,ATF4,stress_adaptation,0.5128908814149676
D03_S1_C018_T000,regulatory,NFkB,inflammation,0.4811510040605962
D03_S1_C019_T000,regulatory,XBP1,proteostasis,0.2187985093790796
D03_S1_C019_T000,regulatory,ATF4,stress_adaptation,0.22684380389752914
D03_S1_C019_T000,regulatory,NFkB,inflammation,0.13144566183813367
D03_S1_C020_T000,regulatory,XBP1,proteostasis,0.5801811838531686
D03_S1_C020_T000,regulatory,ATF4,stress_adaptation,0.49292659398993655
D03_S1_C020_T000,regulatory,NFkB,inflammation,0.3995456221474926
D03_S1_C021_T000,regulatory,XBP1,proteostasis,0.857077992363846
D03_S1_C021_T000,regulatory,ATF4,stress_adaptation,0.6703465807249324
D03_S1_C021_T000,regulatory,NFkB,inflammation,0.6466832610594552
D03_S1_C022_T000,regulatory,XBP1,proteostasis,0.7763006274374463
D03_S1_C022_T000,regulatory,ATF4,stress_adaptation,0.615725509169206
D03_S1_C022_T000,regulatory,NFkB,inflammation,0.6258566935211238
D03_S1_C023_T000,regulatory,XBP1,proteostasis,0.6562618167039896
D03_S1_C023_T000,regulatory,ATF4,stress_adaptation,0.5239048947441611
D03_S1_C023_T000,regulatory,NFkB,inflammation,0.48687034519981937
D03_S1_C024_T000,regulatory,XBP1,proteostasis,0.39395223230983306
D03_S1_C024_T000,regulatory,ATF4,stress_adaptation,0.3417384372344487
D03_S1_C024_T000,regulatory,NFkB,inflammation,0.34257891764468207
D03_S1_C025_T000,regulatory,XBP1,proteostasis,0.5213932656861638
D03_S1_C025_T000,regulatory,ATF4,stress_adaptation,0.4062615775927211
D03_S1_C025_T000,regulatory,NFkB,inflammation,0.47115590765430737
D03_S1_C026_T000,regulatory,XBP1,proteostasis,0.3834625932033128
D03_S1_C026_T000,regulatory,ATF4,stress_adaptation,0.3381045646040732
D03_S1_C026_T000,regulatory,NFkB,inflammation,0.1976688283997722
D03_S1_C027_T000,regulatory,XBP1,proteostasis,0.7083690699895521
D03_S1_C027_T000,regulatory,ATF4,stress_adaptation,0.589063663349725
D03_S1_C027_T000,regulatory,NFkB,inflammation,0.4638941412646935
D03_S1_C028_T000,regulatory,XBP1,proteostasis,0.49472556388706845
D03_S1_C028_T000,regulatory,ATF4,stress_adaptation,0.424066647997607
D03_S1_C028_T000,regulatory,NFkB,inflammation,0.25763520134095313
D03_S1_C029_T000,regulatory,XBP1,proteostasis,0.6159654651573933
D03_S1_C029_T000,regulatory,ATF4,stress_adaptation,0.5183560342266612
D03_S1_C029_T000,regulatory,NFkB,inflammation,0.4250605831444445
D03_S1_C030_T000,regulatory,XBP1,proteostasis,0.5464090305963554
D03_S1_C030_T000,regulatory,ATF4,stress_adaptation,0.41978517464052567
D03_S1_C030_T000,regulatory,NFkB,inflammation,0.4156818362306762
D03_S1_C031_T000,regulatory,XBP1,proteostasis,0.5523758671053755
D03_S1_C031_T000,regulatory,ATF4,stress_adaptation,0.42719748184811723
D03_S1_C031_T000,regulatory,NFkB,inflammation,0.29253039150799687
D03_S1_C032_T000,regulatory,XBP1,proteostasis,0.5942042105536478
D03_S1_C032_T000,regulatory,ATF4,stress_adaptation,0.5162728356377294
D03_S1_C032_T000,regulatory,NFkB,inflammation,0.39658016241339417
D03_S1_C033_T000,regulatory,XBP1,proteostasis,0.46103292022942916
D03_S1_C033_T000,regulatory,ATF4,stress_adaptation,0.3893437345564091
D03_S1_C033_T000,regulatory,NFkB,inflammation,0.2114398978265421
D03_S1_C034_T000,regulatory,XBP1,proteostasis,0.3435880540624925
D03_S1_C034_T000,regulatory,ATF4,stress_adaptation,0.2976635006833189
D03_S1_C034_T000,regulatory,NFkB,inflammation,0.4273986444853609
D03_S1_C035_T000,regulatory,XBP1,proteostasis,0.6255716849061457
D03_S1_C035_T000,regulatory,ATF4,stress_adaptation,0.49843570994804104
D03_S1_C035_T000,regulatory,NFkB,inflammation,0.4712041748093161
D03_S1_C000_T012,regulatory,XBP1,proteostasis,0.8611078315570844
D03_S1_C000_T012,regulatory,ATF4,stress_adaptation,0.7215324268831447
D03_S1_C000_T012,regulatory,NFkB,inflammation,0.5182074378782232
D03_S1_C001_T012,regulatory,XBP1,proteostasis,0.9020664423758404
D03_S1_C001_T012,regulatory,ATF4,stress_adaptation,0.8016335840618418
D03_S1_C001_T012,regulatory,NFkB,inflammation,0.6525717826898552
D03_S1_C002_T012,regulatory,XBP1,proteostasis,0.3335954028961284
D03_S1_C002_T012,regulatory,ATF4,stress_adaptation,0.3796915305466117
D03_S1_C002_T012,regulatory,NFkB,inflammation,0.2869279937028162
D03_S1_C003_T012,regulatory,XBP1,proteostasis,0.7215025848090796
D03_S1_C003_T012,regulatory,ATF4,stress_adaptation,0.5994468246357626
D03_S1_C003_T012,regulatory,NFkB,inflammation,0.4603047214414776
D03_S1_C004_T012,regulatory,XBP1,proteostasis,0.7887570994377842
D03_S1_C004_T012,regulatory,ATF4,stress_adaptation,0.7126863377646347
D03_S1_C004_T012,regulatory,NFkB,inflammation,0.6066800261076634
D03_S1_C005_T012,regulatory,XBP1,proteostasis,0.7115539551191634
D03_S1_C005_T012,regulatory,ATF4,stress_adaptation,0.6062733777749792
D03_S1_C005_T012,regulatory,NFkB,inflammation,0.45644878715308507
D03_S1_C006_T012,regulatory,XBP1,proteostasis,0.6857655098675901
D03_S1_C006_T012,regulatory,ATF4,stress_adaptation,0.6076024918719956
D03_S1_C006_T012,regulatory,NFkB,inflammation,0.5814391037105953
D03_S1_C007_T012,regulatory,XBP1,proteostasis,0.7533424121902713
D03_S1_C007_T012,regulatory,ATF4,stress_adaptation,0.656950198949174
D03_S1_C007_T012,regulatory,NFkB,inflammation,0.43143177143541617
D03_S1_C008_T012,regulatory,XBP1,proteostasis,0.8946429708350213
D03_S1_C008_T012,regulatory,ATF4,stress_adaptation,0.744463407280549
D03_S1_C008_T012,regulatory,NFkB,inflammation,0.49960164561671105
D03_S1_C009_T012,regulatory,XBP1,proteostasis,0.7542041483736304
D03_S1_C009_T012,regulatory,ATF4,stress_adaptation,0.6725091002970494
D03_S1_C009_T012,regulatory,NFkB,inflammation,0.606298902025904
D03_S1_C010_T012,regulatory,XBP1,proteostasis,0.674957435722751
D03_S1_C010_T012,regulatory,ATF4,stress_adaptation,0.6011908442348066
D03_S1_C010_T012,regulatory,NFkB,inflammation,0.5106363744545788
D03_S1_C011_T012,regulatory,XBP1,proteostasis,0.8398082162652148
D03_S1_C011_T012,regulatory,ATF4,stress_adaptation,0.7360593219871066
D03_S1_C011_T012,regulatory,NFkB,inflammation,0.6284510409841628
D03_S1_C012_T012,regulatory,XBP1,proteostasis,0.8580596210532082
D03_S1_C012_T012,regulatory,ATF4,stress_adaptation,0.7864244349126082
D03_S1_C012_T012,regulatory,NFkB,inflammation,0.6136785852278517
D03_S1_C013_T012,regulatory,XBP1,proteostasis,0.5961505846300321
D03_S1_C013_T012,regulatory,ATF4,stress_adaptation,0.5593008010179356
D03_S1_C013_T012,regulatory,NFkB,inflammation,0.5281607213269821
D03_S1_C014_T012,regulatory,XBP1,proteostasis,0.6204716990648507
D03_S1_C014_T012,regulatory,ATF4,stress_adaptation,0.5839985151796085
D03_S1_C014_T012,regulatory,NFkB,inflammation,0.5500418175761979
D03_S1_C015_T012,regulatory,XBP1,proteostasis,0.5283087842405937
D03_S1_C015_T012,regulatory,ATF4,stress_adaptation,0.5108527563426681
D03_S1_C015_T012,regulatory,NFkB,inflammation,0.4959274541820463
D03_S1_C016_T012,regulatory,XBP1,proteostasis,0.5186035080260443
D03_S1_C016_T012,regulatory,ATF4,stress_adaptation,0.5014730235114748
D03_S1_C016_T012,regulatory,NFkB,inflammation,0.47110707880246194
D03_S1_C017_T012,regulatory,XBP1,proteostasis,0.41513141402965886
D03_S1_C017_T012,regulatory,ATF4,stress_adaptation,0.4606101322143761
D03_S1_C017_T012,regulatory,NFkB,inflammation,0.4318817925913725
D03_S1_C018_T012,regulatory,XBP1,proteostasis,0.7480773430018173
D03_S1_C018_T012,regulatory,ATF4,stress_adaptation,0.6272414271207496
D03_S1_C018_T012,regulatory,NFkB,inflammation,0.5588089570372563
D03_S1_C019_T012,regulatory,XBP1,proteostasis,0.3151820919741312
D03_S1_C019_T012,regulatory,ATF4,stress_adaptation,0.36083082325146376
D03_S1_C019_T012,regulatory,NFkB,inflammation,0.32134789961654414
D03_S1_C020_T012,regulatory,XBP1,proteostasis,0.5866029419509973
D03_S1_C020_T012,regulatory,ATF4,stress_adaptation,0.5578963045921264
D03_S1_C020_T012,regulatory,NFkB,inflammation,0.5250285548078137
D03_S1_C021_T012,regulatory,XBP1,proteostasis,0.9909538787064962
D03_S1_C021_T012,regulatory,ATF4,stress_adaptation,0.8258651800860286
D03_S1_C021_T012,regulatory,NFkB,inflammation,0.7840961819027196
D03_S1_C022_T012,regulatory,XBP1,proteostasis,0.8276420739507575
D03_S1_C022_T012,regulatory,ATF4,stress_adaptation,0.71407688899208
D03_S1_C022_T012,regulatory,NFkB,inflammation,0.6983870826230569
D03_S1_C023_T012,regulatory,XBP1,proteostasis,0.7924609940701027
D03_S1_C023_T012,regulatory,ATF4,stress_adaptation,0.6982761506377235
D03_S1_C023_T012,regulatory,NFkB,inflammation,0.6392705530389349
D03_S1_C024_T012,regulatory,XBP1,proteostasis,0.5073094600506803
D03_S1_C024_T012,regulatory,ATF4,stress_adaptation,0.4776344891990686
D03_S1_C024_T012,regulatory,NFkB,inflammation,0.4862981525607984
D03_S1_C025_T012,regulatory,XBP1,proteostasis,0.6016925207522095
D03_S1_C025_T012,regulatory,ATF4,stress_adaptation,0.5393916946476464
D03_S1_C025_T012,regulatory,NFkB,inflammation,0.5529677603078812
D03_S1_C026_T012,regulatory,XBP1,proteostasis,0.4765070370327324
D03_S1_C026_T012,regulatory,ATF4,stress_adaptation,0.4585723789292343
D03_S1_C026_T012,regulatory,NFkB,inflammation,0.35450466469297404
D03_S1_C027_T012,regulatory,XBP1,proteostasis,0.7801005873191549
D03_S1_C027_T012,regulatory,ATF4,stress_adaptation,0.7035788902939106
D03_S1_C027_T012,regulatory,NFkB,inflammation,0.6104184338483323
D03_S1_C028_T012,regulatory,XBP1,proteostasis,0.5556767028081966
D03_S1_C028_T012,regulatory,ATF4,stress_adaptation,0.5403609697944035
D03_S1_C028_T012,regulatory,NFkB,inflammation,0.41527143124826826
D03_S1_C029_T012,regulatory,XBP1,proteostasis,0.7372548578133077
D03_S1_C029_T012,regulatory,ATF4,stress_adaptation,0.659775092892952
D03_S1_C029_T012,regulatory,NFkB,inflammation,0.6054839987309005
D03_S1_C030_T012,regulatory,XBP1,proteostasis,0.7026603974507029
D03_S1_C030_T012,regulatory,ATF4,stress_adaptation,0.6024724584596006
D03_S1_C030_T012,regulatory,NFkB,inflammation,0.5722561583303565
D03_S1_C031_T012,regulatory,XBP1,proteostasis,0.6087385123144308
D03_S1_C031_T012,regulatory,ATF4,stress_adaptation,0.5386131391463935
D03_S1_C031_T012,regulatory,NFkB,inflammation,0.4509970086962495
D03_S1_C032_T012,regulatory,XBP1,proteostasis,0.712290469718592
D03_S1_C032_T012,regulatory,ATF4,stress_adaptation,0.654214060636267
D03_S1_C032_T012,regulatory,NFkB,inflammation,0.5619333628175128
D03_S1_C033_T012,regulatory,XBP1,proteostasis,0.5237604920612903
D03_S1_C033_T012,regulatory,ATF4,stress_adaptation,0.5017308766129188
D03_S1_C033_T012,regulatory,NFkB,inflammation,0.3878542494719024
D03_S1_C034_T012,regulatory,XBP1,proteostasis,0.4674400627566805
D03_S1_C034_T012,regulatory,ATF4,stress_adaptation,0.4388646583457825
D03_S1_C034_T012,regulatory,NFkB,inflammation,0.5331776230860011
D03_S1_C035_T012,regulatory,XBP1,proteostasis,0.7187257994903372
D03_S1_C035_T012,regulatory,ATF4,stress_adaptation,0.6367594047307792
D03_S1_C035_T012,regulatory,NFkB,inflammation,0.5629262031388698
D03_S1_C000_T024,regulatory,XBP1,proteostasis,1.0149382563774296
D03_S1_C000_T024,regulatory,ATF4,stress_adaptation,0.9186374557378124
D03_S1_C000_T024,regulatory,NFkB,inflammation,0.7486919245335999
D03_S1_C001_T024,regulatory,XBP1,proteostasis,1.0386181563428014
D03_S1_C001_T024,regulatory,ATF4,stress_adaptation,0.9776896893073281
D03_S1_C001_T024,regulatory,NFkB,inflammation,0.9019052401367265
D03_S1_C002_T024,regulatory,XBP1,proteostasis,0.5255192027192643
D03_S1_C002_T024,regulatory,ATF4,stress_adaptation,0.6066813764669765
D03_S1_C002_T024,regulatory,NFkB,inflammation,0.5025790435283534
D03_S1_C003_T024,regulatory,XBP1,proteostasis,0.8927077334734911
D03_S1_C003_T024,regulatory,ATF4,stress_adaptation,0.8083040893556885
D03_S1_C003_T024,regulatory,NFkB,inflammation,0.6980246258392042
D03_S1_C004_T024,regulatory,XBP1,proteostasis,0.9342229825899403
D03_S1_C004_T024,regulatory,ATF4,stress_adaptation,0.9076948882288558
D03_S1_C004_T024,regulatory,NFkB,inflammation,0.8233419766732128
D03_S1_C005_T024,regulatory,XBP1,proteostasis,0.845232360227714
D03_S1_C005_T024,regulatory,ATF4,stress_adaptation,0.7881893117087375
D03_S1_C005_T024,regulatory,NFkB,inflammation,0.6637893331668325
D03_S1_C006_T024,regulatory,XBP1,proteostasis,0.8177688929629089
D03_S1_C006_T024,regulatory,ATF4,stress_adaptation,0.7824778379645869
D03_S1_C006_T024,regulatory,NFkB,inflammation,0.8171384319482512
D03_S1_C007_T024,regulatory,XBP1,proteostasis,0.9177972734654267
D03_S1_C007_T024,regulatory,ATF4,stress_adaptation,0.8534290565475958
D03_S1_C007_T024,regulatory,NFkB,inflammation,0.6257630571402935
D03_S1_C008_T024,regulatory,XBP1,proteostasis,1.0350578076329644
D03_S1_C008_T024,regulatory,ATF4,stress_adaptation,0.9336009171849561
D03_S1_C008_T024,regulatory,NFkB,inflammation,0.6900757188776284
D03_S1_C009_T024,regulatory,XBP1,proteostasis,0.8220023400487139
D03_S1_C009_T024,regulatory,ATF4,stress_adaptation,0.8259789332084198
D03_S1_C009_T024,regulatory,NFkB,inflammation,0.8108360199567106
D03_S1_C010_T024,regulatory,XBP1,proteostasis,0.79892968486783
D03_S1_C010_T024,regulatory,ATF4,stress_adaptation,0.7694893818494678
D03_S1_C010_T024,regulatory,NFkB,inflammation,0.6718822241594842
D03_S1_C011_T024,regulatory,XBP1,proteostasis,0.9641175080824476
D03_S1_C011_T024,regulatory,ATF4,stress_adaptation,0.8917837695305546
D03_S1_C011_T024,regulatory,NFkB,inflammation,0.8622781252167897
D03_S1_C012_T024,regulatory,XBP1,proteostasis,0.9756349551347784
D03_S1_C012_T024,regulatory,ATF4,stress_adaptation,0.9569028279426619
D03_S1_C012_T024,regulatory,NFkB,inflammation,0.8639001951963456
D03_S1_C013_T024,regulatory,XBP1,proteostasis,0.7106500163154005
D03_S1_C013_T024,regulatory,ATF4,stress_adaptation,0.7386389045790458
D03_S1_C013_T024,regulatory,NFkB,inflammation,0.7124583247935875
D03_S1_C014_T024,regulatory,XBP1,proteostasis,0.78834998039191
D03_S1_C014_T024,regulatory,ATF4,stress_adaptation,0.7999890415604525
D03_S1_C014_T024,regulatory,NFkB,inflammation,0.8002062732382031
D03_S1_C015_T024,regulatory,XBP1,proteostasis,0.7333579301968637
D03_S1_C015_T024,regulatory,ATF4,stress_adaptation,0.7322110879363133
D03_S1_C015_T024,regulatory,NFkB,inflammation,0.7740973873509132
D03_S1_C016_T024,regulatory,XBP1,proteostasis,0.6397119225135217
D03_S1_C016_T024,regulatory,ATF4,stress_adaptation,0.6770054514059751
D03_S1_C016_T024,regulatory,NFkB,inflammation,0.6962714167780049
D03_S1_C017_T024,regulatory,XBP1,proteostasis,0.48101493240859494
D03_S1_C017_T024,regulatory,ATF4,stress_adaptation,0.5879438382576063
D03_S1_C017_T024,regulatory,NFkB,inflammation,0.642312603848325
D03_S1_C018_T024,regulatory,XBP1,proteostasis,0.8771438413448654
D03_S1_C018_T024,regulatory,ATF4,stress_adaptation,0.8031336969240901
D03_S1_C018_T024,regulatory,NFkB,inflammation,0.7287628464303827
D03_S1_C019_T024,regulatory,XBP1,proteostasis,0.44289313896902677
D03_S1_C019_T024,regulatory,ATF4,stress_adaptation,0.5220541261593294
D03_S1_C019_T024,regulatory,NFkB,inflammation,0.565200257473246
D03_S1_C020_T024,regulatory,XBP1,proteostasis,0.7643019467812958
D03_S1_C020_T024,regulatory,ATF4,stress_adaptation,0.7475764984952493
D03_S1_C020_T024,regulatory,NFkB,inflammation,0.7948994356109302
D03_S1_C021_T024,regulatory,XBP1,proteostasis,1.1110557544460873
D03_S1_C021_T024,regulatory,ATF4,stress_adaptation,0.9933121694014316
D03_S1_C021_T024,regulatory,NFkB,inflammation,0.9897934810455458
D03_S1_C022_T024,regulatory,XBP1,proteostasis,1.0091951283948866
D03_S1_C022_T024,regulatory,ATF4,stress_adaptation,0.9249889865066475
D03_S1_C022_T024,regulatory,NFkB,inflammation,0.8800381478480273
D03_S1_C023_T024,regulatory,XBP1,proteostasis,0.9519625958636154
D03_S1_C023_T024,regulatory,ATF4,stress_adaptation,0.9156630360817792
D03_S1_C023_T024,regulatory,NFkB,inflammation,0.8587467829018394
D03_S1_C024_T024,regulatory,XBP1,proteostasis,0.6065691004227963
D03_S1_C024_T024,regulatory,ATF4,stress_adaptation,0.6213912855183099
D03_S1_C024_T024,regulatory,NFkB,inflammation,0.6441229720517019
D03_S1_C025_T024,regulatory,XBP1,proteostasis,0.7523797814056876
D03_S1_C025_T024,regulatory,ATF4,stress_adaptation,0.7158153325587976
D03_S1_C025_T024,regulatory,NFkB,inflammation,0.771557388601557
D03_S1_C026_T024,regulatory,XBP1,proteostasis,0.6163522173349769
D03_S1_C026_T024,regulatory,ATF4,stress_adaptation,0.6252551263091948
D03_S1_C026_T024,regulatory,NFkB,inflammation,0.5919641882560303
D03_S1_C027_T024,regulatory,XBP1,proteostasis,0.9352019396001945
D03_S1_C027_T024,regulatory,ATF4,stress_adaptation,0.9029717299659978
D03_S1_C027_T024,regulatory,NFkB,inflammation,0.8700750272705059
D03_S1_C028_T024,regulatory,XBP1,proteostasis,0.7912064622041615
D03_S1_C028_T024,regulatory,ATF4,stress_adaptation,0.7950794826855258
D03_S1_C028_T024,regulatory,NFkB,inflammation,0.6937682891953152
D03_S1_C029_T024,regulatory,XBP1,proteostasis,0.8694901380299743
D03_S1_C029_T024,regulatory,ATF4,stress_adaptation,0.8321314422320978
D03_S1_C029_T024,regulatory,NFkB,inflammation,0.8572335005864524
D03_S1_C030_T024,regulatory,XBP1,proteostasis,0.8450830124111278
D03_S1_C030_T024,regulatory,ATF4,stress_adaptation,0.7999209717899753
D03_S1_C030_T024,regulatory,NFkB,inflammation,0.811255109967936
D03_S1_C031_T024,regulatory,XBP1,proteostasis,0.8115318346992695
D03_S1_C031_T024,regulatory,ATF4,stress_adaptation,0.7644715558404462
D03_S1_C031_T024,regulatory,NFkB,inflammation,0.7100593143069793
D03_S1_C032_T024,regulatory,XBP1,proteostasis,0.8847727384687633
D03_S1_C032_T024,regulatory,ATF4,stress_adaptation,0.8674175293415659
D03_S1_C032_T024,regulatory,NFkB,inflammation,0.8073544199899638
D03_S1_C033_T024,regulatory,XBP1,proteostasis,0.7074257178814201
D03_S1_C033_T024,regulatory,ATF4,stress_adaptation,0.7091298106618225
D03_S1_C033_T024,regulatory,NFkB,inflammation,0.6609696326502879
D03_S1_C034_T024,regulatory,XBP1,proteostasis,0.6076017757218666
D03_S1_C034_T024,regulatory,ATF4,stress_adaptation,0.6245614098789567
D03_S1_C034_T024,regulatory,NFkB,inflammation,0.7174257171091364
D03_S1_C035_T024,regulatory,XBP1,proteostasis,0.8575321407398269
D03_S1_C035_T024,regulatory,ATF4,stress_adaptation,0.8183823264672041
D03_S1_C035_T024,regulatory,NFkB,inflammation,0.7839532570795793
D03_S1_C000_T048,regulatory,XBP1,proteostasis,1.3956060119690747
D03_S1_C000_T048,regulatory,ATF4,stress_adaptation,1.4494804577853055
D03_S1_C000_T048,regulatory,NFkB,inflammation,1.4471791058817907
D03_S1_C001_T048,regulatory,XBP1,proteostasis,1.3481219904241566
D03_S1_C001_T048,regulatory,ATF4,stress_adaptation,1.4674931039817896
D03_S1_C001_T048,regulatory,NFkB,inflammation,1.4816548956908706
D03_S1_C002_T048,regulatory,XBP1,proteostasis,0.817584939433637
D03_S1_C002_T048,regulatory,ATF4,stress_adaptation,1.0572720918813874
D03_S1_C002_T048,regulatory,NFkB,inflammation,1.1223135063484746
D03_S1_C003_T048,regulatory,XBP1,proteostasis,1.163410791540128
D03_S1_C003_T048,regulatory,ATF4,stress_adaptation,1.2288868912042594
D03_S1_C003_T048,regulatory,NFkB,inflammation,1.3405252844141826
D03_S1_C004_T048,regulatory,XBP1,proteostasis,1.2261712746040583
D03_S1_C004_T048,regulatory,ATF4,stress_adaptation,1.3546646524474408
D03_S1_C004_T048,regulatory,NFkB,inflammation,1.4267770735718264
D03_S1_C005_T048,regulatory,XBP1,proteostasis,1.1873463369477124
D03_S1_C005_T048,regulatory,ATF4,stress_adaptation,1.2881879593967522
D03_S1_C005_T048,regulatory,NFkB,inflammation,1.3394969442048477
D03_S1_C006_T048,regulatory,XBP1,proteostasis,1.1004103534890395
D03_S1_C006_T048,regulatory,ATF4,stress_adaptation,1.2007884342126758
D03_S1_C006_T048,regulatory,NFkB,inflammation,1.3701846590700677
D03_S1_C007_T048,regulatory,XBP1,proteostasis,1.2671206161471633
D03_S1_C007_T048,regulatory,ATF4,stress_adaptation,1.3611311989968646
D03_S1_C007_T048,regulatory,NFkB,inflammation,1.3104293861585696
D03_S1_C008_T048,regulatory,XBP1,proteostasis,1.3781302335925565
D03_S1_C008_T048,regulatory,ATF4,stress_adaptation,1.422260638510012
D03_S1_C008_T048,regulatory,NFkB,inflammation,1.285860790691238
D03_S1_C009_T048,regulatory,XBP1,proteostasis,1.1716826239878693
D03_S1_C009_T048,regulatory,ATF4,stress_adaptation,1.3004244955565079
D03_S1_C009_T048,regulatory,NFkB,inflammation,1.4022571807945412
D03_S1_C010_T048,regulatory,XBP1,proteostasis,1.0139328745073644
D03_S1_C010_T048,regulatory,ATF4,stress_adaptation,1.1414255835279015
D03_S1_C010_T048,regulatory,NFkB,inflammation,1.2632370219293185
D03_S1_C011_T048,regulatory,XBP1,proteostasis,1.2469607582926376
D03_S1_C011_T048,regulatory,ATF4,stress_adaptation,1.3465211534410524
D03_S1_C011_T048,regulatory,NFkB,inflammation,1.436132341231687
D03_S1_C012_T048,regulatory,XBP1,proteostasis,1.3188339122413275
D03_S1_C012_T048,regulatory,ATF4,stress_adaptation,1.432632624867896
D03_S1_C012_T048,regulatory,NFkB,inflammation,1.4684752605085976
D03_S1_C013_T048,regulatory,XBP1,proteostasis,1.047216166603606
D03_S1_C013_T048,regulatory,ATF4,stress_adaptation,1.2022541970279728
D03_S1_C013_T048,regulatory,NFkB,inflammation,1.3462472749716228
D03_S1_C014_T048,regulatory,XBP1,proteostasis,1.0674246582708236
D03_S1_C014_T048,regulatory,ATF4,stress_adaptation,1.2391226401081248
D03_S1_C014_T048,regulatory,NFkB,inflammation,1.3553410962218706
D03_S1_C015_T048,regulatory,XBP1,proteostasis,0.9542198104988565
D03_S1_C015_T048,regulatory,ATF4,stress_adaptation,1.1041910303524298
D03_S1_C015_T048,regulatory,NFkB,inflammation,1.3043989147244854
D03_S1_C016_T048,regulatory,XBP1,proteostasis,0.9109341826896193
D03_S1_C016_T048,regulatory,ATF4,stress_adaptation,1.0923311501994135
D03_S1_C016_T048,regulatory,NFkB,inflammation,1.2849203822103288
D03_S1_C017_T048,regulatory,XBP1,proteostasis,0.8142346205578374
D03_S1_C017_T048,regulatory,ATF4,stress_adaptation,1.042487346591153
D03_S1_C017_T048,regulatory,NFkB,inflammation,1.2414055792510268
D03_S1_C018_T048,regulatory,XBP1,proteostasis,1.093606966849131
D03_S1_C018_T048,regulatory,ATF4,stress_adaptation,1.1632234573719666
D03_S1_C018_T048,regulatory,NFkB,inflammation,1.323318912582931
D03_S1_C019_T048,regulatory,XBP1,proteostasis,0.7534829823254332
D03_S1_C019_T048,regulatory,ATF4,stress_adaptation,0.9366071129379472
D03_S1_C019_T048,regulatory,NFkB,inflammation,1.214067342046445
D03_S1_C020_T048,regulatory,XBP1,proteostasis,1.0666653828780714
D03_S1_C020_T048,regulatory,ATF4,stress_adaptation,1.1692463380851534
D03_S1_C020_T048,regulatory,NFkB,inflammation,1.354999422295132
D03_S1_C021_T048,regulatory,XBP1,proteostasis,1.3661683983828932
D03_S1_C021_T048,regulatory,ATF4,stress_adaptation,1.4032623830098667
D03_S1_C021_T048,regulatory,NFkB,inflammation,1.489775779272302
D03_S1_C022_T048,regulatory,XBP1,proteostasis,1.3236211490636849
D03_S1_C022_T048,regulatory,ATF4,stress_adaptation,1.4051972030722162
D03_S1_C022_T048,regulatory,NFkB,inflammation,1.4706295170786583
D03_S1_C023_T048,regulatory,XBP1,proteostasis,1.1982934806384897
D03_S1_C023_T048,regulatory,ATF4,stress_adaptation,1.339317080819942
D03_S1_C023_T048,regulatory,NFkB,inflammation,1.4142320662873202
D03_S1_C024_T048,regulatory,XBP1,proteostasis,0.9157085722760421
D03_S1_C024_T048,regulatory,ATF4,stress_adaptation,1.0461610761632731
D03_S1_C024_T048,regulatory,NFkB,inflammation,1.2623429663385533
D03_S1_C025_T048,regulatory,XBP1,proteostasis,0.9952295194865611
D03_S1_C025_T048,regulatory,ATF4,stress_adaptation,1.0920634520645236
D03_S1_C025_T048,regulatory,NFkB,inflammation,1.3228532837689526
D03_S1_C026_T048,regulatory,XBP1,proteostasis,0.8964045268050701
D03_S1_C026_T048,regulatory,ATF4,stress_adaptation,1.0649981856222295
D03_S1_C026_T048,regulatory,NFkB,inflammation,1.1830884236144568
D03_S1_C027_T048,regulatory,XBP1,proteostasis,1.2468467915688455
D03_S1_C027_T048,regulatory,ATF4,stress_adaptation,1.362745564886938
D03_S1_C027_T048,regulatory,NFkB,inflammation,1.4360810562059805
D03_S1_C028_T048,regulatory,XBP1,proteostasis,1.026951530074331
D03_S1_C028_T048,regulatory,ATF4,stress_adaptation,1.1780866674190686
D03_S1_C028_T048,regulatory,NFkB,inflammation,1.337128188533449
D03_S1_C029_T048,regulatory,XBP1,proteostasis,1.1224520471132597
D03_S1_C029_T048,regulatory,ATF4,stress_adaptation,1.2232821402554857
D03_S1_C029_T048,regulatory,NFkB,inflammation,1.3801034212009669
D03_S1_C030_T048,regulatory,XBP1,proteostasis,1.146570106787248
D03_S1_C030_T048,regulatory,ATF4,stress_adaptation,1.2635037531004354
D03_S1_C030_T048,regulatory,NFkB,inflammation,1.3909565480542616
D03_S1_C031_T048,regulatory,XBP1,proteostasis,1.1213851140161237
D03_S1_C031_T048,regulatory,ATF4,stress_adaptation,1.229120570069213
D03_S1_C031_T048,regulatory,NFkB,inflammation,1.3647568169961573
D03_S1_C032_T048,regulatory,XBP1,proteostasis,1.1634751079824266
D03_S1_C032_T048,regulatory,ATF4,stress_adaptation,1.2847794320112333
D03_S1_C032_T048,regulatory,NFkB,inflammation,1.398563798592092
D03_S1_C033_T048,regulatory,XBP1,proteostasis,0.9612093542908321
D03_S1_C033_T048,regulatory,ATF4,stress_adaptation,1.1164828507693947
D03_S1_C033_T048,regulatory,NFkB,inflammation,1.3075442094308745
D03_S1_C034_T048,regulatory,XBP1,proteostasis,0.9120726284032727
D03_S1_C034_T048,regulatory,ATF4,stress_adaptation,1.0476096014415344
D03_S1_C034_T048,regulatory,NFkB,inflammation,1.2854326827814728
D03_S1_C035_T048,regulatory,XBP1,proteostasis,1.1234324515710294
D03_S1_C035_T048,regulatory,ATF4,stress_adaptation,1.2360083847771195
D03_S1_C035_T048,regulatory,NFkB,inflammation,1.3805446032069633
D04_S0_C000_T000,regulatory,XBP1,proteostasis,0.5457350156124153
D04_S0_C000_T000,regulatory,ATF4,stress_adaptation,0.41167642109271463
D04_S0_C000_T000,regulatory,NFkB,inflammation,0.39030535184970994
D04_S0_C001_T000,regulatory,XBP1,proteostasis,0.39847539650849495
D04_S0_C001_T000,regulatory,ATF4,stress_adaptation,0.3482531598474105
D04_S0_C001_T000,regulatory,NFkB,inflammation,0.3198472248187373
D04_S0_C002_T000,regulatory,XBP1,proteostasis,0.5216416486434281
D04_S0_C002_T000,regulatory,ATF4,stress_adaptation,0.424035881883407
D04_S0_C002_T000,regulatory,NFkB,inflammation,0.3394254700818629
D04_S0_C003_T000,regulatory,XBP1,proteostasis,0.6697950218025099
D04_S0_C003_T000,regulatory,ATF4,stress_adaptation,0.5540927884672355
D04_S0_C003_T000,regulatory,NFkB,inflammation,0.5517325317434858
D04_S0_C004_T000,regulatory,XBP1,proteostasis,0.7537181521544868
D04_S0_C004_T000,regulatory,ATF4,stress_adaptation,0.5762423374844592
D04_S0_C004_T000,regulatory,NFkB,inflammation,0.7016056286853698
D04_S0_C005_T000,regulatory,XBP1,proteostasis,0.36135799705822
D04_S0_C005_T000,regulatory,ATF4,stress_adaptation,0.3871999005388823
D04_S0_C005_T000,regulatory,NFkB,inflammation,0.41323160940819004
D04_S0_C006_T000,regulatory,XBP1,proteostasis,0.3207132162187016
D04_S0_C006_T000,regulatory,ATF4,stress_adaptation,0.3055315355801575
D04_S0_C006_T000,regulatory,NFkB,inflammation,0.2821148262631882
D04_S0_C007_T000,regulatory,XBP1,proteostasis,0.5878082229803074
D04_S0_C007_T000,regulatory,ATF4,stress_adaptation,0.5028941463069807
D04_S0_C007_T000,regulatory,NFkB,inflammation,0.496344011483969
D04_S0_C008_T000,regulatory,XBP1,proteostasis,0.8705636758022
D04_S0_C008_T000,regulatory,ATF4,stress_adaptation,0.6828081421235634
D04_S0_C008_T000,regulatory,NFkB,inflammation,0.7660819877610014
D04_S0_C009_T000,regulatory,XBP1,proteostasis,0.5225947523811313
D04_S0_C009_T000,regulatory,ATF4,stress_adaptation,0.47497636413247085
D04_S0_C009_T000,regulatory,NFkB,inflammation,0.482033865743567
D04_S0_C010_T000,regulatory,XBP1,proteostasis,0.6430564352354409
D04_S0_C010_T000,regulatory,ATF4,stress_adaptation,0.5409153693441476
D04_S0_C010_T000,regulatory,NFkB,inflammation,0.5132820369237105
D04_S0_C011_T000,regulatory,XBP1,proteostasis,0.659922443339031
D04_S0_C011_T000,regulatory,ATF4,stress_adaptation,0.5497274503476991
D04_S0_C011_T000,regulatory,NFkB,inflammation,0.5483571547607526
D04_S0_C012_T000,regulatory,XBP1,proteostasis,0.47743012403791246
D04_S0_C012_T000,regulatory,ATF4,stress_adaptation,0.4335064240330324
D04_S0_C012_T000,regulatory,NFkB,inflammation,0.5354580210104893
D04_S0_C013_T000,regulatory,XBP1,proteostasis,0.488552847733262
D04_S0_C013_T000,regulatory,ATF4,stress_adaptation,0.3953032032017575
D04_S0_C013_T000,regulatory,NFkB,inflammation,0.5653557413194468
D04_S0_C014_T000,regulatory,XBP1,proteostasis,0.47655305338864995
D04_S0_C014_T000,regulatory,ATF4,stress_adaptation,0.37871877088452804
D04_S0_C014_T000,regulatory,NFkB,inflammation,0.4985547332722862
D04_S0_C015_T000,regulatory,XBP1,proteostasis,0.6143303474666054
D04_S0_C015_T000,regulatory,ATF4,stress_adaptation,0.4806231430236771
D04_S0_C015_T000,regulatory,NFkB,inflammation,0.3960529970372654
D04_S0_C016_T000,regulatory,XBP1,proteostasis,0.6402835711164354
D04_S0_C016_T000,regulatory,ATF4,stress_adaptation,0.49673523051955687
D04_S0_C016_T000,regulatory,NFkB,inflammation,0.6413141743561865
D04_S0_C017_T000,regulatory,XBP1,proteostasis,0.5055480486601794
D04_S0_C017_T000,regulatory,ATF4,stress_adaptation,0.47236048380267126
D04_S0_C017_T000,regulatory,NFkB,inflammation,0.4721216737765257
D04_S0_C018_T000,regulatory,XBP1,proteostasis,0.7613096527466096
D04_S0_C018_T000,regulatory,ATF4,stress_adaptation,0.6270675185641341
D04_S0_C018_T000,regulatory,NFkB,inflammation,0.5902933022900534
D04_S0_C019_T000,regulatory,XBP1,proteostasis,0.46982454259820405
D04_S0_C019_T000,regulatory,ATF4,stress_adaptation,0.4402877543656223
D04_S0_C019_T000,regulatory,NFkB,inflammation,0.4496944691078658
D04_S0_C020_T000,regulatory,XBP1,proteostasis,0.4991689598811549
D04_S0_C020_T000,regulatory,ATF4,stress_adaptation,0.39977682560161776
D04_S0_C020_T000,regulatory,NFkB,inflammation,0.3624303211035856
D04_S0_C021_T000,regulatory,XBP1,proteostasis,0.5763153600157838
D04_S0_C021_T000,regulatory,ATF4,stress_adaptation,0.493244233856472
D04_S0_C021_T000,regulatory,NFkB,inflammation,0.485954405057936
D04_S0_C022_T000,regulatory,XBP1,proteostasis,0.4246049602444348
D04_S0_C022_T000,regulatory,ATF4,stress_adaptation,0.36145551347566446
D04_S0_C022_T000,regulatory,NFkB,inflammation,0.35346411753049245
D04_S0_C023_T000,regulatory,XBP1,proteostasis,0.6754357415245223
D04_S0_C023_T000,regulatory,ATF4,stress_adaptation,0.520428907150561
D04_S0_C023_T000,regulatory,NFkB,inflammation,0.43199115140670774
D04_S0_C024_T000,regulatory,XBP1,proteostasis,0.6165624489247086
D04_S0_C024_T000,regulatory,ATF4,stress_adaptation,0.5351884615564002
D04_S0_C024_T000,regulatory,NFkB,inflammation,0.493118285614341
D04_S0_C025_T000,regulatory,XBP1,proteostasis,0.5183720074559041
D04_S0_C025_T000,regulatory,ATF4,stress_adaptation,0.4139830648874267
D04_S0_C025_T000,regulatory,NFkB,inflammation,0.5182455434460795
D04_S0_C026_T000,regulatory,XBP1,proteostasis,0.2912312818966621
D04_S0_C026_T000,regulatory,ATF4,stress_adaptation,0.27128495131436176
D04_S0_C026_T000,regulatory,NFkB,inflammation,0.48126140568156206
D04_S0_C027_T000,regulatory,XBP1,proteostasis,0.2577293915788812
D04_S0_C027_T000,regulatory,ATF4,stress_adaptation,0.2950839963274019
D04_S0_C027_T000,regulatory,NFkB,inflammation,0.3530930237468525
D04_S0_C028_T000,regulatory,XBP1,proteostasis,0.46505883854785945
D04_S0_C028_T000,regulatory,ATF4,stress_adaptation,0.4369464367446254
D04_S0_C028_T000,regulatory,NFkB,inflammation,0.4426809488440271
D04_S0_C029_T000,regulatory,XBP1,proteostasis,0.5618624229809039
D04_S0_C029_T000,regulatory,ATF4,stress_adaptation,0.4690288538140075
D04_S0_C029_T000,regulatory,NFkB,inflammation,0.6226522886762064
D04_S0_C030_T000,regulatory,XBP1,proteostasis,0.7531426397621845
D04_S0_C030_T000,regulatory,ATF4,stress_adaptation,0.5787384094171443
D04_S0_C030_T000,regulatory,NFkB,inflammation,0.7036540596094151
D04_S0_C031_T000,regulatory,XBP1,proteostasis,0.44566718863962324
D04_S0_C031_T000,regulatory,ATF4,stress_adaptation,0.3577216071326924
D04_S0_C031_T000,regulatory,NFkB,inflammation,0.30698720612555397
D04_S0_C032_T000,regulatory,XBP1,proteostasis,0.47016750171699934
D04_S0_C032_T000,regulatory,ATF4,stress_adaptation,0.4061939647696977
D04_S0_C032_T000,regulatory,NFkB,inflammation,0.511145031151512
D04_S0_C033_T000,regulatory,XBP1,proteostasis,0.3901391425812003
D04_S0_C033_T000,regulatory,ATF4,stress_adaptation,0.328404052601565
D04_S0_C033_T000,regulatory,NFkB,inflammation,0.5394541778251727
D04_S0_C034_T000,regulatory,XBP1,proteostasis,0.31146170089832415
D04_S0_C034_T000,regulatory,ATF4,stress_adaptation,0.32942866960701667
D04_S0_C034_T000,regulatory,NFkB,inflammation,0.37646672817449667
D04_S0_C035_T000,regulatory,XBP1,proteostasis,0.6256198130139105
D04_S0_C035_T000,regulatory,ATF4,stress_adaptation,0.5208678064127066
D04_S0_C035_T000,regulatory,NFkB,inflammation,0.5323448995778108
D04_S0_C000_T012,regulatory,XBP1,proteostasis,0.6226533700708238
D04_S0_C000_T012,regulatory,ATF4,stress_adaptation,0.548993369656215
D04_S0_C000_T012,regulatory,NFkB,inflammation,0.5436357058984393
D04_S0_C001_T012,regulatory,XBP1,proteostasis,0.5114552576939356
D04_S0_C001_T012,regulatory,ATF4,stress_adaptation,0.4902819486223811
D04_S0_C001_T012,regulatory,NFkB,inflammation,0.5183848994165738
D04_S0_C002_T012,regulatory,XBP1,proteostasis,0.5571648695859436
D04_S0_C002_T012,regulatory,ATF4,stress_adaptation,0.5088052045316648
D04_S0_C002_T012,regulatory,NFkB,inflammation,0.528741267832409
D04_S0_C003_T012,regulatory,XBP1,proteostasis,0.756287546418237
D04_S0_C003_T012,regulatory,ATF4,stress_adaptation,0.6718913476221942
D04_S0_C003_T012,regulatory,NFkB,inflammation,0.7356386663362547
D04_S0_C004_T012,regulatory,XBP1,proteostasis,0.8967687294659487
D04_S0_C004_T012,regulatory,ATF4,stress_adaptation,0.75472759392875
D04_S0_C004_T012,regulatory,NFkB,inflammation,0.8608064190145144
D04_S0_C005_T012,regulatory,XBP1,proteostasis,0.4195306177342221
D04_S0_C005_T012,regulatory,ATF4,stress_adaptation,0.4800360654404906
D04_S0_C005_T012,regulatory,NFkB,inflammation,0.6193782074188028
D04_S0_C006_T012,regulatory,XBP1,proteostasis,0.44508612843007
D04_S0_C006_T012,regulatory,ATF4,stress_adaptation,0.4596213706434759
D04_S0_C006_T012,regulatory,NFkB,inflammation,0.4678002146021677
D04_S0_C007_T012,regulatory,XBP1,proteostasis,0.6383153795215638
D04_S0_C007_T012,regulatory,ATF4,stress_adaptation,0.5973972250227034
D04_S0_C007_T012,regulatory,NFkB,inflammation,0.6907656708059546
D04_S0_C008_T012,regulatory,XBP1,proteostasis,0.9799238056404248
D04_S0_C008_T012,regulatory,ATF4,stress_adaptation,0.8432773590292271
D04_S0_C008_T012,regulatory,NFkB,inflammation,0.8607498016810486
D04_S0_C009_T012,regulatory,XBP1,proteostasis,0.6663232180977663
D04_S0_C009_T012,regulatory,ATF4,stress_adaptation,0.6397063292680969
D04_S0_C009_T012,regulatory,NFkB,inflammation,0.6674894927455002
D04_S0_C010_T012,regulatory,XBP1,proteostasis,0.6360557361322126
D04_S0_C010_T012,regulatory,ATF4,stress_adaptation,0.5907464425434807
D04_S0_C010_T012,regulatory,NFkB,inflammation,0.6968320467845044
D04_S0_C011_T012,regulatory,XBP1,proteostasis,0.7643584907648195
D04_S0_C011_T012,regulatory,ATF4,stress_adaptation,0.7001266839221202
D04_S0_C011_T012,regulatory,NFkB,inflammation,0.7555170232864651
D04_S0_C012_T012,regulatory,XBP1,proteostasis,0.5963760625770593
D04_S0_C012_T012,regulatory,ATF4,stress_adaptation,0.583819486643389
D04_S0_C012_T012,regulatory,NFkB,inflammation,0.7207265159280687
D04_S0_C013_T012,regulatory,XBP1,proteostasis,0.5842176436017099
D04_S0_C013_T012,regulatory,ATF4,stress_adaptation,0.5206614737716458
D04_S0_C013_T012,regulatory,NFkB,inflammation,0.6914757718402023
D04_S0_C014_T012,regulatory,XBP1,proteostasis,0.550431289746541
D04_S0_C014_T012,regulatory,ATF4,stress_adaptation,0.5052307701419296
D04_S0_C014_T012,regulatory,NFkB,inflammation,0.6856569103601236
D04_S0_C015_T012,regulatory,XBP1,proteostasis,0.687881017530629
D04_S0_C015_T012,regulatory,ATF4,stress_adaptation,0.6181624345251668
D04_S0_C015_T012,regulatory,NFkB,inflammation,0.604987441015754
D04_S0_C016_T012,regulatory,XBP1,proteostasis,0.7293348769848018
D04_S0_C016_T012,regulatory,ATF4,stress_adaptation,0.6340403174671275
D04_S0_C016_T012,regulatory,NFkB,inflammation,0.7803232250083724
D04_S0_C017_T012,regulatory,XBP1,proteostasis,0.552205110942607
D04_S0_C017_T012,regulatory,ATF4,stress_adaptation,0.5759860653388227
D04_S0_C017_T012,regulatory,NFkB,inflammation,0.6842083454078387
D04_S0_C018_T012,regulatory,XBP1,proteostasis,0.94298813758209
D04_S0_C018_T012,regulatory,ATF4,stress_adaptation,0.8043107602452592
D04_S0_C018_T012,regulatory,NFkB,inflammation,0.832633962088715
D04_S0_C019_T012,regulatory,XBP1,proteostasis,0.5787375833595574
D04_S0_C019_T012,regulatory,ATF4,stress_adaptation,0.5899672948191623
D04_S0_C019_T012,regulatory,NFkB,inflammation,0.6098270345331616
D04_S0_C020_T012,regulatory,XBP1,proteostasis,0.6070824918250841
D04_S0_C020_T012,regulatory,ATF4,stress_adaptation,0.5387704613336985
D04_S0_C020_T012,regulatory,NFkB,inflammation,0.5082075678896274
D04_S0_C021_T012,regulatory,XBP1,proteostasis,0.73621018658317
D04_S0_C021_T012,regulatory,ATF4,stress_adaptation,0.6550138652048828
D04_S0_C021_T012,regulatory,NFkB,inflammation,0.7157199110062508
D04_S0_C022_T012,regulatory,XBP1,proteostasis,0.5819836091583258
D04_S0_C022_T012,regulatory,ATF4,stress_adaptation,0.5476314910985749
D04_S0_C022_T012,regulatory,NFkB,inflammation,0.5474052260791915
D04_S0_C023_T012,regulatory,XBP1,proteostasis,0.8424045456158048
D04_S0_C023_T012,regulatory,ATF4,stress_adaptation,0.7049479788029697
D04_S0_C023_T012,regulatory,NFkB,inflammation,0.6835475052238135
D04_S0_C024_T012,regulatory,XBP1,proteostasis,0.6946629345916295
D04_S0_C024_T012,regulatory,ATF4,stress_adaptation,0.6456081770813654
D04_S0_C024_T012,regulatory,NFkB,inflammation,0.6913372442578329
D04_S0_C025_T012,regulatory,XBP1,proteostasis,0.6157969510496323
D04_S0_C025_T012,regulatory,ATF4,stress_adaptation,0.5586703919193019
D04_S0_C025_T012,regulatory,NFkB,inflammation,0.6910595377138613
D04_S0_C026_T012,regulatory,XBP1,proteostasis,0.37850493807251345
D04_S0_C026_T012,regulatory,ATF4,stress_adaptation,0.3910523458228762
D04_S0_C026_T012,regulatory,NFkB,inflammation,0.610017735207024
D04_S0_C027_T012,regulatory,XBP1,proteostasis,0.32005702272764236
D04_S0_C027_T012,regulatory,ATF4,stress_adaptation,0.3951994665660269
D04_S0_C027_T012,regulatory,NFkB,inflammation,0.5334285071307876
D04_S0_C028_T012,regulatory,XBP1,proteostasis,0.53733903430305
D04_S0_C028_T012,regulatory,ATF4,stress_adaptation,0.5333617291001886
D04_S0_C028_T012,regulatory,NFkB,inflammation,0.6319035973585247
D04_S0_C029_T012,regulatory,XBP1,proteostasis,0.6533923071797607
D04_S0_C029_T012,regulatory,ATF4,stress_adaptation,0.5970156062387724
D04_S0_C029_T012,regulatory,NFkB,inflammation,0.7663180711873199
D04_S0_C030_T012,regulatory,XBP1,proteostasis,0.8034207950665887
D04_S0_C030_T012,regulatory,ATF4,stress_adaptation,0.6846615749758265
D04_S0_C030_T012,regulatory,NFkB,inflammation,0.8185700642741727
D04_S0_C031_T012,regulatory,XBP1,proteostasis,0.5200069905899815
D04_S0_C031_T012,regulatory,ATF4,stress_adaptation,0.4847479712822781
D04_S0_C031_T012,regulatory,NFkB,inflammation,0.5204195448288871
D04_S0_C032_T012,regulatory,XBP1,proteostasis,0.5199225542461375
D04_S0_C032_T012,regulatory,ATF4,stress_adaptation,0.5192093467216025
D04_S0_C032_T012,regulatory,NFkB,inflammation,0.6792263973182258
D04_S0_C033_T012,regulatory,XBP1,proteostasis,0.4241934225103153
D04_S0_C033_T012,regulatory,ATF4,stress_adaptation,0.42264984255954785
D04_S0_C033_T012,regulatory,NFkB,inflammation,0.652931721871191
D04_S0_C034_T012,regulatory,XBP1,proteostasis,0.4531892594967712
D04_S0_C034_T012,regulatory,ATF4,stress_adaptation,0.4717355089330366
D04_S0_C034_T012,regulatory,NFkB,inflammation,0.6125719172043516
D04_S0_C035_T012,regulatory,XBP1,proteostasis,0.7343923255565625
D04_S0_C035_T012,regulatory,ATF4,stress_adaptation,0.6558913628435062
D04_S0_C035_T012,regulatory,NFkB,inflammation,0.7185711902341955
D04_S0_C000_T024,regulatory,XBP1,proteostasis,0.7937702156178512
D04_S0_C000_T024,regulatory,ATF4,stress_adaptation,0.7406983180099953
D04_S0_C000_T024,regulatory,NFkB,inflammation,0.828279123949742
D04_S0_C001_T024,regulatory,XBP1,proteostasis,0.6269021865403432
D04_S0_C001_T024,regulatory,ATF4,stress_adaptation,0.6604248617208275
D04_S0_C001_T024,regulatory,NFkB,inflammation,0.794552934173263
D04_S0_C002_T024,regulatory,XBP1,proteostasis,0.7543611303252582
D04_S0_C002_T024,regulatory,ATF4,stress_adaptation,0.7340665310332913
D04_S0_C002_T024,regulatory,NFkB,inflammation,0.8520373453529406
D04_S0_C003_T024,regulatory,XBP1,proteostasis,0.858524148364719
D04_S0_C003_T024,regulatory,ATF4,stress_adaptation,0.8297396031188671
D04_S0_C003_T024,regulatory,NFkB,inflammation,1.0067234262922473
D04_S0_C004_T024,regulatory,XBP1,proteostasis,1.0846678569435306
D04_S0_C004_T024,regulatory,ATF4,stress_adaptation,0.9835856565586252
D04_S0_C004_T024,regulatory,NFkB,inflammation,1.1718637146565745
D04_S0_C005_T024,regulatory,XBP1,proteostasis,0.5981585007354787
D04_S0_C005_T024,regulatory,ATF4,stress_adaptation,0.6875315356363418
D04_S0_C005_T024,regulatory,NFkB,inflammation,0.9437749494141323
D04_S0_C006_T024,regulatory,XBP1,proteostasis,0.6489160834769252
D04_S0_C006_T024,regulatory,ATF4,stress_adaptation,0.7092618613655663
D04_S0_C006_T024,regulatory,NFkB,inflammation,0.7757245688421797
D04_S0_C007_T024,regulatory,XBP1,proteostasis,0.7855212282884362
D04_S0_C007_T024,regulatory,ATF4,stress_adaptation,0.7902381542896464
D04_S0_C007_T024,regulatory,NFkB,inflammation,0.9672117939438255
D04_S0_C008_T024,regulatory,XBP1,proteostasis,1.1658710026956818
D04_S0_C008_T024,regulatory,ATF4,stress_adaptation,1.0765960584312322
D04_S0_C008_T024,regulatory,NFkB,inflammation,1.0938822311507699
D04_S0_C009_T024,regulatory,XBP1,proteostasis,0.7975803367956065
D04_S0_C009_T024,regulatory,ATF4,stress_adaptation,0.8294469559403328
D04_S0_C009_T024,regulatory,NFkB,inflammation,0.9366076035011144
D04_S0_C010_T024,regulatory,XBP1,proteostasis,0.8563660889298081
D04_S0_C010_T024,regulatory,ATF4,stress_adaptation,0.8046782639696819
D04_S0_C010_T024,regulatory,NFkB,inflammation,1.0302719414241364
D04_S0_C011_T024,regulatory,XBP1,proteostasis,0.8814723959524842
D04_S0_C011_T024,regulatory,ATF4,stress_adaptation,0.8527710099039527
D04_S0_C011_T024,regulatory,NFkB,inflammation,1.0556250269894725
D04_S0_C012_T024,regulatory,XBP1,proteostasis,0.7960376859227133
D04_S0_C012_T024,regulatory,ATF4,stress_adaptation,0.8073189407770229
D04_S0_C012_T024,regulatory,NFkB,inflammation,1.072663088831184
D04_S0_C013_T024,regulatory,XBP1,proteostasis,0.7576228462596329
D04_S0_C013_T024,regulatory,ATF4,stress_adaptation,0.7232252564761145
D04_S0_C013_T024,regulatory,NFkB,inflammation,0.9600570611978743
D04_S0_C014_T024,regulatory,XBP1,proteostasis,0.7743848508050756
D04_S0_C014_T024,regulatory,ATF4,stress_adaptation,0.7576331391816504
D04_S0_C014_T024,regulatory,NFkB,inflammation,1.0445826341012139
D04_S0_C015_T024,regulatory,XBP1,proteostasis,0.9083419876522397
D04_S0_C015_T024,regulatory,ATF4,stress_adaptation,0.8702990012632907
D04_S0_C015_T024,regulatory,NFkB,inflammation,0.9310534534543975
D04_S0_C016_T024,regulatory,XBP1,proteostasis,0.9025132634323093
D04_S0_C016_T024,regulatory,ATF4,stress_adaptation,0.852160806925381
D04_S0_C016_T024,regulatory,NFkB,inflammation,1.030852464973585
D04_S0_C017_T024,regulatory,XBP1,proteostasis,0.7535600652135511
D04_S0_C017_T024,regulatory,ATF4,stress_adaptation,0.8032286724311486
D04_S0_C017_T024,regulatory,NFkB,inflammation,0.9785981953284201
D04_S0_C018_T024,regulatory,XBP1,proteostasis,1.0441936564178587
D04_S0_C018_T024,regulatory,ATF4,stress_adaptation,0.9610853244848276
D04_S0_C018_T024,regulatory,NFkB,inflammation,1.1116134670879823
D04_S0_C019_T024,regulatory,XBP1,proteostasis,0.7215989318279936
D04_S0_C019_T024,regulatory,ATF4,stress_adaptation,0.7785198417178512
D04_S0_C019_T024,regulatory,NFkB,inflammation,0.8870648265532916
D04_S0_C020_T024,regulatory,XBP1,proteostasis,0.7569527305750917
D04_S0_C020_T024,regulatory,ATF4,stress_adaptation,0.7357881104048337
D04_S0_C020_T024,regulatory,NFkB,inflammation,0.7578555904662401
D04_S0_C021_T024,regulatory,XBP1,proteostasis,0.8337663449924706
D04_S0_C021_T024,regulatory,ATF4,stress_adaptation,0.7966579477256496
D04_S0_C021_T024,regulatory,NFkB,inflammation,0.9967061070094925
D04_S0_C022_T024,regulatory,XBP1,proteostasis,0.7440400535714191
D04_S0_C022_T024,regulatory,ATF4,stress_adaptation,0.7618451115711358
D04_S0_C022_T024,regulatory,NFkB,inflammation,0.8498337114174517
D04_S0_C023_T024,regulatory,XBP1,proteostasis,0.9671380093282667
D04_S0_C023_T024,regulatory,ATF4,stress_adaptation,0.893978572649829
D04_S0_C023_T024,regulatory,NFkB,inflammation,0.9892987601094763
D04_S0_C024_T024,regulatory,XBP1,proteostasis,0.8265182893269846
D04_S0_C024_T024,regulatory,ATF4,stress_adaptation,0.8236276458764831
D04_S0_C024_T024,regulatory,NFkB,inflammation,1.0058672578340717
D04_S0_C025_T024,regulatory,XBP1,proteostasis,0.8136998181792221
D04_S0_C025_T024,regulatory,ATF4,stress_adaptation,0.7721578140537972
D04_S0_C025_T024,regulatory,NFkB,inflammation,0.9806320295799769
D04_S0_C026_T024,regulatory,XBP1,proteostasis,0.4978834078151383
D04_S0_C026_T024,regulatory,ATF4,stress_adaptation,0.5485405777582806
D04_S0_C026_T024,regulatory,NFkB,inflammation,0.8582710023180793
D04_S0_C027_T024,regulatory,XBP1,proteostasis,0.489508987625776
D04_S0_C027_T024,regulatory,ATF4,stress_adaptation,0.582077781460108
D04_S0_C027_T024,regulatory,NFkB,inflammation,0.8476247503168666
D04_S0_C028_T024,regulatory,XBP1,proteostasis,0.7289878075336769
D04_S0_C028_T024,regulatory,ATF4,stress_adaptation,0.7511498580037457
D04_S0_C028_T024,regulatory,NFkB,inflammation,0.977498273447788
D04_S0_C029_T024,regulatory,XBP1,proteostasis,0.8211798409577152
D04_S0_C029_T024,regulatory,ATF4,stress_adaptation,0.7970091540118902
D04_S0_C029_T024,regulatory,NFkB,inflammation,1.0507153192289391
D04_S0_C030_T024,regulatory,XBP1,proteostasis,1.0384328630396007
D04_S0_C030_T024,regulatory,ATF4,stress_adaptation,0.9425795109655446
D04_S0_C030_T024,regulatory,NFkB,inflammation,1.123788542476682
D04_S0_C031_T024,regulatory,XBP1,proteostasis,0.6980602501709722
D04_S0_C031_T024,regulatory,ATF4,stress_adaptation,0.6931278794406235
D04_S0_C031_T024,regulatory,NFkB,inflammation,0.8272991190645376
D04_S0_C032_T024,regulatory,XBP1,proteostasis,0.7090370885048881
D04_S0_C032_T024,regulatory,ATF4,stress_adaptation,0.741361888064582
D04_S0_C032_T024,regulatory,NFkB,inflammation,0.9395054931898746
D04_S0_C033_T024,regulatory,XBP1,proteostasis,0.6190717092528875
D04_S0_C033_T024,regulatory,ATF4,stress_adaptation,0.6327922162417234
D04_S0_C033_T024,regulatory,NFkB,inflammation,0.9220417728835668
D04_S0_C034_T024,regulatory,XBP1,proteostasis,0.5961375444911393
D04_S0_C034_T024,regulatory,ATF4,stress_adaptation,0.6452221547302672
D04_S0_C034_T024,regulatory,NFkB,inflammation,0.9037688206682147
D04_S0_C035_T024,regulatory,XBP1,proteostasis,0.7927741049983874
D04_S0_C035_T024,regulatory,ATF4,stress_adaptation,0.7741728704901023
D04_S0_C035_T024,regulatory,NFkB,inflammation,1.0135689315952858
D04_S0_C000_T048,regulatory,XBP1,proteostasis,1.1030073090113284
D04_S0_C000_T048,regulatory,ATF4,stress_adaptation,1.207914984749046
D04_S0_C000_T048,regulatory,NFkB,inflammation,1.3713532890550977
D04_S0_C001_T048,regulatory,XBP1,proteostasis,0.9297894980267128
D04_S0_C001_T048,regulatory,ATF4,stress_adaptation,1.1165308923510673
D04_S0_C001_T048,regulatory,NFkB,inflammation,1.2934052741120208
D04_S0_C002_T048,regulatory,XBP1,proteostasis,1.0579313154681427
D04_S0_C002_T048,regulatory,ATF4,stress_adaptation,1.223867356447626
D04_S0_C002_T048,regulatory,NFkB,inflammation,1.3510690919606643
D04_S0_C003_T048,regulatory,XBP1,proteostasis,1.1241992327114712
D04_S0_C003_T048,regulatory,ATF4,stress_adaptation,1.2146004661156216
D04_S0_C003_T048,regulatory,NFkB,inflammation,1.380889654720162
D04_S0_C004_T048,regulatory,XBP1,proteostasis,1.3160499589819223
D04_S0_C004_T048,regulatory,ATF4,stress_adaptation,1.4068891093712463
D04_S0_C004_T048,regulatory,NFkB,inflammation,1.467222481541865
D04_S0_C005_T048,regulatory,XBP1,proteostasis,0.8173912360791807
D04_S0_C005_T048,regulatory,ATF4,stress_adaptation,1.0588818176531212
D04_S0_C005_T048,regulatory,NFkB,inflammation,1.2428260562356312
D04_S0_C006_T048,regulatory,XBP1,proteostasis,1.0017744747138353
D04_S0_C006_T048,regulatory,ATF4,stress_adaptation,1.2325858717371831
D04_S0_C006_T048,regulatory,NFkB,inflammation,1.3257985136212258
D04_S0_C007_T048,regulatory,XBP1,proteostasis,1.0964571399531517
D04_S0_C007_T048,regulatory,ATF4,stress_adaptation,1.2441348539490091
D04_S0_C007_T048,regulatory,NFkB,inflammation,1.3684057129789182
D04_S0_C008_T048,regulatory,XBP1,proteostasis,1.4664192618661809
D04_S0_C008_T048,regulatory,ATF4,stress_adaptation,1.5531725202130175
D04_S0_C008_T048,regulatory,NFkB,inflammation,1.5348886678397813
D04_S0_C009_T048,regulatory,XBP1,proteostasis,1.1137075964026886
D04_S0_C009_T048,regulatory,ATF4,stress_adaptation,1.3085605757002807
D04_S0_C009_T048,regulatory,NFkB,inflammation,1.37616841838121
D04_S0_C010_T048,regulatory,XBP1,proteostasis,1.1365111001865569
D04_S0_C010_T048,regulatory,ATF4,stress_adaptation,1.247568287237267
D04_S0_C010_T048,regulatory,NFkB,inflammation,1.3864299950839505
D04_S0_C011_T048,regulatory,XBP1,proteostasis,1.2073362925238984
D04_S0_C011_T048,regulatory,ATF4,stress_adaptation,1.3111410484646469
D04_S0_C011_T048,regulatory,NFkB,inflammation,1.4183013316357544
D04_S0_C012_T048,regulatory,XBP1,proteostasis,1.0438662015041775
D04_S0_C012_T048,regulatory,ATF4,stress_adaptation,1.2300246564445008
D04_S0_C012_T048,regulatory,NFkB,inflammation,1.3447397906768799
D04_S0_C013_T048,regulatory,XBP1,proteostasis,1.0007617499065302
D04_S0_C013_T048,regulatory,ATF4,stress_adaptation,1.114439872946208
D04_S0_C013_T048,regulatory,NFkB,inflammation,1.3253427874579387
D04_S0_C014_T048,regulatory,XBP1,proteostasis,1.0688429106384687
D04_S0_C014_T048,regulatory,ATF4,stress_adaptation,1.2011859595808319
D04_S0_C014_T048,regulatory,NFkB,inflammation,1.355979309787311
D04_S0_C015_T048,regulatory,XBP1,proteostasis,1.219712396990523
D04_S0_C015_T048,regulatory,ATF4,stress_adaptation,1.3535986604449612
D04_S0_C015_T048,regulatory,NFkB,inflammation,1.4238705786457353
D04_S0_C016_T048,regulatory,XBP1,proteostasis,1.2061431546896264
D04_S0_C016_T048,regulatory,ATF4,stress_adaptation,1.316023854812872
D04_S0_C016_T048,regulatory,NFkB,inflammation,1.4177644196103318
D04_S0_C017_T048,regulatory,XBP1,proteostasis,1.0264352340216556
D04_S0_C017_T048,regulatory,ATF4,stress_adaptation,1.2607246938502572
D04_S0_C017_T048,regulatory,NFkB,inflammation,1.336895855309745
D04_S0_C018_T048,regulatory,XBP1,proteostasis,1.3115352348118905
D04_S0_C018_T048,regulatory,ATF4,stress_adaptation,1.3795764637456704
D04_S0_C018_T048,regulatory,NFkB,inflammation,1.4651908556653508
D04_S0_C019_T048,regulatory,XBP1,proteostasis,1.0418629924011604
D04_S0_C019_T048,regulatory,ATF4,stress_adaptation,1.2424673867924478
D04_S0_C019_T048,regulatory,NFkB,inflammation,1.3438383465805221
D04_S0_C020_T048,regulatory,XBP1,proteostasis,1.0630789060721075
D04_S0_C020_T048,regulatory,ATF4,stress_adaptation,1.2063352859747627
D04_S0_C020_T048,regulatory,NFkB,inflammation,1.3533855077324484
D04_S0_C021_T048,regulatory,XBP1,proteostasis,1.0634353652866517
D04_S0_C021_T048,regulatory,ATF4,stress_adaptation,1.1461026577157867
D04_S0_C021_T048,regulatory,NFkB,inflammation,1.3535459143789934
D04_S0_C022_T048,regulatory,XBP1,proteostasis,1.0553345557130602
D04_S0_C022_T048,regulatory,ATF4,stress_adaptation,1.2491890747761794
D04_S0_C022_T048,regulatory,NFkB,inflammation,1.3499005500708772
D04_S0_C023_T048,regulatory,XBP1,proteostasis,1.2852319729659771
D04_S0_C023_T048,regulatory,ATF4,stress_adaptation,1.3452722166504998
D04_S0_C023_T048,regulatory,NFkB,inflammation,1.4533543878346897
D04_S0_C024_T048,regulatory,XBP1,proteostasis,1.1386796463900402
D04_S0_C024_T048,regulatory,ATF4,stress_adaptation,1.2903129326365002
D04_S0_C024_T048,regulatory,NFkB,inflammation,1.387405840875518
D04_S0_C025_T048,regulatory,XBP1,proteostasis,1.0313099205919858
D04_S0_C025_T048,regulatory,ATF4,stress_adaptation,1.1553049799693946
D04_S0_C025_T048,regulatory,NFkB,inflammation,1.3390894642663937
D04_S0_C026_T048,regulatory,XBP1,proteostasis,0.8065090788488128
D04_S0_C026_T048,regulatory,ATF4,stress_adaptation,0.9790514473090324
D04_S0_C026_T048,regulatory,NFkB,inflammation,1.2379290854819658
D04_S0_C027_T048,regulatory,XBP1,proteostasis,0.69190665657357
D04_S0_C027_T048,regulatory,ATF4,stress_adaptation,0.9461981014085742
D04_S0_C027_T048,regulatory,NFkB,inflammation,1.1863579954581065
D04_S0_C028_T048,regulatory,XBP1,proteostasis,0.9977919803965066
D04_S0_C028_T048,regulatory,ATF4,stress_adaptation,1.1605482126490552
D04_S0_C028_T048,regulatory,NFkB,inflammation,1.324006391178428
D04_S0_C029_T048,regulatory,XBP1,proteostasis,1.086935384658519
D04_S0_C029_T048,regulatory,ATF4,stress_adaptation,1.2084286452769244
D04_S0_C029_T048,regulatory,NFkB,inflammation,1.3641209230963336
D04_S0_C030_T048,regulatory,XBP1,proteostasis,1.3042629573464999
D04_S0_C030_T048,regulatory,ATF4,stress_adaptation,1.3504664379742712
D04_S0_C030_T048,regulatory,NFkB,inflammation,1.461918330805925
D04_S0_C031_T048,regulatory,XBP1,proteostasis,1.070861694898785
D04_S0_C031_T048,regulatory,ATF4,stress_adaptation,1.2003600946259767
D04_S0_C031_T048,regulatory,NFkB,inflammation,1.3568877627044533
D04_S0_C032_T048,regulatory,XBP1,proteostasis,0.9838262351212745
D04_S0_C032_T048,regulatory,ATF4,stress_adaptation,1.1638998735759678
D04_S0_C032_T048,regulatory,NFkB,inflammation,1.3177218058045734
D04_S0_C033_T048,regulatory,XBP1,proteostasis,0.8690041878303071
D04_S0_C033_T048,regulatory,ATF4,stress_adaptation,1.0309241293454408
D04_S0_C033_T048,regulatory,NFkB,inflammation,1.2660518845236381
D04_S0_C034_T048,regulatory,XBP1,proteostasis,0.7790217080244293
D04_S0_C034_T048,regulatory,ATF4,stress_adaptation,0.9913250271671691
D04_S0_C034_T048,regulatory,NFkB,inflammation,1.2255597686109931
D04_S0_C035_T048,regulatory,XBP1,proteostasis,1.1607371438432632
D04_S0_C035_T048,regulatory,ATF4,stress_adaptation,1.2752891823762376
D04_S0_C035_T048,regulatory,NFkB,inflammation,1.3973317147294684
D04_S1_C000_T000,regulatory,XBP1,proteostasis,0.6677383237611068
D04_S1_C000_T000,regulatory,ATF4,stress_adaptation,0.5675667416499212
D04_S1_C000_T000,regulatory,NFkB,inflammation,0.5392403237524295
D04_S1_C001_T000,regulatory,XBP1,proteostasis,0.5774832690286031
D04_S1_C001_T000,regulatory,ATF4,stress_adaptation,0.4467300656022999
D04_S1_C001_T000,regulatory,NFkB,inflammation,0.4149083722439687
D04_S1_C002_T000,regulatory,XBP1,proteostasis,0.4530031242646674
D04_S1_C002_T000,regulatory,ATF4,stress_adaptation,0.4248698815302824
D04_S1_C002_T000,regulatory,NFkB,inflammation,0.4418470986314825
D04_S1_C003_T000,regulatory,XBP1,proteostasis,0.29900237235241806
D04_S1_C003_T000,regulatory,ATF4,stress_adaptation,0.25585831346096866
D04_S1_C003_T000,regulatory,NFkB,inflammation,0.41601681494811704
D04_S1_C004_T000,regulatory,XBP1,proteostasis,0.6371479691441064
D04_S1_C004_T000,regulatory,ATF4,stress_adaptation,0.5008981344765431
D04_S1_C004_T000,regulatory,NFkB,inflammation,0.5813033977609569
D04_S1_C005_T000,regulatory,XBP1,proteostasis,0.6755892780421628
D04_S1_C005_T000,regulatory,ATF4,stress_adaptation,0.5222032977083663
D04_S1_C005_T000,regulatory,NFkB,inflammation,0.6000820025246827
D04_S1_C006_T000,regulatory,XBP1,proteostasis,0.6693791114884616
D04_S1_C006_T000,regulatory,ATF4,stress_adaptation,0.5237118498898877
D04_S1_C006_T000,regulatory,NFkB,inflammation,0.6542061949691012
D04_S1_C007_T000,regulatory,XBP1,proteostasis,0.35713684999243006
D04_S1_C007_T000,regulatory,ATF4,stress_adaptation,0.33026006979245925
D04_S1_C007_T000,regulatory,NFkB,inflammation,0.31692564580381705
D04_S1_C008_T000,regulatory,XBP1,proteostasis,0.7694028732491203
D04_S1_C008_T000,regulatory,ATF4,stress_adaptation,0.6489236133400049
D04_S1_C008_T000,regulatory,NFkB,inflammation,0.5793238188935813
D04_S1_C009_T000,regulatory,XBP1,proteostasis,0.6817011380400227
D04_S1_C009_T000,regulatory,ATF4,stress_adaptation,0.5747748658618932
D04_S1_C009_T000,regulatory,NFkB,inflammation,0.5488582121721206
D04_S1_C010_T000,regulatory,XBP1,proteostasis,0.359176517812014
D04_S1_C010_T000,regulatory,ATF4,stress_adaptation,0.33501295653335805
D04_S1_C010_T000,regulatory,NFkB,inflammation,0.5352113239977971
D04_S1_C011_T000,regulatory,XBP1,proteostasis,0.9769121754387625
D04_S1_C011_T000,regulatory,ATF4,stress_adaptation,0.7253361269978871
D04_S1_C011_T000,regulatory,NFkB,inflammation,0.7358376479306081
D04_S1_C012_T000,regulatory,XBP1,proteostasis,0.3994078651764462
D04_S1_C012_T000,regulatory,ATF4,stress_adaptation,0.3403673860744871
D04_S1_C012_T000,regulatory,NFkB,inflammation,0.3162434523854478
D04_S1_C013_T000,regulatory,XBP1,proteostasis,0.3666070578186131
D04_S1_C013_T000,regulatory,ATF4,stress_adaptation,0.35187190263511064
D04_S1_C013_T000,regulatory,NFkB,inflammation,0.5361038377111802
D04_S1_C014_T000,regulatory,XBP1,proteostasis,0.5649546226659079
D04_S1_C014_T000,regulatory,ATF4,stress_adaptation,0.4559788496012678
D04_S1_C014_T000,regulatory,NFkB,inflammation,0.5506857249402014
D04_S1_C015_T000,regulatory,XBP1,proteostasis,0.505790054602477
D04_S1_C015_T000,regulatory,ATF4,stress_adaptation,0.42590789406663326
D04_S1_C015_T000,regulatory,NFkB,inflammation,0.3665914954680089
D04_S1_C016_T000,regulatory,XBP1,proteostasis,0.7322518702699741
D04_S1_C016_T000,regulatory,ATF4,stress_adaptation,0.6096835240713788
D04_S1_C016_T000,regulatory,NFkB,inflammation,0.5791289169382182
D04_S1_C017_T000,regulatory,XBP1,proteostasis,0.5323136455086646
D04_S1_C017_T000,regulatory,ATF4,stress_adaptation,0.4590302687488369
D04_S1_C017_T000,regulatory,NFkB,inflammation,0.522032908410201
D04_S1_C018_T000,regulatory,XBP1,proteostasis,0.3035968500315612
D04_S1_C018_T000,regulatory,ATF4,stress_adaptation,0.2742696431876482
D04_S1_C018_T000,regulatory,NFkB,inflammation,0.2994511381044603
D04_S1_C019_T000,regulatory,XBP1,proteostasis,0.7750775140441661
D04_S1_C019_T000,regulatory,ATF4,stress_adaptation,0.6006116197629752
D04_S1_C019_T000,regulatory,NFkB,inflammation,0.6911191374598269
D04_S1_C020_T000,regulatory,XBP1,proteostasis,0.34524926836261993
D04_S1_C020_T000,regulatory,ATF4,stress_adaptation,0.31707162986966936
D04_S1_C020_T000,regulatory,NFkB,inflammation,0.4585124677958691
D04_S1_C021_T000,regulatory,XBP1,proteostasis,0.4404155098919643
D04_S1_C021_T000,regulatory,ATF4,stress_adaptation,0.3977440199236867
D04_S1_C021_T000,regulatory,NFkB,inflammation,0.4244783260109217
D04_S1_C022_T000,regulatory,XBP1,proteostasis,0.7234208004980492
D04_S1_C022_T000,regulatory,ATF4,stress_adaptation,0.5548263590996461
D04_S1_C022_T000,regulatory,NFkB,inflammation,0.4522090623289746
D04_S1_C023_T000,regulatory,XBP1,proteostasis,0.7983154289461365
D04_S1_C023_T000,regulatory,ATF4,stress_adaptation,0.6592208560368445
D04_S1_C023_T000,regulatory,NFkB,inflammation,0.5903127986373592
D04_S1_C024_T000,regulatory,XBP1,proteostasis,0.6053150988963353
D04_S1_C024_T000,regulatory,ATF4,stress_adaptation,0.5200182226930199
D04_S1_C024_T000,regulatory,NFkB,inflammation,0.5160831681631007
D04_S1_C025_T000,regulatory,XBP1,proteostasis,0.6172089682110202
D04_S1_C025_T000,regulatory,ATF4,stress_adaptation,0.5199877665731574
D04_S1_C025_T000,regulatory,NFkB,inflammation,0.488923542684786
D04_S1_C026_T000,regulatory,XBP1,proteostasis,0.5627020652928995
D04_S1_C026_T000,regulatory,ATF4,stress_adaptation,0.43608963645911636
D04_S1_C026_T000,regulatory,NFkB,inflammation,0.3777601823456609
D04_S1_C027_T000,regulatory,XBP1,proteostasis,0.5553578283898237
D04_S1_C027_T000,regulatory,ATF4,stress_adaptation,0.43080859162111107
D04_S1_C027_T000,regulatory,NFkB,inflammation,0.3683231359597378
D04_S1_C028_T000,regulatory,XBP1,proteostasis,0.509207546905425
D04_S1_C028_T000,regulatory,ATF4,stress_adaptation,0.39034393201889767
D04_S1_C028_T000,regulatory,NFkB,inflammation,0.3853378821036591
D04_S1_C029_T000,regulatory,XBP1,proteostasis,0.704083332394386
D04_S1_C029_T000,regulatory,ATF4,stress_adaptation,0.575386051746001
D04_S1_C029_T000,regulatory,NFkB,inflammation,0.5601293163732451
D04_S1_C030_T000,regulatory,XBP1,proteostasis,0.5540175589756123
D04_S1_C030_T000,regulatory,ATF4,stress_adaptation,0.5013443245891589
D04_S1_C030_T000,regulatory,NFkB,inflammation,0.49864257370198634
D04_S1_C031_T000,regulatory,XBP1,proteostasis,0.4213185959600708
D04_S1_C031_T000,regulatory,ATF4,stress_adaptation,0.3319408114071701
D04_S1_C031_T000,regulatory,NFkB,inflammation,0.44487967306994236
D04_S1_C032_T000,regulatory,XBP1,proteostasis,0.5259718532747628
D04_S1_C032_T000,regulatory,ATF4,stress_adaptation,0.40704182760168306
D04_S1_C032_T000,regulatory,NFkB,inflammation,0.3624790031422523
D04_S1_C033_T000,regulatory,XBP1,proteostasis,0.6726405205276893
D04_S1_C033_T000,regulatory,ATF4,stress_adaptation,0.5498419305107897
D04_S1_C033_T000,regulatory,NFkB,inflammation,0.5324016462275616
D04_S1_C034_T000,regulatory,XBP1,proteostasis,0.1994433070008875
D04_S1_C034_T000,regulatory,ATF4,stress_adaptation,0.2280598816527054
D04_S1_C034_T000,regulatory,NFkB,inflammation,0.36933706345379036
D04_S1_C035_T000,regulatory,XBP1,proteostasis,0.6581697446928154
D04_S1_C035_T000,regulatory,ATF4,stress_adaptation,0.5259343286711993
D04_S1_C035_T000,regulatory,NFkB,inflammation,0.5883014372359332
D04_S1_C000_T012,regulatory,XBP1,proteostasis,0.7518326698277837
D04_S1_C000_T012,regulatory,ATF4,stress_adaptation,0.6936797670453569
D04_S1_C000_T012,regulatory,NFkB,inflammation,0.7534025791610028
D04_S1_C001_T012,regulatory,XBP1,proteostasis,0.6786614216233061
D04_S1_C001_T012,regulatory,ATF4,stress_adaptation,0.5715918364785418
D04_S1_C001_T012,regulatory,NFkB,inflammation,0.5854905249252239
D04_S1_C002_T012,regulatory,XBP1,proteostasis,0.6445152507543958
D04_S1_C002_T012,regulatory,ATF4,stress_adaptation,0.6303694308911891
D04_S1_C002_T012,regulatory,NFkB,inflammation,0.6515784704207532
D04_S1_C003_T012,regulatory,XBP1,proteostasis,0.3777316953330315
D04_S1_C003_T012,regulatory,ATF4,stress_adaptation,0.35110773494510666
D04_S1_C003_T012,regulatory,NFkB,inflammation,0.5500421220519243
D04_S1_C004_T012,regulatory,XBP1,proteostasis,0.7787514275191982
D04_S1_C004_T012,regulatory,ATF4,stress_adaptation,0.672818875681295
D04_S1_C004_T012,regulatory,NFkB,inflammation,0.7588482980295539
D04_S1_C005_T012,regulatory,XBP1,proteostasis,0.7581278746313791
D04_S1_C005_T012,regulatory,ATF4,stress_adaptation,0.645921502491807
D04_S1_C005_T012,regulatory,NFkB,inflammation,0.7666493247447058
D04_S1_C006_T012,regulatory,XBP1,proteostasis,0.7227609874630624
D04_S1_C006_T012,regulatory,ATF4,stress_adaptation,0.6052626928592283
D04_S1_C006_T012,regulatory,NFkB,inflammation,0.7694636069272867
D04_S1_C007_T012,regulatory,XBP1,proteostasis,0.4194046644479308
D04_S1_C007_T012,regulatory,ATF4,stress_adaptation,0.4283693093654321
D04_S1_C007_T012,regulatory,NFkB,inflammation,0.40608476676456484
D04_S1_C008_T012,regulatory,XBP1,proteostasis,0.8222196734836256
D04_S1_C008_T012,regulatory,ATF4,stress_adaptation,0.7516394373515113
D04_S1_C008_T012,regulatory,NFkB,inflammation,0.750638809162049
D04_S1_C009_T012,regulatory,XBP1,proteostasis,0.8230231242732343
D04_S1_C009_T012,regulatory,ATF4,stress_adaptation,0.7208197328705671
D04_S1_C009_T012,regulatory,NFkB,inflammation,0.7458090558443624
D04_S1_C010_T012,regulatory,XBP1,proteostasis,0.44542777345373497
D04_S1_C010_T012,regulatory,ATF4,stress_adaptation,0.46165596764049444
D04_S1_C010_T012,regulatory,NFkB,inflammation,0.6597358617532731
D04_S1_C011_T012,regulatory,XBP1,proteostasis,1.0599263752181658
D04_S1_C011_T012,regulatory,ATF4,stress_adaptation,0.8634094729332038
D04_S1_C011_T012,regulatory,NFkB,inflammation,0.8954958859733049
D04_S1_C012_T012,regulatory,XBP1,proteostasis,0.5076889862144529
D04_S1_C012_T012,regulatory,ATF4,stress_adaptation,0.4832844752587645
D04_S1_C012_T012,regulatory,NFkB,inflammation,0.5378566831585354
D04_S1_C013_T012,regulatory,XBP1,proteostasis,0.5004177278875716
D04_S1_C013_T012,regulatory,ATF4,stress_adaptation,0.526960943841921
D04_S1_C013_T012,regulatory,NFkB,inflammation,0.6658555464214656
D04_S1_C014_T012,regulatory,XBP1,proteostasis,0.721304422209217
D04_S1_C014_T012,regulatory,ATF4,stress_adaptation,0.6406172826411619
D04_S1_C014_T012,regulatory,NFkB,inflammation,0.7339522510323979
D04_S1_C015_T012,regulatory,XBP1,proteostasis,0.5802794328209697
D04_S1_C015_T012,regulatory,ATF4,stress_adaptation,0.5403344183213677
D04_S1_C015_T012,regulatory,NFkB,inflammation,0.5155456187399058
D04_S1_C016_T012,regulatory,XBP1,proteostasis,0.827665916453898
D04_S1_C016_T012,regulatory,ATF4,stress_adaptation,0.7546881154383198
D04_S1_C016_T012,regulatory,NFkB,inflammation,0.7444775022170077
D04_S1_C017_T012,regulatory,XBP1,proteostasis,0.6638235859785874
D04_S1_C017_T012,regulatory,ATF4,stress_adaptation,0.6429147063998588
D04_S1_C017_T012,regulatory,NFkB,inflammation,0.6851463169286665
D04_S1_C018_T012,regulatory,XBP1,proteostasis,0.3964009666024311
D04_S1_C018_T012,regulatory,ATF4,stress_adaptation,0.3964584291572302
D04_S1_C018_T012,regulatory,NFkB,inflammation,0.48954161435315124
D04_S1_C019_T012,regulatory,XBP1,proteostasis,0.8625780016764202
D04_S1_C019_T012,regulatory,ATF4,stress_adaptation,0.7326183472228942
D04_S1_C019_T012,regulatory,NFkB,inflammation,0.8221012254754445
D04_S1_C020_T012,regulatory,XBP1,proteostasis,0.449646565760654
D04_S1_C020_T012,regulatory,ATF4,stress_adaptation,0.46598053264130856
D04_S1_C020_T012,regulatory,NFkB,inflammation,0.595588884292117
D04_S1_C021_T012,regulatory,XBP1,proteostasis,0.4603773506292413
D04_S1_C021_T012,regulatory,ATF4,stress_adaptation,0.4620474992605986
D04_S1_C021_T012,regulatory,NFkB,inflammation,0.5823093143719611
D04_S1_C022_T012,regulatory,XBP1,proteostasis,0.7920260513477447
D04_S1_C022_T012,regulatory,ATF4,stress_adaptation,0.666639371323653
D04_S1_C022_T012,regulatory,NFkB,inflammation,0.6140691172146129
D04_S1_C023_T012,regulatory,XBP1,proteostasis,0.9362164690541921
D04_S1_C023_T012,regulatory,ATF4,stress_adaptation,0.8271251534289384
D04_S1_C023_T012,regulatory,NFkB,inflammation,0.8104271835899798
D04_S1_C024_T012,regulatory,XBP1,proteostasis,0.668766069338946
D04_S1_C024_T012,regulatory,ATF4,stress_adaptation,0.6137752602031752
D04_S1_C024_T012,regulatory,NFkB,inflammation,0.6437082304262423
D04_S1_C025_T012,regulatory,XBP1,proteostasis,0.684618150211793
D04_S1_C025_T012,regulatory,ATF4,stress_adaptation,0.6212764971831393
D04_S1_C025_T012,regulatory,NFkB,inflammation,0.6687275254085072
D04_S1_C026_T012,regulatory,XBP1,proteostasis,0.6521284611488923
D04_S1_C026_T012,regulatory,ATF4,stress_adaptation,0.5581384424593727
D04_S1_C026_T012,regulatory,NFkB,inflammation,0.5872000270337561
D04_S1_C027_T012,regulatory,XBP1,proteostasis,0.6299210213758974
D04_S1_C027_T012,regulatory,ATF4,stress_adaptation,0.564497808383145
D04_S1_C027_T012,regulatory,NFkB,inflammation,0.5399926969252817
D04_S1_C028_T012,regulatory,XBP1,proteostasis,0.5671890923985966
D04_S1_C028_T012,regulatory,ATF4,stress_adaptation,0.5063345123829073
D04_S1_C028_T012,regulatory,NFkB,inflammation,0.5341382479451597
D04_S1_C029_T012,regulatory,XBP1,proteostasis,0.8212182630411852
D04_S1_C029_T012,regulatory,ATF4,stress_adaptation,0.729930602577685
D04_S1_C029_T012,regulatory,NFkB,inflammation,0.7524483823817273
D04_S1_C030_T012,regulatory,XBP1,proteostasis,0.6375963203420533
D04_S1_C030_T012,regulatory,ATF4,stress_adaptation,0.6294662609856917
D04_S1_C030_T012,regulatory,NFkB,inflammation,0.7231555448297874
D04_S1_C031_T012,regulatory,XBP1,proteostasis,0.4632088253220336
D04_S1_C031_T012,regulatory,ATF4,stress_adaptation,0.408445857290025
D04_S1_C031_T012,regulatory,NFkB,inflammation,0.5784132370286174
D04_S1_C032_T012,regulatory,XBP1,proteostasis,0.6718330620511845
D04_S1_C032_T012,regulatory,ATF4,stress_adaptation,0.588829431160385
D04_S1_C032_T012,regulatory,NFkB,inflammation,0.5452831779203562
D04_S1_C033_T012,regulatory,XBP1,proteostasis,0.7974669128054667
D04_S1_C033_T012,regulatory,ATF4,stress_adaptation,0.7072485436471121
D04_S1_C033_T012,regulatory,NFkB,inflammation,0.718491227880085
D04_S1_C034_T012,regulatory,XBP1,proteostasis,0.26922212103130305
D04_S1_C034_T012,regulatory,ATF4,stress_adaptation,0.3142855934900213
D04_S1_C034_T012,regulatory,NFkB,inflammation,0.49455372914079526
D04_S1_C035_T012,regulatory,XBP1,proteostasis,0.7711364671545147
D04_S1_C035_T012,regulatory,ATF4,stress_adaptation,0.6626226384746997
D04_S1_C035_T012,regulatory,NFkB,inflammation,0.7514766965753932
D04_S1_C000_T024,regulatory,XBP1,proteostasis,0.8738246102599944
D04_S1_C000_T024,regulatory,ATF4,stress_adaptation,0.8526679699328061
D04_S1_C000_T024,regulatory,NFkB,inflammation,1.007312893477771
D04_S1_C001_T024,regulatory,XBP1,proteostasis,0.8020110106271386
D04_S1_C001_T024,regulatory,ATF4,stress_adaptation,0.7629076247644637
D04_S1_C001_T024,regulatory,NFkB,inflammation,0.8680665865253135
D04_S1_C002_T024,regulatory,XBP1,proteostasis,0.7764576694011234
D04_S1_C002_T024,regulatory,ATF4,stress_adaptation,0.8214806667016997
D04_S1_C002_T024,regulatory,NFkB,inflammation,0.9557512386526427
D04_S1_C003_T024,regulatory,XBP1,proteostasis,0.5104964243472947
D04_S1_C003_T024,regulatory,ATF4,stress_adaptation,0.5217213759555449
D04_S1_C003_T024,regulatory,NFkB,inflammation,0.7853318989007838
D04_S1_C004_T024,regulatory,XBP1,proteostasis,0.8852893068144739
D04_S1_C004_T024,regulatory,ATF4,stress_adaptation,0.8105735448965105
D04_S1_C004_T024,regulatory,NFkB,inflammation,1.0241416318385343
D04_S1_C005_T024,regulatory,XBP1,proteostasis,0.9753675789443021
D04_S1_C005_T024,regulatory,ATF4,stress_adaptation,0.8978062971008156
D04_S1_C005_T024,regulatory,NFkB,inflammation,1.0629115369542639
D04_S1_C006_T024,regulatory,XBP1,proteostasis,0.8742798585614776
D04_S1_C006_T024,regulatory,ATF4,stress_adaptation,0.7772848374921543
D04_S1_C006_T024,regulatory,NFkB,inflammation,0.973636241064811
D04_S1_C007_T024,regulatory,XBP1,proteostasis,0.6512560905174449
D04_S1_C007_T024,regulatory,ATF4,stress_adaptation,0.6665464680957609
D04_S1_C007_T024,regulatory,NFkB,inflammation,0.672341094354153
D04_S1_C008_T024,regulatory,XBP1,proteostasis,0.9238912876995344
D04_S1_C008_T024,regulatory,ATF4,stress_adaptation,0.9112247088353975
D04_S1_C008_T024,regulatory,NFkB,inflammation,1.039663610968213
D04_S1_C009_T024,regulatory,XBP1,proteostasis,0.9457327995055932
D04_S1_C009_T024,regulatory,ATF4,stress_adaptation,0.9080232699931838
D04_S1_C009_T024,regulatory,NFkB,inflammation,1.0158666143610078
D04_S1_C010_T024,regulatory,XBP1,proteostasis,0.6559182458170354
D04_S1_C010_T024,regulatory,ATF4,stress_adaptation,0.692085610719761
D04_S1_C010_T024,regulatory,NFkB,inflammation,0.9721777563679489
D04_S1_C011_T024,regulatory,XBP1,proteostasis,1.1725740611570343
D04_S1_C011_T024,regulatory,ATF4,stress_adaptation,1.0448331723227946
D04_S1_C011_T024,regulatory,NFkB,inflammation,1.1421665253307745
D04_S1_C012_T024,regulatory,XBP1,proteostasis,0.6692676571998316
D04_S1_C012_T024,regulatory,ATF4,stress_adaptation,0.6911165541187544
D04_S1_C012_T024,regulatory,NFkB,inflammation,0.835479863670142
D04_S1_C013_T024,regulatory,XBP1,proteostasis,0.6658366557450353
D04_S1_C013_T024,regulatory,ATF4,stress_adaptation,0.7373687328826914
D04_S1_C013_T024,regulatory,NFkB,inflammation,0.9460410435031963
D04_S1_C014_T024,regulatory,XBP1,proteostasis,0.8939059900059669
D04_S1_C014_T024,regulatory,ATF4,stress_adaptation,0.8778377208004156
D04_S1_C014_T024,regulatory,NFkB,inflammation,1.0096087202321844
D04_S1_C015_T024,regulatory,XBP1,proteostasis,0.7842997343076864
D04_S1_C015_T024,regulatory,ATF4,stress_adaptation,0.7643699413434856
D04_S1_C015_T024,regulatory,NFkB,inflammation,0.8154002005830823
D04_S1_C016_T024,regulatory,XBP1,proteostasis,0.9646595450431646
D04_S1_C016_T024,regulatory,ATF4,stress_adaptation,0.9434465868613273
D04_S1_C016_T024,regulatory,NFkB,inflammation,0.9958692893318055
D04_S1_C017_T024,regulatory,XBP1,proteostasis,0.8023164136676104
D04_S1_C017_T024,regulatory,ATF4,stress_adaptation,0.8424006632666294
D04_S1_C017_T024,regulatory,NFkB,inflammation,0.9406284921228644
D04_S1_C018_T024,regulatory,XBP1,proteostasis,0.544674973213538
D04_S1_C018_T024,regulatory,ATF4,stress_adaptation,0.5944192620347822
D04_S1_C018_T024,regulatory,NFkB,inflammation,0.7440520977866356
D04_S1_C019_T024,regulatory,XBP1,proteostasis,1.0358343292568266
D04_S1_C019_T024,regulatory,ATF4,stress_adaptation,0.9305265598584064
D04_S1_C019_T024,regulatory,NFkB,inflammation,1.0421702999170166
D04_S1_C020_T024,regulatory,XBP1,proteostasis,0.6332440370811417
D04_S1_C020_T024,regulatory,ATF4,stress_adaptation,0.6739415448997486
D04_S1_C020_T024,regulatory,NFkB,inflammation,0.8881257777599798
D04_S1_C021_T024,regulatory,XBP1,proteostasis,0.6292178318387665
D04_S1_C021_T024,regulatory,ATF4,stress_adaptation,0.6645151649383501
D04_S1_C021_T024,regulatory,NFkB,inflammation,0.8532250440809384
D04_S1_C022_T024,regulatory,XBP1,proteostasis,0.9178301808989193
D04_S1_C022_T024,regulatory,ATF4,stress_adaptation,0.8403716089240445
D04_S1_C022_T024,regulatory,NFkB,inflammation,0.8703492765630112
D04_S1_C023_T024,regulatory,XBP1,proteostasis,1.062301176649231
D04_S1_C023_T024,regulatory,ATF4,stress_adaptation,1.008774009420085
D04_S1_C023_T024,regulatory,NFkB,inflammation,1.0850845061991832
D04_S1_C024_T024,regulatory,XBP1,proteostasis,0.8369911022333599
D04_S1_C024_T024,regulatory,ATF4,stress_adaptation,0.8136265988360671
D04_S1_C024_T024,regulatory,NFkB,inflammation,0.9049542310194931
D04_S1_C025_T024,regulatory,XBP1,proteostasis,0.7947388232182389
D04_S1_C025_T024,regulatory,ATF4,stress_adaptation,0.7764262498423578
D04_S1_C025_T024,regulatory,NFkB,inflammation,0.9625714808430483
D04_S1_C026_T024,regulatory,XBP1,proteostasis,0.7569688644112709
D04_S1_C026_T024,regulatory,ATF4,stress_adaptation,0.6875552154178792
D04_S1_C026_T024,regulatory,NFkB,inflammation,0.8682125022964058
D04_S1_C027_T024,regulatory,XBP1,proteostasis,0.8384391490443251
D04_S1_C027_T024,regulatory,ATF4,stress_adaptation,0.7953996225569845
D04_S1_C027_T024,regulatory,NFkB,inflammation,0.8350980328182455
D04_S1_C028_T024,regulatory,XBP1,proteostasis,0.7697286928986514
D04_S1_C028_T024,regulatory,ATF4,stress_adaptation,0.7442056337426382
D04_S1_C028_T024,regulatory,NFkB,inflammation,0.826458077750285
D04_S1_C029_T024,regulatory,XBP1,proteostasis,0.9184147405081508
D04_S1_C029_T024,regulatory,ATF4,stress_adaptation,0.878130323285994
D04_S1_C029_T024,regulatory,NFkB,inflammation,1.02288956016953
D04_S1_C030_T024,regulatory,XBP1,proteostasis,0.81828592765428
D04_S1_C030_T024,regulatory,ATF4,stress_adaptation,0.8539099529108998
D04_S1_C030_T024,regulatory,NFkB,inflammation,1.0001478518358098
D04_S1_C031_T024,regulatory,XBP1,proteostasis,0.6253149755082322
D04_S1_C031_T024,regulatory,ATF4,stress_adaptation,0.5651872243362905
D04_S1_C031_T024,regulatory,NFkB,inflammation,0.8632724199928535
D04_S1_C032_T024,regulatory,XBP1,proteostasis,0.777899709972339
D04_S1_C032_T024,regulatory,ATF4,stress_adaptation,0.7509890904940428
D04_S1_C032_T024,regulatory,NFkB,inflammation,0.7585318316713265
D04_S1_C033_T024,regulatory,XBP1,proteostasis,0.9471062069564623
D04_S1_C033_T024,regulatory,ATF4,stress_adaptation,0.9079852130967103
D04_S1_C033_T024,regulatory,NFkB,inflammation,1.0031121672491632
D04_S1_C034_T024,regulatory,XBP1,proteostasis,0.4404517907224214
D04_S1_C034_T024,regulatory,ATF4,stress_adaptation,0.507335874898907
D04_S1_C034_T024,regulatory,NFkB,inflammation,0.7572297443397963
D04_S1_C035_T024,regulatory,XBP1,proteostasis,0.8788861256663104
D04_S1_C035_T024,regulatory,ATF4,stress_adaptation,0.8148109693109455
D04_S1_C035_T024,regulatory,NFkB,inflammation,1.0023169256096893
D04_S1_C000_T048,regulatory,XBP1,proteostasis,1.135094450282311
D04_S1_C000_T048,regulatory,ATF4,stress_adaptation,1.2801027323409095
D04_S1_C000_T048,regulatory,NFkB,inflammation,1.38579250262704
D04_S1_C001_T048,regulatory,XBP1,proteostasis,1.1402429868391701
D04_S1_C001_T048,regulatory,ATF4,stress_adaptation,1.266763297072687
D04_S1_C001_T048,regulatory,NFkB,inflammation,1.3881093440776264
D04_S1_C002_T048,regulatory,XBP1,proteostasis,1.0600788856639516
D04_S1_C002_T048,regulatory,ATF4,stress_adaptation,1.2581680410619596
D04_S1_C002_T048,regulatory,NFkB,inflammation,1.3520354985487781
D04_S1_C003_T048,regulatory,XBP1,proteostasis,0.7667794602908031
D04_S1_C003_T048,regulatory,ATF4,stress_adaptation,0.8930469874762414
D04_S1_C003_T048,regulatory,NFkB,inflammation,1.2200507571308614
D04_S1_C004_T048,regulatory,XBP1,proteostasis,1.1458960996420409
D04_S1_C004_T048,regulatory,ATF4,stress_adaptation,1.1939880071873403
D04_S1_C004_T048,regulatory,NFkB,inflammation,1.3906532448389184
D04_S1_C005_T048,regulatory,XBP1,proteostasis,1.28304435062057
D04_S1_C005_T048,regulatory,ATF4,stress_adaptation,1.3712479688693375
D04_S1_C005_T048,regulatory,NFkB,inflammation,1.4523699577792564
D04_S1_C006_T048,regulatory,XBP1,proteostasis,1.1278388876335814
D04_S1_C006_T048,regulatory,ATF4,stress_adaptation,1.1486965705939718
D04_S1_C006_T048,regulatory,NFkB,inflammation,1.3825274994351116
D04_S1_C007_T048,regulatory,XBP1,proteostasis,0.92032593707681
D04_S1_C007_T048,regulatory,ATF4,stress_adaptation,1.087737537944724
D04_S1_C007_T048,regulatory,NFkB,inflammation,1.2891466716845645
D04_S1_C008_T048,regulatory,XBP1,proteostasis,1.2525334090754632
D04_S1_C008_T048,regulatory,ATF4,stress_adaptation,1.375130651066814
D04_S1_C008_T048,regulatory,NFkB,inflammation,1.4386400340839585
D04_S1_C009_T048,regulatory,XBP1,proteostasis,1.2628834523180708
D04_S1_C009_T048,regulatory,ATF4,stress_adaptation,1.3978790072896052
D04_S1_C009_T048,regulatory,NFkB,inflammation,1.4432975535431318
D04_S1_C010_T048,regulatory,XBP1,proteostasis,0.9519297925373618
D04_S1_C010_T048,regulatory,ATF4,stress_adaptation,1.1433501653624174
D04_S1_C010_T048,regulatory,NFkB,inflammation,1.3033684066418127
D04_S1_C011_T048,regulatory,XBP1,proteostasis,1.5
D04_S1_C011_T048,regulatory,ATF4,stress_adaptation,1.559927342802403
D04_S1_C011_T048,regulatory,NFkB,inflammation,1.55
D04_S1_C012_T048,regulatory,XBP1,proteostasis,1.0043763495650286
D04_S1_C012_T048,regulatory,ATF4,stress_adaptation,1.1720744227202378
D04_S1_C012_T048,regulatory,NFkB,inflammation,1.326969357304263
D04_S1_C013_T048,regulatory,XBP1,proteostasis,0.9408736370515539
D04_S1_C013_T048,regulatory,ATF4,stress_adaptation,1.1854503559345781
D04_S1_C013_T048,regulatory,NFkB,inflammation,1.2983931366731993
D04_S1_C014_T048,regulatory,XBP1,proteostasis,1.210510483199381
D04_S1_C014_T048,regulatory,ATF4,stress_adaptation,1.3715675437307526
D04_S1_C014_T048,regulatory,NFkB,inflammation,1.4197297174397214
D04_S1_C015_T048,regulatory,XBP1,proteostasis,1.0687372057601154
D04_S1_C015_T048,regulatory,ATF4,stress_adaptation,1.2249869162755251
D04_S1_C015_T048,regulatory,NFkB,inflammation,1.3559317425920518
D04_S1_C016_T048,regulatory,XBP1,proteostasis,1.2424536354717042
D04_S1_C016_T048,regulatory,ATF4,stress_adaptation,1.390098620524153
D04_S1_C016_T048,regulatory,NFkB,inflammation,1.4341041359622668
D04_S1_C017_T048,regulatory,XBP1,proteostasis,1.1279625968119988
D04_S1_C017_T048,regulatory,ATF4,stress_adaptation,1.3331756879277994
D04_S1_C017_T048,regulatory,NFkB,inflammation,1.3825831685653995
D04_S1_C018_T048,regulatory,XBP1,proteostasis,0.8654984428670836
D04_S1_C018_T048,regulatory,ATF4,stress_adaptation,1.0177513759373893
D04_S1_C018_T048,regulatory,NFkB,inflammation,1.2644742992901876
D04_S1_C019_T048,regulatory,XBP1,proteostasis,1.2268566685163595
D04_S1_C019_T048,regulatory,ATF4,stress_adaptation,1.3053004244699187
D04_S1_C019_T048,regulatory,NFkB,inflammation,1.4270855008323617
D04_S1_C020_T048,regulatory,XBP1,proteostasis,0.8674726809884801
D04_S1_C020_T048,regulatory,ATF4,stress_adaptation,1.0895440670072434
D04_S1_C020_T048,regulatory,NFkB,inflammation,1.265362706444816
D04_S1_C021_T048,regulatory,XBP1,proteostasis,0.8681643047745512
D04_S1_C021_T048,regulatory,ATF4,stress_adaptation,1.0963839552801296
D04_S1_C021_T048,regulatory,NFkB,inflammation,1.2656739371485481
D04_S1_C022_T048,regulatory,XBP1,proteostasis,1.2232806862296037
D04_S1_C022_T048,regulatory,ATF4,stress_adaptation,1.2838853794056067
D04_S1_C022_T048,regulatory,NFkB,inflammation,1.4254763088033218
D04_S1_C023_T048,regulatory,XBP1,proteostasis,1.3454825532386856
D04_S1_C023_T048,regulatory,ATF4,stress_adaptation,1.4609257384182868
D04_S1_C023_T048,regulatory,NFkB,inflammation,1.4804671489574086
D04_S1_C024_T048,regulatory,XBP1,proteostasis,1.1326551219449932
D04_S1_C024_T048,regulatory,ATF4,stress_adaptation,1.2675746458020511
D04_S1_C024_T048,regulatory,NFkB,inflammation,1.384694804875247
D04_S1_C025_T048,regulatory,XBP1,proteostasis,1.101358788695081
D04_S1_C025_T048,regulatory,ATF4,stress_adaptation,1.2057585770616372
D04_S1_C025_T048,regulatory,NFkB,inflammation,1.3706114549127866
D04_S1_C026_T048,regulatory,XBP1,proteostasis,1.024378891102992
D04_S1_C026_T048,regulatory,ATF4,stress_adaptation,1.0553479852034215
D04_S1_C026_T048,regulatory,NFkB,inflammation,1.3359705009963465
D04_S1_C027_T048,regulatory,XBP1,proteostasis,1.1263557998411486
D04_S1_C027_T048,regulatory,ATF4,stress_adaptation,1.228226743119124
D04_S1_C027_T048,regulatory,NFkB,inflammation,1.381860109928517
D04_S1_C028_T048,regulatory,XBP1,proteostasis,1.039390960277492
D04_S1_C028_T048,regulatory,ATF4,stress_adaptation,1.1835331237321844
D04_S1_C028_T048,regulatory,NFkB,inflammation,1.3427259321248715
D04_S1_C029_T048,regulatory,XBP1,proteostasis,1.2738178667443139
D04_S1_C029_T048,regulatory,ATF4,stress_adaptation,1.412450882560363
D04_S1_C029_T048,regulatory,NFkB,inflammation,1.4482180400349414
D04_S1_C030_T048,regulatory,XBP1,proteostasis,1.1618264138405163
D04_S1_C030_T048,regulatory,ATF4,stress_adaptation,1.3500330361787092
D04_S1_C030_T048,regulatory,NFkB,inflammation,1.3978218862282323
D04_S1_C031_T048,regulatory,XBP1,proteostasis,0.8508748611640984
D04_S1_C031_T048,regulatory,ATF4,stress_adaptation,0.9087829896398019
D04_S1_C031_T048,regulatory,NFkB,inflammation,1.2578936875238442
D04_S1_C032_T048,regulatory,XBP1,proteostasis,1.0126085186070573
D04_S1_C032_T048,regulatory,ATF4,stress_adaptation,1.1528156160821892
D04_S1_C032_T048,regulatory,NFkB,inflammation,1.3306738333731758
D04_S1_C033_T048,regulatory,XBP1,proteostasis,1.2708183284372114
D04_S1_C033_T048,regulatory,ATF4,stress_adaptation,1.3819274312653955
D04_S1_C033_T048,regulatory,NFkB,inflammation,1.4468682477967452
D04_S1_C034_T048,regulatory,XBP1,proteostasis,0.7059804417496041
D04_S1_C034_T048,regulatory,ATF4,stress_adaptation,0.8988141965080708
D04_S1_C034_T048,regulatory,NFkB,inflammation,1.1926911987873219
D04_S1_C035_T048,regulatory,XBP1,proteostasis,1.1347170042434327
D04_S1_C035_T048,regulatory,ATF4,stress_adaptation,1.1847150569615548
D04_S1_C035_T048,regulatory,NFkB,inflammation,1.3856226519095447
D05_S0_C000_T000,regulatory,XBP1,proteostasis,0.5896981176413064
D05_S0_C000_T000,regulatory,ATF4,stress_adaptation,0.44779160408140756
D05_S0_C000_T000,regulatory,NFkB,inflammation,0.2881617995431458
D05_S0_C001_T000,regulatory,XBP1,proteostasis,0.6108754786652787
D05_S0_C001_T000,regulatory,ATF4,stress_adaptation,0.5185845931707327
D05_S0_C001_T000,regulatory,NFkB,inflammation,0.3984733178954138
D05_S0_C002_T000,regulatory,XBP1,proteostasis,0.5353096831215758
D05_S0_C002_T000,regulatory,ATF4,stress_adaptation,0.4107777728409653
D05_S0_C002_T000,regulatory,NFkB,inflammation,0.4750606153235184
D05_S0_C003_T000,regulatory,XBP1,proteostasis,0.3228081243199276
D05_S0_C003_T000,regulatory,ATF4,stress_adaptation,0.3320076853703481
D05_S0_C003_T000,regulatory,NFkB,inflammation,0.2520314468164849
D05_S0_C004_T000,regulatory,XBP1,proteostasis,0.44833879993182774
D05_S0_C004_T000,regulatory,ATF4,stress_adaptation,0.3563495951667446
D05_S0_C004_T000,regulatory,NFkB,inflammation,0.21953054885271125
D05_S0_C005_T000,regulatory,XBP1,proteostasis,0.7386831361001108
D05_S0_C005_T000,regulatory,ATF4,stress_adaptation,0.5477961274457744
D05_S0_C005_T000,regulatory,NFkB,inflammation,0.3467043014210792
D05_S0_C006_T000,regulatory,XBP1,proteostasis,0.556784376665471
D05_S0_C006_T000,regulatory,ATF4,stress_adaptation,0.5032269826021544
D05_S0_C006_T000,regulatory,NFkB,inflammation,0.3726249389880729
D05_S0_C007_T000,regulatory,XBP1,proteostasis,0.16922618859578142
D05_S0_C007_T000,regulatory,ATF4,stress_adaptation,0.18661906484681706
D05_S0_C007_T000,regulatory,NFkB,inflammation,0.24503985998981767
D05_S0_C008_T000,regulatory,XBP1,proteostasis,0.35827280185090693
D05_S0_C008_T000,regulatory,ATF4,stress_adaptation,0.32042296167109446
D05_S0_C008_T000,regulatory,NFkB,inflammation,0.4034120996346274
D05_S0_C009_T000,regulatory,XBP1,proteostasis,0.4034622576462834
D05_S0_C009_T000,regulatory,ATF4,stress_adaptation,0.3548267649338515
D05_S0_C009_T000,regulatory,NFkB,inflammation,0.3684461478196499
D05_S0_C010_T000,regulatory,XBP1,proteostasis,0.24826684364832485
D05_S0_C010_T000,regulatory,ATF4,stress_adaptation,0.2155069491991217
D05_S0_C010_T000,regulatory,NFkB,inflammation,0.11172007964174618
D05_S0_C011_T000,regulatory,XBP1,proteostasis,0.5709485957680227
D05_S0_C011_T000,regulatory,ATF4,stress_adaptation,0.4844155139563453
D05_S0_C011_T000,regulatory,NFkB,inflammation,0.3936319517061121
D05_S0_C012_T000,regulatory,XBP1,proteostasis,0.5541675476009741
D05_S0_C012_T000,regulatory,ATF4,stress_adaptation,0.43869407662799387
D05_S0_C012_T000,regulatory,NFkB,inflammation,0.2909705884350164
D05_S0_C013_T000,regulatory,XBP1,proteostasis,0.44856687733823447
D05_S0_C013_T000,regulatory,ATF4,stress_adaptation,0.371024522167975
D05_S0_C013_T000,regulatory,NFkB,inflammation,0.4648501241086326
D05_S0_C014_T000,regulatory,XBP1,proteostasis,0.5928119482063173
D05_S0_C014_T000,regulatory,ATF4,stress_adaptation,0.462661704392668
D05_S0_C014_T000,regulatory,NFkB,inflammation,0.27935049049600436
D05_S0_C015_T000,regulatory,XBP1,proteostasis,0.32217953105317354
D05_S0_C015_T000,regulatory,ATF4,stress_adaptation,0.32599618045150675
D05_S0_C015_T000,regulatory,NFkB,inflammation,0.2578199809268481
D05_S0_C016_T000,regulatory,XBP1,proteostasis,0.6972437436121269
D05_S0_C016_T000,regulatory,ATF4,stress_adaptation,0.5215067707986626
D05_S0_C016_T000,regulatory,NFkB,inflammation,0.3270193398319864
D05_S0_C017_T000,regulatory,XBP1,proteostasis,0.4946701869506767
D05_S0_C017_T000,regulatory,ATF4,stress_adaptation,0.37676675977524143
D05_S0_C017_T000,regulatory,NFkB,inflammation,0.25733057004375814
D05_S0_C018_T000,regulatory,XBP1,proteostasis,0.40801250745853135
D05_S0_C018_T000,regulatory,ATF4,stress_adaptation,0.3739439546151924
D05_S0_C018_T000,regulatory,NFkB,inflammation,0.30401811017071523
D05_S0_C019_T000,regulatory,XBP1,proteostasis,0.6751322550800288
D05_S0_C019_T000,regulatory,ATF4,stress_adaptation,0.549207842538898
D05_S0_C019_T000,regulatory,NFkB,inflammation,0.42569804586385834
D05_S0_C020_T000,regulatory,XBP1,proteostasis,0.4014607869994924
D05_S0_C020_T000,regulatory,ATF4,stress_adaptation,0.31629439958407973
D05_S0_C020_T000,regulatory,NFkB,inflammation,0.40359807006957654
D05_S0_C021_T000,regulatory,XBP1,proteostasis,0.6367308588685805
D05_S0_C021_T000,regulatory,ATF4,stress_adaptation,0.4957221908635935
D05_S0_C021_T000,regulatory,NFkB,inflammation,0.39363180039112244
D05_S0_C022_T000,regulatory,XBP1,proteostasis,0.3609140994712941
D05_S0_C022_T000,regulatory,ATF4,stress_adaptation,0.34238553453028686
D05_S0_C022_T000,regulatory,NFkB,inflammation,0.2782282562752232
D05_S0_C023_T000,regulatory,XBP1,proteostasis,0.7442571317681175
D05_S0_C023_T000,regulatory,ATF4,stress_adaptation,0.5625546672362906
D05_S0_C023_T000,regulatory,NFkB,inflammation,0.5622716543360177
D05_S0_C024_T000,regulatory,XBP1,proteostasis,0.46191572016394244
D05_S0_C024_T000,regulatory,ATF4,stress_adaptation,0.3891219372045385
D05_S0_C024_T000,regulatory,NFkB,inflammation,0.2175032795556836
D05_S0_C025_T000,regulatory,XBP1,proteostasis,0.25097555331045573
D05_S0_C025_T000,regulatory,ATF4,stress_adaptation,0.20930841275479245
D05_S0_C025_T000,regulatory,NFkB,inflammation,0.3626084075009295
D05_S0_C026_T000,regulatory,XBP1,proteostasis,0.7570079659940413
D05_S0_C026_T000,regulatory,ATF4,stress_adaptation,0.5969946222543605
D05_S0_C026_T000,regulatory,NFkB,inflammation,0.4601443912567042
D05_S0_C027_T000,regulatory,XBP1,proteostasis,0.5623006626448565
D05_S0_C027_T000,regulatory,ATF4,stress_adaptation,0.42485262721028083
D05_S0_C027_T000,regulatory,NFkB,inflammation,0.2530352981901854
D05_S0_C028_T000,regulatory,XBP1,proteostasis,0.6516562466153366
D05_S0_C028_T000,regulatory,ATF4,stress_adaptation,0.5117060737853247
D05_S0_C028_T000,regulatory,NFkB,inflammation,0.411127544723037
D05_S0_C029_T000,regulatory,XBP1,proteostasis,0.4029663077815456
D05_S0_C029_T000,regulatory,ATF4,stress_adaptation,0.34969087148978273
D05_S0_C029_T000,regulatory,NFkB,inflammation,0.22033508449002676
D05_S0_C030_T000,regulatory,XBP1,proteostasis,0.4019672792245071
D05_S0_C030_T000,regulatory,ATF4,stress_adaptation,0.32384935070912757
D05_S0_C030_T000,regulatory,NFkB,inflammation,0.37439081615428144
D05_S0_C031_T000,regulatory,XBP1,proteostasis,0.664081542352872
D05_S0_C031_T000,regulatory,ATF4,stress_adaptation,0.5482643439862621
D05_S0_C031_T000,regulatory,NFkB,inflammation,0.4205590262507781
D05_S0_C032_T000,regulatory,XBP1,proteostasis,0.4924598924074128
D05_S0_C032_T000,regulatory,ATF4,stress_adaptation,0.38855717627197617
D05_S0_C032_T000,regulatory,NFkB,inflammation,0.47394903973033325
D05_S0_C033_T000,regulatory,XBP1,proteostasis,0.5619383395455223
D05_S0_C033_T000,regulatory,ATF4,stress_adaptation,0.490144576475808
D05_S0_C033_T000,regulatory,NFkB,inflammation,0.4094048497929451
D05_S0_C034_T000,regulatory,XBP1,proteostasis,0.6030349748994668
D05_S0_C034_T000,regulatory,ATF4,stress_adaptation,0.49508124091025946
D05_S0_C034_T000,regulatory,NFkB,inflammation,0.3844567260235872
D05_S0_C035_T000,regulatory,XBP1,proteostasis,0.9177331132587728
D05_S0_C035_T000,regulatory,ATF4,stress_adaptation,0.6634188433054702
D05_S0_C035_T000,regulatory,NFkB,inflammation,0.42541917773411136
D05_S0_C000_T012,regulatory,XBP1,proteostasis,0.7778170356176038
D05_S0_C000_T012,regulatory,ATF4,stress_adaptation,0.6621633417731412
D05_S0_C000_T012,regulatory,NFkB,inflammation,0.475770066432611
D05_S0_C001_T012,regulatory,XBP1,proteostasis,0.7007776113024471
D05_S0_C001_T012,regulatory,ATF4,stress_adaptation,0.622018822231533
D05_S0_C001_T012,regulatory,NFkB,inflammation,0.5536652895195099
D05_S0_C002_T012,regulatory,XBP1,proteostasis,0.6110025280789873
D05_S0_C002_T012,regulatory,ATF4,stress_adaptation,0.5265244257417903
D05_S0_C002_T012,regulatory,NFkB,inflammation,0.5947124725255459
D05_S0_C003_T012,regulatory,XBP1,proteostasis,0.3419082466345445
D05_S0_C003_T012,regulatory,ATF4,stress_adaptation,0.38854935075879876
D05_S0_C003_T012,regulatory,NFkB,inflammation,0.40202475137469584
D05_S0_C004_T012,regulatory,XBP1,proteostasis,0.5702456062694434
D05_S0_C004_T012,regulatory,ATF4,stress_adaptation,0.5119606036068431
D05_S0_C004_T012,regulatory,NFkB,inflammation,0.38840381055473155
D05_S0_C005_T012,regulatory,XBP1,proteostasis,0.8461331538055277
D05_S0_C005_T012,regulatory,ATF4,stress_adaptation,0.6741154468927835
D05_S0_C005_T012,regulatory,NFkB,inflammation,0.5282488158352557
D05_S0_C006_T012,regulatory,XBP1,proteostasis,0.7551220925280813
D05_S0_C006_T012,regulatory,ATF4,stress_adaptation,0.7174273548859035
D05_S0_C006_T012,regulatory,NFkB,inflammation,0.5638781270332849
D05_S0_C007_T012,regulatory,XBP1,proteostasis,0.22745921242365671
D05_S0_C007_T012,regulatory,ATF4,stress_adaptation,0.27106090142004613
D05_S0_C007_T012,regulatory,NFkB,inflammation,0.3603897653966658
D05_S0_C008_T012,regulatory,XBP1,proteostasis,0.47487862963876515
D05_S0_C008_T012,regulatory,ATF4,stress_adaptation,0.43952688907941373
D05_S0_C008_T012,regulatory,NFkB,inflammation,0.5415303099564858
D05_S0_C009_T012,regulatory,XBP1,proteostasis,0.5673023801882022
D05_S0_C009_T012,regulatory,ATF4,stress_adaptation,0.5301148484900248
D05_S0_C009_T012,regulatory,NFkB,inflammation,0.4882484257093388
D05_S0_C010_T012,regulatory,XBP1,proteostasis,0.36836526719476037
D05_S0_C010_T012,regulatory,ATF4,stress_adaptation,0.3566725018650949
D05_S0_C010_T012,regulatory,NFkB,inflammation,0.30659448884160934
D05_S0_C011_T012,regulatory,XBP1,proteostasis,0.6174526789340153
D05_S0_C011_T012,regulatory,ATF4,stress_adaptation,0.563167702428523
D05_S0_C011_T012,regulatory,NFkB,inflammation,0.5638665895532384
D05_S0_C012_T012,regulatory,XBP1,proteostasis,0.6821600967440342
D05_S0_C012_T012,regulatory,ATF4,stress_adaptation,0.585436642828453
D05_S0_C012_T012,regulatory,NFkB,inflammation,0.4607159419088238
D05_S0_C013_T012,regulatory,XBP1,proteostasis,0.5416498728733536
D05_S0_C013_T012,regulatory,ATF4,stress_adaptation,0.5112271423773213
D05_S0_C013_T012,regulatory,NFkB,inflammation,0.5658594362479872
D05_S0_C014_T012,regulatory,XBP1,proteostasis,0.7380117022333942
D05_S0_C014_T012,regulatory,ATF4,stress_adaptation,0.623842581019258
D05_S0_C014_T012,regulatory,NFkB,inflammation,0.41050629736550137
D05_S0_C015_T012,regulatory,XBP1,proteostasis,0.3847061630038533
D05_S0_C015_T012,regulatory,ATF4,stress_adaptation,0.40745224938641733
D05_S0_C015_T012,regulatory,NFkB,inflammation,0.3245314572414262
D05_S0_C016_T012,regulatory,XBP1,proteostasis,0.7565698862832633
D05_S0_C016_T012,regulatory,ATF4,stress_adaptation,0.6404898733812764
D05_S0_C016_T012,regulatory,NFkB,inflammation,0.5099702010012481
D05_S0_C017_T012,regulatory,XBP1,proteostasis,0.6417748753377304
D05_S0_C017_T012,regulatory,ATF4,stress_adaptation,0.536224065469413
D05_S0_C017_T012,regulatory,NFkB,inflammation,0.49741684330895747
D05_S0_C018_T012,regulatory,XBP1,proteostasis,0.5265603993403908
D05_S0_C018_T012,regulatory,ATF4,stress_adaptation,0.5100874204472814
D05_S0_C018_T012,regulatory,NFkB,inflammation,0.44827673267649837
D05_S0_C019_T012,regulatory,XBP1,proteostasis,0.7740692376768167
D05_S0_C019_T012,regulatory,ATF4,stress_adaptation,0.660598120163792
D05_S0_C019_T012,regulatory,NFkB,inflammation,0.6035375701871788
D05_S0_C020_T012,regulatory,XBP1,proteostasis,0.4741714041193112
D05_S0_C020_T012,regulatory,ATF4,stress_adaptation,0.42692641634289075
D05_S0_C020_T012,regulatory,NFkB,inflammation,0.5083886578391249
D05_S0_C021_T012,regulatory,XBP1,proteostasis,0.741397683764496
D05_S0_C021_T012,regulatory,ATF4,stress_adaptation,0.6331044847289803
D05_S0_C021_T012,regulatory,NFkB,inflammation,0.5249890053693651
D05_S0_C022_T012,regulatory,XBP1,proteostasis,0.4597767663015492
D05_S0_C022_T012,regulatory,ATF4,stress_adaptation,0.4791371916472791
D05_S0_C022_T012,regulatory,NFkB,inflammation,0.43807527197532914
D05_S0_C023_T012,regulatory,XBP1,proteostasis,0.8336752054198366
D05_S0_C023_T012,regulatory,ATF4,stress_adaptation,0.6806509783768543
D05_S0_C023_T012,regulatory,NFkB,inflammation,0.6887787999235617
D05_S0_C024_T012,regulatory,XBP1,proteostasis,0.597630077282538
D05_S0_C024_T012,regulatory,ATF4,stress_adaptation,0.5622664223277501
D05_S0_C024_T012,regulatory,NFkB,inflammation,0.36494531945480235
D05_S0_C025_T012,regulatory,XBP1,proteostasis,0.2841975355626106
D05_S0_C025_T012,regulatory,ATF4,stress_adaptation,0.2761561258704505
D05_S0_C025_T012,regulatory,NFkB,inflammation,0.43034869279894505
D05_S0_C026_T012,regulatory,XBP1,proteostasis,0.849912706997234
D05_S0_C026_T012,regulatory,ATF4,stress_adaptation,0.7225502064061011
D05_S0_C026_T012,regulatory,NFkB,inflammation,0.6587413064687578
D05_S0_C027_T012,regulatory,XBP1,proteostasis,0.6695822914158112
D05_S0_C027_T012,regulatory,ATF4,stress_adaptation,0.5693560341696344
D05_S0_C027_T012,regulatory,NFkB,inflammation,0.38312746675738424
D05_S0_C028_T012,regulatory,XBP1,proteostasis,0.7670324540752205
D05_S0_C028_T012,regulatory,ATF4,stress_adaptation,0.6717662477476669
D05_S0_C028_T012,regulatory,NFkB,inflammation,0.5695695699700001
D05_S0_C029_T012,regulatory,XBP1,proteostasis,0.49055675394094217
D05_S0_C029_T012,regulatory,ATF4,stress_adaptation,0.46785779577883235
D05_S0_C029_T012,regulatory,NFkB,inflammation,0.37278269340518255
D05_S0_C030_T012,regulatory,XBP1,proteostasis,0.49751961735959693
D05_S0_C030_T012,regulatory,ATF4,stress_adaptation,0.44242857924171286
D05_S0_C030_T012,regulatory,NFkB,inflammation,0.48532394137265467
D05_S0_C031_T012,regulatory,XBP1,proteostasis,0.7927265549689151
D05_S0_C031_T012,regulatory,ATF4,stress_adaptation,0.6928126467110661
D05_S0_C031_T012,regulatory,NFkB,inflammation,0.6246225419059583
D05_S0_C032_T012,regulatory,XBP1,proteostasis,0.564587422963585
D05_S0_C032_T012,regulatory,ATF4,stress_adaptation,0.5008194474140376
D05_S0_C032_T012,regulatory,NFkB,inflammation,0.5625776076957261
D05_S0_C033_T012,regulatory,XBP1,proteostasis,0.6720743714966672
D05_S0_C033_T012,regulatory,ATF4,stress_adaptation,0.6212785482958507
D05_S0_C033_T012,regulatory,NFkB,inflammation,0.5221673150828321
D05_S0_C034_T012,regulatory,XBP1,proteostasis,0.6841722259977657
D05_S0_C034_T012,regulatory,ATF4,stress_adaptation,0.6034831213799603
D05_S0_C034_T012,regulatory,NFkB,inflammation,0.5722208959412385
D05_S0_C035_T012,regulatory,XBP1,proteostasis,1.039397954675467
D05_S0_C035_T012,regulatory,ATF4,stress_adaptation,0.8139816067354569
D05_S0_C035_T012,regulatory,NFkB,inflammation,0.5853862980697259
D05_S0_C000_T024,regulatory,XBP1,proteostasis,0.8762323193444697
D05_S0_C000_T024,regulatory,ATF4,stress_adaptation,0.8257857183446304
D05_S0_C000_T024,regulatory,NFkB,inflammation,0.7054881962803726
D05_S0_C001_T024,regulatory,XBP1,proteostasis,0.7462510345384272
D05_S0_C001_T024,regulatory,ATF4,stress_adaptation,0.7290215502874091
D05_S0_C001_T024,regulatory,NFkB,inflammation,0.7715731111036048
D05_S0_C002_T024,regulatory,XBP1,proteostasis,0.6605293118956332
D05_S0_C002_T024,regulatory,ATF4,stress_adaptation,0.6282665078519711
D05_S0_C002_T024,regulatory,NFkB,inflammation,0.7430484516726237
D05_S0_C003_T024,regulatory,XBP1,proteostasis,0.44523284469880126
D05_S0_C003_T024,regulatory,ATF4,stress_adaptation,0.5160755031972739
D05_S0_C003_T024,regulatory,NFkB,inflammation,0.6430466645482107
D05_S0_C004_T024,regulatory,XBP1,proteostasis,0.6529826927570146
D05_S0_C004_T024,regulatory,ATF4,stress_adaptation,0.6533084504071558
D05_S0_C004_T024,regulatory,NFkB,inflammation,0.591203074511459
D05_S0_C005_T024,regulatory,XBP1,proteostasis,0.9740864632692658
D05_S0_C005_T024,regulatory,ATF4,stress_adaptation,0.8393620728337787
D05_S0_C005_T024,regulatory,NFkB,inflammation,0.7865566432737627
D05_S0_C006_T024,regulatory,XBP1,proteostasis,0.8160049164997086
D05_S0_C006_T024,regulatory,ATF4,stress_adaptation,0.8550876834130313
D05_S0_C006_T024,regulatory,NFkB,inflammation,0.7746084692275672
D05_S0_C007_T024,regulatory,XBP1,proteostasis,0.38040723868313353
D05_S0_C007_T024,regulatory,ATF4,stress_adaptation,0.43247615174579734
D05_S0_C007_T024,regulatory,NFkB,inflammation,0.6108040843566318
D05_S0_C008_T024,regulatory,XBP1,proteostasis,0.5262210319799836
D05_S0_C008_T024,regulatory,ATF4,stress_adaptation,0.5326507463430676
D05_S0_C008_T024,regulatory,NFkB,inflammation,0.7210452977392311
D05_S0_C009_T024,regulatory,XBP1,proteostasis,0.6600126006820518
D05_S0_C009_T024,regulatory,ATF4,stress_adaptation,0.6749267718713182
D05_S0_C009_T024,regulatory,NFkB,inflammation,0.6893793493326186
D05_S0_C010_T024,regulatory,XBP1,proteostasis,0.4443447287057274
D05_S0_C010_T024,regulatory,ATF4,stress_adaptation,0.4827556611496501
D05_S0_C010_T024,regulatory,NFkB,inflammation,0.525911914061076
D05_S0_C011_T024,regulatory,XBP1,proteostasis,0.7514103060138401
D05_S0_C011_T024,regulatory,ATF4,stress_adaptation,0.7269489366886891
D05_S0_C011_T024,regulatory,NFkB,inflammation,0.8154769352004028
D05_S0_C012_T024,regulatory,XBP1,proteostasis,0.7713053359644256
D05_S0_C012_T024,regulatory,ATF4,stress_adaptation,0.7166574007220902
D05_S0_C012_T024,regulatory,NFkB,inflammation,0.7037868589845799
D05_S0_C013_T024,regulatory,XBP1,proteostasis,0.6864239778827843
D05_S0_C013_T024,regulatory,ATF4,stress_adaptation,0.7046307699819361
D05_S0_C013_T024,regulatory,NFkB,inflammation,0.7706205389502025
D05_S0_C014_T024,regulatory,XBP1,proteostasis,0.8882341601005739
D05_S0_C014_T024,regulatory,ATF4,stress_adaptation,0.821644756713612
D05_S0_C014_T024,regulatory,NFkB,inflammation,0.6014297907663368
D05_S0_C015_T024,regulatory,XBP1,proteostasis,0.45859327483342355
D05_S0_C015_T024,regulatory,ATF4,stress_adaptation,0.536457383152736
D05_S0_C015_T024,regulatory,NFkB,inflammation,0.511249831216198
D05_S0_C016_T024,regulatory,XBP1,proteostasis,0.8990027778531398
D05_S0_C016_T024,regulatory,ATF4,stress_adaptation,0.8263711735051928
D05_S0_C016_T024,regulatory,NFkB,inflammation,0.7963189528013193
D05_S0_C017_T024,regulatory,XBP1,proteostasis,0.7977881242564012
D05_S0_C017_T024,regulatory,ATF4,stress_adaptation,0.7140406417514628
D05_S0_C017_T024,regulatory,NFkB,inflammation,0.7340279500173441
D05_S0_C018_T024,regulatory,XBP1,proteostasis,0.6118815790043848
D05_S0_C018_T024,regulatory,ATF4,stress_adaptation,0.6515950100368553
D05_S0_C018_T024,regulatory,NFkB,inflammation,0.6526006803942928
D05_S0_C019_T024,regulatory,XBP1,proteostasis,0.8310821902702622
D05_S0_C019_T024,regulatory,ATF4,stress_adaptation,0.7612540298540297
D05_S0_C019_T024,regulatory,NFkB,inflammation,0.833698062029603
D05_S0_C020_T024,regulatory,XBP1,proteostasis,0.61526353172223
D05_S0_C020_T024,regulatory,ATF4,stress_adaptation,0.600123466926943
D05_S0_C020_T024,regulatory,NFkB,inflammation,0.713464932800499
D05_S0_C021_T024,regulatory,XBP1,proteostasis,0.9160169688834355
D05_S0_C021_T024,regulatory,ATF4,stress_adaptation,0.8454143326632115
D05_S0_C021_T024,regulatory,NFkB,inflammation,0.7802735798417301
D05_S0_C022_T024,regulatory,XBP1,proteostasis,0.6183854438549976
D05_S0_C022_T024,regulatory,ATF4,stress_adaptation,0.6724115923880681
D05_S0_C022_T024,regulatory,NFkB,inflammation,0.6874668027487432
D05_S0_C023_T024,regulatory,XBP1,proteostasis,0.9388544812950269
D05_S0_C023_T024,regulatory,ATF4,stress_adaptation,0.839143165714028
D05_S0_C023_T024,regulatory,NFkB,inflammation,0.903076554523388
D05_S0_C024_T024,regulatory,XBP1,proteostasis,0.7935860891994838
D05_S0_C024_T024,regulatory,ATF4,stress_adaptation,0.7876195798901704
D05_S0_C024_T024,regulatory,NFkB,inflammation,0.6008299689916157
D05_S0_C025_T024,regulatory,XBP1,proteostasis,0.430931985073365
D05_S0_C025_T024,regulatory,ATF4,stress_adaptation,0.43388818205496
D05_S0_C025_T024,regulatory,NFkB,inflammation,0.6860970929684583
D05_S0_C026_T024,regulatory,XBP1,proteostasis,0.9723675707417664
D05_S0_C026_T024,regulatory,ATF4,stress_adaptation,0.8951087042081738
D05_S0_C026_T024,regulatory,NFkB,inflammation,0.9306976235477122
D05_S0_C027_T024,regulatory,XBP1,proteostasis,0.8142220843614126
D05_S0_C027_T024,regulatory,ATF4,stress_adaptation,0.7602669395534988
D05_S0_C027_T024,regulatory,NFkB,inflammation,0.59325050634552
D05_S0_C028_T024,regulatory,XBP1,proteostasis,0.925964051263781
D05_S0_C028_T024,regulatory,ATF4,stress_adaptation,0.8809736207769463
D05_S0_C028_T024,regulatory,NFkB,inflammation,0.8118092909066879
D05_S0_C029_T024,regulatory,XBP1,proteostasis,0.7297267828615015
D05_S0_C029_T024,regulatory,ATF4,stress_adaptation,0.7248368878245328
D05_S0_C029_T024,regulatory,NFkB,inflammation,0.6972011707568979
D05_S0_C030_T024,regulatory,XBP1,proteostasis,0.6135719606795615
D05_S0_C030_T024,regulatory,ATF4,stress_adaptation,0.5976363251414402
D05_S0_C030_T024,regulatory,NFkB,inflammation,0.7236951536496304
D05_S0_C031_T024,regulatory,XBP1,proteostasis,0.8637321571370032
D05_S0_C031_T024,regulatory,ATF4,stress_adaptation,0.8284735103140016
D05_S0_C031_T024,regulatory,NFkB,inflammation,0.8734869491472589
D05_S0_C032_T024,regulatory,XBP1,proteostasis,0.6973999392266796
D05_S0_C032_T024,regulatory,ATF4,stress_adaptation,0.6716578049932683
D05_S0_C032_T024,regulatory,NFkB,inflammation,0.7837764252515362
D05_S0_C033_T024,regulatory,XBP1,proteostasis,0.7679445516102141
D05_S0_C033_T024,regulatory,ATF4,stress_adaptation,0.7894287365299293
D05_S0_C033_T024,regulatory,NFkB,inflammation,0.7305143466561929
D05_S0_C034_T024,regulatory,XBP1,proteostasis,0.823142898560742
D05_S0_C034_T024,regulatory,ATF4,stress_adaptation,0.7670658954446954
D05_S0_C034_T024,regulatory,NFkB,inflammation,0.8349560939319005
D05_S0_C035_T024,regulatory,XBP1,proteostasis,1.183733219764526
D05_S0_C035_T024,regulatory,ATF4,stress_adaptation,1.005882399104115
D05_S0_C035_T024,regulatory,NFkB,inflammation,0.8366683762608055
D05_S0_C000_T048,regulatory,XBP1,proteostasis,1.2021547249121105
D05_S0_C000_T048,regulatory,ATF4,stress_adaptation,1.2852137002993556
D05_S0_C000_T048,regulatory,NFkB,inflammation,1.4159696262104497
D05_S0_C001_T048,regulatory,XBP1,proteostasis,1.0448932569106109
D05_S0_C001_T048,regulatory,ATF4,stress_adaptation,1.1164970634616136
D05_S0_C001_T048,regulatory,NFkB,inflammation,1.345201965609775
D05_S0_C002_T048,regulatory,XBP1,proteostasis,0.9481364033967431
D05_S0_C002_T048,regulatory,ATF4,stress_adaptation,1.037565931474736
D05_S0_C002_T048,regulatory,NFkB,inflammation,1.3016613815285343
D05_S0_C003_T048,regulatory,XBP1,proteostasis,0.7075605809154694
D05_S0_C003_T048,regulatory,ATF4,stress_adaptation,0.9040816085995245
D05_S0_C003_T048,regulatory,NFkB,inflammation,1.1934022614119613
D05_S0_C004_T048,regulatory,XBP1,proteostasis,0.9983483429180748
D05_S0_C004_T048,regulatory,ATF4,stress_adaptation,1.1239093408846903
D05_S0_C004_T048,regulatory,NFkB,inflammation,1.3242567543131336
D05_S0_C005_T048,regulatory,XBP1,proteostasis,1.3024016065056165
D05_S0_C005_T048,regulatory,ATF4,stress_adaptation,1.2935281250917199
D05_S0_C005_T048,regulatory,NFkB,inflammation,1.4610807229275276
D05_S0_C006_T048,regulatory,XBP1,proteostasis,1.1030789626783788
D05_S0_C006_T048,regulatory,ATF4,stress_adaptation,1.2863899781830956
D05_S0_C006_T048,regulatory,NFkB,inflammation,1.3713855332052705
D05_S0_C007_T048,regulatory,XBP1,proteostasis,0.6028200178819317
D05_S0_C007_T048,regulatory,ATF4,stress_adaptation,0.7895777990033057
D05_S0_C007_T048,regulatory,NFkB,inflammation,1.1462690080468692
D05_S0_C008_T048,regulatory,XBP1,proteostasis,0.7116239129202756
D05_S0_C008_T048,regulatory,ATF4,stress_adaptation,0.8281627687547319
D05_S0_C008_T048,regulatory,NFkB,inflammation,1.1952307608141242
D05_S0_C009_T048,regulatory,XBP1,proteostasis,0.930988208170766
D05_S0_C009_T048,regulatory,ATF4,stress_adaptation,1.0815217384200544
D05_S0_C009_T048,regulatory,NFkB,inflammation,1.2939446936768446
D05_S0_C010_T048,regulatory,XBP1,proteostasis,0.7116392916753304
D05_S0_C010_T048,regulatory,ATF4,stress_adaptation,0.8855438846006916
D05_S0_C010_T048,regulatory,NFkB,inflammation,1.1952376812538987
D05_S0_C011_T048,regulatory,XBP1,proteostasis,0.9581401743690683
D05_S0_C011_T048,regulatory,ATF4,stress_adaptation,1.0761042895641588
D05_S0_C011_T048,regulatory,NFkB,inflammation,1.3061630784660807
D05_S0_C012_T048,regulatory,XBP1,proteostasis,1.0473457260559182
D05_S0_C012_T048,regulatory,ATF4,stress_adaptation,1.0994279879061644
D05_S0_C012_T048,regulatory,NFkB,inflammation,1.3463055767251633
D05_S0_C013_T048,regulatory,XBP1,proteostasis,0.9821840482402417
D05_S0_C013_T048,regulatory,ATF4,stress_adaptation,1.155062560820137
D05_S0_C013_T048,regulatory,NFkB,inflammation,1.3169828217081088
D05_S0_C014_T048,regulatory,XBP1,proteostasis,1.1732721363440435
D05_S0_C014_T048,regulatory,ATF4,stress_adaptation,1.2465062544384105
D05_S0_C014_T048,regulatory,NFkB,inflammation,1.2591240300752313
D05_S0_C015_T048,regulatory,XBP1,proteostasis,0.7369046706137229
D05_S0_C015_T048,regulatory,ATF4,stress_adaptation,0.9371834845848185
D05_S0_C015_T048,regulatory,NFkB,inflammation,1.2066071017761753
D05_S0_C016_T048,regulatory,XBP1,proteostasis,1.2303935895245144
D05_S0_C016_T048,regulatory,ATF4,stress_adaptation,1.2477763808482372
D05_S0_C016_T048,regulatory,NFkB,inflammation,1.4286771152860314
D05_S0_C017_T048,regulatory,XBP1,proteostasis,0.9665683389636437
D05_S0_C017_T048,regulatory,ATF4,stress_adaptation,1.020912315964111
D05_S0_C017_T048,regulatory,NFkB,inflammation,1.3099557525336396
D05_S0_C018_T048,regulatory,XBP1,proteostasis,0.9308303488384787
D05_S0_C018_T048,regulatory,ATF4,stress_adaptation,1.1161799850445295
D05_S0_C018_T048,regulatory,NFkB,inflammation,1.2938736569773155
D05_S0_C019_T048,regulatory,XBP1,proteostasis,1.070667069456635
D05_S0_C019_T048,regulatory,ATF4,stress_adaptation,1.1307863401347298
D05_S0_C019_T048,regulatory,NFkB,inflammation,1.3568001812554857
D05_S0_C020_T048,regulatory,XBP1,proteostasis,0.8816630485904117
D05_S0_C020_T048,regulatory,ATF4,stress_adaptation,0.9906581130236749
D05_S0_C020_T048,regulatory,NFkB,inflammation,1.2717483718656852
D05_S0_C021_T048,regulatory,XBP1,proteostasis,1.175396355055537
D05_S0_C021_T048,regulatory,ATF4,stress_adaptation,1.2759641030575968
D05_S0_C021_T048,regulatory,NFkB,inflammation,1.4039283597749916
D05_S0_C022_T048,regulatory,XBP1,proteostasis,0.8793975003435371
D05_S0_C022_T048,regulatory,ATF4,stress_adaptation,1.0691493173639086
D05_S0_C022_T048,regulatory,NFkB,inflammation,1.2707288751545918
D05_S0_C023_T048,regulatory,XBP1,proteostasis,1.18632444682779
D05_S0_C023_T048,regulatory,ATF4,stress_adaptation,1.2281169061327586
D05_S0_C023_T048,regulatory,NFkB,inflammation,1.4088460010725057
D05_S0_C024_T048,regulatory,XBP1,proteostasis,1.0461407054644554
D05_S0_C024_T048,regulatory,ATF4,stress_adaptation,1.2120283357531998
D05_S0_C024_T048,regulatory,NFkB,inflammation,1.345763317459005
D05_S0_C025_T048,regulatory,XBP1,proteostasis,0.6470491339188177
D05_S0_C025_T048,regulatory,ATF4,stress_adaptation,0.7936663464493946
D05_S0_C025_T048,regulatory,NFkB,inflammation,1.166172110263468
D05_S0_C026_T048,regulatory,XBP1,proteostasis,1.292406869724538
D05_S0_C026_T048,regulatory,ATF4,stress_adaptation,1.371135277268997
D05_S0_C026_T048,regulatory,NFkB,inflammation,1.456583091376042
D05_S0_C027_T048,regulatory,XBP1,proteostasis,1.0653665325400183
D05_S0_C027_T048,regulatory,ATF4,stress_adaptation,1.1441156916081168
D05_S0_C027_T048,regulatory,NFkB,inflammation,1.3121387390632782
D05_S0_C028_T048,regulatory,XBP1,proteostasis,1.1853950126745498
D05_S0_C028_T048,regulatory,ATF4,stress_adaptation,1.3080980378446718
D05_S0_C028_T048,regulatory,NFkB,inflammation,1.4084277557035474
D05_S0_C029_T048,regulatory,XBP1,proteostasis,0.9310642154882576
D05_S0_C029_T048,regulatory,ATF4,stress_adaptation,1.0837831149016246
D05_S0_C029_T048,regulatory,NFkB,inflammation,1.293978896969716
D05_S0_C030_T048,regulatory,XBP1,proteostasis,0.8477691221250476
D05_S0_C030_T048,regulatory,ATF4,stress_adaptation,0.9661197231132284
D05_S0_C030_T048,regulatory,NFkB,inflammation,1.2564961049562715
D05_S0_C031_T048,regulatory,XBP1,proteostasis,1.124063983979571
D05_S0_C031_T048,regulatory,ATF4,stress_adaptation,1.1984201477018477
D05_S0_C031_T048,regulatory,NFkB,inflammation,1.380828792790807
D05_S0_C032_T048,regulatory,XBP1,proteostasis,0.9593329478439975
D05_S0_C032_T048,regulatory,ATF4,stress_adaptation,1.0742704703334616
D05_S0_C032_T048,regulatory,NFkB,inflammation,1.3066998265297989
D05_S0_C033_T048,regulatory,XBP1,proteostasis,1.0284717350533932
D05_S0_C033_T048,regulatory,ATF4,stress_adaptation,1.1901343023600628
D05_S0_C033_T048,regulatory,NFkB,inflammation,1.337812280774027
D05_S0_C034_T048,regulatory,XBP1,proteostasis,1.0229964325884138
D05_S0_C034_T048,regulatory,ATF4,stress_adaptation,1.1087176699108354
D05_S0_C034_T048,regulatory,NFkB,inflammation,1.3353483946647862
D05_S0_C035_T048,regulatory,XBP1,proteostasis,1.4815748025805975
D05_S0_C035_T048,regulatory,ATF4,stress_adaptation,1.425078087837951
D05_S0_C035_T048,regulatory,NFkB,inflammation,1.541708661161269
D05_S1_C000_T000,regulatory,XBP1,proteostasis,0.3735344768761457
D05_S1_C000_T000,regulatory,ATF4,stress_adaptation,0.31115627235971244
D05_S1_C000_T000,regulatory,NFkB,inflammation,0.18721194724829965
D05_S1_C001_T000,regulatory,XBP1,proteostasis,0.5769829482886419
D05_S1_C001_T000,regulatory,ATF4,stress_adaptation,0.48655670160776127
D05_S1_C001_T000,regulatory,NFkB,inflammation,0.3964218534395654
D05_S1_C002_T000,regulatory,XBP1,proteostasis,0.694086255930242
D05_S1_C002_T000,regulatory,ATF4,stress_adaptation,0.5419062986100512
D05_S1_C002_T000,regulatory,NFkB,inflammation,0.3276721326073807
D05_S1_C003_T000,regulatory,XBP1,proteostasis,0.2109043283831001
D05_S1_C003_T000,regulatory,ATF4,stress_adaptation,0.22540329593289585
D05_S1_C003_T000,regulatory,NFkB,inflammation,0.37145066050291675
D05_S1_C004_T000,regulatory,XBP1,proteostasis,0.527614801793254
D05_S1_C004_T000,regulatory,ATF4,stress_adaptation,0.4656946158950829
D05_S1_C004_T000,regulatory,NFkB,inflammation,0.374598245465961
D05_S1_C005_T000,regulatory,XBP1,proteostasis,0.2987654130422476
D05_S1_C005_T000,regulatory,ATF4,stress_adaptation,0.26003095629807477
D05_S1_C005_T000,regulatory,NFkB,inflammation,0.2877276512415934
D05_S1_C006_T000,regulatory,XBP1,proteostasis,0.4625574160179891
D05_S1_C006_T000,regulatory,ATF4,stress_adaptation,0.37479949896617337
D05_S1_C006_T000,regulatory,NFkB,inflammation,0.24446421923195613
D05_S1_C007_T000,regulatory,XBP1,proteostasis,0.3313103962759908
D05_S1_C007_T000,regulatory,ATF4,stress_adaptation,0.28000105934711816
D05_S1_C007_T000,regulatory,NFkB,inflammation,0.4011599467611666
D05_S1_C008_T000,regulatory,XBP1,proteostasis,0.30476108113705264
D05_S1_C008_T000,regulatory,ATF4,stress_adaptation,0.2616704150678899
D05_S1_C008_T000,regulatory,NFkB,inflammation,0.13714248651167368
D05_S1_C009_T000,regulatory,XBP1,proteostasis,0.4979531917472486
D05_S1_C009_T000,regulatory,ATF4,stress_adaptation,0.3915130992423161
D05_S1_C009_T000,regulatory,NFkB,inflammation,0.4734726159881731
D05_S1_C010_T000,regulatory,XBP1,proteostasis,0.6342220851469851
D05_S1_C010_T000,regulatory,ATF4,stress_adaptation,0.4968373996458175
D05_S1_C010_T000,regulatory,NFkB,inflammation,0.47019603111072794
D05_S1_C011_T000,regulatory,XBP1,proteostasis,0.39196638626798935
D05_S1_C011_T000,regulatory,ATF4,stress_adaptation,0.3786069220566405
D05_S1_C011_T000,regulatory,NFkB,inflammation,0.30769861245739044
D05_S1_C012_T000,regulatory,XBP1,proteostasis,0.5982272946212699
D05_S1_C012_T000,regulatory,ATF4,stress_adaptation,0.48226294804607667
D05_S1_C012_T000,regulatory,NFkB,inflammation,0.4241442868179821
D05_S1_C013_T000,regulatory,XBP1,proteostasis,0.3018878765022387
D05_S1_C013_T000,regulatory,ATF4,stress_adaptation,0.3094877018502188
D05_S1_C013_T000,regulatory,NFkB,inflammation,0.24690802103642193
D05_S1_C014_T000,regulatory,XBP1,proteostasis,0.7923072071855293
D05_S1_C014_T000,regulatory,ATF4,stress_adaptation,0.579229413554236
D05_S1_C014_T000,regulatory,NFkB,inflammation,0.42496457428187495
D05_S1_C015_T000,regulatory,XBP1,proteostasis,0.7523029388987129
D05_S1_C015_T000,regulatory,ATF4,stress_adaptation,0.5432755734991352
D05_S1_C015_T000,regulatory,NFkB,inflammation,0.5702279152889285
D05_S1_C016_T000,regulatory,XBP1,proteostasis,0.3034601564378427
D05_S1_C016_T000,regulatory,ATF4,stress_adaptation,0.29424979465839957
D05_S1_C016_T000,regulatory,NFkB,inflammation,0.2565131550433996
D05_S1_C017_T000,regulatory,XBP1,proteostasis,0.6971349748293894
D05_S1_C017_T000,regulatory,ATF4,stress_adaptation,0.5693893232705549
D05_S1_C017_T000,regulatory,NFkB,inflammation,0.4571833188596881
D05_S1_C018_T000,regulatory,XBP1,proteostasis,0.7116553623378287
D05_S1_C018_T000,regulatory,ATF4,stress_adaptation,0.564823727315906
D05_S1_C018_T000,regulatory,NFkB,inflammation,0.4226946751198673
D05_S1_C019_T000,regulatory,XBP1,proteostasis,0.586346025740105
D05_S1_C019_T000,regulatory,ATF4,stress_adaptation,0.4658024569080763
D05_S1_C019_T000,regulatory,NFkB,inflammation,0.5232279252416192
D05_S1_C020_T000,regulatory,XBP1,proteostasis,0.5616802198757764
D05_S1_C020_T000,regulatory,ATF4,stress_adaptation,0.45517470825601
D05_S1_C020_T000,regulatory,NFkB,inflammation,0.5129989045062033
D05_S1_C021_T000,regulatory,XBP1,proteostasis,0.48778119455544366
D05_S1_C021_T000,regulatory,ATF4,stress_adaptation,0.3908555227473
D05_S1_C021_T000,regulatory,NFkB,inflammation,0.3939198377639831
D05_S1_C022_T000,regulatory,XBP1,proteostasis,0.5048474182034889
D05_S1_C022_T000,regulatory,ATF4,stress_adaptation,0.3828224281774955
D05_S1_C022_T000,regulatory,NFkB,inflammation,0.22718133819157
D05_S1_C023_T000,regulatory,XBP1,proteostasis,0.6648682942308117
D05_S1_C023_T000,regulatory,ATF4,stress_adaptation,0.5085923792877939
D05_S1_C023_T000,regulatory,NFkB,inflammation,0.5528217552986325
D05_S1_C024_T000,regulatory,XBP1,proteostasis,0.4143703196525774
D05_S1_C024_T000,regulatory,ATF4,stress_adaptation,0.37719961771006055
D05_S1_C024_T000,regulatory,NFkB,inflammation,0.31109523296697905
D05_S1_C025_T000,regulatory,XBP1,proteostasis,0.2727913260742602
D05_S1_C025_T000,regulatory,ATF4,stress_adaptation,0.24648210206637705
D05_S1_C025_T000,regulatory,NFkB,inflammation,0.1227560967334171
D05_S1_C026_T000,regulatory,XBP1,proteostasis,0.34828216561798403
D05_S1_C026_T000,regulatory,ATF4,stress_adaptation,0.31328524392858725
D05_S1_C026_T000,regulatory,NFkB,inflammation,0.2539583153256684
D05_S1_C027_T000,regulatory,XBP1,proteostasis,0.4643902443044067
D05_S1_C027_T000,regulatory,ATF4,stress_adaptation,0.37662672448373047
D05_S1_C027_T000,regulatory,NFkB,inflammation,0.4391643284173901
D05_S1_C028_T000,regulatory,XBP1,proteostasis,0.4615405897884766
D05_S1_C028_T000,regulatory,ATF4,stress_adaptation,0.42182240352437306
D05_S1_C028_T000,regulatory,NFkB,inflammation,0.34157383375864603
D05_S1_C029_T000,regulatory,XBP1,proteostasis,0.5516025647865793
D05_S1_C029_T000,regulatory,ATF4,stress_adaptation,0.4685661458747125
D05_S1_C029_T000,regulatory,NFkB,inflammation,0.3833082190278102
D05_S1_C030_T000,regulatory,XBP1,proteostasis,0.447475605439199
D05_S1_C030_T000,regulatory,ATF4,stress_adaptation,0.3746987776805956
D05_S1_C030_T000,regulatory,NFkB,inflammation,0.2217572898750081
D05_S1_C031_T000,regulatory,XBP1,proteostasis,0.5425117483258625
D05_S1_C031_T000,regulatory,ATF4,stress_adaptation,0.44886367601350297
D05_S1_C031_T000,regulatory,NFkB,inflammation,0.3554405844418004
D05_S1_C032_T000,regulatory,XBP1,proteostasis,0.6461968814780727
D05_S1_C032_T000,regulatory,ATF4,stress_adaptation,0.4992412828118463
D05_S1_C032_T000,regulatory,NFkB,inflammation,0.5460758288519323
D05_S1_C033_T000,regulatory,XBP1,proteostasis,0.7361610715489335
D05_S1_C033_T000,regulatory,ATF4,stress_adaptation,0.5393561530363103
D05_S1_C033_T000,regulatory,NFkB,inflammation,0.3765181967038488
D05_S1_C034_T000,regulatory,XBP1,proteostasis,0.6332061427987681
D05_S1_C034_T000,regulatory,ATF4,stress_adaptation,0.5448698567219028
D05_S1_C034_T000,regulatory,NFkB,inflammation,0.4226143587770568
D05_S1_C035_T000,regulatory,XBP1,proteostasis,0.4380745194978303
D05_S1_C035_T000,regulatory,ATF4,stress_adaptation,0.3527710169329317
D05_S1_C035_T000,regulatory,NFkB,inflammation,0.36389387378390836
D05_S1_C000_T012,regulatory,XBP1,proteostasis,0.4219270159893109
D05_S1_C000_T012,regulatory,ATF4,stress_adaptation,0.38536676932943015
D05_S1_C000_T012,regulatory,NFkB,inflammation,0.2584759068904816
D05_S1_C001_T012,regulatory,XBP1,proteostasis,0.6900581744367148
D05_S1_C001_T012,regulatory,ATF4,stress_adaptation,0.6304254483321314
D05_S1_C001_T012,regulatory,NFkB,inflammation,0.5777614271111473
D05_S1_C002_T012,regulatory,XBP1,proteostasis,0.7738646173777601
D05_S1_C002_T012,regulatory,ATF4,stress_adaptation,0.6662361762408332
D05_S1_C002_T012,regulatory,NFkB,inflammation,0.4772474639215298
D05_S1_C003_T012,regulatory,XBP1,proteostasis,0.3824292778510259
D05_S1_C003_T012,regulatory,ATF4,stress_adaptation,0.3935175811054844
D05_S1_C003_T012,regulatory,NFkB,inflammation,0.524043984166906
D05_S1_C004_T012,regulatory,XBP1,proteostasis,0.5591582905076188
D05_S1_C004_T012,regulatory,ATF4,stress_adaptation,0.552358499996693
D05_S1_C004_T012,regulatory,NFkB,inflammation,0.5245445126057952
D05_S1_C005_T012,regulatory,XBP1,proteostasis,0.344607083632512
D05_S1_C005_T012,regulatory,ATF4,stress_adaptation,0.35534906314197146
D05_S1_C005_T012,regulatory,NFkB,inflammation,0.43481738296037964
D05_S1_C006_T012,regulatory,XBP1,proteostasis,0.5400478148872982
D05_S1_C006_T012,regulatory,ATF4,stress_adaptation,0.4959626604808325
D05_S1_C006_T012,regulatory,NFkB,inflammation,0.360729076722193
D05_S1_C007_T012,regulatory,XBP1,proteostasis,0.4290362726027997
D05_S1_C007_T012,regulatory,ATF4,stress_adaptation,0.3969129392499463
D05_S1_C007_T012,regulatory,NFkB,inflammation,0.4895197267087992
D05_S1_C008_T012,regulatory,XBP1,proteostasis,0.37295478603383747
D05_S1_C008_T012,regulatory,ATF4,stress_adaptation,0.3690043660922688
D05_S1_C008_T012,regulatory,NFkB,inflammation,0.2623802040712403
D05_S1_C009_T012,regulatory,XBP1,proteostasis,0.5896621919758601
D05_S1_C009_T012,regulatory,ATF4,stress_adaptation,0.5131681984990433
D05_S1_C009_T012,regulatory,NFkB,inflammation,0.6066180864789701
D05_S1_C010_T012,regulatory,XBP1,proteostasis,0.7398092265375928
D05_S1_C010_T012,regulatory,ATF4,stress_adaptation,0.6515855512012485
D05_S1_C010_T012,regulatory,NFkB,inflammation,0.598084866971595
D05_S1_C011_T012,regulatory,XBP1,proteostasis,0.5000359289913671
D05_S1_C011_T012,regulatory,ATF4,stress_adaptation,0.5094824183826959
D05_S1_C011_T012,regulatory,NFkB,inflammation,0.5058366696256078
D05_S1_C012_T012,regulatory,XBP1,proteostasis,0.6729182279959013
D05_S1_C012_T012,regulatory,ATF4,stress_adaptation,0.5994912972746113
D05_S1_C012_T012,regulatory,NFkB,inflammation,0.5866979300182913
D05_S1_C013_T012,regulatory,XBP1,proteostasis,0.42309315418806026
D05_S1_C013_T012,regulatory,ATF4,stress_adaptation,0.44623639508066393
D05_S1_C013_T012,regulatory,NFkB,inflammation,0.4182761238607321
D05_S1_C014_T012,regulatory,XBP1,proteostasis,0.8918512491414017
D05_S1_C014_T012,regulatory,ATF4,stress_adaptation,0.7236768801082514
D05_S1_C014_T012,regulatory,NFkB,inflammation,0.5368726285534727
D05_S1_C015_T012,regulatory,XBP1,proteostasis,0.8995381758598382
D05_S1_C015_T012,regulatory,ATF4,stress_adaptation,0.7153322738335084
D05_S1_C015_T012,regulatory,NFkB,inflammation,0.7284744981445721
D05_S1_C016_T012,regulatory,XBP1,proteostasis,0.4095709970236338
D05_S1_C016_T012,regulatory,ATF4,stress_adaptation,0.4121222886191057
D05_S1_C016_T012,regulatory,NFkB,inflammation,0.4430755898359957
D05_S1_C017_T012,regulatory,XBP1,proteostasis,0.7825604432537109
D05_S1_C017_T012,regulatory,ATF4,stress_adaptation,0.683598690879331
D05_S1_C017_T012,regulatory,NFkB,inflammation,0.6064334850207562
D05_S1_C018_T012,regulatory,XBP1,proteostasis,0.8265395559572605
D05_S1_C018_T012,regulatory,ATF4,stress_adaptation,0.7005332663272711
D05_S1_C018_T012,regulatory,NFkB,inflammation,0.5503935333281397
D05_S1_C019_T012,regulatory,XBP1,proteostasis,0.7090926590699909
D05_S1_C019_T012,regulatory,ATF4,stress_adaptation,0.6376345308105631
D05_S1_C019_T012,regulatory,NFkB,inflammation,0.6457216073424481
D05_S1_C020_T012,regulatory,XBP1,proteostasis,0.6529839134578772
D05_S1_C020_T012,regulatory,ATF4,stress_adaptation,0.5885338182032782
D05_S1_C020_T012,regulatory,NFkB,inflammation,0.6048561892154155
D05_S1_C021_T012,regulatory,XBP1,proteostasis,0.6957807131456424
D05_S1_C021_T012,regulatory,ATF4,stress_adaptation,0.6004082622708407
D05_S1_C021_T012,regulatory,NFkB,inflammation,0.5505575894991235
D05_S1_C022_T012,regulatory,XBP1,proteostasis,0.5978453258694262
D05_S1_C022_T012,regulatory,ATF4,stress_adaptation,0.5048036850473395
D05_S1_C022_T012,regulatory,NFkB,inflammation,0.33585111135511797
D05_S1_C023_T012,regulatory,XBP1,proteostasis,0.8381208445194599
D05_S1_C023_T012,regulatory,ATF4,stress_adaptation,0.702980269758286
D05_S1_C023_T012,regulatory,NFkB,inflammation,0.7090837204206559
D05_S1_C024_T012,regulatory,XBP1,proteostasis,0.46549724136110404
D05_S1_C024_T012,regulatory,ATF4,stress_adaptation,0.4647549632576857
D05_S1_C024_T012,regulatory,NFkB,inflammation,0.47435802336935384
D05_S1_C025_T012,regulatory,XBP1,proteostasis,0.37174794843716624
D05_S1_C025_T012,regulatory,ATF4,stress_adaptation,0.3720162224716318
D05_S1_C025_T012,regulatory,NFkB,inflammation,0.24253625073613228
D05_S1_C026_T012,regulatory,XBP1,proteostasis,0.4708754329416345
D05_S1_C026_T012,regulatory,ATF4,stress_adaptation,0.440099579688932
D05_S1_C026_T012,regulatory,NFkB,inflammation,0.4570969567521772
D05_S1_C027_T012,regulatory,XBP1,proteostasis,0.5806552444699371
D05_S1_C027_T012,regulatory,ATF4,stress_adaptation,0.519460072554049
D05_S1_C027_T012,regulatory,NFkB,inflammation,0.5785298697151666
D05_S1_C028_T012,regulatory,XBP1,proteostasis,0.6064244419859808
D05_S1_C028_T012,regulatory,ATF4,stress_adaptation,0.5618091877965116
D05_S1_C028_T012,regulatory,NFkB,inflammation,0.535470432534805
D05_S1_C029_T012,regulatory,XBP1,proteostasis,0.648059661589691
D05_S1_C029_T012,regulatory,ATF4,stress_adaptation,0.6029178743770243
D05_S1_C029_T012,regulatory,NFkB,inflammation,0.5615065614353789
D05_S1_C030_T012,regulatory,XBP1,proteostasis,0.555691319640242
D05_S1_C030_T012,regulatory,ATF4,stress_adaptation,0.5233011729896375
D05_S1_C030_T012,regulatory,NFkB,inflammation,0.3943067989960122
D05_S1_C031_T012,regulatory,XBP1,proteostasis,0.6254374569758913
D05_S1_C031_T012,regulatory,ATF4,stress_adaptation,0.5705202219661404
D05_S1_C031_T012,regulatory,NFkB,inflammation,0.5024671906684439
D05_S1_C032_T012,regulatory,XBP1,proteostasis,0.7309291979655944
D05_S1_C032_T012,regulatory,ATF4,stress_adaptation,0.6246399994950351
D05_S1_C032_T012,regulatory,NFkB,inflammation,0.6518819493490673
D05_S1_C033_T012,regulatory,XBP1,proteostasis,0.8471846018522105
D05_S1_C033_T012,regulatory,ATF4,stress_adaptation,0.6785620209335044
D05_S1_C033_T012,regulatory,NFkB,inflammation,0.5381155790259895
D05_S1_C034_T012,regulatory,XBP1,proteostasis,0.6810492921682538
D05_S1_C034_T012,regulatory,ATF4,stress_adaptation,0.6346127581037337
D05_S1_C034_T012,regulatory,NFkB,inflammation,0.5740811457968882
D05_S1_C035_T012,regulatory,XBP1,proteostasis,0.5134332328585424
D05_S1_C035_T012,regulatory,ATF4,stress_adaptation,0.4557719283479289
D05_S1_C035_T012,regulatory,NFkB,inflammation,0.5317433330623937
D05_S1_C000_T024,regulatory,XBP1,proteostasis,0.5486419404764569
D05_S1_C000_T024,regulatory,ATF4,stress_adaptation,0.5380040520846854
D05_S1_C000_T024,regulatory,NFkB,inflammation,0.41528508308671286
D05_S1_C001_T024,regulatory,XBP1,proteostasis,0.7103204132715486
D05_S1_C001_T024,regulatory,ATF4,stress_adaptation,0.7284067812904571
D05_S1_C001_T024,regulatory,NFkB,inflammation,0.7860927962588491
D05_S1_C002_T024,regulatory,XBP1,proteostasis,0.9264902706082764
D05_S1_C002_T024,regulatory,ATF4,stress_adaptation,0.8524420713249629
D05_S1_C002_T024,regulatory,NFkB,inflammation,0.7038152360930592
D05_S1_C003_T024,regulatory,XBP1,proteostasis,0.4662796122408593
D05_S1_C003_T024,regulatory,ATF4,stress_adaptation,0.548355904681499
D05_S1_C003_T024,regulatory,NFkB,inflammation,0.7391752475931987
D05_S1_C004_T024,regulatory,XBP1,proteostasis,0.7095817169225845
D05_S1_C004_T024,regulatory,ATF4,stress_adaptation,0.7431484661290795
D05_S1_C004_T024,regulatory,NFkB,inflammation,0.7898508885372508
D05_S1_C005_T024,regulatory,XBP1,proteostasis,0.5245382383129669
D05_S1_C005_T024,regulatory,ATF4,stress_adaptation,0.5605531510672053
D05_S1_C005_T024,regulatory,NFkB,inflammation,0.7078670959499578
D05_S1_C006_T024,regulatory,XBP1,proteostasis,0.705679166246351
D05_S1_C006_T024,regulatory,ATF4,stress_adaptation,0.6964346728327468
D05_S1_C006_T024,regulatory,NFkB,inflammation,0.6109103444821202
D05_S1_C007_T024,regulatory,XBP1,proteostasis,0.5097407483945374
D05_S1_C007_T024,regulatory,ATF4,stress_adaptation,0.5241816407134283
D05_S1_C007_T024,regulatory,NFkB,inflammation,0.6614437604679781
D05_S1_C008_T024,regulatory,XBP1,proteostasis,0.5038887117406352
D05_S1_C008_T024,regulatory,ATF4,stress_adaptation,0.5456037505828155
D05_S1_C008_T024,regulatory,NFkB,inflammation,0.49025525608823384
D05_S1_C009_T024,regulatory,XBP1,proteostasis,0.7232039564375219
D05_S1_C009_T024,regulatory,ATF4,stress_adaptation,0.6992262791226386
D05_S1_C009_T024,regulatory,NFkB,inflammation,0.8582285882040819
D05_S1_C010_T024,regulatory,XBP1,proteostasis,0.8355170733708752
D05_S1_C010_T024,regulatory,ATF4,stress_adaptation,0.8012216151367171
D05_S1_C010_T024,regulatory,NFkB,inflammation,0.8208238337874832
D05_S1_C011_T024,regulatory,XBP1,proteostasis,0.6006274259637808
D05_S1_C011_T024,regulatory,ATF4,stress_adaptation,0.6591991981510426
D05_S1_C011_T024,regulatory,NFkB,inflammation,0.7777117980127949
D05_S1_C012_T024,regulatory,XBP1,proteostasis,0.8353067014646627
D05_S1_C012_T024,regulatory,ATF4,stress_adaptation,0.7937918994192656
D05_S1_C012_T024,regulatory,NFkB,inflammation,0.8358872399800812
D05_S1_C013_T024,regulatory,XBP1,proteostasis,0.4977385299559193
D05_S1_C013_T024,regulatory,ATF4,stress_adaptation,0.571068172479699
D05_S1_C013_T024,regulatory,NFkB,inflammation,0.6745290502995513
D05_S1_C014_T024,regulatory,XBP1,proteostasis,1.1267709943430395
D05_S1_C014_T024,regulatory,ATF4,stress_adaptation,0.9785814490401068
D05_S1_C014_T024,regulatory,NFkB,inflammation,0.7628390628585959
D05_S1_C015_T024,regulatory,XBP1,proteostasis,1.0088568416592123
D05_S1_C015_T024,regulatory,ATF4,stress_adaptation,0.8862204729719896
D05_S1_C015_T024,regulatory,NFkB,inflammation,0.9498291492445226
D05_S1_C016_T024,regulatory,XBP1,proteostasis,0.5159325806864283
D05_S1_C016_T024,regulatory,ATF4,stress_adaptation,0.569299468732514
D05_S1_C016_T024,regulatory,NFkB,inflammation,0.6993066775356196
D05_S1_C017_T024,regulatory,XBP1,proteostasis,0.9300259114393312
D05_S1_C017_T024,regulatory,ATF4,stress_adaptation,0.8624616515611244
D05_S1_C017_T024,regulatory,NFkB,inflammation,0.866372834683784
D05_S1_C018_T024,regulatory,XBP1,proteostasis,0.9063586852927361
D05_S1_C018_T024,regulatory,ATF4,stress_adaptation,0.8382700998586615
D05_S1_C018_T024,regulatory,NFkB,inflammation,0.7745828329043694
D05_S1_C019_T024,regulatory,XBP1,proteostasis,0.8787396940601858
D05_S1_C019_T024,regulatory,ATF4,stress_adaptation,0.8324120097260927
D05_S1_C019_T024,regulatory,NFkB,inflammation,0.9196565352170464
D05_S1_C020_T024,regulatory,XBP1,proteostasis,0.8040152253984261
D05_S1_C020_T024,regulatory,ATF4,stress_adaptation,0.79227130105381
D05_S1_C020_T024,regulatory,NFkB,inflammation,0.8378837348094663
D05_S1_C021_T024,regulatory,XBP1,proteostasis,0.8103162307995023
D05_S1_C021_T024,regulatory,ATF4,stress_adaptation,0.7494763576612322
D05_S1_C021_T024,regulatory,NFkB,inflammation,0.8073894317492973
D05_S1_C022_T024,regulatory,XBP1,proteostasis,0.8604581394722133
D05_S1_C022_T024,regulatory,ATF4,stress_adaptation,0.7797827293759502
D05_S1_C022_T024,regulatory,NFkB,inflammation,0.6162029401864692
D05_S1_C023_T024,regulatory,XBP1,proteostasis,0.8884610173838813
D05_S1_C023_T024,regulatory,ATF4,stress_adaptation,0.8283305792335456
D05_S1_C023_T024,regulatory,NFkB,inflammation,0.9226523915505083
D05_S1_C024_T024,regulatory,XBP1,proteostasis,0.595514682321657
D05_S1_C024_T024,regulatory,ATF4,stress_adaptation,0.6282694040234473
D05_S1_C024_T024,regulatory,NFkB,inflammation,0.7141448836206812
D05_S1_C025_T024,regulatory,XBP1,proteostasis,0.4581989186587369
D05_S1_C025_T024,regulatory,ATF4,stress_adaptation,0.48956899895831874
D05_S1_C025_T024,regulatory,NFkB,inflammation,0.4556086075379231
D05_S1_C026_T024,regulatory,XBP1,proteostasis,0.5419522268478131
D05_S1_C026_T024,regulatory,ATF4,stress_adaptation,0.5501468356224062
D05_S1_C026_T024,regulatory,NFkB,inflammation,0.6883678455765206
D05_S1_C027_T024,regulatory,XBP1,proteostasis,0.6489793437535472
D05_S1_C027_T024,regulatory,ATF4,stress_adaptation,0.6558864485796687
D05_S1_C027_T024,regulatory,NFkB,inflammation,0.7781281855144022
D05_S1_C028_T024,regulatory,XBP1,proteostasis,0.6167959091879732
D05_S1_C028_T024,regulatory,ATF4,stress_adaptation,0.6447642817030342
D05_S1_C028_T024,regulatory,NFkB,inflammation,0.7399547890043546
D05_S1_C029_T024,regulatory,XBP1,proteostasis,0.791412175946246
D05_S1_C029_T024,regulatory,ATF4,stress_adaptation,0.7822685235247695
D05_S1_C029_T024,regulatory,NFkB,inflammation,0.8344874499312894
D05_S1_C030_T024,regulatory,XBP1,proteostasis,0.7261306862842284
D05_S1_C030_T024,regulatory,ATF4,stress_adaptation,0.7139447832366196
D05_S1_C030_T024,regulatory,NFkB,inflammation,0.6722341206864849
D05_S1_C031_T024,regulatory,XBP1,proteostasis,0.7315018362995325
D05_S1_C031_T024,regulatory,ATF4,stress_adaptation,0.7187609180143613
D05_S1_C031_T024,regulatory,NFkB,inflammation,0.7509736828511261
D05_S1_C032_T024,regulatory,XBP1,proteostasis,0.8730200135544997
D05_S1_C032_T024,regulatory,ATF4,stress_adaptation,0.810131444129558
D05_S1_C032_T024,regulatory,NFkB,inflammation,0.8980477212197296
D05_S1_C033_T024,regulatory,XBP1,proteostasis,1.0075241328518383
D05_S1_C033_T024,regulatory,ATF4,stress_adaptation,0.8858262728211804
D05_S1_C033_T024,regulatory,NFkB,inflammation,0.8027752508444692
D05_S1_C034_T024,regulatory,XBP1,proteostasis,0.8307797298323127
D05_S1_C034_T024,regulatory,ATF4,stress_adaptation,0.8237496022249158
D05_S1_C034_T024,regulatory,NFkB,inflammation,0.8252595939210354
D05_S1_C035_T024,regulatory,XBP1,proteostasis,0.6641003229781312
D05_S1_C035_T024,regulatory,ATF4,stress_adaptation,0.6588373958570696
D05_S1_C035_T024,regulatory,NFkB,inflammation,0.7830978100943358
D05_S1_C000_T048,regulatory,XBP1,proteostasis,0.7823568646536468
D05_S1_C000_T048,regulatory,ATF4,stress_adaptation,0.8775419507317876
D05_S1_C000_T048,regulatory,NFkB,inflammation,1.0492081110116431
D05_S1_C001_T048,regulatory,XBP1,proteostasis,1.078571712535676
D05_S1_C001_T048,regulatory,ATF4,stress_adaptation,1.1991017031133013
D05_S1_C001_T048,regulatory,NFkB,inflammation,1.3603572706410543
D05_S1_C002_T048,regulatory,XBP1,proteostasis,1.1748796765429346
D05_S1_C002_T048,regulatory,ATF4,stress_adaptation,1.2446985152529146
D05_S1_C002_T048,regulatory,NFkB,inflammation,1.4036958544443205
D05_S1_C003_T048,regulatory,XBP1,proteostasis,0.8024582560372491
D05_S1_C003_T048,regulatory,ATF4,stress_adaptation,1.0110938571037793
D05_S1_C003_T048,regulatory,NFkB,inflammation,1.2361062152167621
D05_S1_C004_T048,regulatory,XBP1,proteostasis,0.9442607983677676
D05_S1_C004_T048,regulatory,ATF4,stress_adaptation,1.1353515848823412
D05_S1_C004_T048,regulatory,NFkB,inflammation,1.2999173592654953
D05_S1_C005_T048,regulatory,XBP1,proteostasis,0.7886751059566637
D05_S1_C005_T048,regulatory,ATF4,stress_adaptation,0.9723942640964289
D05_S1_C005_T048,regulatory,NFkB,inflammation,1.2299037976804987
D05_S1_C006_T048,regulatory,XBP1,proteostasis,1.004265960249399
D05_S1_C006_T048,regulatory,ATF4,stress_adaptation,1.1374379221246016
D05_S1_C006_T048,regulatory,NFkB,inflammation,1.3269196821122295
D05_S1_C007_T048,regulatory,XBP1,proteostasis,0.7860384550184257
D05_S1_C007_T048,regulatory,ATF4,stress_adaptation,0.9024915902490291
D05_S1_C007_T048,regulatory,NFkB,inflammation,1.2287173047582916
D05_S1_C008_T048,regulatory,XBP1,proteostasis,0.7736390112193947
D05_S1_C008_T048,regulatory,ATF4,stress_adaptation,0.9461332314346094
D05_S1_C008_T048,regulatory,NFkB,inflammation,1.1944182206524305
D05_S1_C009_T048,regulatory,XBP1,proteostasis,1.0093059988683688
D05_S1_C009_T048,regulatory,ATF4,stress_adaptation,1.1234346965142668
D05_S1_C009_T048,regulatory,NFkB,inflammation,1.3291876994907659
D05_S1_C010_T048,regulatory,XBP1,proteostasis,1.1322656486365947
D05_S1_C010_T048,regulatory,ATF4,stress_adaptation,1.2426529615348176
D05_S1_C010_T048,regulatory,NFkB,inflammation,1.3845195418864678
D05_S1_C011_T048,regulatory,XBP1,proteostasis,0.8884388314836279
D05_S1_C011_T048,regulatory,ATF4,stress_adaptation,1.0873972007420405
D05_S1_C011_T048,regulatory,NFkB,inflammation,1.2747974741676327
D05_S1_C012_T048,regulatory,XBP1,proteostasis,1.0555568261697745
D05_S1_C012_T048,regulatory,ATF4,stress_adaptation,1.1782766434340044
D05_S1_C012_T048,regulatory,NFkB,inflammation,1.3500005717763985
D05_S1_C013_T048,regulatory,XBP1,proteostasis,0.7978435292106599
D05_S1_C013_T048,regulatory,ATF4,stress_adaptation,1.0312419390047527
D05_S1_C013_T048,regulatory,NFkB,inflammation,1.234029588144797
D05_S1_C014_T048,regulatory,XBP1,proteostasis,1.3858982303811715
D05_S1_C014_T048,regulatory,ATF4,stress_adaptation,1.3925109219450102
D05_S1_C014_T048,regulatory,NFkB,inflammation,1.4388927056270027
D05_S1_C015_T048,regulatory,XBP1,proteostasis,1.2921941132278547
D05_S1_C015_T048,regulatory,ATF4,stress_adaptation,1.309831829614044
D05_S1_C015_T048,regulatory,NFkB,inflammation,1.4564873509525347
D05_S1_C016_T048,regulatory,XBP1,proteostasis,0.7419320141423942
D05_S1_C016_T048,regulatory,ATF4,stress_adaptation,0.9411125231355872
D05_S1_C016_T048,regulatory,NFkB,inflammation,1.2088694063640775
D05_S1_C017_T048,regulatory,XBP1,proteostasis,1.1615753613896351
D05_S1_C017_T048,regulatory,ATF4,stress_adaptation,1.2417870061561502
D05_S1_C017_T048,regulatory,NFkB,inflammation,1.397708912625336
D05_S1_C018_T048,regulatory,XBP1,proteostasis,1.198002855266297
D05_S1_C018_T048,regulatory,ATF4,stress_adaptation,1.2546645094281272
D05_S1_C018_T048,regulatory,NFkB,inflammation,1.4141012848698336
D05_S1_C019_T048,regulatory,XBP1,proteostasis,1.1011465397138696
D05_S1_C019_T048,regulatory,ATF4,stress_adaptation,1.2349680972530148
D05_S1_C019_T048,regulatory,NFkB,inflammation,1.3705159428712412
D05_S1_C020_T048,regulatory,XBP1,proteostasis,1.1116325592842482
D05_S1_C020_T048,regulatory,ATF4,stress_adaptation,1.2598278453140297
D05_S1_C020_T048,regulatory,NFkB,inflammation,1.3752346516779117
D05_S1_C021_T048,regulatory,XBP1,proteostasis,1.1271781306246216
D05_S1_C021_T048,regulatory,ATF4,stress_adaptation,1.2010569326319465
D05_S1_C021_T048,regulatory,NFkB,inflammation,1.3822301587810797
D05_S1_C022_T048,regulatory,XBP1,proteostasis,1.1023792740190819
D05_S1_C022_T048,regulatory,ATF4,stress_adaptation,1.1967622648416572
D05_S1_C022_T048,regulatory,NFkB,inflammation,1.3256589046396157
D05_S1_C023_T048,regulatory,XBP1,proteostasis,1.2536113300529725
D05_S1_C023_T048,regulatory,ATF4,stress_adaptation,1.3195754567236113
D05_S1_C023_T048,regulatory,NFkB,inflammation,1.4391250985238377
D05_S1_C024_T048,regulatory,XBP1,proteostasis,0.8389030232951759
D05_S1_C024_T048,regulatory,ATF4,stress_adaptation,1.003909530831233
D05_S1_C024_T048,regulatory,NFkB,inflammation,1.2525063604828293
D05_S1_C025_T048,regulatory,XBP1,proteostasis,0.7274123727611552
D05_S1_C025_T048,regulatory,ATF4,stress_adaptation,0.8595432929435098
D05_S1_C025_T048,regulatory,NFkB,inflammation,1.0496710784226044
D05_S1_C026_T048,regulatory,XBP1,proteostasis,0.8037114134779748
D05_S1_C026_T048,regulatory,ATF4,stress_adaptation,0.9223121934091489
D05_S1_C026_T048,regulatory,NFkB,inflammation,1.2366701360650887
D05_S1_C027_T048,regulatory,XBP1,proteostasis,1.0137687667586912
D05_S1_C027_T048,regulatory,ATF4,stress_adaptation,1.1319481748699094
D05_S1_C027_T048,regulatory,NFkB,inflammation,1.331195945041411
D05_S1_C028_T048,regulatory,XBP1,proteostasis,0.9433252215647224
D05_S1_C028_T048,regulatory,ATF4,stress_adaptation,1.0673822763378735
D05_S1_C028_T048,regulatory,NFkB,inflammation,1.2994963497041252
D05_S1_C029_T048,regulatory,XBP1,proteostasis,1.0096661172917396
D05_S1_C029_T048,regulatory,ATF4,stress_adaptation,1.1417037796663174
D05_S1_C029_T048,regulatory,NFkB,inflammation,1.3293497527812828
D05_S1_C030_T048,regulatory,XBP1,proteostasis,1.001588851458474
D05_S1_C030_T048,regulatory,ATF4,stress_adaptation,1.1454564656506625
D05_S1_C030_T048,regulatory,NFkB,inflammation,1.3257149831563133
D05_S1_C031_T048,regulatory,XBP1,proteostasis,1.0161978091863135
D05_S1_C031_T048,regulatory,ATF4,stress_adaptation,1.1451254001879076
D05_S1_C031_T048,regulatory,NFkB,inflammation,1.332289014133841
D05_S1_C032_T048,regulatory,XBP1,proteostasis,1.1114856004438594
D05_S1_C032_T048,regulatory,ATF4,stress_adaptation,1.2094980958579862
D05_S1_C032_T048,regulatory,NFkB,inflammation,1.3751685201997366
D05_S1_C033_T048,regulatory,XBP1,proteostasis,1.2989598725751823
D05_S1_C033_T048,regulatory,ATF4,stress_adaptation,1.3479412082890616
D05_S1_C033_T048,regulatory,NFkB,inflammation,1.459531942658832
D05_S1_C034_T048,regulatory,XBP1,proteostasis,1.068743257635356
D05_S1_C034_T048,regulatory,ATF4,stress_adaptation,1.220558811670475
D05_S1_C034_T048,regulatory,NFkB,inflammation,1.3559344659359103
D05_S1_C035_T048,regulatory,XBP1,proteostasis,0.9361065742848232
D05_S1_C035_T048,regulatory,ATF4,stress_adaptation,1.093097845350306
D05_S1_C035_T048,regulatory,NFkB,inflammation,1.2962479584281705
D06_S0_C000_T000,regulatory,XBP1,proteostasis,0.3021856870531984
D06_S0_C000_T000,regulatory,ATF4,stress_adaptation,0.32562386728147363
D06_S0_C000_T000,regulatory,NFkB,inflammation,0.2548018128966455
D06_S0_C001_T000,regulatory,XBP1,proteostasis,0.6906896328845645
D06_S0_C001_T000,regulatory,ATF4,stress_adaptation,0.5765607367426585
D06_S0_C001_T000,regulatory,NFkB,inflammation,0.4551577893543676
D06_S0_C002_T000,regulatory,XBP1,proteostasis,0.7832797044822519
D06_S0_C002_T000,regulatory,ATF4,stress_adaptation,0.6622896055707959
D06_S0_C002_T000,regulatory,NFkB,inflammation,0.47892016580758845
D06_S0_C003_T000,regulatory,XBP1,proteostasis,0.6242965137328084
D06_S0_C003_T000,regulatory,ATF4,stress_adaptation,0.5612078716609488
D06_S0_C003_T000,regulatory,NFkB,inflammation,0.43554114178966263
D06_S0_C004_T000,regulatory,XBP1,proteostasis,0.7672148291706105
D06_S0_C004_T000,regulatory,ATF4,stress_adaptation,0.6260891273053562
D06_S0_C004_T000,regulatory,NFkB,inflammation,0.4586577423246356
D06_S0_C005_T000,regulatory,XBP1,proteostasis,0.6232003732513858
D06_S0_C005_T000,regulatory,ATF4,stress_adaptation,0.5315114459935988
D06_S0_C005_T000,regulatory,NFkB,inflammation,0.40684616180724387
D06_S0_C006_T000,regulatory,XBP1,proteostasis,0.28781460122574815
D06_S0_C006_T000,regulatory,ATF4,stress_adaptation,0.25735588694044387
D06_S0_C006_T000,regulatory,NFkB,inflammation,0.1410543037089996
D06_S0_C007_T000,regulatory,XBP1,proteostasis,0.6773979275418591
D06_S0_C007_T000,regulatory,ATF4,stress_adaptation,0.5657532427837
D06_S0_C007_T000,regulatory,NFkB,inflammation,0.433405010287085
D06_S0_C008_T000,regulatory,XBP1,proteostasis,0.2721149582168361
D06_S0_C008_T000,regulatory,ATF4,stress_adaptation,0.2507845236964976
D06_S0_C008_T000,regulatory,NFkB,inflammation,0.3597855160376364
D06_S0_C009_T000,regulatory,XBP1,proteostasis,0.8484475717609137
D06_S0_C009_T000,regulatory,ATF4,stress_adaptation,0.6697321642086809
D06_S0_C009_T000,regulatory,NFkB,inflammation,0.6198434533395423
D06_S0_C010_T000,regulatory,XBP1,proteostasis,0.26546552369702964
D06_S0_C010_T000,regulatory,ATF4,stress_adaptation,0.2342838030666584
D06_S0_C010_T000,regulatory,NFkB,inflammation,0.11945948566366334
D06_S0_C011_T000,regulatory,XBP1,proteostasis,0.5785891305974306
D06_S0_C011_T000,regulatory,ATF4,stress_adaptation,0.4558442149590102
D06_S0_C011_T000,regulatory,NFkB,inflammation,0.4318558294772534
D06_S0_C012_T000,regulatory,XBP1,proteostasis,0.6380622749484656
D06_S0_C012_T000,regulatory,ATF4,stress_adaptation,0.4912419169663823
D06_S0_C012_T000,regulatory,NFkB,inflammation,0.5553064866441029
D06_S0_C013_T000,regulatory,XBP1,proteostasis,0.2961178483215705
D06_S0_C013_T000,regulatory,ATF4,stress_adaptation,0.27064347929018706
D06_S0_C013_T000,regulatory,NFkB,inflammation,0.15864164959234578
D06_S0_C014_T000,regulatory,XBP1,proteostasis,0.7468985794600629
D06_S0_C014_T000,regulatory,ATF4,stress_adaptation,0.6060206513125705
D06_S0_C014_T000,regulatory,NFkB,inflammation,0.4385791179619279
D06_S0_C015_T000,regulatory,XBP1,proteostasis,0.5340948253751049
D06_S0_C015_T000,regulatory,ATF4,stress_adaptation,0.4299975357683035
D06_S0_C015_T000,regulatory,NFkB,inflammation,0.2562634709220356
D06_S0_C016_T000,regulatory,XBP1,proteostasis,0.6377550674620394
D06_S0_C016_T000,regulatory,ATF4,stress_adaptation,0.5139686227526438
D06_S0_C016_T000,regulatory,NFkB,inflammation,0.468578856648964
D06_S0_C017_T000,regulatory,XBP1,proteostasis,0.5288107902930385
D06_S0_C017_T000,regulatory,ATF4,stress_adaptation,0.4693234013620639
D06_S0_C017_T000,regulatory,NFkB,inflammation,0.363149918127343
D06_S0_C018_T000,regulatory,XBP1,proteostasis,0.7171052392054155
D06_S0_C018_T000,regulatory,ATF4,stress_adaptation,0.5992602901283
D06_S0_C018_T000,regulatory,NFkB,inflammation,0.44754789820151053
D06_S0_C019_T000,regulatory,XBP1,proteostasis,0.597841370847054
D06_S0_C019_T000,regulatory,ATF4,stress_adaptation,0.5185148721713732
D06_S0_C019_T000,regulatory,NFkB,inflammation,0.4038109846948633
D06_S0_C020_T000,regulatory,XBP1,proteostasis,0.5995250646401059
D06_S0_C020_T000,regulatory,ATF4,stress_adaptation,0.4907534216767046
D06_S0_C020_T000,regulatory,NFkB,inflammation,0.5279729924130564
D06_S0_C021_T000,regulatory,XBP1,proteostasis,0.6229044460299314
D06_S0_C021_T000,regulatory,ATF4,stress_adaptation,0.5005454203967575
D06_S0_C021_T000,regulatory,NFkB,inflammation,0.2892731837789578
D06_S0_C022_T000,regulatory,XBP1,proteostasis,0.5958545893269707
D06_S0_C022_T000,regulatory,ATF4,stress_adaptation,0.4735115055618429
D06_S0_C022_T000,regulatory,NFkB,inflammation,0.2681345651971368
D06_S0_C023_T000,regulatory,XBP1,proteostasis,0.38149342496517064
D06_S0_C023_T000,regulatory,ATF4,stress_adaptation,0.34571598343988896
D06_S0_C023_T000,regulatory,NFkB,inflammation,0.42309110563421465
D06_S0_C024_T000,regulatory,XBP1,proteostasis,0.25765465883038813
D06_S0_C024_T000,regulatory,ATF4,stress_adaptation,0.29351315869902944
D06_S0_C024_T000,regulatory,NFkB,inflammation,0.23466167736092566
D06_S0_C025_T000,regulatory,XBP1,proteostasis,0.6135049344290573
D06_S0_C025_T000,regulatory,ATF4,stress_adaptation,0.5210791043927475
D06_S0_C025_T000,regulatory,NFkB,inflammation,0.4034987832966861
D06_S0_C026_T000,regulatory,XBP1,proteostasis,0.40293226712341684
D06_S0_C026_T000,regulatory,ATF4,stress_adaptation,0.35881298418475677
D06_S0_C026_T000,regulatory,NFkB,inflammation,0.4356584111289501
D06_S0_C027_T000,regulatory,XBP1,proteostasis,0.7384674596710131
D06_S0_C027_T000,regulatory,ATF4,stress_adaptation,0.6273396623592873
D06_S0_C027_T000,regulatory,NFkB,inflammation,0.4618026422967594
D06_S0_C028_T000,regulatory,XBP1,proteostasis,0.6141167879078036
D06_S0_C028_T000,regulatory,ATF4,stress_adaptation,0.5235477382810376
D06_S0_C028_T000,regulatory,NFkB,inflammation,0.452173464124591
D06_S0_C029_T000,regulatory,XBP1,proteostasis,0.5041506231320713
D06_S0_C029_T000,regulatory,ATF4,stress_adaptation,0.4141489439891561
D06_S0_C029_T000,regulatory,NFkB,inflammation,0.25308137749829496
D06_S0_C030_T000,regulatory,XBP1,proteostasis,0.23679383277713353
D06_S0_C030_T000,regulatory,ATF4,stress_adaptation,0.28140908995831565
D06_S0_C030_T000,regulatory,NFkB,inflammation,0.22692035931639698
D06_S0_C031_T000,regulatory,XBP1,proteostasis,0.4716329155161142
D06_S0_C031_T000,regulatory,ATF4,stress_adaptation,0.44725655772444695
D06_S0_C031_T000,regulatory,NFkB,inflammation,0.33694477372240106
D06_S0_C032_T000,regulatory,XBP1,proteostasis,0.5149720833483152
D06_S0_C032_T000,regulatory,ATF4,stress_adaptation,0.4274387331884528
D06_S0_C032_T000,regulatory,NFkB,inflammation,0.27206760057620627
D06_S0_C033_T000,regulatory,XBP1,proteostasis,0.7352375518619656
D06_S0_C033_T000,regulatory,ATF4,stress_adaptation,0.6083588876559272
D06_S0_C033_T000,regulatory,NFkB,inflammation,0.4592623035437094
D06_S0_C034_T000,regulatory,XBP1,proteostasis,0.4666593686799511
D06_S0_C034_T000,regulatory,ATF4,stress_adaptation,0.4011285964343018
D06_S0_C034_T000,regulatory,NFkB,inflammation,0.2621183351223726
D06_S0_C035_T000,regulatory,XBP1,proteostasis,0.4033790974865655
D06_S0_C035_T000,regulatory,ATF4,stress_adaptation,0.32738670046018536
D06_S0_C035_T000,regulatory,NFkB,inflammation,0.22223893799534086
D06_S0_C000_T012,regulatory,XBP1,proteostasis,0.46790500889373887
D06_S0_C000_T012,regulatory,ATF4,stress_adaptation,0.516659588259462
D06_S0_C000_T012,regulatory,NFkB,inflammation,0.4484478375046168
D06_S0_C001_T012,regulatory,XBP1,proteostasis,0.8398037423072484
D06_S0_C001_T012,regulatory,ATF4,stress_adaptation,0.7515224251483262
D06_S0_C001_T012,regulatory,NFkB,inflammation,0.6173213421426078
D06_S0_C002_T012,regulatory,XBP1,proteostasis,0.9922641485723933
D06_S0_C002_T012,regulatory,ATF4,stress_adaptation,0.8920399601987083
D06_S0_C002_T012,regulatory,NFkB,inflammation,0.6918547646168565
D06_S0_C003_T012,regulatory,XBP1,proteostasis,0.7130457084363999
D06_S0_C003_T012,regulatory,ATF4,stress_adaptation,0.7093018707870866
D06_S0_C003_T012,regulatory,NFkB,inflammation,0.5547512551974219
D06_S0_C004_T012,regulatory,XBP1,proteostasis,0.8801147190924534
D06_S0_C004_T012,regulatory,ATF4,stress_adaptation,0.779586707393437
D06_S0_C004_T012,regulatory,NFkB,inflammation,0.6229693994778573
D06_S0_C005_T012,regulatory,XBP1,proteostasis,0.7905161675925856
D06_S0_C005_T012,regulatory,ATF4,stress_adaptation,0.7237579733673616
D06_S0_C005_T012,regulatory,NFkB,inflammation,0.6253240766716942
D06_S0_C006_T012,regulatory,XBP1,proteostasis,0.39432536525894457
D06_S0_C006_T012,regulatory,ATF4,stress_adaptation,0.4188303182832098
D06_S0_C006_T012,regulatory,NFkB,inflammation,0.2678790934568717
D06_S0_C007_T012,regulatory,XBP1,proteostasis,0.8370057611539702
D06_S0_C007_T012,regulatory,ATF4,stress_adaptation,0.7340009020488178
D06_S0_C007_T012,regulatory,NFkB,inflammation,0.6193692433120042
D06_S0_C008_T012,regulatory,XBP1,proteostasis,0.39737258532025244
D06_S0_C008_T012,regulatory,ATF4,stress_adaptation,0.40479906851484476
D06_S0_C008_T012,regulatory,NFkB,inflammation,0.4768262354937681
D06_S0_C009_T012,regulatory,XBP1,proteostasis,1.0331189329170278
D06_S0_C009_T012,regulatory,ATF4,stress_adaptation,0.898988847739359
D06_S0_C009_T012,regulatory,NFkB,inflammation,0.7590065078114895
D06_S0_C010_T012,regulatory,XBP1,proteostasis,0.3965997751997266
D06_S0_C010_T012,regulatory,ATF4,stress_adaptation,0.37502564119384657
D06_S0_C010_T012,regulatory,NFkB,inflammation,0.26053513606419054
D06_S0_C011_T012,regulatory,XBP1,proteostasis,0.7164402308580434
D06_S0_C011_T012,regulatory,ATF4,stress_adaptation,0.6465885110581863
D06_S0_C011_T012,regulatory,NFkB,inflammation,0.5769809480980301
D06_S0_C012_T012,regulatory,XBP1,proteostasis,0.8683799156804561
D06_S0_C012_T012,regulatory,ATF4,stress_adaptation,0.7438149853764204
D06_S0_C012_T012,regulatory,NFkB,inflammation,0.7208338439311297
D06_S0_C013_T012,regulatory,XBP1,proteostasis,0.42052381553249274
D06_S0_C013_T012,regulatory,ATF4,stress_adaptation,0.4316488517117526
D06_S0_C013_T012,regulatory,NFkB,inflammation,0.2899016824937855
D06_S0_C014_T012,regulatory,XBP1,proteostasis,0.8345735311754348
D06_S0_C014_T012,regulatory,ATF4,stress_adaptation,0.7429188076134051
D06_S0_C014_T012,regulatory,NFkB,inflammation,0.6034796115828369
D06_S0_C015_T012,regulatory,XBP1,proteostasis,0.7194332969220196
D06_S0_C015_T012,regulatory,ATF4,stress_adaptation,0.6439548946119944
D06_S0_C015_T012,regulatory,NFkB,inflammation,0.43034080863066737
D06_S0_C016_T012,regulatory,XBP1,proteostasis,0.7398838341744447
D06_S0_C016_T012,regulatory,ATF4,stress_adaptation,0.6543236185894019
D06_S0_C016_T012,regulatory,NFkB,inflammation,0.5812750695041691
D06_S0_C017_T012,regulatory,XBP1,proteostasis,0.6476168389236855
D06_S0_C017_T012,regulatory,ATF4,stress_adaptation,0.6162901810162617
D06_S0_C017_T012,regulatory,NFkB,inflammation,0.5146203404881085
D06_S0_C018_T012,regulatory,XBP1,proteostasis,0.9113077422822454
D06_S0_C018_T012,regulatory,ATF4,stress_adaptation,0.8050326533316391
D06_S0_C018_T012,regulatory,NFkB,inflammation,0.6549915199348179
D06_S0_C019_T012,regulatory,XBP1,proteostasis,0.7615054669605255
D06_S0_C019_T012,regulatory,ATF4,stress_adaptation,0.6958588126051585
D06_S0_C019_T012,regulatory,NFkB,inflammation,0.5665382192507444
D06_S0_C020_T012,regulatory,XBP1,proteostasis,0.788355544100107
D06_S0_C020_T012,regulatory,ATF4,stress_adaptation,0.7023885195139059
D06_S0_C020_T012,regulatory,NFkB,inflammation,0.6836795767238534
D06_S0_C021_T012,regulatory,XBP1,proteostasis,0.7647896523897453
D06_S0_C021_T012,regulatory,ATF4,stress_adaptation,0.6706937639279243
D06_S0_C021_T012,regulatory,NFkB,inflammation,0.40260552878479006
D06_S0_C022_T012,regulatory,XBP1,proteostasis,0.6794224693290871
D06_S0_C022_T012,regulatory,ATF4,stress_adaptation,0.5943947742594771
D06_S0_C022_T012,regulatory,NFkB,inflammation,0.4010693799011139
D06_S0_C023_T012,regulatory,XBP1,proteostasis,0.5224211187086906
D06_S0_C023_T012,regulatory,ATF4,stress_adaptation,0.5276154416475847
D06_S0_C023_T012,regulatory,NFkB,inflammation,0.5336532713803789
D06_S0_C024_T012,regulatory,XBP1,proteostasis,0.40943258370444474
D06_S0_C024_T012,regulatory,ATF4,stress_adaptation,0.45612383733651046
D06_S0_C024_T012,regulatory,NFkB,inflammation,0.39875414951073784
D06_S0_C025_T012,regulatory,XBP1,proteostasis,0.7140650735186577
D06_S0_C025_T012,regulatory,ATF4,stress_adaptation,0.6584473769808122
D06_S0_C025_T012,regulatory,NFkB,inflammation,0.5492178818745622
D06_S0_C026_T012,regulatory,XBP1,proteostasis,0.4636512186655271
D06_S0_C026_T012,regulatory,ATF4,stress_adaptation,0.4652128298625212
D06_S0_C026_T012,regulatory,NFkB,inflammation,0.5299806733422494
D06_S0_C027_T012,regulatory,XBP1,proteostasis,0.9014267337535853
D06_S0_C027_T012,regulatory,ATF4,stress_adaptation,0.8146988924746416
D06_S0_C027_T012,regulatory,NFkB,inflammation,0.657006941208666
D06_S0_C028_T012,regulatory,XBP1,proteostasis,0.7958407350428313
D06_S0_C028_T012,regulatory,ATF4,stress_adaptation,0.7234516846886758
D06_S0_C028_T012,regulatory,NFkB,inflammation,0.6382431076343384
D06_S0_C029_T012,regulatory,XBP1,proteostasis,0.5997696721748438
D06_S0_C029_T012,regulatory,ATF4,stress_adaptation,0.5523900039087432
D06_S0_C029_T012,regulatory,NFkB,inflammation,0.46224370732614023
D06_S0_C030_T012,regulatory,XBP1,proteostasis,0.4116257841721995
D06_S0_C030_T012,regulatory,ATF4,stress_adaptation,0.4681019287336439
D06_S0_C030_T012,regulatory,NFkB,inflammation,0.4343632670235841
D06_S0_C031_T012,regulatory,XBP1,proteostasis,0.621137930991221
D06_S0_C031_T012,regulatory,ATF4,stress_adaptation,0.6119058176435056
D06_S0_C031_T012,regulatory,NFkB,inflammation,0.5326479932841889
D06_S0_C032_T012,regulatory,XBP1,proteostasis,0.6126051660508649
D06_S0_C032_T012,regulatory,ATF4,stress_adaptation,0.5864734598799836
D06_S0_C032_T012,regulatory,NFkB,inflammation,0.4262531166015905
D06_S0_C033_T012,regulatory,XBP1,proteostasis,0.8493568290047867
D06_S0_C033_T012,regulatory,ATF4,stress_adaptation,0.7428625845394369
D06_S0_C033_T012,regulatory,NFkB,inflammation,0.6845166384123196
D06_S0_C034_T012,regulatory,XBP1,proteostasis,0.5620196339492053
D06_S0_C034_T012,regulatory,ATF4,stress_adaptation,0.555173054751277
D06_S0_C034_T012,regulatory,NFkB,inflammation,0.4141468368179251
D06_S0_C035_T012,regulatory,XBP1,proteostasis,0.5062401548180727
D06_S0_C035_T012,regulatory,ATF4,stress_adaptation,0.485018969629466
D06_S0_C035_T012,regulatory,NFkB,inflammation,0.370074067132349
D06_S0_C000_T024,regulatory,XBP1,proteostasis,0.6609522695674247
D06_S0_C000_T024,regulatory,ATF4,stress_adaptation,0.7699672193626901
D06_S0_C000_T024,regulatory,NFkB,inflammation,0.7231603540222988
D06_S0_C001_T024,regulatory,XBP1,proteostasis,0.9518420929642918
D06_S0_C001_T024,regulatory,ATF4,stress_adaptation,0.9303177065899367
D06_S0_C001_T024,regulatory,NFkB,inflammation,0.816932426238114
D06_S0_C002_T024,regulatory,XBP1,proteostasis,1.1116415797894625
D06_S0_C002_T024,regulatory,ATF4,stress_adaptation,1.0783556036719646
D06_S0_C002_T024,regulatory,NFkB,inflammation,0.933327666758518
D06_S0_C003_T024,regulatory,XBP1,proteostasis,0.8724099830761908
D06_S0_C003_T024,regulatory,ATF4,stress_adaptation,0.9365973736026343
D06_S0_C003_T024,regulatory,NFkB,inflammation,0.7912881489453595
D06_S0_C004_T024,regulatory,XBP1,proteostasis,1.027040038354878
D06_S0_C004_T024,regulatory,ATF4,stress_adaptation,0.9864458807918934
D06_S0_C004_T024,regulatory,NFkB,inflammation,0.8727270479819007
D06_S0_C005_T024,regulatory,XBP1,proteostasis,0.9117271472310726
D06_S0_C005_T024,regulatory,ATF4,stress_adaptation,0.8960179754470936
D06_S0_C005_T024,regulatory,NFkB,inflammation,0.8838573111347725
D06_S0_C006_T024,regulatory,XBP1,proteostasis,0.579596962469361
D06_S0_C006_T024,regulatory,ATF4,stress_adaptation,0.6496297182999393
D06_S0_C006_T024,regulatory,NFkB,inflammation,0.5360043721006278
D06_S0_C007_T024,regulatory,XBP1,proteostasis,0.9539863072215915
D06_S0_C007_T024,regulatory,ATF4,stress_adaptation,0.9120460020886474
D06_S0_C007_T024,regulatory,NFkB,inflammation,0.849914460752702
D06_S0_C008_T024,regulatory,XBP1,proteostasis,0.5795009624828872
D06_S0_C008_T024,regulatory,ATF4,stress_adaptation,0.6120968989785845
D06_S0_C008_T024,regulatory,NFkB,inflammation,0.7098856473614478
D06_S0_C009_T024,regulatory,XBP1,proteostasis,1.2249836962786447
D06_S0_C009_T024,regulatory,ATF4,stress_adaptation,1.146059846191054
D06_S0_C009_T024,regulatory,NFkB,inflammation,1.0097415317102096
D06_S0_C010_T024,regulatory,XBP1,proteostasis,0.533068996849811
D06_S0_C010_T024,regulatory,ATF4,stress_adaptation,0.5521323617213135
D06_S0_C010_T024,regulatory,NFkB,inflammation,0.44786715482835404
D06_S0_C011_T024,regulatory,XBP1,proteostasis,0.8541824718635272
D06_S0_C011_T024,regulatory,ATF4,stress_adaptation,0.8331848290687678
D06_S0_C011_T024,regulatory,NFkB,inflammation,0.771638785855192
D06_S0_C012_T024,regulatory,XBP1,proteostasis,0.9537121947943565
D06_S0_C012_T024,regulatory,ATF4,stress_adaptation,0.8965427665827921
D06_S0_C012_T024,regulatory,NFkB,inflammation,0.943476704684281
D06_S0_C013_T024,regulatory,XBP1,proteostasis,0.5930607654205449
D06_S0_C013_T024,regulatory,ATF4,stress_adaptation,0.6432574616947043
D06_S0_C013_T024,regulatory,NFkB,inflammation,0.550177938950369
D06_S0_C014_T024,regulatory,XBP1,proteostasis,1.0621775657171622
D06_S0_C014_T024,regulatory,ATF4,stress_adaptation,1.003716238178127
D06_S0_C014_T024,regulatory,NFkB,inflammation,0.9070239755892915
D06_S0_C015_T024,regulatory,XBP1,proteostasis,0.8732974953728156
D06_S0_C015_T024,regulatory,ATF4,stress_adaptation,0.8656354889843669
D06_S0_C015_T024,regulatory,NFkB,inflammation,0.657933758713005
D06_S0_C016_T024,regulatory,XBP1,proteostasis,0.900375248207573
D06_S0_C016_T024,regulatory,ATF4,stress_adaptation,0.859384785021583
D06_S0_C016_T024,regulatory,NFkB,inflammation,0.7995883426717779
D06_S0_C017_T024,regulatory,XBP1,proteostasis,0.8295094552457791
D06_S0_C017_T024,regulatory,ATF4,stress_adaptation,0.8439466490108407
D06_S0_C017_T024,regulatory,NFkB,inflammation,0.7508230468246491
D06_S0_C018_T024,regulatory,XBP1,proteostasis,1.0322936410890882
D06_S0_C018_T024,regulatory,ATF4,stress_adaptation,1.0043463762979337
D06_S0_C018_T024,regulatory,NFkB,inflammation,0.9172291779414161
D06_S0_C019_T024,regulatory,XBP1,proteostasis,0.8903259082760275
D06_S0_C019_T024,regulatory,ATF4,stress_adaptation,0.8784419950195462
D06_S0_C019_T024,regulatory,NFkB,inflammation,0.7927894848142197
D06_S0_C020_T024,regulatory,XBP1,proteostasis,0.8902322379417383
D06_S0_C020_T024,regulatory,ATF4,stress_adaptation,0.8937667838779942
D06_S0_C020_T024,regulatory,NFkB,inflammation,0.8758864044070351
D06_S0_C021_T024,regulatory,XBP1,proteostasis,0.902879484685459
D06_S0_C021_T024,regulatory,ATF4,stress_adaptation,0.8624059837211271
D06_S0_C021_T024,regulatory,NFkB,inflammation,0.6280343816427071
D06_S0_C022_T024,regulatory,XBP1,proteostasis,0.8448426933932232
D06_S0_C022_T024,regulatory,ATF4,stress_adaptation,0.790456571473299
D06_S0_C022_T024,regulatory,NFkB,inflammation,0.6574896979729117
D06_S0_C023_T024,regulatory,XBP1,proteostasis,0.6654423836130885
D06_S0_C023_T024,regulatory,ATF4,stress_adaptation,0.7205720957778092
D06_S0_C023_T024,regulatory,NFkB,inflammation,0.7204002666604487
D06_S0_C024_T024,regulatory,XBP1,proteostasis,0.525120122294026
D06_S0_C024_T024,regulatory,ATF4,stress_adaptation,0.6395900658746537
D06_S0_C024_T024,regulatory,NFkB,inflammation,0.6001448078023921
D06_S0_C025_T024,regulatory,XBP1,proteostasis,0.8085226503168815
D06_S0_C025_T024,regulatory,ATF4,stress_adaptation,0.8005832667375701
D06_S0_C025_T024,regulatory,NFkB,inflammation,0.7864773559230123
D06_S0_C026_T024,regulatory,XBP1,proteostasis,0.6293854384748891
D06_S0_C026_T024,regulatory,ATF4,stress_adaptation,0.6712721366042206
D06_S0_C026_T024,regulatory,NFkB,inflammation,0.8031110763330189
D06_S0_C027_T024,regulatory,XBP1,proteostasis,1.0029378409951846
D06_S0_C027_T024,regulatory,ATF4,stress_adaptation,0.9897713787744211
D06_S0_C027_T024,regulatory,NFkB,inflammation,0.8862569965576568
D06_S0_C028_T024,regulatory,XBP1,proteostasis,0.9532698945964875
D06_S0_C028_T024,regulatory,ATF4,stress_adaptation,0.946635383267519
D06_S0_C028_T024,regulatory,NFkB,inflammation,0.8882151220191273
D06_S0_C029_T024,regulatory,XBP1,proteostasis,0.7653220321754448
D06_S0_C029_T024,regulatory,ATF4,stress_adaptation,0.762899038745062
D06_S0_C029_T024,regulatory,NFkB,inflammation,0.7569114271251026
D06_S0_C030_T024,regulatory,XBP1,proteostasis,0.5027094968679733
D06_S0_C030_T024,regulatory,ATF4,stress_adaptation,0.6267419288001419
D06_S0_C030_T024,regulatory,NFkB,inflammation,0.6886989890544432
D06_S0_C031_T024,regulatory,XBP1,proteostasis,0.7330266101602279
D06_S0_C031_T024,regulatory,ATF4,stress_adaptation,0.7880818590917305
D06_S0_C031_T024,regulatory,NFkB,inflammation,0.7663054414778805
D06_S0_C032_T024,regulatory,XBP1,proteostasis,0.8160664539474651
D06_S0_C032_T024,regulatory,ATF4,stress_adaptation,0.8377648870454738
D06_S0_C032_T024,regulatory,NFkB,inflammation,0.70212332937642
D06_S0_C033_T024,regulatory,XBP1,proteostasis,0.9751182996360993
D06_S0_C033_T024,regulatory,ATF4,stress_adaptation,0.924658131039356
D06_S0_C033_T024,regulatory,NFkB,inflammation,0.9561094183767356
D06_S0_C034_T024,regulatory,XBP1,proteostasis,0.7417367866343525
D06_S0_C034_T024,regulatory,ATF4,stress_adaptation,0.7821863029706759
D06_S0_C034_T024,regulatory,NFkB,inflammation,0.66272956390097
D06_S0_C035_T024,regulatory,XBP1,proteostasis,0.6939646586675928
D06_S0_C035_T024,regulatory,ATF4,stress_adaptation,0.7112536096820938
D06_S0_C035_T024,regulatory,NFkB,inflammation,0.6213952660713581
D06_S0_C000_T048,regulatory,XBP1,proteostasis,0.9377715451757699
D06_S0_C000_T048,regulatory,ATF4,stress_adaptation,1.2095515043642506
D06_S0_C000_T048,regulatory,NFkB,inflammation,1.2969971953290964
D06_S0_C001_T048,regulatory,XBP1,proteostasis,1.2630988761241924
D06_S0_C001_T048,regulatory,ATF4,stress_adaptation,1.4210142694807253
D06_S0_C001_T048,regulatory,NFkB,inflammation,1.4433944942558865
D06_S0_C002_T048,regulatory,XBP1,proteostasis,1.3914225782797918
D06_S0_C002_T048,regulatory,ATF4,stress_adaptation,1.504424675881865
D06_S0_C002_T048,regulatory,NFkB,inflammation,1.5011401602259062
D06_S0_C003_T048,regulatory,XBP1,proteostasis,1.1152162981011495
D06_S0_C003_T048,regulatory,ATF4,stress_adaptation,1.3248905937657474
D06_S0_C003_T048,regulatory,NFkB,inflammation,1.3768473341455172
D06_S0_C004_T048,regulatory,XBP1,proteostasis,1.3432467750452368
D06_S0_C004_T048,regulatory,ATF4,stress_adaptation,1.466463973801079
D06_S0_C004_T048,regulatory,NFkB,inflammation,1.4794610487703566
D06_S0_C005_T048,regulatory,XBP1,proteostasis,1.270240181751483
D06_S0_C005_T048,regulatory,ATF4,stress_adaptation,1.425656118138464
D06_S0_C005_T048,regulatory,NFkB,inflammation,1.4466080817881672
D06_S0_C006_T048,regulatory,XBP1,proteostasis,0.901614618555683
D06_S0_C006_T048,regulatory,ATF4,stress_adaptation,1.1705421245103949
D06_S0_C006_T048,regulatory,NFkB,inflammation,1.2807265783500574
D06_S0_C007_T048,regulatory,XBP1,proteostasis,1.2029457822887255
D06_S0_C007_T048,regulatory,ATF4,stress_adaptation,1.332398929351461
D06_S0_C007_T048,regulatory,NFkB,inflammation,1.4163256020299264
D06_S0_C008_T048,regulatory,XBP1,proteostasis,0.8841428062593506
D06_S0_C008_T048,regulatory,ATF4,stress_adaptation,1.0822446494350886
D06_S0_C008_T048,regulatory,NFkB,inflammation,1.2728642628167077
D06_S0_C009_T048,regulatory,XBP1,proteostasis,1.4909888858297522
D06_S0_C009_T048,regulatory,ATF4,stress_adaptation,1.569142775789339
D06_S0_C009_T048,regulatory,NFkB,inflammation,1.5459449986233884
D06_S0_C010_T048,regulatory,XBP1,proteostasis,0.8540142886926135
D06_S0_C010_T048,regulatory,ATF4,stress_adaptation,1.0314090396062836
D06_S0_C010_T048,regulatory,NFkB,inflammation,1.1340482156973692
D06_S0_C011_T048,regulatory,XBP1,proteostasis,1.1743719401855512
D06_S0_C011_T048,regulatory,ATF4,stress_adaptation,1.3257673276462962
D06_S0_C011_T048,regulatory,NFkB,inflammation,1.4034673730834981
D06_S0_C012_T048,regulatory,XBP1,proteostasis,1.2433386899635028
D06_S0_C012_T048,regulatory,ATF4,stress_adaptation,1.3782312850963654
D06_S0_C012_T048,regulatory,NFkB,inflammation,1.4345024104835762
D06_S0_C013_T048,regulatory,XBP1,proteostasis,0.9429748435655222
D06_S0_C013_T048,regulatory,ATF4,stress_adaptation,1.1511604646045557
D06_S0_C013_T048,regulatory,NFkB,inflammation,1.299338679604485
D06_S0_C014_T048,regulatory,XBP1,proteostasis,1.3523393590738935
D06_S0_C014_T048,regulatory,ATF4,stress_adaptation,1.479020583398031
D06_S0_C014_T048,regulatory,NFkB,inflammation,1.483552711583252
D06_S0_C015_T048,regulatory,XBP1,proteostasis,1.195861081314574
D06_S0_C015_T048,regulatory,ATF4,stress_adaptation,1.352265910165126
D06_S0_C015_T048,regulatory,NFkB,inflammation,1.4131374865915585
D06_S0_C016_T048,regulatory,XBP1,proteostasis,1.2287536027590205
D06_S0_C016_T048,regulatory,ATF4,stress_adaptation,1.3609500202335036
D06_S0_C016_T048,regulatory,NFkB,inflammation,1.4279391212415593
D06_S0_C017_T048,regulatory,XBP1,proteostasis,1.088468063758662
D06_S0_C017_T048,regulatory,ATF4,stress_adaptation,1.2894907422012212
D06_S0_C017_T048,regulatory,NFkB,inflammation,1.364810628691398
D06_S0_C018_T048,regulatory,XBP1,proteostasis,1.3437415348959225
D06_S0_C018_T048,regulatory,ATF4,stress_adaptation,1.4734319976823498
D06_S0_C018_T048,regulatory,NFkB,inflammation,1.4796836907031652
D06_S0_C019_T048,regulatory,XBP1,proteostasis,1.1544403339414266
D06_S0_C019_T048,regulatory,ATF4,stress_adaptation,1.3300372636114788
D06_S0_C019_T048,regulatory,NFkB,inflammation,1.394498150273642
D06_S0_C020_T048,regulatory,XBP1,proteostasis,1.2868449287823274
D06_S0_C020_T048,regulatory,ATF4,stress_adaptation,1.4364492037085128
D06_S0_C020_T048,regulatory,NFkB,inflammation,1.4540802179520473
D06_S0_C021_T048,regulatory,XBP1,proteostasis,1.2243422280997642
D06_S0_C021_T048,regulatory,ATF4,stress_adaptation,1.3486433662655082
D06_S0_C021_T048,regulatory,NFkB,inflammation,1.344202375917955
D06_S0_C022_T048,regulatory,XBP1,proteostasis,1.1937906909258356
D06_S0_C022_T048,regulatory,ATF4,stress_adaptation,1.2992953102862383
D06_S0_C022_T048,regulatory,NFkB,inflammation,1.412205810916626
D06_S0_C023_T048,regulatory,XBP1,proteostasis,0.9847733841305012
D06_S0_C023_T048,regulatory,ATF4,stress_adaptation,1.2398077111132397
D06_S0_C023_T048,regulatory,NFkB,inflammation,1.3181480228587255
D06_S0_C024_T048,regulatory,XBP1,proteostasis,0.8478028055853483
D06_S0_C024_T048,regulatory,ATF4,stress_adaptation,1.1454920447909425
D06_S0_C024_T048,regulatory,NFkB,inflammation,1.2565112625134067
D06_S0_C025_T048,regulatory,XBP1,proteostasis,1.1056824310312958
D06_S0_C025_T048,regulatory,ATF4,stress_adaptation,1.2413813739809303
D06_S0_C025_T048,regulatory,NFkB,inflammation,1.3725570939640832
D06_S0_C026_T048,regulatory,XBP1,proteostasis,1.004583385867101
D06_S0_C026_T048,regulatory,ATF4,stress_adaptation,1.1926717298010752
D06_S0_C026_T048,regulatory,NFkB,inflammation,1.3270625236401954
D06_S0_C027_T048,regulatory,XBP1,proteostasis,1.2931048063977513
D06_S0_C027_T048,regulatory,ATF4,stress_adaptation,1.4405181241585385
D06_S0_C027_T048,regulatory,NFkB,inflammation,1.4568971628789882
D06_S0_C028_T048,regulatory,XBP1,proteostasis,1.2265396517196359
D06_S0_C028_T048,regulatory,ATF4,stress_adaptation,1.3972507736177633
D06_S0_C028_T048,regulatory,NFkB,inflammation,1.426942843273836
D06_S0_C029_T048,regulatory,XBP1,proteostasis,1.0977087232011244
D06_S0_C029_T048,regulatory,ATF4,stress_adaptation,1.2726906863936351
D06_S0_C029_T048,regulatory,NFkB,inflammation,1.368968925440506
D06_S0_C030_T048,regulatory,XBP1,proteostasis,0.8132799285857435
D06_S0_C030_T048,regulatory,ATF4,stress_adaptation,1.115775408722841
D06_S0_C030_T048,regulatory,NFkB,inflammation,1.2409759678635846
D06_S0_C031_T048,regulatory,XBP1,proteostasis,1.0813877481590268
D06_S0_C031_T048,regulatory,ATF4,stress_adaptation,1.3029020363033674
D06_S0_C031_T048,regulatory,NFkB,inflammation,1.361624486671562
D06_S0_C032_T048,regulatory,XBP1,proteostasis,1.1280593466423343
D06_S0_C032_T048,regulatory,ATF4,stress_adaptation,1.3332385753175173
D06_S0_C032_T048,regulatory,NFkB,inflammation,1.3826267059890505
D06_S0_C033_T048,regulatory,XBP1,proteostasis,1.3154950643359002
D06_S0_C033_T048,regulatory,ATF4,stress_adaptation,1.4344961489017933
D06_S0_C033_T048,regulatory,NFkB,inflammation,1.466972778951155
D06_S0_C034_T048,regulatory,XBP1,proteostasis,1.1001495684136287
D06_S0_C034_T048,regulatory,ATF4,stress_adaptation,1.3150972194688588
D06_S0_C034_T048,regulatory,NFkB,inflammation,1.370067305786133
D06_S0_C035_T048,regulatory,XBP1,proteostasis,1.0747296840935574
D06_S0_C035_T048,regulatory,ATF4,stress_adaptation,1.2581828262238988
D06_S0_C035_T048,regulatory,NFkB,inflammation,1.3586283578421008
D06_S1_C000_T000,regulatory,XBP1,proteostasis,0.5775946742104592
D06_S1_C000_T000,regulatory,ATF4,stress_adaptation,0.47259045646301795
D06_S1_C000_T000,regulatory,NFkB,inflammation,0.43373154816323634
D06_S1_C001_T000,regulatory,XBP1,proteostasis,0.7865387210985014
D06_S1_C001_T000,regulatory,ATF4,stress_adaptation,0.6507060127125974
D06_S1_C001_T000,regulatory,NFkB,inflammation,0.46862085909140416
D06_S1_C002_T000,regulatory,XBP1,proteostasis,0.5499449724281897
D06_S1_C002_T000,regulatory,ATF4,stress_adaptation,0.4832545599014193
D06_S1_C002_T000,regulatory,NFkB,inflammation,0.3727100719879081
D06_S1_C003_T000,regulatory,XBP1,proteostasis,0.7166206162740716
D06_S1_C003_T000,regulatory,ATF4,stress_adaptation,0.6044046864393897
D06_S1_C003_T000,regulatory,NFkB,inflammation,0.46096577069756983
D06_S1_C004_T000,regulatory,XBP1,proteostasis,0.511595862892477
D06_S1_C004_T000,regulatory,ATF4,stress_adaptation,0.4740260500183181
D06_S1_C004_T000,regulatory,NFkB,inflammation,0.37670841836509916
D06_S1_C005_T000,regulatory,XBP1,proteostasis,0.4736189165102299
D06_S1_C005_T000,regulatory,ATF4,stress_adaptation,0.4006547544160439
D06_S1_C005_T000,regulatory,NFkB,inflammation,0.47058685950695045
D06_S1_C006_T000,regulatory,XBP1,proteostasis,0.6296549509082048
D06_S1_C006_T000,regulatory,ATF4,stress_adaptation,0.5112916638425282
D06_S1_C006_T000,regulatory,NFkB,inflammation,0.4595240027004671
D06_S1_C007_T000,regulatory,XBP1,proteostasis,0.7160582289416838
D06_S1_C007_T000,regulatory,ATF4,stress_adaptation,0.5889733099351898
D06_S1_C007_T000,regulatory,NFkB,inflammation,0.4171534137536182
D06_S1_C008_T000,regulatory,XBP1,proteostasis,0.5392239411400399
D06_S1_C008_T000,regulatory,ATF4,stress_adaptation,0.5029867748061361
D06_S1_C008_T000,regulatory,NFkB,inflammation,0.363729213624367
D06_S1_C009_T000,regulatory,XBP1,proteostasis,0.4469085474905217
D06_S1_C009_T000,regulatory,ATF4,stress_adaptation,0.40124066351751736
D06_S1_C009_T000,regulatory,NFkB,inflammation,0.30331902532804667
D06_S1_C010_T000,regulatory,XBP1,proteostasis,0.6690539229845468
D06_S1_C010_T000,regulatory,ATF4,stress_adaptation,0.5327034671803907
D06_S1_C010_T000,regulatory,NFkB,inflammation,0.5563216697390334
D06_S1_C011_T000,regulatory,XBP1,proteostasis,0.39658407619859914
D06_S1_C011_T000,regulatory,ATF4,stress_adaptation,0.35883330699064847
D06_S1_C011_T000,regulatory,NFkB,inflammation,0.1955351214922342
D06_S1_C012_T000,regulatory,XBP1,proteostasis,0.49273514925795253
D06_S1_C012_T000,regulatory,ATF4,stress_adaptation,0.4409547250024771
D06_S1_C012_T000,regulatory,NFkB,inflammation,0.34389657984792615
D06_S1_C013_T000,regulatory,XBP1,proteostasis,0.7065384881129043
D06_S1_C013_T000,regulatory,ATF4,stress_adaptation,0.6070023287217815
D06_S1_C013_T000,regulatory,NFkB,inflammation,0.46788588986551327
D06_S1_C014_T000,regulatory,XBP1,proteostasis,0.7575958620441118
D06_S1_C014_T000,regulatory,ATF4,stress_adaptation,0.5888804598839418
D06_S1_C014_T000,regulatory,NFkB,inflammation,0.3880308330461275
D06_S1_C015_T000,regulatory,XBP1,proteostasis,0.5690865475395428
D06_S1_C015_T000,regulatory,ATF4,stress_adaptation,0.45500185583645103
D06_S1_C015_T000,regulatory,NFkB,inflammation,0.30520164695518387
D06_S1_C016_T000,regulatory,XBP1,proteostasis,0.36730079610190874
D06_S1_C016_T000,regulatory,ATF4,stress_adaptation,0.38254158139318495
D06_S1_C016_T000,regulatory,NFkB,inflammation,0.29761124629509195
D06_S1_C017_T000,regulatory,XBP1,proteostasis,0.4327678649921358
D06_S1_C017_T000,regulatory,ATF4,stress_adaptation,0.4118646742897642
D06_S1_C017_T000,regulatory,NFkB,inflammation,0.3236117871595111
D06_S1_C018_T000,regulatory,XBP1,proteostasis,0.6718728689183956
D06_S1_C018_T000,regulatory,ATF4,stress_adaptation,0.5181118901321798
D06_S1_C018_T000,regulatory,NFkB,inflammation,0.547805464025956
D06_S1_C019_T000,regulatory,XBP1,proteostasis,0.80377542374423
D06_S1_C019_T000,regulatory,ATF4,stress_adaptation,0.6128100338883941
D06_S1_C019_T000,regulatory,NFkB,inflammation,0.5375219305593346
D06_S1_C020_T000,regulatory,XBP1,proteostasis,0.35536410538117535
D06_S1_C020_T000,regulatory,ATF4,stress_adaptation,0.30881887945023345
D06_S1_C020_T000,regulatory,NFkB,inflammation,0.2074163197202071
D06_S1_C021_T000,regulatory,XBP1,proteostasis,0.6890529995095322
D06_S1_C021_T000,regulatory,ATF4,stress_adaptation,0.531850107330349
D06_S1_C021_T000,regulatory,NFkB,inflammation,0.4797009575713979
D06_S1_C022_T000,regulatory,XBP1,proteostasis,0.810567212694789
D06_S1_C022_T000,regulatory,ATF4,stress_adaptation,0.6461180675606
D06_S1_C022_T000,regulatory,NFkB,inflammation,0.48315284602596403
D06_S1_C023_T000,regulatory,XBP1,proteostasis,0.3156200379025468
D06_S1_C023_T000,regulatory,ATF4,stress_adaptation,0.2980918373695567
D06_S1_C023_T000,regulatory,NFkB,inflammation,0.3952485538041413
D06_S1_C024_T000,regulatory,XBP1,proteostasis,0.4484798456035687
D06_S1_C024_T000,regulatory,ATF4,stress_adaptation,0.4291293353644502
D06_S1_C024_T000,regulatory,NFkB,inflammation,0.31859926680127326
D06_S1_C025_T000,regulatory,XBP1,proteostasis,0.814465962862692
D06_S1_C025_T000,regulatory,ATF4,stress_adaptation,0.6130778043708052
D06_S1_C025_T000,regulatory,NFkB,inflammation,0.41135347133362576
D06_S1_C026_T000,regulatory,XBP1,proteostasis,0.689286297901467
D06_S1_C026_T000,regulatory,ATF4,stress_adaptation,0.561590974563824
D06_S1_C026_T000,regulatory,NFkB,inflammation,0.4224394514939497
D06_S1_C027_T000,regulatory,XBP1,proteostasis,0.2651638640487982
D06_S1_C027_T000,regulatory,ATF4,stress_adaptation,0.258753839537122
D06_S1_C027_T000,regulatory,NFkB,inflammation,0.2998927401090163
D06_S1_C028_T000,regulatory,XBP1,proteostasis,0.8377164778030303
D06_S1_C028_T000,regulatory,ATF4,stress_adaptation,0.6840565451355949
D06_S1_C028_T000,regulatory,NFkB,inflammation,0.486934224942637
D06_S1_C029_T000,regulatory,XBP1,proteostasis,0.5798060249523591
D06_S1_C029_T000,regulatory,ATF4,stress_adaptation,0.4419349654752983
D06_S1_C029_T000,regulatory,NFkB,inflammation,0.40637388405604313
D06_S1_C030_T000,regulatory,XBP1,proteostasis,0.23985768832718107
D06_S1_C030_T000,regulatory,ATF4,stress_adaptation,0.30063278314446873
D06_S1_C030_T000,regulatory,NFkB,inflammation,0.24265155701648772
D06_S1_C031_T000,regulatory,XBP1,proteostasis,0.710311342407983
D06_S1_C031_T000,regulatory,ATF4,stress_adaptation,0.6018345969750634
D06_S1_C031_T000,regulatory,NFkB,inflammation,0.46032680004497817
D06_S1_C032_T000,regulatory,XBP1,proteostasis,0.6365103524520213
D06_S1_C032_T000,regulatory,ATF4,stress_adaptation,0.5459130367447078
D06_S1_C032_T000,regulatory,NFkB,inflammation,0.4151309823006423
D06_S1_C033_T000,regulatory,XBP1,proteostasis,0.6404959590599946
D06_S1_C033_T000,regulatory,ATF4,stress_adaptation,0.4977000052313927
D06_S1_C033_T000,regulatory,NFkB,inflammation,0.3144110146596521
D06_S1_C034_T000,regulatory,XBP1,proteostasis,0.7429359059736191
D06_S1_C034_T000,regulatory,ATF4,stress_adaptation,0.5792442853908985
D06_S1_C034_T000,regulatory,NFkB,inflammation,0.359338524406779
D06_S1_C035_T000,regulatory,XBP1,proteostasis,0.4672537219752932
D06_S1_C035_T000,regulatory,ATF4,stress_adaptation,0.3892090944435618
D06_S1_C035_T000,regulatory,NFkB,inflammation,0.22039194306730173
D06_S1_C000_T012,regulatory,XBP1,proteostasis,0.5901897797306139
D06_S1_C000_T012,regulatory,ATF4,stress_adaptation,0.5416061028345024
D06_S1_C000_T012,regulatory,NFkB,inflammation,0.5339028747084438
D06_S1_C001_T012,regulatory,XBP1,proteostasis,0.8714381959184224
D06_S1_C001_T012,regulatory,ATF4,stress_adaptation,0.7708529604244676
D06_S1_C001_T012,regulatory,NFkB,inflammation,0.634673419906752
D06_S1_C002_T012,regulatory,XBP1,proteostasis,0.6871288488226017
D06_S1_C002_T012,regulatory,ATF4,stress_adaptation,0.6609737798634829
D06_S1_C002_T012,regulatory,NFkB,inflammation,0.5482402750748735
D06_S1_C003_T012,regulatory,XBP1,proteostasis,0.7901209043822149
D06_S1_C003_T012,regulatory,ATF4,stress_adaptation,0.7273889100601483
D06_S1_C003_T012,regulatory,NFkB,inflammation,0.6051678480750904
D06_S1_C004_T012,regulatory,XBP1,proteostasis,0.614099939084029
D06_S1_C004_T012,regulatory,ATF4,stress_adaptation,0.5939147962825733
D06_S1_C004_T012,regulatory,NFkB,inflammation,0.5564342856953619
D06_S1_C005_T012,regulatory,XBP1,proteostasis,0.578400922036685
D06_S1_C005_T012,regulatory,ATF4,stress_adaptation,0.5552977724906484
D06_S1_C005_T012,regulatory,NFkB,inflammation,0.5940337958766906
D06_S1_C006_T012,regulatory,XBP1,proteostasis,0.8251846242876678
D06_S1_C006_T012,regulatory,ATF4,stress_adaptation,0.7210952835147095
D06_S1_C006_T012,regulatory,NFkB,inflammation,0.6400898610624148
D06_S1_C007_T012,regulatory,XBP1,proteostasis,0.8622765920424921
D06_S1_C007_T012,regulatory,ATF4,stress_adaptation,0.7657978747433684
D06_S1_C007_T012,regulatory,NFkB,inflammation,0.5874936693594526
D06_S1_C008_T012,regulatory,XBP1,proteostasis,0.5928722691837339
D06_S1_C008_T012,regulatory,ATF4,stress_adaptation,0.6077309123956546
D06_S1_C008_T012,regulatory,NFkB,inflammation,0.5192753264848686
D06_S1_C009_T012,regulatory,XBP1,proteostasis,0.5602999574496484
D06_S1_C009_T012,regulatory,ATF4,stress_adaptation,0.5367145082594469
D06_S1_C009_T012,regulatory,NFkB,inflammation,0.4515187779673294
D06_S1_C010_T012,regulatory,XBP1,proteostasis,0.8818861963786713
D06_S1_C010_T012,regulatory,ATF4,stress_adaptation,0.7608788570883532
D06_S1_C010_T012,regulatory,NFkB,inflammation,0.6839479067624228
D06_S1_C011_T012,regulatory,XBP1,proteostasis,0.48849936522988974
D06_S1_C011_T012,regulatory,ATF4,stress_adaptation,0.4967093215057725
D06_S1_C011_T012,regulatory,NFkB,inflammation,0.3199041209316216
D06_S1_C012_T012,regulatory,XBP1,proteostasis,0.6209970228894557
D06_S1_C012_T012,regulatory,ATF4,stress_adaptation,0.5855319289539964
D06_S1_C012_T012,regulatory,NFkB,inflammation,0.4890749811197128
D06_S1_C013_T012,regulatory,XBP1,proteostasis,0.8055280585939102
D06_S1_C013_T012,regulatory,ATF4,stress_adaptation,0.739616305521481
D06_S1_C013_T012,regulatory,NFkB,inflammation,0.6318556085139171
D06_S1_C014_T012,regulatory,XBP1,proteostasis,0.847640075893417
D06_S1_C014_T012,regulatory,ATF4,stress_adaptation,0.7284954801741998
D06_S1_C014_T012,regulatory,NFkB,inflammation,0.5515562941353738
D06_S1_C015_T012,regulatory,XBP1,proteostasis,0.7221700790726752
D06_S1_C015_T012,regulatory,ATF4,stress_adaptation,0.6534149748034005
D06_S1_C015_T012,regulatory,NFkB,inflammation,0.48864847205206563
D06_S1_C016_T012,regulatory,XBP1,proteostasis,0.4549629160754252
D06_S1_C016_T012,regulatory,ATF4,stress_adaptation,0.5054698130448423
D06_S1_C016_T012,regulatory,NFkB,inflammation,0.44034904645095435
D06_S1_C017_T012,regulatory,XBP1,proteostasis,0.5090583102677042
D06_S1_C017_T012,regulatory,ATF4,stress_adaptation,0.5341299655072993
D06_S1_C017_T012,regulatory,NFkB,inflammation,0.44880935959505286
D06_S1_C018_T012,regulatory,XBP1,proteostasis,0.8166289453195275
D06_S1_C018_T012,regulatory,ATF4,stress_adaptation,0.7089869829080946
D06_S1_C018_T012,regulatory,NFkB,inflammation,0.6781246806441126
D06_S1_C019_T012,regulatory,XBP1,proteostasis,0.9111881949189893
D06_S1_C019_T012,regulatory,ATF4,stress_adaptation,0.7892173624751748
D06_S1_C019_T012,regulatory,NFkB,inflammation,0.6548807768340696
D06_S1_C020_T012,regulatory,XBP1,proteostasis,0.50162030955565
D06_S1_C020_T012,regulatory,ATF4,stress_adaptation,0.47826767600310655
D06_S1_C020_T012,regulatory,NFkB,inflammation,0.30873750167302716
D06_S1_C021_T012,regulatory,XBP1,proteostasis,0.8126016231321306
D06_S1_C021_T012,regulatory,ATF4,stress_adaptation,0.7159999219808306
D06_S1_C021_T012,regulatory,NFkB,inflammation,0.6020749072291939
D06_S1_C022_T012,regulatory,XBP1,proteostasis,0.9276533487240488
D06_S1_C022_T012,regulatory,ATF4,stress_adaptation,0.8206299516147993
D06_S1_C022_T012,regulatory,NFkB,inflammation,0.6143959324724017
D06_S1_C023_T012,regulatory,XBP1,proteostasis,0.524074638055693
D06_S1_C023_T012,regulatory,ATF4,stress_adaptation,0.5150200535001902
D06_S1_C023_T012,regulatory,NFkB,inflammation,0.5461170112910476
D06_S1_C024_T012,regulatory,XBP1,proteostasis,0.5990356131736694
D06_S1_C024_T012,regulatory,ATF4,stress_adaptation,0.5969851791747302
D06_S1_C024_T012,regulatory,NFkB,inflammation,0.5102098076872353
D06_S1_C025_T012,regulatory,XBP1,proteostasis,0.9317205958204584
D06_S1_C025_T012,regulatory,ATF4,stress_adaptation,0.7891245085426045
D06_S1_C025_T012,regulatory,NFkB,inflammation,0.6006139134430106
D06_S1_C026_T012,regulatory,XBP1,proteostasis,0.7862077492626188
D06_S1_C026_T012,regulatory,ATF4,stress_adaptation,0.7045128759895789
D06_S1_C026_T012,regulatory,NFkB,inflammation,0.5768083826174459
D06_S1_C027_T012,regulatory,XBP1,proteostasis,0.30343863752724376
D06_S1_C027_T012,regulatory,ATF4,stress_adaptation,0.3599354228103483
D06_S1_C027_T012,regulatory,NFkB,inflammation,0.38023413641391235
D06_S1_C028_T012,regulatory,XBP1,proteostasis,0.9351318512404551
D06_S1_C028_T012,regulatory,ATF4,stress_adaptation,0.8166000928230981
D06_S1_C028_T012,regulatory,NFkB,inflammation,0.6492516065040453
D06_S1_C029_T012,regulatory,XBP1,proteostasis,0.6828440803955969
D06_S1_C029_T012,regulatory,ATF4,stress_adaptation,0.5629970626440267
D06_S1_C029_T012,regulatory,NFkB,inflammation,0.5599200163196708
D06_S1_C030_T012,regulatory,XBP1,proteostasis,0.3756080367682209
D06_S1_C030_T012,regulatory,ATF4,stress_adaptation,0.4460921265740566
D06_S1_C030_T012,regulatory,NFkB,inflammation,0.4186046546190211
D06_S1_C031_T012,regulatory,XBP1,proteostasis,0.8017894200279689
D06_S1_C031_T012,regulatory,ATF4,stress_adaptation,0.7430336613441653
D06_S1_C031_T012,regulatory,NFkB,inflammation,0.6263600458956042
D06_S1_C032_T012,regulatory,XBP1,proteostasis,0.7567189950400801
D06_S1_C032_T012,regulatory,ATF4,stress_adaptation,0.6886342811253209
D06_S1_C032_T012,regulatory,NFkB,inflammation,0.5452776975596029
D06_S1_C033_T012,regulatory,XBP1,proteostasis,0.7676576634087462
D06_S1_C033_T012,regulatory,ATF4,stress_adaptation,0.6721823641903375
D06_S1_C033_T012,regulatory,NFkB,inflammation,0.4738485588486839
D06_S1_C034_T012,regulatory,XBP1,proteostasis,0.8114306832445081
D06_S1_C034_T012,regulatory,ATF4,stress_adaptation,0.7247245047609805
D06_S1_C034_T012,regulatory,NFkB,inflammation,0.48072625029247606
D06_S1_C035_T012,regulatory,XBP1,proteostasis,0.6475009728729172
D06_S1_C035_T012,regulatory,ATF4,stress_adaptation,0.6034143869269315
D06_S1_C035_T012,regulatory,NFkB,inflammation,0.4244504236423695
D06_S1_C000_T024,regulatory,XBP1,proteostasis,0.8009422639767438
D06_S1_C000_T024,regulatory,ATF4,stress_adaptation,0.7587399838405778
D06_S1_C000_T024,regulatory,NFkB,inflammation,0.7895761106490764
D06_S1_C001_T024,regulatory,XBP1,proteostasis,1.101856974762995
D06_S1_C001_T024,regulatory,ATF4,stress_adaptation,1.041691663077669
D06_S1_C001_T024,regulatory,NFkB,inflammation,0.9250579474022391
D06_S1_C002_T024,regulatory,XBP1,proteostasis,0.8240655250056208
D06_S1_C002_T024,regulatory,ATF4,stress_adaptation,0.8570460114036831
D06_S1_C002_T024,regulatory,NFkB,inflammation,0.8033786988681627
D06_S1_C003_T024,regulatory,XBP1,proteostasis,0.9025934533738411
D06_S1_C003_T024,regulatory,ATF4,stress_adaptation,0.9077079532567125
D06_S1_C003_T024,regulatory,NFkB,inflammation,0.8208621488368983
D06_S1_C004_T024,regulatory,XBP1,proteostasis,0.7588477760671863
D06_S1_C004_T024,regulatory,ATF4,stress_adaptation,0.7883693224183201
D06_S1_C004_T024,regulatory,NFkB,inflammation,0.8043794470972172
D06_S1_C005_T024,regulatory,XBP1,proteostasis,0.7093151570437546
D06_S1_C005_T024,regulatory,ATF4,stress_adaptation,0.7482681126775562
D06_S1_C005_T024,regulatory,NFkB,inflammation,0.8092582035683964
D06_S1_C006_T024,regulatory,XBP1,proteostasis,0.9355862693353965
D06_S1_C006_T024,regulatory,ATF4,stress_adaptation,0.8993367020393299
D06_S1_C006_T024,regulatory,NFkB,inflammation,0.8330913575397809
D06_S1_C007_T024,regulatory,XBP1,proteostasis,0.9469059258515714
D06_S1_C007_T024,regulatory,ATF4,stress_adaptation,0.9211690196653062
D06_S1_C007_T024,regulatory,NFkB,inflammation,0.8028073538270938
D06_S1_C008_T024,regulatory,XBP1,proteostasis,0.7962621305339156
D06_S1_C008_T024,regulatory,ATF4,stress_adaptation,0.8213110353851076
D06_S1_C008_T024,regulatory,NFkB,inflammation,0.8211161647630982
D06_S1_C009_T024,regulatory,XBP1,proteostasis,0.6894399464822663
D06_S1_C009_T024,regulatory,ATF4,stress_adaptation,0.7097823647560704
D06_S1_C009_T024,regulatory,NFkB,inflammation,0.6638083092644906
D06_S1_C010_T024,regulatory,XBP1,proteostasis,1.0212542690332311
D06_S1_C010_T024,regulatory,ATF4,stress_adaptation,0.9765361926952183
D06_S1_C010_T024,regulatory,NFkB,inflammation,0.9155437246977769
D06_S1_C011_T024,regulatory,XBP1,proteostasis,0.6712694116217847
D06_S1_C011_T024,regulatory,ATF4,stress_adaptation,0.7160948812046317
D06_S1_C011_T024,regulatory,NFkB,inflammation,0.523284101925722
D06_S1_C012_T024,regulatory,XBP1,proteostasis,0.7851351499085074
D06_S1_C012_T024,regulatory,ATF4,stress_adaptation,0.7744580896084583
D06_S1_C012_T024,regulatory,NFkB,inflammation,0.7438386819511204
D06_S1_C013_T024,regulatory,XBP1,proteostasis,0.968253039758845
D06_S1_C013_T024,regulatory,ATF4,stress_adaptation,0.9551417767353283
D06_S1_C013_T024,regulatory,NFkB,inflammation,0.8778868891930622
D06_S1_C014_T024,regulatory,XBP1,proteostasis,1.0363879734433799
D06_S1_C014_T024,regulatory,ATF4,stress_adaptation,0.9633329655772873
D06_S1_C014_T024,regulatory,NFkB,inflammation,0.8573192595188415
D06_S1_C015_T024,regulatory,XBP1,proteostasis,0.8762776967042872
D06_S1_C015_T024,regulatory,ATF4,stress_adaptation,0.8749350686474462
D06_S1_C015_T024,regulatory,NFkB,inflammation,0.75324711356432
D06_S1_C016_T024,regulatory,XBP1,proteostasis,0.5842235249742509
D06_S1_C016_T024,regulatory,ATF4,stress_adaptation,0.6956569421505581
D06_S1_C016_T024,regulatory,NFkB,inflammation,0.6677010495262641
D06_S1_C017_T024,regulatory,XBP1,proteostasis,0.6912436787848221
D06_S1_C017_T024,regulatory,ATF4,stress_adaptation,0.7473817539651695
D06_S1_C017_T024,regulatory,NFkB,inflammation,0.712352349975387
D06_S1_C018_T024,regulatory,XBP1,proteostasis,0.9506247113928153
D06_S1_C018_T024,regulatory,ATF4,stress_adaptation,0.9052802233365251
D06_S1_C018_T024,regulatory,NFkB,inflammation,0.8865896951330658
D06_S1_C019_T024,regulatory,XBP1,proteostasis,1.1287687369669381
D06_S1_C019_T024,regulatory,ATF4,stress_adaptation,1.0424335361002757
D06_S1_C019_T024,regulatory,NFkB,inflammation,0.9270668420618736
D06_S1_C020_T024,regulatory,XBP1,proteostasis,0.7070795541735835
D06_S1_C020_T024,regulatory,ATF4,stress_adaptation,0.7112292667720084
D06_S1_C020_T024,regulatory,NFkB,inflammation,0.5129411075297954
D06_S1_C021_T024,regulatory,XBP1,proteostasis,1.0326069377036438
D06_S1_C021_T024,regulatory,ATF4,stress_adaptation,0.9660380215636124
D06_S1_C021_T024,regulatory,NFkB,inflammation,0.8799576801240385
D06_S1_C022_T024,regulatory,XBP1,proteostasis,1.0717167223730188
D06_S1_C022_T024,regulatory,ATF4,stress_adaptation,1.0218458004343962
D06_S1_C022_T024,regulatory,NFkB,inflammation,0.8792550739319023
D06_S1_C023_T024,regulatory,XBP1,proteostasis,0.6029480775418256
D06_S1_C023_T024,regulatory,ATF4,stress_adaptation,0.6765436861348448
D06_S1_C023_T024,regulatory,NFkB,inflammation,0.768802747834953
D06_S1_C024_T024,regulatory,XBP1,proteostasis,0.6832657745104721
D06_S1_C024_T024,regulatory,ATF4,stress_adaptation,0.7528813891957397
D06_S1_C024_T024,regulatory,NFkB,inflammation,0.7704765930803733
D06_S1_C025_T024,regulatory,XBP1,proteostasis,1.133863374478939
D06_S1_C025_T024,regulatory,ATF4,stress_adaptation,1.0393790883624363
D06_S1_C025_T024,regulatory,NFkB,inflammation,0.8746807855141218
D06_S1_C026_T024,regulatory,XBP1,proteostasis,0.8919283826599776
D06_S1_C026_T024,regulatory,ATF4,stress_adaptation,0.8540988571501309
D06_S1_C026_T024,regulatory,NFkB,inflammation,0.7811196687561845
D06_S1_C027_T024,regulatory,XBP1,proteostasis,0.5064697898008742
D06_S1_C027_T024,regulatory,ATF4,stress_adaptation,0.5906676867786089
D06_S1_C027_T024,regulatory,NFkB,inflammation,0.6016163223726461
D06_S1_C028_T024,regulatory,XBP1,proteostasis,1.0627888183141097
D06_S1_C028_T024,regulatory,ATF4,stress_adaptation,1.0033789224369596
D06_S1_C028_T024,regulatory,NFkB,inflammation,0.8958901748052366
D06_S1_C029_T024,regulatory,XBP1,proteostasis,0.8164463389982014
D06_S1_C029_T024,regulatory,ATF4,stress_adaptation,0.7452699619132419
D06_S1_C029_T024,regulatory,NFkB,inflammation,0.778466900686521
D06_S1_C030_T024,regulatory,XBP1,proteostasis,0.5381552477931157
D06_S1_C030_T024,regulatory,ATF4,stress_adaptation,0.6592789711578781
D06_S1_C030_T024,regulatory,NFkB,inflammation,0.6961045220074189
D06_S1_C031_T024,regulatory,XBP1,proteostasis,0.9743998721367968
D06_S1_C031_T024,regulatory,ATF4,stress_adaptation,0.9621726006985318
D06_S1_C031_T024,regulatory,NFkB,inflammation,0.924457138854857
D06_S1_C032_T024,regulatory,XBP1,proteostasis,0.8271597351858753
D06_S1_C032_T024,regulatory,ATF4,stress_adaptation,0.8351104740092972
D06_S1_C032_T024,regulatory,NFkB,inflammation,0.7357570256531879
D06_S1_C033_T024,regulatory,XBP1,proteostasis,0.9700488050517999
D06_S1_C033_T024,regulatory,ATF4,stress_adaptation,0.9241455559203426
D06_S1_C033_T024,regulatory,NFkB,inflammation,0.7655867430710956
D06_S1_C034_T024,regulatory,XBP1,proteostasis,0.9790631264664591
D06_S1_C034_T024,regulatory,ATF4,stress_adaptation,0.9503470833596743
D06_S1_C034_T024,regulatory,NFkB,inflammation,0.7102221949295826
D06_S1_C035_T024,regulatory,XBP1,proteostasis,0.7506617018365734
D06_S1_C035_T024,regulatory,ATF4,stress_adaptation,0.7944411623033368
D06_S1_C035_T024,regulatory,NFkB,inflammation,0.6572536847456663
D06_S1_C000_T048,regulatory,XBP1,proteostasis,1.0212930615500517
D06_S1_C000_T048,regulatory,ATF4,stress_adaptation,1.1728671804099244
D06_S1_C000_T048,regulatory,NFkB,inflammation,1.3345818776975233
D06_S1_C001_T048,regulatory,XBP1,proteostasis,1.4087939791492146
D06_S1_C001_T048,regulatory,ATF4,stress_adaptation,1.5157160864469896
D06_S1_C001_T048,regulatory,NFkB,inflammation,1.5089572906171465
D06_S1_C002_T048,regulatory,XBP1,proteostasis,1.1029956333975093
D06_S1_C002_T048,regulatory,ATF4,stress_adaptation,1.3096277072330045
D06_S1_C002_T048,regulatory,NFkB,inflammation,1.3713480350288791
D06_S1_C003_T048,regulatory,XBP1,proteostasis,1.2431398862000227
D06_S1_C003_T048,regulatory,ATF4,stress_adaptation,1.4080409260300148
D06_S1_C003_T048,regulatory,NFkB,inflammation,1.4344129487900101
D06_S1_C004_T048,regulatory,XBP1,proteostasis,1.0262988023862742
D06_S1_C004_T048,regulatory,ATF4,stress_adaptation,1.2390807375982176
D06_S1_C004_T048,regulatory,NFkB,inflammation,1.3368344610738234
D06_S1_C005_T048,regulatory,XBP1,proteostasis,1.0363513937260729
D06_S1_C005_T048,regulatory,ATF4,stress_adaptation,1.2450676802197247
D06_S1_C005_T048,regulatory,NFkB,inflammation,1.3413581271767328
D06_S1_C006_T048,regulatory,XBP1,proteostasis,1.1784299010922499
D06_S1_C006_T048,regulatory,ATF4,stress_adaptation,1.31268032120447
D06_S1_C006_T048,regulatory,NFkB,inflammation,1.4052934554915124
D06_S1_C007_T048,regulatory,XBP1,proteostasis,1.2136163904674573
D06_S1_C007_T048,regulatory,ATF4,stress_adaptation,1.38397107701812
D06_S1_C007_T048,regulatory,NFkB,inflammation,1.4211273757103557
D06_S1_C008_T048,regulatory,XBP1,proteostasis,1.086545915895118
D06_S1_C008_T048,regulatory,ATF4,stress_adaptation,1.3062290946421675
D06_S1_C008_T048,regulatory,NFkB,inflammation,1.3639456621528032
D06_S1_C009_T048,regulatory,XBP1,proteostasis,0.9428442387282704
D06_S1_C009_T048,regulatory,ATF4,stress_adaptation,1.1252378426479153
D06_S1_C009_T048,regulatory,NFkB,inflammation,1.2992799074277217
D06_S1_C010_T048,regulatory,XBP1,proteostasis,1.3321623701771728
D06_S1_C010_T048,regulatory,ATF4,stress_adaptation,1.4553443709696083
D06_S1_C010_T048,regulatory,NFkB,inflammation,1.4744730665797277
D06_S1_C011_T048,regulatory,XBP1,proteostasis,0.9482332047801354
D06_S1_C011_T048,regulatory,ATF4,stress_adaptation,1.1497123862304992
D06_S1_C011_T048,regulatory,NFkB,inflammation,1.1632734067829342
D06_S1_C012_T048,regulatory,XBP1,proteostasis,1.0240257795759715
D06_S1_C012_T048,regulatory,ATF4,stress_adaptation,1.1816820421356502
D06_S1_C012_T048,regulatory,NFkB,inflammation,1.3358116008091871
D06_S1_C013_T048,regulatory,XBP1,proteostasis,1.252267287117809
D06_S1_C013_T048,regulatory,ATF4,stress_adaptation,1.413973736626576
D06_S1_C013_T048,regulatory,NFkB,inflammation,1.438520279203014
D06_S1_C014_T048,regulatory,XBP1,proteostasis,1.3441489373213082
D06_S1_C014_T048,regulatory,ATF4,stress_adaptation,1.4736968092588505
D06_S1_C014_T048,regulatory,NFkB,inflammation,1.4798670217945888
D06_S1_C015_T048,regulatory,XBP1,proteostasis,1.1947100496184269
D06_S1_C015_T048,regulatory,ATF4,stress_adaptation,1.3765615322519775
D06_S1_C015_T048,regulatory,NFkB,inflammation,1.412619522328292
D06_S1_C016_T048,regulatory,XBP1,proteostasis,0.8909061992656709
D06_S1_C016_T048,regulatory,ATF4,stress_adaptation,1.166636121158737
D06_S1_C016_T048,regulatory,NFkB,inflammation,1.2759077896695519
D06_S1_C017_T048,regulatory,XBP1,proteostasis,0.9421343709899034
D06_S1_C017_T048,regulatory,ATF4,stress_adaptation,1.1490242663098504
D06_S1_C017_T048,regulatory,NFkB,inflammation,1.2989604669454566
D06_S1_C018_T048,regulatory,XBP1,proteostasis,1.281683818535007
D06_S1_C018_T048,regulatory,ATF4,stress_adaptation,1.4118805713285012
D06_S1_C018_T048,regulatory,NFkB,inflammation,1.4517577183407533
D06_S1_C019_T048,regulatory,XBP1,proteostasis,1.4153057539552765
D06_S1_C019_T048,regulatory,ATF4,stress_adaptation,1.5199487400709297
D06_S1_C019_T048,regulatory,NFkB,inflammation,1.5118875892798744
D06_S1_C020_T048,regulatory,XBP1,proteostasis,0.9247152951145372
D06_S1_C020_T048,regulatory,ATF4,stress_adaptation,1.1184338394055007
D06_S1_C020_T048,regulatory,NFkB,inflammation,1.0866420027539805
D06_S1_C021_T048,regulatory,XBP1,proteostasis,1.3084804873614369
D06_S1_C021_T048,regulatory,ATF4,stress_adaptation,1.445219664190451
D06_S1_C021_T048,regulatory,NFkB,inflammation,1.4638162193126467
D06_S1_C022_T048,regulatory,XBP1,proteostasis,1.3748990049447034
D06_S1_C022_T048,regulatory,ATF4,stress_adaptation,1.4936843532140573
D06_S1_C022_T048,regulatory,NFkB,inflammation,1.4937045522251164
D06_S1_C023_T048,regulatory,XBP1,proteostasis,0.9113448969826108
D06_S1_C023_T048,regulatory,ATF4,stress_adaptation,1.1477082841735218
D06_S1_C023_T048,regulatory,NFkB,inflammation,1.2851052036421748
D06_S1_C024_T048,regulatory,XBP1,proteostasis,1.0242520227218415
D06_S1_C024_T048,regulatory,ATF4,stress_adaptation,1.2590023669280366
D06_S1_C024_T048,regulatory,NFkB,inflammation,1.3359134102248287
D06_S1_C025_T048,regulatory,XBP1,proteostasis,1.4078742288117039
D06_S1_C025_T048,regulatory,ATF4,stress_adaptation,1.502349131649644
D06_S1_C025_T048,regulatory,NFkB,inflammation,1.508543402965267
D06_S1_C026_T048,regulatory,XBP1,proteostasis,1.1509579764418654
D06_S1_C026_T048,regulatory,ATF4,stress_adaptation,1.2752305272346567
D06_S1_C026_T048,regulatory,NFkB,inflammation,1.3929310893988394
D06_S1_C027_T048,regulatory,XBP1,proteostasis,0.8535742323224595
D06_S1_C027_T048,regulatory,ATF4,stress_adaptation,1.1002227162401421
D06_S1_C027_T048,regulatory,NFkB,inflammation,1.2591084045451069
D06_S1_C028_T048,regulatory,XBP1,proteostasis,1.3816565641067877
D06_S1_C028_T048,regulatory,ATF4,stress_adaptation,1.491403147291876
D06_S1_C028_T048,regulatory,NFkB,inflammation,1.4967454538480545
D06_S1_C029_T048,regulatory,XBP1,proteostasis,1.158334360580757
D06_S1_C029_T048,regulatory,ATF4,stress_adaptation,1.2258858983918017
D06_S1_C029_T048,regulatory,NFkB,inflammation,1.3962504622613405
D06_S1_C030_T048,regulatory,XBP1,proteostasis,0.8578435712497772
D06_S1_C030_T048,regulatory,ATF4,stress_adaptation,1.143870163494901
D06_S1_C030_T048,regulatory,NFkB,inflammation,1.2610296070623996
D06_S1_C031_T048,regulatory,XBP1,proteostasis,1.3051155788534923
D06_S1_C031_T048,regulatory,ATF4,stress_adaptation,1.44832512625477
D06_S1_C031_T048,regulatory,NFkB,inflammation,1.4623020104840716
D06_S1_C032_T048,regulatory,XBP1,proteostasis,1.120530028185385
D06_S1_C032_T048,regulatory,ATF4,stress_adaptation,1.2928984454609749
D06_S1_C032_T048,regulatory,NFkB,inflammation,1.3792385126834232
D06_S1_C033_T048,regulatory,XBP1,proteostasis,1.2763871686095438
D06_S1_C033_T048,regulatory,ATF4,stress_adaptation,1.4175757096681507
D06_S1_C033_T048,regulatory,NFkB,inflammation,1.4493742258742948
D06_S1_C034_T048,regulatory,XBP1,proteostasis,1.2696997411347317
D06_S1_C034_T048,regulatory,ATF4,stress_adaptation,1.3958223406228603
D06_S1_C034_T048,regulatory,NFkB,inflammation,1.4463648835106293
D06_S1_C035_T048,regulatory,XBP1,proteostasis,1.1058882150146687
D06_S1_C035_T048,regulatory,ATF4,stress_adaptation,1.318827339759535
D06_S1_C035_T048,regulatory,NFkB,inflammation,1.3726496967566009
D07_S0_C000_T000,regulatory,XBP1,proteostasis,0.4765809360823139
D07_S0_C000_T000,regulatory,ATF4,stress_adaptation,0.41019906056746414
D07_S0_C000_T000,regulatory,NFkB,inflammation,0.4844932768876301
D07_S0_C001_T000,regulatory,XBP1,proteostasis,0.4580265540875671
D07_S0_C001_T000,regulatory,ATF4,stress_adaptation,0.42255023829259447
D07_S0_C001_T000,regulatory,NFkB,inflammation,0.23941672280439394
D07_S0_C002_T000,regulatory,XBP1,proteostasis,0.4335341607683905
D07_S0_C002_T000,regulatory,ATF4,stress_adaptation,0.40475680732301866
D07_S0_C002_T000,regulatory,NFkB,inflammation,0.2673187919230252
D07_S0_C003_T000,regulatory,XBP1,proteostasis,0.4054424682854482
D07_S0_C003_T000,regulatory,ATF4,stress_adaptation,0.4050615929083912
D07_S0_C003_T000,regulatory,NFkB,inflammation,0.24261917231238328
D07_S0_C004_T000,regulatory,XBP1,proteostasis,0.7542354854996879
D07_S0_C004_T000,regulatory,ATF4,stress_adaptation,0.6115642332617245
D07_S0_C004_T000,regulatory,NFkB,inflammation,0.6103024588514594
D07_S0_C005_T000,regulatory,XBP1,proteostasis,0.7595311275871454
D07_S0_C005_T000,regulatory,ATF4,stress_adaptation,0.6310816514333408
D07_S0_C005_T000,regulatory,NFkB,inflammation,0.560134358810926
D07_S0_C006_T000,regulatory,XBP1,proteostasis,0.6092425726330009
D07_S0_C006_T000,regulatory,ATF4,stress_adaptation,0.5507629254845652
D07_S0_C006_T000,regulatory,NFkB,inflammation,0.4355368975021982
D07_S0_C007_T000,regulatory,XBP1,proteostasis,0.7074663624462667
D07_S0_C007_T000,regulatory,ATF4,stress_adaptation,0.5870062000203989
D07_S0_C007_T000,regulatory,NFkB,inflammation,0.6086063844966101
D07_S0_C008_T000,regulatory,XBP1,proteostasis,0.37541761308879484
D07_S0_C008_T000,regulatory,ATF4,stress_adaptation,0.36525300537689626
D07_S0_C008_T000,regulatory,NFkB,inflammation,0.3882879270346958
D07_S0_C009_T000,regulatory,XBP1,proteostasis,0.2784377627678822
D07_S0_C009_T000,regulatory,ATF4,stress_adaptation,0.2809511446443706
D07_S0_C009_T000,regulatory,NFkB,inflammation,0.19053756539465957
D07_S0_C010_T000,regulatory,XBP1,proteostasis,0.3734158502305539
D07_S0_C010_T000,regulatory,ATF4,stress_adaptation,0.37928966087631033
D07_S0_C010_T000,regulatory,NFkB,inflammation,0.4320104695122684
D07_S0_C011_T000,regulatory,XBP1,proteostasis,0.4032326806814744
D07_S0_C011_T000,regulatory,ATF4,stress_adaptation,0.3709203281687912
D07_S0_C011_T000,regulatory,NFkB,inflammation,0.23107630815551397
D07_S0_C012_T000,regulatory,XBP1,proteostasis,0.703967119881604
D07_S0_C012_T000,regulatory,ATF4,stress_adaptation,0.6088555635456748
D07_S0_C012_T000,regulatory,NFkB,inflammation,0.47972350847219547
D07_S0_C013_T000,regulatory,XBP1,proteostasis,0.5846890331983077
D07_S0_C013_T000,regulatory,ATF4,stress_adaptation,0.5035106321146345
D07_S0_C013_T000,regulatory,NFkB,inflammation,0.5289843150537255
D07_S0_C014_T000,regulatory,XBP1,proteostasis,0.614883538497417
D07_S0_C014_T000,regulatory,ATF4,stress_adaptation,0.5135630629839356
D07_S0_C014_T000,regulatory,NFkB,inflammation,0.4902466313470146
D07_S0_C015_T000,regulatory,XBP1,proteostasis,0.8363119541609197
D07_S0_C015_T000,regulatory,ATF4,stress_adaptation,0.7055212245512772
D07_S0_C015_T000,regulatory,NFkB,inflammation,0.5464017608867909
D07_S0_C016_T000,regulatory,XBP1,proteostasis,0.49683740933780607
D07_S0_C016_T000,regulatory,ATF4,stress_adaptation,0.46950158321942376
D07_S0_C016_T000,regulatory,NFkB,inflammation,0.36317245109102714
D07_S0_C017_T000,regulatory,XBP1,proteostasis,0.6135833683271246
D07_S0_C017_T000,regulatory,ATF4,stress_adaptation,0.5100841805658405
D07_S0_C017_T000,regulatory,NFkB,inflammation,0.5556612663582298
D07_S0_C018_T000,regulatory,XBP1,proteostasis,0.4024438372352491
D07_S0_C018_T000,regulatory,ATF4,stress_adaptation,0.35922162502533017
D07_S0_C018_T000,regulatory,NFkB,inflammation,0.3848332080547654
D07_S0_C019_T000,regulatory,XBP1,proteostasis,0.41618693161301107
D07_S0_C019_T000,regulatory,ATF4,stress_adaptation,0.3671441096631094
D07_S0_C019_T000,regulatory,NFkB,inflammation,0.2608603523292934
D07_S0_C020_T000,regulatory,XBP1,proteostasis,0.5881546165202152
D07_S0_C020_T000,regulatory,ATF4,stress_adaptation,0.5047766893062826
D07_S0_C020_T000,regulatory,NFkB,inflammation,0.544089802806683
D07_S0_C021_T000,regulatory,XBP1,proteostasis,0.3968571031194463
D07_S0_C021_T000,regulatory,ATF4,stress_adaptation,0.42024200882731494
D07_S0_C021_T000,regulatory,NFkB,inflammation,0.3357693506208383
D07_S0_C022_T000,regulatory,XBP1,proteostasis,0.7959664690322842
D07_S0_C022_T000,regulatory,ATF4,stress_adaptation,0.6371402249710604
D07_S0_C022_T000,regulatory,NFkB,inflammation,0.5665643280192771
D07_S0_C023_T000,regulatory,XBP1,proteostasis,0.7160444061154636
D07_S0_C023_T000,regulatory,ATF4,stress_adaptation,0.5971775295434818
D07_S0_C023_T000,regulatory,NFkB,inflammation,0.3861781972518568
D07_S0_C024_T000,regulatory,XBP1,proteostasis,0.6692153217447158
D07_S0_C024_T000,regulatory,ATF4,stress_adaptation,0.5485465058105423
D07_S0_C024_T000,regulatory,NFkB,inflammation,0.5788024893294501
D07_S0_C025_T000,regulatory,XBP1,proteostasis,0.9447685735960214
D07_S0_C025_T000,regulatory,ATF4,stress_adaptation,0.7611139849327466
D07_S0_C025_T000,regulatory,NFkB,inflammation,0.5689314713390665
D07_S0_C026_T000,regulatory,XBP1,proteostasis,0.4951503842526454
D07_S0_C026_T000,regulatory,ATF4,stress_adaptation,0.48867019120660476
D07_S0_C026_T000,regulatory,NFkB,inflammation,0.38963188572048923
D07_S0_C027_T000,regulatory,XBP1,proteostasis,0.6353394852308698
D07_S0_C027_T000,regulatory,ATF4,stress_adaptation,0.5955280177997655
D07_S0_C027_T000,regulatory,NFkB,inflammation,0.44017386814751047
D07_S0_C028_T000,regulatory,XBP1,proteostasis,0.5711985258847435
D07_S0_C028_T000,regulatory,ATF4,stress_adaptation,0.5285690633942836
D07_S0_C028_T000,regulatory,NFkB,inflammation,0.4190542120403205
D07_S0_C029_T000,regulatory,XBP1,proteostasis,0.14693390606460083
D07_S0_C029_T000,regulatory,ATF4,stress_adaptation,0.1939877646987434
D07_S0_C029_T000,regulatory,NFkB,inflammation,0.11593241955455628
D07_S0_C030_T000,regulatory,XBP1,proteostasis,0.6165683464003426
D07_S0_C030_T000,regulatory,ATF4,stress_adaptation,0.5350332558217898
D07_S0_C030_T000,regulatory,NFkB,inflammation,0.49387048663542943
D07_S0_C031_T000,regulatory,XBP1,proteostasis,0.9324662985892569
D07_S0_C031_T000,regulatory,ATF4,stress_adaptation,0.7089139098409556
D07_S0_C031_T000,regulatory,NFkB,inflammation,0.4825086475830653
D07_S0_C032_T000,regulatory,XBP1,proteostasis,0.6648448086208844
D07_S0_C032_T000,regulatory,ATF4,stress_adaptation,0.5698669777557638
D07_S0_C032_T000,regulatory,NFkB,inflammation,0.5861800019319072
D07_S0_C033_T000,regulatory,XBP1,proteostasis,0.5115723878849042
D07_S0_C033_T000,regulatory,ATF4,stress_adaptation,0.4548908021431921
D07_S0_C033_T000,regulatory,NFkB,inflammation,0.3110054483442907
D07_S0_C034_T000,regulatory,XBP1,proteostasis,0.3661952607671172
D07_S0_C034_T000,regulatory,ATF4,stress_adaptation,0.34872038573768616
D07_S0_C034_T000,regulatory,NFkB,inflammation,0.3752376845150003
D07_S0_C035_T000,regulatory,XBP1,proteostasis,0.5753385606248026
D07_S0_C035_T000,regulatory,ATF4,stress_adaptation,0.5027548766408896
D07_S0_C035_T000,regulatory,NFkB,inflammation,0.39212736758655004
D07_S0_C000_T012,regulatory,XBP1,proteostasis,0.6530037302330652
D07_S0_C000_T012,regulatory,ATF4,stress_adaptation,0.6077342957339102
D07_S0_C000_T012,regulatory,NFkB,inflammation,0.6394201826292445
D07_S0_C001_T012,regulatory,XBP1,proteostasis,0.637059320256805
D07_S0_C001_T012,regulatory,ATF4,stress_adaptation,0.6206833551991012
D07_S0_C001_T012,regulatory,NFkB,inflammation,0.4378311050821737
D07_S0_C002_T012,regulatory,XBP1,proteostasis,0.5228617886210873
D07_S0_C002_T012,regulatory,ATF4,stress_adaptation,0.5670416250457629
D07_S0_C002_T012,regulatory,NFkB,inflammation,0.46267212390586243
D07_S0_C003_T012,regulatory,XBP1,proteostasis,0.49334252020042846
D07_S0_C003_T012,regulatory,ATF4,stress_adaptation,0.5340687852046901
D07_S0_C003_T012,regulatory,NFkB,inflammation,0.4454072905290567
D07_S0_C004_T012,regulatory,XBP1,proteostasis,0.8437756926513069
D07_S0_C004_T012,regulatory,ATF4,stress_adaptation,0.7624262758587769
D07_S0_C004_T012,regulatory,NFkB,inflammation,0.762563498754409
D07_S0_C005_T012,regulatory,XBP1,proteostasis,0.8376019100588706
D07_S0_C005_T012,regulatory,ATF4,stress_adaptation,0.7781392149859143
D07_S0_C005_T012,regulatory,NFkB,inflammation,0.677855243927818
D07_S0_C006_T012,regulatory,XBP1,proteostasis,0.6960902140422442
D07_S0_C006_T012,regulatory,ATF4,stress_adaptation,0.6868714543158292
D07_S0_C006_T012,regulatory,NFkB,inflammation,0.5954819877143238
D07_S0_C007_T012,regulatory,XBP1,proteostasis,0.868293781741626
D07_S0_C007_T012,regulatory,ATF4,stress_adaptation,0.779856140716217
D07_S0_C007_T012,regulatory,NFkB,inflammation,0.8029867391640446
D07_S0_C008_T012,regulatory,XBP1,proteostasis,0.46580459015555553
D07_S0_C008_T012,regulatory,ATF4,stress_adaptation,0.49552260979613233
D07_S0_C008_T012,regulatory,NFkB,inflammation,0.5084920909119868
D07_S0_C009_T012,regulatory,XBP1,proteostasis,0.35510810203694876
D07_S0_C009_T012,regulatory,ATF4,stress_adaptation,0.3946429159978281
D07_S0_C009_T012,regulatory,NFkB,inflammation,0.39166310588410647
D07_S0_C010_T012,regulatory,XBP1,proteostasis,0.5352154892978171
D07_S0_C010_T012,regulatory,ATF4,stress_adaptation,0.5639901991664074
D07_S0_C010_T012,regulatory,NFkB,inflammation,0.5843302829270374
D07_S0_C011_T012,regulatory,XBP1,proteostasis,0.4989644404259071
D07_S0_C011_T012,regulatory,ATF4,stress_adaptation,0.5125754858431439
D07_S0_C011_T012,regulatory,NFkB,inflammation,0.4229064795204276
D07_S0_C012_T012,regulatory,XBP1,proteostasis,0.7659460591593206
D07_S0_C012_T012,regulatory,ATF4,stress_adaptation,0.6996013430742223
D07_S0_C012_T012,regulatory,NFkB,inflammation,0.6802397422584356
D07_S0_C013_T012,regulatory,XBP1,proteostasis,0.6839185023999484
D07_S0_C013_T012,regulatory,ATF4,stress_adaptation,0.6411537229824252
D07_S0_C013_T012,regulatory,NFkB,inflammation,0.673229529477151
D07_S0_C014_T012,regulatory,XBP1,proteostasis,0.7766742069419411
D07_S0_C014_T012,regulatory,ATF4,stress_adaptation,0.706226653824937
D07_S0_C014_T012,regulatory,NFkB,inflammation,0.6801664086898525
D07_S0_C015_T012,regulatory,XBP1,proteostasis,0.9598669285075908
D07_S0_C015_T012,regulatory,ATF4,stress_adaptation,0.8698879312497945
D07_S0_C015_T012,regulatory,NFkB,inflammation,0.7614492374920998
D07_S0_C016_T012,regulatory,XBP1,proteostasis,0.6763129371229353
D07_S0_C016_T012,regulatory,ATF4,stress_adaptation,0.6785239984051932
D07_S0_C016_T012,regulatory,NFkB,inflammation,0.5764662155798961
D07_S0_C017_T012,regulatory,XBP1,proteostasis,0.8018274279632547
D07_S0_C017_T012,regulatory,ATF4,stress_adaptation,0.7067111757458213
D07_S0_C017_T012,regulatory,NFkB,inflammation,0.733079862501952
D07_S0_C018_T012,regulatory,XBP1,proteostasis,0.5154644115039838
D07_S0_C018_T012,regulatory,ATF4,stress_adaptation,0.5288256784657966
D07_S0_C018_T012,regulatory,NFkB,inflammation,0.5470405824378817
D07_S0_C019_T012,regulatory,XBP1,proteostasis,0.5414771315132219
D07_S0_C019_T012,regulatory,ATF4,stress_adaptation,0.5322466210782508
D07_S0_C019_T012,regulatory,NFkB,inflammation,0.41331969033722926
D07_S0_C020_T012,regulatory,XBP1,proteostasis,0.7709802485777487
D07_S0_C020_T012,regulatory,ATF4,stress_adaptation,0.7048519602212291
D07_S0_C020_T012,regulatory,NFkB,inflammation,0.6670226636595724
D07_S0_C021_T012,regulatory,XBP1,proteostasis,0.5063459475120595
D07_S0_C021_T012,regulatory,ATF4,stress_adaptation,0.5322984030254853
D07_S0_C021_T012,regulatory,NFkB,inflammation,0.5454183562707443
D07_S0_C022_T012,regulatory,XBP1,proteostasis,0.9673997996468338
D07_S0_C022_T012,regulatory,ATF4,stress_adaptation,0.8353584946970295
D07_S0_C022_T012,regulatory,NFkB,inflammation,0.7584326130823276
D07_S0_C023_T012,regulatory,XBP1,proteostasis,0.8725043435002168
D07_S0_C023_T012,regulatory,ATF4,stress_adaptation,0.7850999242959241
D07_S0_C023_T012,regulatory,NFkB,inflammation,0.6359806545055359
D07_S0_C024_T012,regulatory,XBP1,proteostasis,0.7973977522272705
D07_S0_C024_T012,regulatory,ATF4,stress_adaptation,0.7149000233722114
D07_S0_C024_T012,regulatory,NFkB,inflammation,0.7320539381821367
D07_S0_C025_T012,regulatory,XBP1,proteostasis,1.0592296280253775
D07_S0_C025_T012,regulatory,ATF4,stress_adaptation,0.9232459072553303
D07_S0_C025_T012,regulatory,NFkB,inflammation,0.7260905481530677
D07_S0_C026_T012,regulatory,XBP1,proteostasis,0.6046822200906418
D07_S0_C026_T012,regulatory,ATF4,stress_adaptation,0.6372351507897589
D07_S0_C026_T012,regulatory,NFkB,inflammation,0.5817429090593829
D07_S0_C027_T012,regulatory,XBP1,proteostasis,0.8077343386441219
D07_S0_C027_T012,regulatory,ATF4,stress_adaptation,0.7830857972269036
D07_S0_C027_T012,regulatory,NFkB,inflammation,0.6202613626024993
D07_S0_C028_T012,regulatory,XBP1,proteostasis,0.6981579484291599
D07_S0_C028_T012,regulatory,ATF4,stress_adaptation,0.6989736246552041
D07_S0_C028_T012,regulatory,NFkB,inflammation,0.565602287140605
D07_S0_C029_T012,regulatory,XBP1,proteostasis,0.271317592118913
D07_S0_C029_T012,regulatory,ATF4,stress_adaptation,0.3394669551587318
D07_S0_C029_T012,regulatory,NFkB,inflammation,0.2866545898132221
D07_S0_C030_T012,regulatory,XBP1,proteostasis,0.8024413634201653
D07_S0_C030_T012,regulatory,ATF4,stress_adaptation,0.7466461271772438
D07_S0_C030_T012,regulatory,NFkB,inflammation,0.6388985561294249
D07_S0_C031_T012,regulatory,XBP1,proteostasis,0.993299988425394
D07_S0_C031_T012,regulatory,ATF4,stress_adaptation,0.8458318282391941
D07_S0_C031_T012,regulatory,NFkB,inflammation,0.6577646202416149
D07_S0_C032_T012,regulatory,XBP1,proteostasis,0.7751574969480575
D07_S0_C032_T012,regulatory,ATF4,stress_adaptation,0.7125051477991243
D07_S0_C032_T012,regulatory,NFkB,inflammation,0.7430654462955889
D07_S0_C033_T012,regulatory,XBP1,proteostasis,0.6569354588141599
D07_S0_C033_T012,regulatory,ATF4,stress_adaptation,0.6253947786081387
D07_S0_C033_T012,regulatory,NFkB,inflammation,0.5371148705723285
D07_S0_C034_T012,regulatory,XBP1,proteostasis,0.46783323471027094
D07_S0_C034_T012,regulatory,ATF4,stress_adaptation,0.4881108855315739
D07_S0_C034_T012,regulatory,NFkB,inflammation,0.5201708708872372
D07_S0_C035_T012,regulatory,XBP1,proteostasis,0.6846599275989022
D07_S0_C035_T012,regulatory,ATF4,stress_adaptation,0.6337701799521054
D07_S0_C035_T012,regulatory,NFkB,inflammation,0.5788378277080135
D07_S0_C000_T024,regulatory,XBP1,proteostasis,0.8020140004883376
D07_S0_C000_T024,regulatory,ATF4,stress_adaptation,0.8290244759401662
D07_S0_C000_T024,regulatory,NFkB,inflammation,0.9221222740154489
D07_S0_C001_T024,regulatory,XBP1,proteostasis,0.8018283879086245
D07_S0_C001_T024,regulatory,ATF4,stress_adaptation,0.846659559545009
D07_S0_C001_T024,regulatory,NFkB,inflammation,0.7306785072110156
D07_S0_C002_T024,regulatory,XBP1,proteostasis,0.6827216136835061
D07_S0_C002_T024,regulatory,ATF4,stress_adaptation,0.7802663407181261
D07_S0_C002_T024,regulatory,NFkB,inflammation,0.7571121026042996
D07_S0_C003_T024,regulatory,XBP1,proteostasis,0.6483553396305622
D07_S0_C003_T024,regulatory,ATF4,stress_adaptation,0.7320808295482549
D07_S0_C003_T024,regulatory,NFkB,inflammation,0.7827243123252534
D07_S0_C004_T024,regulatory,XBP1,proteostasis,1.011502309607269
D07_S0_C004_T024,regulatory,ATF4,stress_adaptation,0.9761525145031403
D07_S0_C004_T024,regulatory,NFkB,inflammation,1.0214222476516417
D07_S0_C005_T024,regulatory,XBP1,proteostasis,0.9855934449102445
D07_S0_C005_T024,regulatory,ATF4,stress_adaptation,0.977335447966867
D07_S0_C005_T024,regulatory,NFkB,inflammation,0.974552622546802
D07_S0_C006_T024,regulatory,XBP1,proteostasis,0.8830606901444416
D07_S0_C006_T024,regulatory,ATF4,stress_adaptation,0.9169144581819424
D07_S0_C006_T024,regulatory,NFkB,inflammation,0.8660693197512546
D07_S0_C007_T024,regulatory,XBP1,proteostasis,1.0006013003938659
D07_S0_C007_T024,regulatory,ATF4,stress_adaptation,0.9707584952227596
D07_S0_C007_T024,regulatory,NFkB,inflammation,1.0441931249692948
D07_S0_C008_T024,regulatory,XBP1,proteostasis,0.6944137638947685
D07_S0_C008_T024,regulatory,ATF4,stress_adaptation,0.7337026667959272
D07_S0_C008_T024,regulatory,NFkB,inflammation,0.7704472410821839
D07_S0_C009_T024,regulatory,XBP1,proteostasis,0.5076456889849063
D07_S0_C009_T024,regulatory,ATF4,stress_adaptation,0.5870925883244044
D07_S0_C009_T024,regulatory,NFkB,inflammation,0.669291773829072
D07_S0_C010_T024,regulatory,XBP1,proteostasis,0.6634721203887475
D07_S0_C010_T024,regulatory,ATF4,stress_adaptation,0.7514259237164487
D07_S0_C010_T024,regulatory,NFkB,inflammation,0.8464149083183592
D07_S0_C011_T024,regulatory,XBP1,proteostasis,0.7574318390144951
D07_S0_C011_T024,regulatory,ATF4,stress_adaptation,0.7984891384528532
D07_S0_C011_T024,regulatory,NFkB,inflammation,0.7414600114144914
D07_S0_C012_T024,regulatory,XBP1,proteostasis,0.979239180999855
D07_S0_C012_T024,regulatory,ATF4,stress_adaptation,0.9301702697758742
D07_S0_C012_T024,regulatory,NFkB,inflammation,0.9975294957271825
D07_S0_C013_T024,regulatory,XBP1,proteostasis,0.8062557228927468
D07_S0_C013_T024,regulatory,ATF4,stress_adaptation,0.8244179446129293
D07_S0_C013_T024,regulatory,NFkB,inflammation,0.9023615739062387
D07_S0_C014_T024,regulatory,XBP1,proteostasis,0.9322335280254221
D07_S0_C014_T024,regulatory,ATF4,stress_adaptation,0.9073942876560888
D07_S0_C014_T024,regulatory,NFkB,inflammation,0.9739129729748581
D07_S0_C015_T024,regulatory,XBP1,proteostasis,1.0751733703010335
D07_S0_C015_T024,regulatory,ATF4,stress_adaptation,1.0429256215756042
D07_S0_C015_T024,regulatory,NFkB,inflammation,1.043104578071388
D07_S0_C016_T024,regulatory,XBP1,proteostasis,0.8200859549962204
D07_S0_C016_T024,regulatory,ATF4,stress_adaptation,0.8672754830749695
D07_S0_C016_T024,regulatory,NFkB,inflammation,0.8341281621990415
D07_S0_C017_T024,regulatory,XBP1,proteostasis,0.9320195008691451
D07_S0_C017_T024,regulatory,ATF4,stress_adaptation,0.8925968763420438
D07_S0_C017_T024,regulatory,NFkB,inflammation,0.9943645063821345
D07_S0_C018_T024,regulatory,XBP1,proteostasis,0.6957036437868542
D07_S0_C018_T024,regulatory,ATF4,stress_adaptation,0.7625452578791276
D07_S0_C018_T024,regulatory,NFkB,inflammation,0.8599712845503245
D07_S0_C019_T024,regulatory,XBP1,proteostasis,0.7557745632021104
D07_S0_C019_T024,regulatory,ATF4,stress_adaptation,0.7870839309823688
D07_S0_C019_T024,regulatory,NFkB,inflammation,0.7001250289238037
D07_S0_C020_T024,regulatory,XBP1,proteostasis,0.9205192950232216
D07_S0_C020_T024,regulatory,ATF4,stress_adaptation,0.915405863516763
D07_S0_C020_T024,regulatory,NFkB,inflammation,0.8985415352338204
D07_S0_C021_T024,regulatory,XBP1,proteostasis,0.6133204476591617
D07_S0_C021_T024,regulatory,ATF4,stress_adaptation,0.711533667151642
D07_S0_C021_T024,regulatory,NFkB,inflammation,0.8066716643267992
D07_S0_C022_T024,regulatory,XBP1,proteostasis,1.0386488157127969
D07_S0_C022_T024,regulatory,ATF4,stress_adaptation,0.9923983934663171
D07_S0_C022_T024,regulatory,NFkB,inflammation,1.0185730429990496
D07_S0_C023_T024,regulatory,XBP1,proteostasis,1.107788383097792
D07_S0_C023_T024,regulatory,ATF4,stress_adaptation,1.064903619611255
D07_S0_C023_T024,regulatory,NFkB,inflammation,1.0003315888450444
D07_S0_C024_T024,regulatory,XBP1,proteostasis,0.9353807182150428
D07_S0_C024_T024,regulatory,ATF4,stress_adaptation,0.9173786293935582
D07_S0_C024_T024,regulatory,NFkB,inflammation,0.9774655179003374
D07_S0_C025_T024,regulatory,XBP1,proteostasis,1.235036233634437
D07_S0_C025_T024,regulatory,ATF4,stress_adaptation,1.1533100527295606
D07_S0_C025_T024,regulatory,NFkB,inflammation,1.0024973012954996
D07_S0_C026_T024,regulatory,XBP1,proteostasis,0.7507696145605999
D07_S0_C026_T024,regulatory,ATF4,stress_adaptation,0.8297385979107297
D07_S0_C026_T024,regulatory,NFkB,inflammation,0.8616862897709179
D07_S0_C027_T024,regulatory,XBP1,proteostasis,0.9599318502204364
D07_S0_C027_T024,regulatory,ATF4,stress_adaptation,1.0115375197680798
D07_S0_C027_T024,regulatory,NFkB,inflammation,0.8948450166807693
D07_S0_C028_T024,regulatory,XBP1,proteostasis,0.8457662939089963
D07_S0_C028_T024,regulatory,ATF4,stress_adaptation,0.9037044975977356
D07_S0_C028_T024,regulatory,NFkB,inflammation,0.8293143615771073
D07_S0_C029_T024,regulatory,XBP1,proteostasis,0.45847706875481037
D07_S0_C029_T024,regulatory,ATF4,stress_adaptation,0.5573074591159024
D07_S0_C029_T024,regulatory,NFkB,inflammation,0.582980913950142
D07_S0_C030_T024,regulatory,XBP1,proteostasis,0.9964524035592777
D07_S0_C030_T024,regulatory,ATF4,stress_adaptation,0.9730958906767445
D07_S0_C030_T024,regulatory,NFkB,inflammation,0.8790308749281063
D07_S0_C031_T024,regulatory,XBP1,proteostasis,1.243721489933052
D07_S0_C031_T024,regulatory,ATF4,stress_adaptation,1.1267135172693046
D07_S0_C031_T024,regulatory,NFkB,inflammation,0.9758345345861275
D07_S0_C032_T024,regulatory,XBP1,proteostasis,0.9093670558810437
D07_S0_C032_T024,regulatory,ATF4,stress_adaptation,0.9045549502013055
D07_S0_C032_T024,regulatory,NFkB,inflammation,1.0198636386792865
D07_S0_C033_T024,regulatory,XBP1,proteostasis,0.8626401747194391
D07_S0_C033_T024,regulatory,ATF4,stress_adaptation,0.8759321779696475
D07_S0_C033_T024,regulatory,NFkB,inflammation,0.8482111330600164
D07_S0_C034_T024,regulatory,XBP1,proteostasis,0.6283160429765513
D07_S0_C034_T024,regulatory,ATF4,stress_adaptation,0.6682197929266329
D07_S0_C034_T024,regulatory,NFkB,inflammation,0.7811536616616096
D07_S0_C035_T024,regulatory,XBP1,proteostasis,0.8846762385447806
D07_S0_C035_T024,regulatory,ATF4,stress_adaptation,0.8599080768284926
D07_S0_C035_T024,regulatory,NFkB,inflammation,0.8422934580215049
D07_S0_C000_T048,regulatory,XBP1,proteostasis,1.1198490262033616
D07_S0_C000_T048,regulatory,ATF4,stress_adaptation,1.3143716251729956
D07_S0_C000_T048,regulatory,NFkB,inflammation,1.3789320617915126
D07_S0_C001_T048,regulatory,XBP1,proteostasis,1.121458810161784
D07_S0_C001_T048,regulatory,ATF4,stress_adaptation,1.3289482266051595
D07_S0_C001_T048,regulatory,NFkB,inflammation,1.3796564645728027
D07_S0_C002_T048,regulatory,XBP1,proteostasis,1.0936933169652674
D07_S0_C002_T048,regulatory,ATF4,stress_adaptation,1.310900656027424
D07_S0_C002_T048,regulatory,NFkB,inflammation,1.3671619926343703
D07_S0_C003_T048,regulatory,XBP1,proteostasis,0.9849626212425978
D07_S0_C003_T048,regulatory,ATF4,stress_adaptation,1.2272207198220046
D07_S0_C003_T048,regulatory,NFkB,inflammation,1.318233179559169
D07_S0_C004_T048,regulatory,XBP1,proteostasis,1.3251331876356636
D07_S0_C004_T048,regulatory,ATF4,stress_adaptation,1.4613365719631815
D07_S0_C004_T048,regulatory,NFkB,inflammation,1.4713099344360487
D07_S0_C005_T048,regulatory,XBP1,proteostasis,1.2784955288006794
D07_S0_C005_T048,regulatory,ATF4,stress_adaptation,1.4310220937204416
D07_S0_C005_T048,regulatory,NFkB,inflammation,1.450322987960306
D07_S0_C006_T048,regulatory,XBP1,proteostasis,1.15879425252911
D07_S0_C006_T048,regulatory,ATF4,stress_adaptation,1.3532162641439216
D07_S0_C006_T048,regulatory,NFkB,inflammation,1.3964574136380996
D07_S0_C007_T048,regulatory,XBP1,proteostasis,1.2734409508616746
D07_S0_C007_T048,regulatory,ATF4,stress_adaptation,1.4277366180600888
D07_S0_C007_T048,regulatory,NFkB,inflammation,1.4480484278877537
D07_S0_C008_T048,regulatory,XBP1,proteostasis,0.9410065965053743
D07_S0_C008_T048,regulatory,ATF4,stress_adaptation,1.1740230417880069
D07_S0_C008_T048,regulatory,NFkB,inflammation,1.2984529684274184
D07_S0_C009_T048,regulatory,XBP1,proteostasis,0.8500503306918099
D07_S0_C009_T048,regulatory,ATF4,stress_adaptation,1.0702697723434942
D07_S0_C009_T048,regulatory,NFkB,inflammation,1.2575226488113145
D07_S0_C010_T048,regulatory,XBP1,proteostasis,0.9598390542561558
D07_S0_C010_T048,regulatory,ATF4,stress_adaptation,1.2171043806778141
D07_S0_C010_T048,regulatory,NFkB,inflammation,1.3069275744152702
D07_S0_C011_T048,regulatory,XBP1,proteostasis,1.0346987191986634
D07_S0_C011_T048,regulatory,ATF4,stress_adaptation,1.266233566902343
D07_S0_C011_T048,regulatory,NFkB,inflammation,1.3406144236393986
D07_S0_C012_T048,regulatory,XBP1,proteostasis,1.2422492232418927
D07_S0_C012_T048,regulatory,ATF4,stress_adaptation,1.378805622896163
D07_S0_C012_T048,regulatory,NFkB,inflammation,1.4340121504588517
D07_S0_C013_T048,regulatory,XBP1,proteostasis,1.1359794226617945
D07_S0_C013_T048,regulatory,ATF4,stress_adaptation,1.30108714940559
D07_S0_C013_T048,regulatory,NFkB,inflammation,1.3861907401978075
D07_S0_C014_T048,regulatory,XBP1,proteostasis,1.2600571989892613
D07_S0_C014_T048,regulatory,ATF4,stress_adaptation,1.4149726037771528
D07_S0_C014_T048,regulatory,NFkB,inflammation,1.4420257395451674
D07_S0_C015_T048,regulatory,XBP1,proteostasis,1.3630829855407411
D07_S0_C015_T048,regulatory,ATF4,stress_adaptation,1.4860039406014818
D07_S0_C015_T048,regulatory,NFkB,inflammation,1.4883873434933337
D07_S0_C016_T048,regulatory,XBP1,proteostasis,1.1011802203586818
D07_S0_C016_T048,regulatory,ATF4,stress_adaptation,1.3157671432331433
D07_S0_C016_T048,regulatory,NFkB,inflammation,1.3705310991614068
D07_S0_C017_T048,regulatory,XBP1,proteostasis,1.242326569213933
D07_S0_C017_T048,regulatory,ATF4,stress_adaptation,1.3713897218926672
D07_S0_C017_T048,regulatory,NFkB,inflammation,1.4340469561462699
D07_S0_C018_T048,regulatory,XBP1,proteostasis,0.9988053762558982
D07_S0_C018_T048,regulatory,ATF4,stress_adaptation,1.2492234945663339
D07_S0_C018_T048,regulatory,NFkB,inflammation,1.3244624193151542
D07_S0_C019_T048,regulatory,XBP1,proteostasis,1.0701160988875165
D07_S0_C019_T048,regulatory,ATF4,stress_adaptation,1.2955754642768857
D07_S0_C019_T048,regulatory,NFkB,inflammation,1.3565522444993825
D07_S0_C020_T048,regulatory,XBP1,proteostasis,1.2191061073072915
D07_S0_C020_T048,regulatory,ATF4,stress_adaptation,1.3924189697497396
D07_S0_C020_T048,regulatory,NFkB,inflammation,1.4235977482882811
D07_S0_C021_T048,regulatory,XBP1,proteostasis,0.9321726867147955
D07_S0_C021_T048,regulatory,ATF4,stress_adaptation,1.2059122463646172
D07_S0_C021_T048,regulatory,NFkB,inflammation,1.294477709021658
D07_S0_C022_T048,regulatory,XBP1,proteostasis,1.3863497664535134
D07_S0_C022_T048,regulatory,ATF4,stress_adaptation,1.5011273481947838
D07_S0_C022_T048,regulatory,NFkB,inflammation,1.498857394904081
D07_S0_C023_T048,regulatory,XBP1,proteostasis,1.3554159307000917
D07_S0_C023_T048,regulatory,ATF4,stress_adaptation,1.4810203549550596
D07_S0_C023_T048,regulatory,NFkB,inflammation,1.4849371688150412
D07_S0_C024_T048,regulatory,XBP1,proteostasis,1.2528530234477644
D07_S0_C024_T048,regulatory,ATF4,stress_adaptation,1.3849626722791502
D07_S0_C024_T048,regulatory,NFkB,inflammation,1.438783860551494
D07_S0_C025_T048,regulatory,XBP1,proteostasis,1.4703336683476123
D07_S0_C025_T048,regulatory,ATF4,stress_adaptation,1.5557168844259481
D07_S0_C025_T048,regulatory,NFkB,inflammation,1.5366501507564254
D07_S0_C026_T048,regulatory,XBP1,proteostasis,1.0960166870650483
D07_S0_C026_T048,regulatory,ATF4,stress_adaptation,1.3124108465922815
D07_S0_C026_T048,regulatory,NFkB,inflammation,1.3682075091792718
D07_S0_C027_T048,regulatory,XBP1,proteostasis,1.219551055819364
D07_S0_C027_T048,regulatory,ATF4,stress_adaptation,1.3927081862825867
D07_S0_C027_T048,regulatory,NFkB,inflammation,1.4237979751187138
D07_S0_C028_T048,regulatory,XBP1,proteostasis,1.1476692058811322
D07_S0_C028_T048,regulatory,ATF4,stress_adaptation,1.345984983822736
D07_S0_C028_T048,regulatory,NFkB,inflammation,1.3914511426465095
D07_S0_C029_T048,regulatory,XBP1,proteostasis,0.7281425415290624
D07_S0_C029_T048,regulatory,ATF4,stress_adaptation,1.004758960291605
D07_S0_C029_T048,regulatory,NFkB,inflammation,1.202664143688078
D07_S0_C030_T048,regulatory,XBP1,proteostasis,1.2553636409994005
D07_S0_C030_T048,regulatory,ATF4,stress_adaptation,1.4159863666496104
D07_S0_C030_T048,regulatory,NFkB,inflammation,1.4399136384497302
D07_S0_C031_T048,regulatory,XBP1,proteostasis,1.5
D07_S0_C031_T048,regulatory,ATF4,stress_adaptation,1.5750000000000002
D07_S0_C031_T048,regulatory,NFkB,inflammation,1.55
D07_S0_C032_T048,regulatory,XBP1,proteostasis,1.225544861486075
D07_S0_C032_T048,regulatory,ATF4,stress_adaptation,1.3966041599659489
D07_S0_C032_T048,regulatory,NFkB,inflammation,1.426495187668734
D07_S0_C033_T048,regulatory,XBP1,proteostasis,1.1290736002169803
D07_S0_C033_T048,regulatory,ATF4,stress_adaptation,1.3024155428610875
D07_S0_C033_T048,regulatory,NFkB,inflammation,1.3830831200976412
D07_S0_C034_T048,regulatory,XBP1,proteostasis,0.9463096344880857
D07_S0_C034_T048,regulatory,ATF4,stress_adaptation,1.1567419671219845
D07_S0_C034_T048,regulatory,NFkB,inflammation,1.3008393355196386
D07_S0_C035_T048,regulatory,XBP1,proteostasis,1.1732788192553802
D07_S0_C035_T048,regulatory,ATF4,stress_adaptation,1.30822669523063
D07_S0_C035_T048,regulatory,NFkB,inflammation,1.4029754686649212
D07_S1_C000_T000,regulatory,XBP1,proteostasis,0.6560504585026464
D07_S1_C000_T000,regulatory,ATF4,stress_adaptation,0.5756294987732515
D07_S1_C000_T000,regulatory,NFkB,inflammation,0.5637632913866184
D07_S1_C001_T000,regulatory,XBP1,proteostasis,0.654946343624337
D07_S1_C001_T000,regulatory,ATF4,stress_adaptation,0.5391129842276134
D07_S1_C001_T000,regulatory,NFkB,inflammation,0.5024529633095082
D07_S1_C002_T000,regulatory,XBP1,proteostasis,0.4042842650791209
D07_S1_C002_T000,regulatory,ATF4,stress_adaptation,0.40624535078759483
D07_S1_C002_T000,regulatory,NFkB,inflammation,0.45847444079220434
D07_S1_C003_T000,regulatory,XBP1,proteostasis,0.45615285329353517
D07_S1_C003_T000,regulatory,ATF4,stress_adaptation,0.431250521708072
D07_S1_C003_T000,regulatory,NFkB,inflammation,0.4854936069355953
D07_S1_C004_T000,regulatory,XBP1,proteostasis,0.48837642270760667
D07_S1_C004_T000,regulatory,ATF4,stress_adaptation,0.43796073673125435
D07_S1_C004_T000,regulatory,NFkB,inflammation,0.4359278190715442
D07_S1_C005_T000,regulatory,XBP1,proteostasis,0.6699177149861643
D07_S1_C005_T000,regulatory,ATF4,stress_adaptation,0.5874352331193993
D07_S1_C005_T000,regulatory,NFkB,inflammation,0.5278104465720115
D07_S1_C006_T000,regulatory,XBP1,proteostasis,0.8510816674401558
D07_S1_C006_T000,regulatory,ATF4,stress_adaptation,0.7013895533767374
D07_S1_C006_T000,regulatory,NFkB,inflammation,0.5317989504982451
D07_S1_C007_T000,regulatory,XBP1,proteostasis,0.5607247493751065
D07_S1_C007_T000,regulatory,ATF4,stress_adaptation,0.534832763744348
D07_S1_C007_T000,regulatory,NFkB,inflammation,0.42335104209124347
D07_S1_C008_T000,regulatory,XBP1,proteostasis,0.6060441810666585
D07_S1_C008_T000,regulatory,ATF4,stress_adaptation,0.5133701983412517
D07_S1_C008_T000,regulatory,NFkB,inflammation,0.5555605936714992
D07_S1_C009_T000,regulatory,XBP1,proteostasis,0.7387644110748232
D07_S1_C009_T000,regulatory,ATF4,stress_adaptation,0.5903112735488746
D07_S1_C009_T000,regulatory,NFkB,inflammation,0.593548693611788
D07_S1_C010_T000,regulatory,XBP1,proteostasis,0.3583905831363696
D07_S1_C010_T000,regulatory,ATF4,stress_adaptation,0.3273101542042551
D07_S1_C010_T000,regulatory,NFkB,inflammation,0.24370582450318348
D07_S1_C011_T000,regulatory,XBP1,proteostasis,0.4527163973230467
D07_S1_C011_T000,regulatory,ATF4,stress_adaptation,0.3990429810689739
D07_S1_C011_T000,regulatory,NFkB,inflammation,0.47742424827426777
D07_S1_C012_T000,regulatory,XBP1,proteostasis,0.6276224926990752
D07_S1_C012_T000,regulatory,ATF4,stress_adaptation,0.5193099420701772
D07_S1_C012_T000,regulatory,NFkB,inflammation,0.3384354270326968
D07_S1_C013_T000,regulatory,XBP1,proteostasis,0.7531306130072337
D07_S1_C013_T000,regulatory,ATF4,stress_adaptation,0.6427865554503858
D07_S1_C013_T000,regulatory,NFkB,inflammation,0.5091412753401634
D07_S1_C014_T000,regulatory,XBP1,proteostasis,0.5582348017059493
D07_S1_C014_T000,regulatory,ATF4,stress_adaptation,0.4872342795958771
D07_S1_C014_T000,regulatory,NFkB,inflammation,0.5446062578045516
D07_S1_C015_T000,regulatory,XBP1,proteostasis,0.6681011991107959
D07_S1_C015_T000,regulatory,ATF4,stress_adaptation,0.5582316754019714
D07_S1_C015_T000,regulatory,NFkB,inflammation,0.35489021230351236
D07_S1_C016_T000,regulatory,XBP1,proteostasis,0.4449339352986225
D07_S1_C016_T000,regulatory,ATF4,stress_adaptation,0.4002292140627492
D07_S1_C016_T000,regulatory,NFkB,inflammation,0.49631135880432453
D07_S1_C017_T000,regulatory,XBP1,proteostasis,0.5982605758587332
D07_S1_C017_T000,regulatory,ATF4,stress_adaptation,0.5582872824040163
D07_S1_C017_T000,regulatory,NFkB,inflammation,0.43430710725709176
D07_S1_C018_T000,regulatory,XBP1,proteostasis,0.5054285472207075
D07_S1_C018_T000,regulatory,ATF4,stress_adaptation,0.4377321745437859
D07_S1_C018_T000,regulatory,NFkB,inflammation,0.27676703959448745
D07_S1_C019_T000,regulatory,XBP1,proteostasis,0.8622231381122403
D07_S1_C019_T000,regulatory,ATF4,stress_adaptation,0.7295725899177503
D07_S1_C019_T000,regulatory,NFkB,inflammation,0.5721751827863759
D07_S1_C020_T000,regulatory,XBP1,proteostasis,0.5273171635057469
D07_S1_C020_T000,regulatory,ATF4,stress_adaptation,0.4491399849846632
D07_S1_C020_T000,regulatory,NFkB,inflammation,0.27869321549880327
D07_S1_C021_T000,regulatory,XBP1,proteostasis,0.9312596058554233
D07_S1_C021_T000,regulatory,ATF4,stress_adaptation,0.765023139605249
D07_S1_C021_T000,regulatory,NFkB,inflammation,0.5901334385064357
D07_S1_C022_T000,regulatory,XBP1,proteostasis,0.6227734440603943
D07_S1_C022_T000,regulatory,ATF4,stress_adaptation,0.5414492980685466
D07_S1_C022_T000,regulatory,NFkB,inflammation,0.42293550521013623
D07_S1_C023_T000,regulatory,XBP1,proteostasis,0.33474770666614523
D07_S1_C023_T000,regulatory,ATF4,stress_adaptation,0.338368357051755
D07_S1_C023_T000,regulatory,NFkB,inflammation,0.19364809454066217
D07_S1_C024_T000,regulatory,XBP1,proteostasis,0.616824901691139
D07_S1_C024_T000,regulatory,ATF4,stress_adaptation,0.5628442890282663
D07_S1_C024_T000,regulatory,NFkB,inflammation,0.42324211356323677
D07_S1_C025_T000,regulatory,XBP1,proteostasis,0.6646613845546633
D07_S1_C025_T000,regulatory,ATF4,stress_adaptation,0.5435146668635136
D07_S1_C025_T000,regulatory,NFkB,inflammation,0.5738946189370693
D07_S1_C026_T000,regulatory,XBP1,proteostasis,0.5453976329871506
D07_S1_C026_T000,regulatory,ATF4,stress_adaptation,0.5222670110362845
D07_S1_C026_T000,regulatory,NFkB,inflammation,0.40508203129102655
D07_S1_C027_T000,regulatory,XBP1,proteostasis,0.7337098566911667
D07_S1_C027_T000,regulatory,ATF4,stress_adaptation,0.5760519187767471
D07_S1_C027_T000,regulatory,NFkB,inflammation,0.36452481915365753
D07_S1_C028_T000,regulatory,XBP1,proteostasis,0.6735497518083043
D07_S1_C028_T000,regulatory,ATF4,stress_adaptation,0.5669678225714426
D07_S1_C028_T000,regulatory,NFkB,inflammation,0.5808265197393592
D07_S1_C029_T000,regulatory,XBP1,proteostasis,0.6873607248844906
D07_S1_C029_T000,regulatory,ATF4,stress_adaptation,0.6085647389029105
D07_S1_C029_T000,regulatory,NFkB,inflammation,0.463155895911758
D07_S1_C030_T000,regulatory,XBP1,proteostasis,0.7133859675561017
D07_S1_C030_T000,regulatory,ATF4,stress_adaptation,0.6191826723990536
D07_S1_C030_T000,regulatory,NFkB,inflammation,0.4835207881676361
D07_S1_C031_T000,regulatory,XBP1,proteostasis,0.8245289646539737
D07_S1_C031_T000,regulatory,ATF4,stress_adaptation,0.6631525083774191
D07_S1_C031_T000,regulatory,NFkB,inflammation,0.5881732719425059
D07_S1_C032_T000,regulatory,XBP1,proteostasis,0.657153020066172
D07_S1_C032_T000,regulatory,ATF4,stress_adaptation,0.5615726170118851
D07_S1_C032_T000,regulatory,NFkB,inflammation,0.459397894143193
D07_S1_C033_T000,regulatory,XBP1,proteostasis,0.382950606266216
D07_S1_C033_T000,regulatory,ATF4,stress_adaptation,0.35963249025142274
D07_S1_C033_T000,regulatory,NFkB,inflammation,0.3722727216184294
D07_S1_C034_T000,regulatory,XBP1,proteostasis,0.38097857621380665
D07_S1_C034_T000,regulatory,ATF4,stress_adaptation,0.37058599509697276
D07_S1_C034_T000,regulatory,NFkB,inflammation,0.20833365775627935
D07_S1_C035_T000,regulatory,XBP1,proteostasis,0.4825909253695827
D07_S1_C035_T000,regulatory,ATF4,stress_adaptation,0.41413696020667934
D07_S1_C035_T000,regulatory,NFkB,inflammation,0.43242391472616126
D07_S1_C000_T012,regulatory,XBP1,proteostasis,0.8120800612604367
D07_S1_C000_T012,regulatory,ATF4,stress_adaptation,0.7645397607863308
D07_S1_C000_T012,regulatory,NFkB,inflammation,0.7336057066904591
D07_S1_C001_T012,regulatory,XBP1,proteostasis,0.7884027377338809
D07_S1_C001_T012,regulatory,ATF4,stress_adaptation,0.7120951021851842
D07_S1_C001_T012,regulatory,NFkB,inflammation,0.676466829223973
D07_S1_C002_T012,regulatory,XBP1,proteostasis,0.5217835846290256
D07_S1_C002_T012,regulatory,ATF4,stress_adaptation,0.5545928850898684
D07_S1_C002_T012,regulatory,NFkB,inflammation,0.5833651416717021
D07_S1_C003_T012,regulatory,XBP1,proteostasis,0.6268732469090846
D07_S1_C003_T012,regulatory,ATF4,stress_adaptation,0.6374283712250053
D07_S1_C003_T012,regulatory,NFkB,inflammation,0.640491110872931
D07_S1_C004_T012,regulatory,XBP1,proteostasis,0.6457728485952691
D07_S1_C004_T012,regulatory,ATF4,stress_adaptation,0.6180891824612635
D07_S1_C004_T012,regulatory,NFkB,inflammation,0.6009150090983741
D07_S1_C005_T012,regulatory,XBP1,proteostasis,0.8053825565767877
D07_S1_C005_T012,regulatory,ATF4,stress_adaptation,0.7722723427494221
D07_S1_C005_T012,regulatory,NFkB,inflammation,0.6770205763538828
D07_S1_C006_T012,regulatory,XBP1,proteostasis,0.9776846682228475
D07_S1_C006_T012,regulatory,ATF4,stress_adaptation,0.8480663845597616
D07_S1_C006_T012,regulatory,NFkB,inflammation,0.7536688002760953
D07_S1_C007_T012,regulatory,XBP1,proteostasis,0.6408720629309669
D07_S1_C007_T012,regulatory,ATF4,stress_adaptation,0.6529348807614072
D07_S1_C007_T012,regulatory,NFkB,inflammation,0.6324136350970953
D07_S1_C008_T012,regulatory,XBP1,proteostasis,0.7426224250805338
D07_S1_C008_T012,regulatory,ATF4,stress_adaptation,0.6805776058750467
D07_S1_C008_T012,regulatory,NFkB,inflammation,0.6930151005230243
D07_S1_C009_T012,regulatory,XBP1,proteostasis,0.8931880073872265
D07_S1_C009_T012,regulatory,ATF4,stress_adaptation,0.7791853928510707
D07_S1_C009_T012,regulatory,NFkB,inflammation,0.7170107646627435
D07_S1_C010_T012,regulatory,XBP1,proteostasis,0.541466403768678
D07_S1_C010_T012,regulatory,ATF4,stress_adaptation,0.5416142234168406
D07_S1_C010_T012,regulatory,NFkB,inflammation,0.47284200237945323
D07_S1_C011_T012,regulatory,XBP1,proteostasis,0.609979118465515
D07_S1_C011_T012,regulatory,ATF4,stress_adaptation,0.5905761428469736
D07_S1_C011_T012,regulatory,NFkB,inflammation,0.5977115827644477
D07_S1_C012_T012,regulatory,XBP1,proteostasis,0.7249491383135773
D07_S1_C012_T012,regulatory,ATF4,stress_adaptation,0.6742191376836011
D07_S1_C012_T012,regulatory,NFkB,inflammation,0.5198679787888612
D07_S1_C013_T012,regulatory,XBP1,proteostasis,0.8656175085192609
D07_S1_C013_T012,regulatory,ATF4,stress_adaptation,0.8137765046654817
D07_S1_C013_T012,regulatory,NFkB,inflammation,0.6884551877262364
D07_S1_C014_T012,regulatory,XBP1,proteostasis,0.7403011065433444
D07_S1_C014_T012,regulatory,ATF4,stress_adaptation,0.6971771192180287
D07_S1_C014_T012,regulatory,NFkB,inflammation,0.7124907059049543
D07_S1_C015_T012,regulatory,XBP1,proteostasis,0.8282720158507122
D07_S1_C015_T012,regulatory,ATF4,stress_adaptation,0.7568218722452025
D07_S1_C015_T012,regulatory,NFkB,inflammation,0.5750843516751682
D07_S1_C016_T012,regulatory,XBP1,proteostasis,0.555113474709787
D07_S1_C016_T012,regulatory,ATF4,stress_adaptation,0.5422949383138611
D07_S1_C016_T012,regulatory,NFkB,inflammation,0.6174783300178038
D07_S1_C017_T012,regulatory,XBP1,proteostasis,0.6523571991008646
D07_S1_C017_T012,regulatory,ATF4,stress_adaptation,0.6676852592855104
D07_S1_C017_T012,regulatory,NFkB,inflammation,0.560859668953934
D07_S1_C018_T012,regulatory,XBP1,proteostasis,0.5824069146382036
D07_S1_C018_T012,regulatory,ATF4,stress_adaptation,0.5798306574672552
D07_S1_C018_T012,regulatory,NFkB,inflammation,0.4851322694893686
D07_S1_C019_T012,regulatory,XBP1,proteostasis,0.9963460292462478
D07_S1_C019_T012,regulatory,ATF4,stress_adaptation,0.8972766827941632
D07_S1_C019_T012,regulatory,NFkB,inflammation,0.7616200632743115
D07_S1_C020_T012,regulatory,XBP1,proteostasis,0.6474256676655893
D07_S1_C020_T012,regulatory,ATF4,stress_adaptation,0.5870808649783583
D07_S1_C020_T012,regulatory,NFkB,inflammation,0.507143540992173
D07_S1_C021_T012,regulatory,XBP1,proteostasis,1.1196857888905272
D07_S1_C021_T012,regulatory,ATF4,stress_adaptation,0.9790601882883563
D07_S1_C021_T012,regulatory,NFkB,inflammation,0.8083692864159175
D07_S1_C022_T012,regulatory,XBP1,proteostasis,0.7801792201901478
D07_S1_C022_T012,regulatory,ATF4,stress_adaptation,0.7152015932911666
D07_S1_C022_T012,regulatory,NFkB,inflammation,0.6447454160397719
D07_S1_C023_T012,regulatory,XBP1,proteostasis,0.4588822680845917
D07_S1_C023_T012,regulatory,ATF4,stress_adaptation,0.49436789776870804
D07_S1_C023_T012,regulatory,NFkB,inflammation,0.38588582528541887
D07_S1_C024_T012,regulatory,XBP1,proteostasis,0.7144989858734448
D07_S1_C024_T012,regulatory,ATF4,stress_adaptation,0.6940204663779035
D07_S1_C024_T012,regulatory,NFkB,inflammation,0.6135426448713066
D07_S1_C025_T012,regulatory,XBP1,proteostasis,0.763696561315496
D07_S1_C025_T012,regulatory,ATF4,stress_adaptation,0.6784578252047477
D07_S1_C025_T012,regulatory,NFkB,inflammation,0.6994376151626953
D07_S1_C026_T012,regulatory,XBP1,proteostasis,0.6652715416127428
D07_S1_C026_T012,regulatory,ATF4,stress_adaptation,0.6801846793472764
D07_S1_C026_T012,regulatory,NFkB,inflammation,0.6195903799885686
D07_S1_C027_T012,regulatory,XBP1,proteostasis,0.853839732981874
D07_S1_C027_T012,regulatory,ATF4,stress_adaptation,0.7470363978592813
D07_S1_C027_T012,regulatory,NFkB,inflammation,0.588360737148598
D07_S1_C028_T012,regulatory,XBP1,proteostasis,0.8461752988701319
D07_S1_C028_T012,regulatory,ATF4,stress_adaptation,0.790830699788002
D07_S1_C028_T012,regulatory,NFkB,inflammation,0.7692607154696529
D07_S1_C029_T012,regulatory,XBP1,proteostasis,0.8260218587912845
D07_S1_C029_T012,regulatory,ATF4,stress_adaptation,0.7818114024792343
D07_S1_C029_T012,regulatory,NFkB,inflammation,0.6486539019473136
D07_S1_C030_T012,regulatory,XBP1,proteostasis,0.8797442773758593
D07_S1_C030_T012,regulatory,ATF4,stress_adaptation,0.8228145115104634
D07_S1_C030_T012,regulatory,NFkB,inflammation,0.6508814763656264
D07_S1_C031_T012,regulatory,XBP1,proteostasis,0.9692561614579102
D07_S1_C031_T012,regulatory,ATF4,stress_adaptation,0.8321571712117981
D07_S1_C031_T012,regulatory,NFkB,inflammation,0.7404568706542131
D07_S1_C032_T012,regulatory,XBP1,proteostasis,0.8100413248187552
D07_S1_C032_T012,regulatory,ATF4,stress_adaptation,0.7342111402729826
D07_S1_C032_T012,regulatory,NFkB,inflammation,0.6544140797539969
D07_S1_C033_T012,regulatory,XBP1,proteostasis,0.4595166963685526
D07_S1_C033_T012,regulatory,ATF4,stress_adaptation,0.5102081555156249
D07_S1_C033_T012,regulatory,NFkB,inflammation,0.5435149738611099
D07_S1_C034_T012,regulatory,XBP1,proteostasis,0.5031491277629812
D07_S1_C034_T012,regulatory,ATF4,stress_adaptation,0.519123381117883
D07_S1_C034_T012,regulatory,NFkB,inflammation,0.42101131204228426
D07_S1_C035_T012,regulatory,XBP1,proteostasis,0.6426835591952026
D07_S1_C035_T012,regulatory,ATF4,stress_adaptation,0.6101032274058807
D07_S1_C035_T012,regulatory,NFkB,inflammation,0.6147275801594325
D07_S1_C000_T024,regulatory,XBP1,proteostasis,1.0230983165486967
D07_S1_C000_T024,regulatory,ATF4,stress_adaptation,1.013529113700584
D07_S1_C000_T024,regulatory,NFkB,inflammation,1.0145307949826519
D07_S1_C001_T024,regulatory,XBP1,proteostasis,0.9309246690597955
D07_S1_C001_T024,regulatory,ATF4,stress_adaptation,0.9134102602070568
D07_S1_C001_T024,regulatory,NFkB,inflammation,0.9126641675970029
D07_S1_C002_T024,regulatory,XBP1,proteostasis,0.6900461203953071
D07_S1_C002_T024,regulatory,ATF4,stress_adaptation,0.7678209564215159
D07_S1_C002_T024,regulatory,NFkB,inflammation,0.8493688486511115
D07_S1_C003_T024,regulatory,XBP1,proteostasis,0.8626042197460594
D07_S1_C003_T024,regulatory,ATF4,stress_adaptation,0.9130909716377653
D07_S1_C003_T024,regulatory,NFkB,inflammation,0.9204242073143645
D07_S1_C004_T024,regulatory,XBP1,proteostasis,0.7780360115125471
D07_S1_C004_T024,regulatory,ATF4,stress_adaptation,0.8147221577155213
D07_S1_C004_T024,regulatory,NFkB,inflammation,0.8563875503788709
D07_S1_C005_T024,regulatory,XBP1,proteostasis,1.005725045424891
D07_S1_C005_T024,regulatory,ATF4,stress_adaptation,1.0276991323886597
D07_S1_C005_T024,regulatory,NFkB,inflammation,0.9435620696712048
D07_S1_C006_T024,regulatory,XBP1,proteostasis,1.0615664971119614
D07_S1_C006_T024,regulatory,ATF4,stress_adaptation,0.9947306748110523
D07_S1_C006_T024,regulatory,NFkB,inflammation,0.997286031050118
D07_S1_C007_T024,regulatory,XBP1,proteostasis,0.749419254372279
D07_S1_C007_T024,regulatory,ATF4,stress_adaptation,0.8385353044243375
D07_S1_C007_T024,regulatory,NFkB,inflammation,0.8774224061294935
D07_S1_C008_T024,regulatory,XBP1,proteostasis,0.9001355534882013
D07_S1_C008_T024,regulatory,ATF4,stress_adaptation,0.89058853295284
D07_S1_C008_T024,regulatory,NFkB,inflammation,0.9608817785715733
D07_S1_C009_T024,regulatory,XBP1,proteostasis,1.0754978590272797
D07_S1_C009_T024,regulatory,ATF4,stress_adaptation,1.0045244766203787
D07_S1_C009_T024,regulatory,NFkB,inflammation,1.0025431012048887
D07_S1_C010_T024,regulatory,XBP1,proteostasis,0.6885410500396112
D07_S1_C010_T024,regulatory,ATF4,stress_adaptation,0.7420921306635214
D07_S1_C010_T024,regulatory,NFkB,inflammation,0.7389365462284343
D07_S1_C011_T024,regulatory,XBP1,proteostasis,0.7448652833412723
D07_S1_C011_T024,regulatory,ATF4,stress_adaptation,0.7795578673745089
D07_S1_C011_T024,regulatory,NFkB,inflammation,0.8383422102139941
D07_S1_C012_T024,regulatory,XBP1,proteostasis,0.9755754808916443
D07_S1_C012_T024,regulatory,ATF4,stress_adaptation,0.9525667721694953
D07_S1_C012_T024,regulatory,NFkB,inflammation,0.8384285834119383
D07_S1_C013_T024,regulatory,XBP1,proteostasis,1.1016449719690327
D07_S1_C013_T024,regulatory,ATF4,stress_adaptation,1.0877517752465264
D07_S1_C013_T024,regulatory,NFkB,inflammation,1.0401292052126647
D07_S1_C014_T024,regulatory,XBP1,proteostasis,0.9135370381753972
D07_S1_C014_T024,regulatory,ATF4,stress_adaptation,0.9340603309371671
D07_S1_C014_T024,regulatory,NFkB,inflammation,0.9685457647486676
D07_S1_C015_T024,regulatory,XBP1,proteostasis,1.00205542232966
D07_S1_C015_T024,regulatory,ATF4,stress_adaptation,0.9858360684052178
D07_S1_C015_T024,regulatory,NFkB,inflammation,0.8750370582574276
D07_S1_C016_T024,regulatory,XBP1,proteostasis,0.754487766296721
D07_S1_C016_T024,regulatory,ATF4,stress_adaptation,0.7697666187347534
D07_S1_C016_T024,regulatory,NFkB,inflammation,0.8545744736290553
D07_S1_C017_T024,regulatory,XBP1,proteostasis,0.8337450621309628
D07_S1_C017_T024,regulatory,ATF4,stress_adaptation,0.9014050116526502
D07_S1_C017_T024,regulatory,NFkB,inflammation,0.8585686042480851
D07_S1_C018_T024,regulatory,XBP1,proteostasis,0.8132283480570208
D07_S1_C018_T024,regulatory,ATF4,stress_adaptation,0.8311996756739928
D07_S1_C018_T024,regulatory,NFkB,inflammation,0.7978963596107118
D07_S1_C019_T024,regulatory,XBP1,proteostasis,1.1139222676507716
D07_S1_C019_T024,regulatory,ATF4,stress_adaptation,1.09443410123651
D07_S1_C019_T024,regulatory,NFkB,inflammation,1.0441792924800266
D07_S1_C020_T024,regulatory,XBP1,proteostasis,0.8265514314472721
D07_S1_C020_T024,regulatory,ATF4,stress_adaptation,0.8114157748231831
D07_S1_C020_T024,regulatory,NFkB,inflammation,0.837171232495096
D07_S1_C021_T024,regulatory,XBP1,proteostasis,1.251469649501816
D07_S1_C021_T024,regulatory,ATF4,stress_adaptation,1.1908900984158688
D07_S1_C021_T024,regulatory,NFkB,inflammation,1.0312472125518801
D07_S1_C022_T024,regulatory,XBP1,proteostasis,0.9529211553626548
D07_S1_C022_T024,regulatory,ATF4,stress_adaptation,0.9226599612966547
D07_S1_C022_T024,regulatory,NFkB,inflammation,0.9079716683178809
D07_S1_C023_T024,regulatory,XBP1,proteostasis,0.6561245692990806
D07_S1_C023_T024,regulatory,ATF4,stress_adaptation,0.7396993422725047
D07_S1_C023_T024,regulatory,NFkB,inflammation,0.7128745918386656
D07_S1_C024_T024,regulatory,XBP1,proteostasis,0.8204827914166136
D07_S1_C024_T024,regulatory,ATF4,stress_adaptation,0.8558670156515857
D07_S1_C024_T024,regulatory,NFkB,inflammation,0.9028725147781108
D07_S1_C025_T024,regulatory,XBP1,proteostasis,0.933912255683267
D07_S1_C025_T024,regulatory,ATF4,stress_adaptation,0.8929207513271677
D07_S1_C025_T024,regulatory,NFkB,inflammation,0.9469672915799043
D07_S1_C026_T024,regulatory,XBP1,proteostasis,0.7638757807498356
D07_S1_C026_T024,regulatory,ATF4,stress_adaptation,0.8566262874521064
D07_S1_C026_T024,regulatory,NFkB,inflammation,0.9281580905949932
D07_S1_C027_T024,regulatory,XBP1,proteostasis,1.0563695703756293
D07_S1_C027_T024,regulatory,ATF4,stress_adaptation,0.985436055243297
D07_S1_C027_T024,regulatory,NFkB,inflammation,0.901549490925286
D07_S1_C028_T024,regulatory,XBP1,proteostasis,0.9879408818328967
D07_S1_C028_T024,regulatory,ATF4,stress_adaptation,1.0016312365336153
D07_S1_C028_T024,regulatory,NFkB,inflammation,1.010541213655821
D07_S1_C029_T024,regulatory,XBP1,proteostasis,0.9892048597477244
D07_S1_C029_T024,regulatory,ATF4,stress_adaptation,1.0037176208367973
D07_S1_C029_T024,regulatory,NFkB,inflammation,0.927310279217253
D07_S1_C030_T024,regulatory,XBP1,proteostasis,1.009329717982359
D07_S1_C030_T024,regulatory,ATF4,stress_adaptation,1.0175168293370613
D07_S1_C030_T024,regulatory,NFkB,inflammation,0.9383898889153967
D07_S1_C031_T024,regulatory,XBP1,proteostasis,1.0985311571029217
D07_S1_C031_T024,regulatory,ATF4,stress_adaptation,1.0085235699653172
D07_S1_C031_T024,regulatory,NFkB,inflammation,0.9682195929709776
D07_S1_C032_T024,regulatory,XBP1,proteostasis,0.9008694778214391
D07_S1_C032_T024,regulatory,ATF4,stress_adaptation,0.9144578443259864
D07_S1_C032_T024,regulatory,NFkB,inflammation,0.9018588388518874
D07_S1_C033_T024,regulatory,XBP1,proteostasis,0.6659461962191064
D07_S1_C033_T024,regulatory,ATF4,stress_adaptation,0.760106972617412
D07_S1_C033_T024,regulatory,NFkB,inflammation,0.8180652719682548
D07_S1_C034_T024,regulatory,XBP1,proteostasis,0.6473371176375866
D07_S1_C034_T024,regulatory,ATF4,stress_adaptation,0.7106384298462678
D07_S1_C034_T024,regulatory,NFkB,inflammation,0.7130671331266005
D07_S1_C035_T024,regulatory,XBP1,proteostasis,0.8275557846290978
D07_S1_C035_T024,regulatory,ATF4,stress_adaptation,0.8446141890776155
D07_S1_C035_T024,regulatory,NFkB,inflammation,0.8496944525642224
D07_S1_C000_T048,regulatory,XBP1,proteostasis,1.246188821792569
D07_S1_C000_T048,regulatory,ATF4,stress_adaptation,1.41002273416517
D07_S1_C000_T048,regulatory,NFkB,inflammation,1.435784969806656
D07_S1_C001_T048,regulatory,XBP1,proteostasis,1.3258689961040822
D07_S1_C001_T048,regulatory,ATF4,stress_adaptation,1.4618148474676536
D07_S1_C001_T048,regulatory,NFkB,inflammation,1.471641048246837
D07_S1_C002_T048,regulatory,XBP1,proteostasis,0.9774111221014316
D07_S1_C002_T048,regulatory,ATF4,stress_adaptation,1.2353172293659305
D07_S1_C002_T048,regulatory,NFkB,inflammation,1.3148350049456443
D07_S1_C003_T048,regulatory,XBP1,proteostasis,1.0749843447954093
D07_S1_C003_T048,regulatory,ATF4,stress_adaptation,1.2987398241170163
D07_S1_C003_T048,regulatory,NFkB,inflammation,1.3587429551579342
D07_S1_C004_T048,regulatory,XBP1,proteostasis,1.0988333665597294
D07_S1_C004_T048,regulatory,ATF4,stress_adaptation,1.3142416882638241
D07_S1_C004_T048,regulatory,NFkB,inflammation,1.3694750149518782
D07_S1_C005_T048,regulatory,XBP1,proteostasis,1.229936746847496
D07_S1_C005_T048,regulatory,ATF4,stress_adaptation,1.3994588854508725
D07_S1_C005_T048,regulatory,NFkB,inflammation,1.4284715360813731
D07_S1_C006_T048,regulatory,XBP1,proteostasis,1.3647391602299452
D07_S1_C006_T048,regulatory,ATF4,stress_adaptation,1.45868804529372
D07_S1_C006_T048,regulatory,NFkB,inflammation,1.4891326221034755
D07_S1_C007_T048,regulatory,XBP1,proteostasis,1.048303173697802
D07_S1_C007_T048,regulatory,ATF4,stress_adaptation,1.2813970629035714
D07_S1_C007_T048,regulatory,NFkB,inflammation,1.3467364281640108
D07_S1_C008_T048,regulatory,XBP1,proteostasis,1.1844630046578086
D07_S1_C008_T048,regulatory,ATF4,stress_adaptation,1.365244195789767
D07_S1_C008_T048,regulatory,NFkB,inflammation,1.4080083520960138
D07_S1_C009_T048,regulatory,XBP1,proteostasis,1.3440730925557953
D07_S1_C009_T048,regulatory,ATF4,stress_adaptation,1.465029912344463
D07_S1_C009_T048,regulatory,NFkB,inflammation,1.479832891650108
D07_S1_C010_T048,regulatory,XBP1,proteostasis,1.0000798950146392
D07_S1_C010_T048,regulatory,ATF4,stress_adaptation,1.2436156598751054
D07_S1_C010_T048,regulatory,NFkB,inflammation,1.3250359527565876
D07_S1_C011_T048,regulatory,XBP1,proteostasis,0.9993448575832177
D07_S1_C011_T048,regulatory,ATF4,stress_adaptation,1.229631524910616
D07_S1_C011_T048,regulatory,NFkB,inflammation,1.324705185912448
D07_S1_C012_T048,regulatory,XBP1,proteostasis,1.289078202699002
D07_S1_C012_T048,regulatory,ATF4,stress_adaptation,1.4375760000120805
D07_S1_C012_T048,regulatory,NFkB,inflammation,1.4550851912145508
D07_S1_C013_T048,regulatory,XBP1,proteostasis,1.2646723851863204
D07_S1_C013_T048,regulatory,ATF4,stress_adaptation,1.4220370503711084
D07_S1_C013_T048,regulatory,NFkB,inflammation,1.4441025733338442
D07_S1_C014_T048,regulatory,XBP1,proteostasis,1.2344358655601058
D07_S1_C014_T048,regulatory,ATF4,stress_adaptation,1.4023833126140688
D07_S1_C014_T048,regulatory,NFkB,inflammation,1.4304961395020475
D07_S1_C015_T048,regulatory,XBP1,proteostasis,1.300797970883588
D07_S1_C015_T048,regulatory,ATF4,stress_adaptation,1.4455186810743323
D07_S1_C015_T048,regulatory,NFkB,inflammation,1.4603590868976146
D07_S1_C016_T048,regulatory,XBP1,proteostasis,0.9574637291607342
D07_S1_C016_T048,regulatory,ATF4,stress_adaptation,1.1714748431745001
D07_S1_C016_T048,regulatory,NFkB,inflammation,1.3058586781223305
D07_S1_C017_T048,regulatory,XBP1,proteostasis,1.1032064224854683
D07_S1_C017_T048,regulatory,ATF4,stress_adaptation,1.3170841746155544
D07_S1_C017_T048,regulatory,NFkB,inflammation,1.3714428901184608
D07_S1_C018_T048,regulatory,XBP1,proteostasis,1.1695463543407487
D07_S1_C018_T048,regulatory,ATF4,stress_adaptation,1.3602051303214868
D07_S1_C018_T048,regulatory,NFkB,inflammation,1.401295859453337
D07_S1_C019_T048,regulatory,XBP1,proteostasis,1.414731215136888
D07_S1_C019_T048,regulatory,ATF4,stress_adaptation,1.5195752898389774
D07_S1_C019_T048,regulatory,NFkB,inflammation,1.5116290468115996
D07_S1_C020_T048,regulatory,XBP1,proteostasis,1.1282428528104071
D07_S1_C020_T048,regulatory,ATF4,stress_adaptation,1.2876301679050306
D07_S1_C020_T048,regulatory,NFkB,inflammation,1.3827092837646833
D07_S1_C021_T048,regulatory,XBP1,proteostasis,1.485705936497488
D07_S1_C021_T048,regulatory,ATF4,stress_adaptation,1.5657088587233674
D07_S1_C021_T048,regulatory,NFkB,inflammation,1.5435676714238697
D07_S1_C022_T048,regulatory,XBP1,proteostasis,1.2370003404077345
D07_S1_C022_T048,regulatory,ATF4,stress_adaptation,1.397686677939495
D07_S1_C022_T048,regulatory,NFkB,inflammation,1.4316501531834804
D07_S1_C023_T048,regulatory,XBP1,proteostasis,0.9395680452426791
D07_S1_C023_T048,regulatory,ATF4,stress_adaptation,1.2107192294077416
D07_S1_C023_T048,regulatory,NFkB,inflammation,1.2978056203592057
D07_S1_C024_T048,regulatory,XBP1,proteostasis,1.1187112571451243
D07_S1_C024_T048,regulatory,ATF4,stress_adaptation,1.327162317144331
D07_S1_C024_T048,regulatory,NFkB,inflammation,1.3784200657153058
D07_S1_C025_T048,regulatory,XBP1,proteostasis,1.242174455658008
D07_S1_C025_T048,regulatory,ATF4,stress_adaptation,1.3874846047742881
D07_S1_C025_T048,regulatory,NFkB,inflammation,1.4339785050461038
D07_S1_C026_T048,regulatory,XBP1,proteostasis,1.0389343497807573
D07_S1_C026_T048,regulatory,ATF4,stress_adaptation,1.2753073273574924
D07_S1_C026_T048,regulatory,NFkB,inflammation,1.3425204574013407
D07_S1_C027_T048,regulatory,XBP1,proteostasis,1.3886392998303134
D07_S1_C027_T048,regulatory,ATF4,stress_adaptation,1.5026155448897038
D07_S1_C027_T048,regulatory,NFkB,inflammation,1.499887684923641
D07_S1_C028_T048,regulatory,XBP1,proteostasis,1.2620042704154864
D07_S1_C028_T048,regulatory,ATF4,stress_adaptation,1.4203027757700664
D07_S1_C028_T048,regulatory,NFkB,inflammation,1.442901921686969
D07_S1_C029_T048,regulatory,XBP1,proteostasis,1.2251989382595312
D07_S1_C029_T048,regulatory,ATF4,stress_adaptation,1.3963793098686954
D07_S1_C029_T048,regulatory,NFkB,inflammation,1.426339522216789
D07_S1_C030_T048,regulatory,XBP1,proteostasis,1.2549682803695175
D07_S1_C030_T048,regulatory,ATF4,stress_adaptation,1.4157293822401864
D07_S1_C030_T048,regulatory,NFkB,inflammation,1.4397357261662829
D07_S1_C031_T048,regulatory,XBP1,proteostasis,1.3913807192914185
D07_S1_C031_T048,regulatory,ATF4,stress_adaptation,1.5043974675394223
D07_S1_C031_T048,regulatory,NFkB,inflammation,1.5011213236811383
D07_S1_C032_T048,regulatory,XBP1,proteostasis,1.2121177948795567
D07_S1_C032_T048,regulatory,ATF4,stress_adaptation,1.387876566671712
D07_S1_C032_T048,regulatory,NFkB,inflammation,1.4204530076958006
D07_S1_C033_T048,regulatory,XBP1,proteostasis,0.9855790305596438
D07_S1_C033_T048,regulatory,ATF4,stress_adaptation,1.2406263698637687
D07_S1_C033_T048,regulatory,NFkB,inflammation,1.3185105637518397
D07_S1_C034_T048,regulatory,XBP1,proteostasis,0.8967321402502647
D07_S1_C034_T048,regulatory,ATF4,stress_adaptation,1.145223125650201
D07_S1_C034_T048,regulatory,NFkB,inflammation,1.2785294631126192
D07_S1_C035_T048,regulatory,XBP1,proteostasis,1.1437972554878484
D07_S1_C035_T048,regulatory,ATF4,stress_adaptation,1.3434682160671017
D07_S1_C035_T048,regulatory,NFkB,inflammation,1.3897087649695319
D08_S0_C000_T000,regulatory,XBP1,proteostasis,0.41973128783848895
D08_S0_C000_T000,regulatory,ATF4,stress_adaptation,0.3396563792152101
D08_S0_C000_T000,regulatory,NFkB,inflammation,0.19373373020291101
D08_S0_C001_T000,regulatory,XBP1,proteostasis,0.5998459125357594
D08_S0_C001_T000,regulatory,ATF4,stress_adaptation,0.4635226499875334
D08_S0_C001_T000,regulatory,NFkB,inflammation,0.2699306606410917
D08_S0_C002_T000,regulatory,XBP1,proteostasis,0.5552697623468315
D08_S0_C002_T000,regulatory,ATF4,stress_adaptation,0.4778807600329633
D08_S0_C002_T000,regulatory,NFkB,inflammation,0.3805378772529109
D08_S0_C003_T000,regulatory,XBP1,proteostasis,0.5493679679285018
D08_S0_C003_T000,regulatory,ATF4,stress_adaptation,0.4270760159641635
D08_S0_C003_T000,regulatory,NFkB,inflammation,0.40964840343530584
D08_S0_C004_T000,regulatory,XBP1,proteostasis,0.30194143428652165
D08_S0_C004_T000,regulatory,ATF4,stress_adaptation,0.28319640124484297
D08_S0_C004_T000,regulatory,NFkB,inflammation,0.23762042112997644
D08_S0_C005_T000,regulatory,XBP1,proteostasis,0.370801201372181
D08_S0_C005_T000,regulatory,ATF4,stress_adaptation,0.3488329522751877
D08_S0_C005_T000,regulatory,NFkB,inflammation,0.2699426244589804
D08_S0_C006_T000,regulatory,XBP1,proteostasis,0.6181545275741664
D08_S0_C006_T000,regulatory,ATF4,stress_adaptation,0.48356431300012387
D08_S0_C006_T000,regulatory,NFkB,inflammation,0.5422619993187179
D08_S0_C007_T000,regulatory,XBP1,proteostasis,0.5647812006157203
D08_S0_C007_T000,regulatory,ATF4,stress_adaptation,0.46132005686502525
D08_S0_C007_T000,regulatory,NFkB,inflammation,0.363461525661147
D08_S0_C008_T000,regulatory,XBP1,proteostasis,0.6277363049422602
D08_S0_C008_T000,regulatory,ATF4,stress_adaptation,0.47247553562751
D08_S0_C008_T000,regulatory,NFkB,inflammation,0.5458701105585942
D08_S0_C009_T000,regulatory,XBP1,proteostasis,0.5014867514099476
D08_S0_C009_T000,regulatory,ATF4,stress_adaptation,0.40403121274735077
D08_S0_C009_T000,regulatory,NFkB,inflammation,0.40147094437115916
D08_S0_C010_T000,regulatory,XBP1,proteostasis,0.4426546053398497
D08_S0_C010_T000,regulatory,ATF4,stress_adaptation,0.34962509570137257
D08_S0_C010_T000,regulatory,NFkB,inflammation,0.23185750474185224
D08_S0_C011_T000,regulatory,XBP1,proteostasis,0.6540301664488497
D08_S0_C011_T000,regulatory,ATF4,stress_adaptation,0.4980773896210922
D08_S0_C011_T000,regulatory,NFkB,inflammation,0.46385749543857857
D08_S0_C012_T000,regulatory,XBP1,proteostasis,0.7373330194386973
D08_S0_C012_T000,regulatory,ATF4,stress_adaptation,0.5790473535171254
D08_S0_C012_T000,regulatory,NFkB,inflammation,0.44486932011537716
D08_S0_C013_T000,regulatory,XBP1,proteostasis,0.3525909545282393
D08_S0_C013_T000,regulatory,ATF4,stress_adaptation,0.3079766007783746
D08_S0_C013_T000,regulatory,NFkB,inflammation,0.1586659295377077
D08_S0_C014_T000,regulatory,XBP1,proteostasis,0.5586832157151759
D08_S0_C014_T000,regulatory,ATF4,stress_adaptation,0.42168503933674817
D08_S0_C014_T000,regulatory,NFkB,inflammation,0.27725832578557297
D08_S0_C015_T000,regulatory,XBP1,proteostasis,0.725123748601795
D08_S0_C015_T000,regulatory,ATF4,stress_adaptation,0.542294232867706
D08_S0_C015_T000,regulatory,NFkB,inflammation,0.3304883199731853
D08_S0_C016_T000,regulatory,XBP1,proteostasis,0.34512308037076267
D08_S0_C016_T000,regulatory,ATF4,stress_adaptation,0.34208031831282537
D08_S0_C016_T000,regulatory,NFkB,inflammation,0.28280468108236134
D08_S0_C017_T000,regulatory,XBP1,proteostasis,0.4248280455956506
D08_S0_C017_T000,regulatory,ATF4,stress_adaptation,0.3324109091307542
D08_S0_C017_T000,regulatory,NFkB,inflammation,0.3680837629787024
D08_S0_C018_T000,regulatory,XBP1,proteostasis,0.8488131429884813
D08_S0_C018_T000,regulatory,ATF4,stress_adaptation,0.6736132001602649
D08_S0_C018_T000,regulatory,NFkB,inflammation,0.5197763817889063
D08_S0_C019_T000,regulatory,XBP1,proteostasis,0.38722241360141996
D08_S0_C019_T000,regulatory,ATF4,stress_adaptation,0.3615312923393215
D08_S0_C019_T000,regulatory,NFkB,inflammation,0.2746696947088682
D08_S0_C020_T000,regulatory,XBP1,proteostasis,0.39860164816996585
D08_S0_C020_T000,regulatory,ATF4,stress_adaptation,0.35150034349951303
D08_S0_C020_T000,regulatory,NFkB,inflammation,0.2753068718477838
D08_S0_C021_T000,regulatory,XBP1,proteostasis,0.49359131783858845
D08_S0_C021_T000,regulatory,ATF4,stress_adaptation,0.4336865128995005
D08_S0_C021_T000,regulatory,NFkB,inflammation,0.347256387173562
D08_S0_C022_T000,regulatory,XBP1,proteostasis,0.56572275533779
D08_S0_C022_T000,regulatory,ATF4,stress_adaptation,0.46210680852591757
D08_S0_C022_T000,regulatory,NFkB,inflammation,0.3614854517299636
D08_S0_C023_T000,regulatory,XBP1,proteostasis,0.25597907009996546
D08_S0_C023_T000,regulatory,ATF4,stress_adaptation,0.232510641884225
D08_S0_C023_T000,regulatory,NFkB,inflammation,0.2606009903739278
D08_S0_C024_T000,regulatory,XBP1,proteostasis,0.472875812693504
D08_S0_C024_T000,regulatory,ATF4,stress_adaptation,0.3741120062993661
D08_S0_C024_T000,regulatory,NFkB,inflammation,0.37671687573327006
D08_S0_C025_T000,regulatory,XBP1,proteostasis,0.4580185707718783
D08_S0_C025_T000,regulatory,ATF4,stress_adaptation,0.42286497365995346
D08_S0_C025_T000,regulatory,NFkB,inflammation,0.3382187640268753
D08_S0_C026_T000,regulatory,XBP1,proteostasis,0.6283425602477732
D08_S0_C026_T000,regulatory,ATF4,stress_adaptation,0.5494491529981227
D08_S0_C026_T000,regulatory,NFkB,inflammation,0.4068848347946984
D08_S0_C027_T000,regulatory,XBP1,proteostasis,0.27402544448536115
D08_S0_C027_T000,regulatory,ATF4,stress_adaptation,0.2412135828713981
D08_S0_C027_T000,regulatory,NFkB,inflammation,0.12331145001841252
D08_S0_C028_T000,regulatory,XBP1,proteostasis,0.4943474729876275
D08_S0_C028_T000,regulatory,ATF4,stress_adaptation,0.40889893901907576
D08_S0_C028_T000,regulatory,NFkB,inflammation,0.4447368140074075
D08_S0_C029_T000,regulatory,XBP1,proteostasis,0.4176165787989699
D08_S0_C029_T000,regulatory,ATF4,stress_adaptation,0.34574584320860496
D08_S0_C029_T000,regulatory,NFkB,inflammation,0.21571347042408692
D08_S0_C030_T000,regulatory,XBP1,proteostasis,0.6875590933409021
D08_S0_C030_T000,regulatory,ATF4,stress_adaptation,0.5363431164455313
D08_S0_C030_T000,regulatory,NFkB,inflammation,0.40217619811360716
D08_S0_C031_T000,regulatory,XBP1,proteostasis,0.47994744773664505
D08_S0_C031_T000,regulatory,ATF4,stress_adaptation,0.386560500813822
D08_S0_C031_T000,regulatory,NFkB,inflammation,0.39410763811727856
D08_S0_C032_T000,regulatory,XBP1,proteostasis,0.3416616313202925
D08_S0_C032_T000,regulatory,ATF4,stress_adaptation,0.26373224822188257
D08_S0_C032_T000,regulatory,NFkB,inflammation,0.16805781411309764
D08_S0_C033_T000,regulatory,XBP1,proteostasis,0.5006713650218504
D08_S0_C033_T000,regulatory,ATF4,stress_adaptation,0.43125913607899813
D08_S0_C033_T000,regulatory,NFkB,inflammation,0.35292826934368426
D08_S0_C034_T000,regulatory,XBP1,proteostasis,0.32683941820114293
D08_S0_C034_T000,regulatory,ATF4,stress_adaptation,0.29435053551569335
D08_S0_C034_T000,regulatory,NFkB,inflammation,0.25693992886246353
D08_S0_C035_T000,regulatory,XBP1,proteostasis,0.3096042133017897
D08_S0_C035_T000,regulatory,ATF4,stress_adaptation,0.31003862348932487
D08_S0_C035_T000,regulatory,NFkB,inflammation,0.27218246690808967
D08_S0_C000_T012,regulatory,XBP1,proteostasis,0.5289816408081454
D08_S0_C000_T012,regulatory,ATF4,stress_adaptation,0.48599452626629003
D08_S0_C000_T012,regulatory,NFkB,inflammation,0.2917697778066643
D08_S0_C001_T012,regulatory,XBP1,proteostasis,0.7272502284096983
D08_S0_C001_T012,regulatory,ATF4,stress_adaptation,0.6331609619343117
D08_S0_C001_T012,regulatory,NFkB,inflammation,0.38148607395184986
D08_S0_C002_T012,regulatory,XBP1,proteostasis,0.596496624281913
D08_S0_C002_T012,regulatory,ATF4,stress_adaptation,0.5666586125832029
D08_S0_C002_T012,regulatory,NFkB,inflammation,0.48823878253312697
D08_S0_C003_T012,regulatory,XBP1,proteostasis,0.721720426497707
D08_S0_C003_T012,regulatory,ATF4,stress_adaptation,0.6034686749523243
D08_S0_C003_T012,regulatory,NFkB,inflammation,0.5098953495621867
D08_S0_C004_T012,regulatory,XBP1,proteostasis,0.4013214115808905
D08_S0_C004_T012,regulatory,ATF4,stress_adaptation,0.3914917293876352
D08_S0_C004_T012,regulatory,NFkB,inflammation,0.37799154726554873
D08_S0_C005_T012,regulatory,XBP1,proteostasis,0.445331702695191
D08_S0_C005_T012,regulatory,ATF4,stress_adaptation,0.4498526762216626
D08_S0_C005_T012,regulatory,NFkB,inflammation,0.41815284901055544
D08_S0_C006_T012,regulatory,XBP1,proteostasis,0.7755823976855524
D08_S0_C006_T012,regulatory,ATF4,stress_adaptation,0.66982839980181
D08_S0_C006_T012,regulatory,NFkB,inflammation,0.654971779986677
D08_S0_C007_T012,regulatory,XBP1,proteostasis,0.7138168171917734
D08_S0_C007_T012,regulatory,ATF4,stress_adaptation,0.633034866409744
D08_S0_C007_T012,regulatory,NFkB,inflammation,0.4863707674818092
D08_S0_C008_T012,regulatory,XBP1,proteostasis,0.7521943650340989
D08_S0_C008_T012,regulatory,ATF4,stress_adaptation,0.6296395928354346
D08_S0_C008_T012,regulatory,NFkB,inflammation,0.6259559185553959
D08_S0_C009_T012,regulatory,XBP1,proteostasis,0.6122191175017963
D08_S0_C009_T012,regulatory,ATF4,stress_adaptation,0.5501084228447167
D08_S0_C009_T012,regulatory,NFkB,inflammation,0.4527771078865815
D08_S0_C010_T012,regulatory,XBP1,proteostasis,0.5898269482301876
D08_S0_C010_T012,regulatory,ATF4,stress_adaptation,0.5111961837391742
D08_S0_C010_T012,regulatory,NFkB,inflammation,0.34326864607739305
D08_S0_C011_T012,regulatory,XBP1,proteostasis,0.7760817802045739
D08_S0_C011_T012,regulatory,ATF4,stress_adaptation,0.6526786691952748
D08_S0_C011_T012,regulatory,NFkB,inflammation,0.5853333269406664
D08_S0_C012_T012,regulatory,XBP1,proteostasis,0.7828928524380765
D08_S0_C012_T012,regulatory,ATF4,stress_adaptation,0.6657170267061615
D08_S0_C012_T012,regulatory,NFkB,inflammation,0.5561001329272873
D08_S0_C013_T012,regulatory,XBP1,proteostasis,0.38292552841322225
D08_S0_C013_T012,regulatory,ATF4,stress_adaptation,0.40562328033852063
D08_S0_C013_T012,regulatory,NFkB,inflammation,0.24527008532320632
D08_S0_C014_T012,regulatory,XBP1,proteostasis,0.7011618468747878
D08_S0_C014_T012,regulatory,ATF4,stress_adaptation,0.5924651371603968
D08_S0_C014_T012,regulatory,NFkB,inflammation,0.42204672415894207
D08_S0_C015_T012,regulatory,XBP1,proteostasis,0.8439485539940007
D08_S0_C015_T012,regulatory,ATF4,stress_adaptation,0.7040838029537051
D08_S0_C015_T012,regulatory,NFkB,inflammation,0.5047604797205623
D08_S0_C016_T012,regulatory,XBP1,proteostasis,0.41837523774774066
D08_S0_C016_T012,regulatory,ATF4,stress_adaptation,0.42699842453461223
D08_S0_C016_T012,regulatory,NFkB,inflammation,0.39932251862030155
D08_S0_C017_T012,regulatory,XBP1,proteostasis,0.5243823224772336
D08_S0_C017_T012,regulatory,ATF4,stress_adaptation,0.45764453910143454
D08_S0_C017_T012,regulatory,NFkB,inflammation,0.4695584869405217
D08_S0_C018_T012,regulatory,XBP1,proteostasis,0.9580687251959554
D08_S0_C018_T012,regulatory,ATF4,stress_adaptation,0.8199812688102475
D08_S0_C018_T012,regulatory,NFkB,inflammation,0.6456672194547631
D08_S0_C019_T012,regulatory,XBP1,proteostasis,0.44799815523986375
D08_S0_C019_T012,regulatory,ATF4,stress_adaptation,0.4422757576838279
D08_S0_C019_T012,regulatory,NFkB,inflammation,0.3880328946534781
D08_S0_C020_T012,regulatory,XBP1,proteostasis,0.4331251454374061
D08_S0_C020_T012,regulatory,ATF4,stress_adaptation,0.41713549976947983
D08_S0_C020_T012,regulatory,NFkB,inflammation,0.3565753190112945
D08_S0_C021_T012,regulatory,XBP1,proteostasis,0.5636667537047841
D08_S0_C021_T012,regulatory,ATF4,stress_adaptation,0.5439986056157508
D08_S0_C021_T012,regulatory,NFkB,inflammation,0.4993992644171368
D08_S0_C022_T012,regulatory,XBP1,proteostasis,0.6546361761427961
D08_S0_C022_T012,regulatory,ATF4,stress_adaptation,0.5775087755696853
D08_S0_C022_T012,regulatory,NFkB,inflammation,0.4615427450596741
D08_S0_C023_T012,regulatory,XBP1,proteostasis,0.3689118911964978
D08_S0_C023_T012,regulatory,ATF4,stress_adaptation,0.37631859083259833
D08_S0_C023_T012,regulatory,NFkB,inflammation,0.37900856326479504
D08_S0_C024_T012,regulatory,XBP1,proteostasis,0.5990548624857375
D08_S0_C024_T012,regulatory,ATF4,stress_adaptation,0.5174372648345659
D08_S0_C024_T012,regulatory,NFkB,inflammation,0.4690895627812094
D08_S0_C025_T012,regulatory,XBP1,proteostasis,0.5170829888830605
D08_S0_C025_T012,regulatory,ATF4,stress_adaptation,0.5053196276579964
D08_S0_C025_T012,regulatory,NFkB,inflammation,0.4756435675623077
D08_S0_C026_T012,regulatory,XBP1,proteostasis,0.7446952205780932
D08_S0_C026_T012,regulatory,ATF4,stress_adaptation,0.7069780436844482
D08_S0_C026_T012,regulatory,NFkB,inflammation,0.5000155062989816
D08_S0_C027_T012,regulatory,XBP1,proteostasis,0.3815462240101166
D08_S0_C027_T012,regulatory,ATF4,stress_adaptation,0.37603169587864205
D08_S0_C027_T012,regulatory,NFkB,inflammation,0.267800758033559
D08_S0_C028_T012,regulatory,XBP1,proteostasis,0.5732990026157233
D08_S0_C028_T012,regulatory,ATF4,stress_adaptation,0.5249490686893182
D08_S0_C028_T012,regulatory,NFkB,inflammation,0.5247001971184954
D08_S0_C029_T012,regulatory,XBP1,proteostasis,0.4920698248195521
D08_S0_C029_T012,regulatory,ATF4,stress_adaptation,0.4616172156280111
D08_S0_C029_T012,regulatory,NFkB,inflammation,0.33227252320754747
D08_S0_C030_T012,regulatory,XBP1,proteostasis,0.7910850460865089
D08_S0_C030_T012,regulatory,ATF4,stress_adaptation,0.6855487543416053
D08_S0_C030_T012,regulatory,NFkB,inflammation,0.5103634469566248
D08_S0_C031_T012,regulatory,XBP1,proteostasis,0.5711847662953322
D08_S0_C031_T012,regulatory,ATF4,stress_adaptation,0.5139102738475143
D08_S0_C031_T012,regulatory,NFkB,inflammation,0.44890826299872033
D08_S0_C032_T012,regulatory,XBP1,proteostasis,0.4519321253520005
D08_S0_C032_T012,regulatory,ATF4,stress_adaptation,0.3959029430132161
D08_S0_C032_T012,regulatory,NFkB,inflammation,0.2427341995488878
D08_S0_C033_T012,regulatory,XBP1,proteostasis,0.6758864325868322
D08_S0_C033_T012,regulatory,ATF4,stress_adaptation,0.6246508413706156
D08_S0_C033_T012,regulatory,NFkB,inflammation,0.480444537635698
D08_S0_C034_T012,regulatory,XBP1,proteostasis,0.4217609584453028
D08_S0_C034_T012,regulatory,ATF4,stress_adaptation,0.3900347336632028
D08_S0_C034_T012,regulatory,NFkB,inflammation,0.37996279944372924
D08_S0_C035_T012,regulatory,XBP1,proteostasis,0.42508270736959364
D08_S0_C035_T012,regulatory,ATF4,stress_adaptation,0.44377580748932927
D08_S0_C035_T012,regulatory,NFkB,inflammation,0.3985652411037516
D08_S0_C000_T024,regulatory,XBP1,proteostasis,0.70089884361476
D08_S0_C000_T024,regulatory,ATF4,stress_adaptation,0.7019576225010858
D08_S0_C000_T024,regulatory,NFkB,inflammation,0.45457008841302526
D08_S0_C001_T024,regulatory,XBP1,proteostasis,0.8763791200770992
D08_S0_C001_T024,regulatory,ATF4,stress_adaptation,0.844979588958541
D08_S0_C001_T024,regulatory,NFkB,inflammation,0.5466829626162673
D08_S0_C002_T024,regulatory,XBP1,proteostasis,0.7869189935927733
D08_S0_C002_T024,regulatory,ATF4,stress_adaptation,0.7850861743058928
D08_S0_C002_T024,regulatory,NFkB,inflammation,0.6988943995946328
D08_S0_C003_T024,regulatory,XBP1,proteostasis,0.7928000074582314
D08_S0_C003_T024,regulatory,ATF4,stress_adaptation,0.7166047444416702
D08_S0_C003_T024,regulatory,NFkB,inflammation,0.646460739198556
D08_S0_C004_T024,regulatory,XBP1,proteostasis,0.5332266160977036
D08_S0_C004_T024,regulatory,ATF4,stress_adaptation,0.5590356930482598
D08_S0_C004_T024,regulatory,NFkB,inflammation,0.5476983758093996
D08_S0_C005_T024,regulatory,XBP1,proteostasis,0.619867275843422
D08_S0_C005_T024,regulatory,ATF4,stress_adaptation,0.6360661760465167
D08_S0_C005_T024,regulatory,NFkB,inflammation,0.6508530945584037
D08_S0_C006_T024,regulatory,XBP1,proteostasis,0.9073657802875671
D08_S0_C006_T024,regulatory,ATF4,stress_adaptation,0.8523923148384641
D08_S0_C006_T024,regulatory,NFkB,inflammation,0.8158794431501701
D08_S0_C007_T024,regulatory,XBP1,proteostasis,0.773870756990641
D08_S0_C007_T024,regulatory,ATF4,stress_adaptation,0.7621306842181133
D08_S0_C007_T024,regulatory,NFkB,inflammation,0.6493058196426746
D08_S0_C008_T024,regulatory,XBP1,proteostasis,0.91676429064051
D08_S0_C008_T024,regulatory,ATF4,stress_adaptation,0.8281706043962613
D08_S0_C008_T024,regulatory,NFkB,inflammation,0.7766653429889783
D08_S0_C009_T024,regulatory,XBP1,proteostasis,0.6882882389990306
D08_S0_C009_T024,regulatory,ATF4,stress_adaptation,0.6783990825162378
D08_S0_C009_T024,regulatory,NFkB,inflammation,0.554721780764342
D08_S0_C010_T024,regulatory,XBP1,proteostasis,0.6120040592009834
D08_S0_C010_T024,regulatory,ATF4,stress_adaptation,0.6012074802159114
D08_S0_C010_T024,regulatory,NFkB,inflammation,0.44000126209788737
D08_S0_C011_T024,regulatory,XBP1,proteostasis,0.9209578084659024
D08_S0_C011_T024,regulatory,ATF4,stress_adaptation,0.8348281754151838
D08_S0_C011_T024,regulatory,NFkB,inflammation,0.7760387818968184
D08_S0_C012_T024,regulatory,XBP1,proteostasis,0.8716153629813164
D08_S0_C012_T024,regulatory,ATF4,stress_adaptation,0.8081813356459427
D08_S0_C012_T024,regulatory,NFkB,inflammation,0.7448173139744465
D08_S0_C013_T024,regulatory,XBP1,proteostasis,0.5726924391136673
D08_S0_C013_T024,regulatory,ATF4,stress_adaptation,0.6222935078097498
D08_S0_C013_T024,regulatory,NFkB,inflammation,0.4371551924270263
D08_S0_C014_T024,regulatory,XBP1,proteostasis,0.8376713203581002
D08_S0_C014_T024,regulatory,ATF4,stress_adaptation,0.7699588178603483
D08_S0_C014_T024,regulatory,NFkB,inflammation,0.6168670797156933
D08_S0_C015_T024,regulatory,XBP1,proteostasis,0.9549673306418643
D08_S0_C015_T024,regulatory,ATF4,stress_adaptation,0.8780248633065763
D08_S0_C015_T024,regulatory,NFkB,inflammation,0.7109094106857923
D08_S0_C016_T024,regulatory,XBP1,proteostasis,0.49698311867656203
D08_S0_C016_T024,regulatory,ATF4,stress_adaptation,0.557205353355233
D08_S0_C016_T024,regulatory,NFkB,inflammation,0.5688533862681986
D08_S0_C017_T024,regulatory,XBP1,proteostasis,0.6603419872187913
D08_S0_C017_T024,regulatory,ATF4,stress_adaptation,0.6430446509423337
D08_S0_C017_T024,regulatory,NFkB,inflammation,0.6556166351901211
D08_S0_C018_T024,regulatory,XBP1,proteostasis,1.01885959625741
D08_S0_C018_T024,regulatory,ATF4,stress_adaptation,0.9497947995078144
D08_S0_C018_T024,regulatory,NFkB,inflammation,0.8030285319078059
D08_S0_C019_T024,regulatory,XBP1,proteostasis,0.6091679779186354
D08_S0_C019_T024,regulatory,ATF4,stress_adaptation,0.6258386204723444
D08_S0_C019_T024,regulatory,NFkB,inflammation,0.5339981431093909
D08_S0_C020_T024,regulatory,XBP1,proteostasis,0.5752964593208459
D08_S0_C020_T024,regulatory,ATF4,stress_adaptation,0.5739218895103083
D08_S0_C020_T024,regulatory,NFkB,inflammation,0.5184739479426004
D08_S0_C021_T024,regulatory,XBP1,proteostasis,0.6768769196029139
D08_S0_C021_T024,regulatory,ATF4,stress_adaptation,0.7048439814632821
D08_S0_C021_T024,regulatory,NFkB,inflammation,0.7077515698790954
D08_S0_C022_T024,regulatory,XBP1,proteostasis,0.7202454435155617
D08_S0_C022_T024,regulatory,ATF4,stress_adaptation,0.7057822871932882
D08_S0_C022_T024,regulatory,NFkB,inflammation,0.59814935879771
D08_S0_C023_T024,regulatory,XBP1,proteostasis,0.46739608109425934
D08_S0_C023_T024,regulatory,ATF4,stress_adaptation,0.5132859919653521
D08_S0_C023_T024,regulatory,NFkB,inflammation,0.5331427929936705
D08_S0_C024_T024,regulatory,XBP1,proteostasis,0.6766833984629362
D08_S0_C024_T024,regulatory,ATF4,stress_adaptation,0.6571424715006455
D08_S0_C024_T024,regulatory,NFkB,inflammation,0.5605368658617702
D08_S0_C025_T024,regulatory,XBP1,proteostasis,0.6435138043379883
D08_S0_C025_T024,regulatory,ATF4,stress_adaptation,0.6515810206462537
D08_S0_C025_T024,regulatory,NFkB,inflammation,0.6656827183123184
D08_S0_C026_T024,regulatory,XBP1,proteostasis,0.8870756435282207
D08_S0_C026_T024,regulatory,ATF4,stress_adaptation,0.9087902374823774
D08_S0_C026_T024,regulatory,NFkB,inflammation,0.6515519788024251
D08_S0_C027_T024,regulatory,XBP1,proteostasis,0.48864462893617683
D08_S0_C027_T024,regulatory,ATF4,stress_adaptation,0.5289894078044989
D08_S0_C027_T024,regulatory,NFkB,inflammation,0.3949069642261948
D08_S0_C028_T024,regulatory,XBP1,proteostasis,0.7180549700119873
D08_S0_C028_T024,regulatory,ATF4,stress_adaptation,0.7126218856204454
D08_S0_C028_T024,regulatory,NFkB,inflammation,0.7260974666980403
D08_S0_C029_T024,regulatory,XBP1,proteostasis,0.6168221545174264
D08_S0_C029_T024,regulatory,ATF4,stress_adaptation,0.6238407452155019
D08_S0_C029_T024,regulatory,NFkB,inflammation,0.5112243962800559
D08_S0_C030_T024,regulatory,XBP1,proteostasis,0.9612778290070141
D08_S0_C030_T024,regulatory,ATF4,stress_adaptation,0.9079693753781022
D08_S0_C030_T024,regulatory,NFkB,inflammation,0.6985953413103267
D08_S0_C031_T024,regulatory,XBP1,proteostasis,0.6818610850732036
D08_S0_C031_T024,regulatory,ATF4,stress_adaptation,0.6997027742161338
D08_S0_C031_T024,regulatory,NFkB,inflammation,0.5623289734959942
D08_S0_C032_T024,regulatory,XBP1,proteostasis,0.5766222242660868
D08_S0_C032_T024,regulatory,ATF4,stress_adaptation,0.5544628929614326
D08_S0_C032_T024,regulatory,NFkB,inflammation,0.37547579462835134
D08_S0_C033_T024,regulatory,XBP1,proteostasis,0.8465164630954355
D08_S0_C033_T024,regulatory,ATF4,stress_adaptation,0.8396641613196878
D08_S0_C033_T024,regulatory,NFkB,inflammation,0.6773415333859618
D08_S0_C034_T024,regulatory,XBP1,proteostasis,0.54785173292609
D08_S0_C034_T024,regulatory,ATF4,stress_adaptation,0.548594738428597
D08_S0_C034_T024,regulatory,NFkB,inflammation,0.5858738778541125
D08_S0_C035_T024,regulatory,XBP1,proteostasis,0.5286763718171585
D08_S0_C035_T024,regulatory,ATF4,stress_adaptation,0.5791367545065449
D08_S0_C035_T024,regulatory,NFkB,inflammation,0.5839046366470786
D08_S0_C000_T048,regulatory,XBP1,proteostasis,0.8868337333034687
D08_S0_C000_T048,regulatory,ATF4,stress_adaptation,1.0334433411234425
D08_S0_C000_T048,regulatory,NFkB,inflammation,0.8287646968449318
D08_S0_C001_T048,regulatory,XBP1,proteostasis,1.2606173352463639
D08_S0_C001_T048,regulatory,ATF4,stress_adaptation,1.4113959386510042
D08_S0_C001_T048,regulatory,NFkB,inflammation,1.1445750642982846
D08_S0_C002_T048,regulatory,XBP1,proteostasis,1.0556215103647992
D08_S0_C002_T048,regulatory,ATF4,stress_adaptation,1.1959201954656715
D08_S0_C002_T048,regulatory,NFkB,inflammation,1.2601204937560484
D08_S0_C003_T048,regulatory,XBP1,proteostasis,1.074104177268209
D08_S0_C003_T048,regulatory,ATF4,stress_adaptation,1.138897056076025
D08_S0_C003_T048,regulatory,NFkB,inflammation,1.1708502511359755
D08_S0_C004_T048,regulatory,XBP1,proteostasis,0.7912184551174818
D08_S0_C004_T048,regulatory,ATF4,stress_adaptation,0.9294316028183545
D08_S0_C004_T048,regulatory,NFkB,inflammation,1.0630614169605639
D08_S0_C005_T048,regulatory,XBP1,proteostasis,0.8695900897781124
D08_S0_C005_T048,regulatory,ATF4,stress_adaptation,1.0148439073219724
D08_S0_C005_T048,regulatory,NFkB,inflammation,1.2663155404001505
D08_S0_C006_T048,regulatory,XBP1,proteostasis,1.2096230522930325
D08_S0_C006_T048,regulatory,ATF4,stress_adaptation,1.296272262358036
D08_S0_C006_T048,regulatory,NFkB,inflammation,1.4166852516119701
D08_S0_C007_T048,regulatory,XBP1,proteostasis,1.1199938781537526
D08_S0_C007_T048,regulatory,ATF4,stress_adaptation,1.2249993929985346
D08_S0_C007_T048,regulatory,NFkB,inflammation,1.1800199099047344
D08_S0_C008_T048,regulatory,XBP1,proteostasis,1.2236927148541454
D08_S0_C008_T048,regulatory,ATF4,stress_adaptation,1.294670305307637
D08_S0_C008_T048,regulatory,NFkB,inflammation,1.3201894294839445
D08_S0_C009_T048,regulatory,XBP1,proteostasis,1.0288746508548685
D08_S0_C009_T048,regulatory,ATF4,stress_adaptation,1.1291356996126063
D08_S0_C009_T048,regulatory,NFkB,inflammation,0.9835603882872241
D08_S0_C010_T048,regulatory,XBP1,proteostasis,0.8548281591302879
D08_S0_C010_T048,regulatory,ATF4,stress_adaptation,0.9679236422019017
D08_S0_C010_T048,regulatory,NFkB,inflammation,0.7699913322811047
D08_S0_C011_T048,regulatory,XBP1,proteostasis,1.1934900546057932
D08_S0_C011_T048,regulatory,ATF4,stress_adaptation,1.2521786491098483
D08_S0_C011_T048,regulatory,NFkB,inflammation,1.2744047303025692
D08_S0_C012_T048,regulatory,XBP1,proteostasis,1.1458214341692503
D08_S0_C012_T048,regulatory,ATF4,stress_adaptation,1.2303957673562724
D08_S0_C012_T048,regulatory,NFkB,inflammation,1.2920780298253538
D08_S0_C013_T048,regulatory,XBP1,proteostasis,0.8534292013025782
D08_S0_C013_T048,regulatory,ATF4,stress_adaptation,1.0810758824006803
D08_S0_C013_T048,regulatory,NFkB,inflammation,0.9805844642246848
D08_S0_C014_T048,regulatory,XBP1,proteostasis,1.1358705178111406
D08_S0_C014_T048,regulatory,ATF4,stress_adaptation,1.2192407806217405
D08_S0_C014_T048,regulatory,NFkB,inflammation,1.2251614010279424
D08_S0_C015_T048,regulatory,XBP1,proteostasis,1.2685290732206587
D08_S0_C015_T048,regulatory,ATF4,stress_adaptation,1.3356479069544815
D08_S0_C015_T048,regulatory,NFkB,inflammation,1.27099472476995
D08_S0_C016_T048,regulatory,XBP1,proteostasis,0.7842227512811802
D08_S0_C016_T048,regulatory,ATF4,stress_adaptation,0.9612699999951486
D08_S0_C016_T048,regulatory,NFkB,inflammation,1.201153488764704
D08_S0_C017_T048,regulatory,XBP1,proteostasis,0.9283035984592746
D08_S0_C017_T048,regulatory,ATF4,stress_adaptation,1.061689650167346
D08_S0_C017_T048,regulatory,NFkB,inflammation,1.1800297374964157
D08_S0_C018_T048,regulatory,XBP1,proteostasis,1.283171836643496
D08_S0_C018_T048,regulatory,ATF4,stress_adaptation,1.3650552951012576
D08_S0_C018_T048,regulatory,NFkB,inflammation,1.4069739816656954
D08_S0_C019_T048,regulatory,XBP1,proteostasis,0.746598629726442
D08_S0_C019_T048,regulatory,ATF4,stress_adaptation,0.9198569839142061
D08_S0_C019_T048,regulatory,NFkB,inflammation,0.8659284851334939
D08_S0_C020_T048,regulatory,XBP1,proteostasis,0.8250805446897197
D08_S0_C020_T048,regulatory,ATF4,stress_adaptation,0.9215083566956457
D08_S0_C020_T048,regulatory,NFkB,inflammation,1.0482853549475464
D08_S0_C021_T048,regulatory,XBP1,proteostasis,0.9441092368045204
D08_S0_C021_T048,regulatory,ATF4,stress_adaptation,1.1153560595557113
D08_S0_C021_T048,regulatory,NFkB,inflammation,1.2998491565620343
D08_S0_C022_T048,regulatory,XBP1,proteostasis,1.0079906041042992
D08_S0_C022_T048,regulatory,ATF4,stress_adaptation,1.1146206465919235
D08_S0_C022_T048,regulatory,NFkB,inflammation,1.168953061334593
D08_S0_C023_T048,regulatory,XBP1,proteostasis,0.7058529513860142
D08_S0_C023_T048,regulatory,ATF4,stress_adaptation,0.8523424903995453
D08_S0_C023_T048,regulatory,NFkB,inflammation,1.0426698064423896
D08_S0_C024_T048,regulatory,XBP1,proteostasis,0.9230461706936381
D08_S0_C024_T048,regulatory,ATF4,stress_adaptation,1.0303674506332448
D08_S0_C024_T048,regulatory,NFkB,inflammation,0.9477737978593113
D08_S0_C025_T048,regulatory,XBP1,proteostasis,0.9297684293525125
D08_S0_C025_T048,regulatory,ATF4,stress_adaptation,1.085103243738288
D08_S0_C025_T048,regulatory,NFkB,inflammation,1.2303475083511204
D08_S0_C026_T048,regulatory,XBP1,proteostasis,1.1824862624581622
D08_S0_C026_T048,regulatory,ATF4,stress_adaptation,1.3618473837159986
D08_S0_C026_T048,regulatory,NFkB,inflammation,1.1822054177826646
D08_S0_C027_T048,regulatory,XBP1,proteostasis,0.7904003786197058
D08_S0_C027_T048,regulatory,ATF4,stress_adaptation,0.954312105610964
D08_S0_C027_T048,regulatory,NFkB,inflammation,0.8928860286889695
D08_S0_C028_T048,regulatory,XBP1,proteostasis,0.983329681786077
D08_S0_C028_T048,regulatory,ATF4,stress_adaptation,1.1177730157422843
D08_S0_C028_T048,regulatory,NFkB,inflammation,1.297958806530187
D08_S0_C029_T048,regulatory,XBP1,proteostasis,0.9185196911331842
D08_S0_C029_T048,regulatory,ATF4,stress_adaptation,1.054819103696848
D08_S0_C029_T048,regulatory,NFkB,inflammation,0.9671394883697839
D08_S0_C030_T048,regulatory,XBP1,proteostasis,1.237266081196941
D08_S0_C030_T048,regulatory,ATF4,stress_adaptation,1.3504357991396536
D08_S0_C030_T048,regulatory,NFkB,inflammation,1.276811072839117
D08_S0_C031_T048,regulatory,XBP1,proteostasis,1.02303966360039
D08_S0_C031_T048,regulatory,ATF4,stress_adaptation,1.171570605487525
D08_S0_C031_T048,regulatory,NFkB,inflammation,1.0352089287297486
D08_S0_C032_T048,regulatory,XBP1,proteostasis,0.8711593289930744
D08_S0_C032_T048,regulatory,ATF4,stress_adaptation,0.9500437456119567
D08_S0_C032_T048,regulatory,NFkB,inflammation,0.7987164899907735
D08_S0_C033_T048,regulatory,XBP1,proteostasis,1.147275921639715
D08_S0_C033_T048,regulatory,ATF4,stress_adaptation,1.3300837292010392
D08_S0_C033_T048,regulatory,NFkB,inflammation,1.2455578926691522
D08_S0_C034_T048,regulatory,XBP1,proteostasis,0.7530011269787212
D08_S0_C034_T048,regulatory,ATF4,stress_adaptation,0.8803711400517364
D08_S0_C034_T048,regulatory,NFkB,inflammation,1.1323479562095098
D08_S0_C035_T048,regulatory,XBP1,proteostasis,0.7590979775577087
D08_S0_C035_T048,regulatory,ATF4,stress_adaptation,0.9491672783739245
D08_S0_C035_T048,regulatory,NFkB,inflammation,1.1270280952164966
D08_S1_C000_T000,regulatory,XBP1,proteostasis,0.7877428269472911
D08_S1_C000_T000,regulatory,ATF4,stress_adaptation,0.5873741968442805
D08_S1_C000_T000,regulatory,NFkB,inflammation,0.597248430822489
D08_S1_C001_T000,regulatory,XBP1,proteostasis,0.6799750851923287
D08_S1_C001_T000,regulatory,ATF4,stress_adaptation,0.5042420231638375
D08_S1_C001_T000,regulatory,NFkB,inflammation,0.3331548774762927
D08_S1_C002_T000,regulatory,XBP1,proteostasis,0.7241064644842976
D08_S1_C002_T000,regulatory,ATF4,stress_adaptation,0.5982341284348196
D08_S1_C002_T000,regulatory,NFkB,inflammation,0.4280134820400289
D08_S1_C003_T000,regulatory,XBP1,proteostasis,0.2800156490455498
D08_S1_C003_T000,regulatory,ATF4,stress_adaptation,0.24846237561764095
D08_S1_C003_T000,regulatory,NFkB,inflammation,0.12600704207049743
D08_S1_C004_T000,regulatory,XBP1,proteostasis,0.5713758924749276
D08_S1_C004_T000,regulatory,ATF4,stress_adaptation,0.4262733061457671
D08_S1_C004_T000,regulatory,NFkB,inflammation,0.28194724873978344
D08_S1_C005_T000,regulatory,XBP1,proteostasis,0.4139888993899301
D08_S1_C005_T000,regulatory,ATF4,stress_adaptation,0.3758203526204487
D08_S1_C005_T000,regulatory,NFkB,inflammation,0.3023606609263959
D08_S1_C006_T000,regulatory,XBP1,proteostasis,0.44957936486578765
D08_S1_C006_T000,regulatory,ATF4,stress_adaptation,0.3588077356749768
D08_S1_C006_T000,regulatory,NFkB,inflammation,0.3514577546862466
D08_S1_C007_T000,regulatory,XBP1,proteostasis,0.4844248861175485
D08_S1_C007_T000,regulatory,ATF4,stress_adaptation,0.3848565705071809
D08_S1_C007_T000,regulatory,NFkB,inflammation,0.4528801867320248
D08_S1_C008_T000,regulatory,XBP1,proteostasis,0.22800888583135778
D08_S1_C008_T000,regulatory,ATF4,stress_adaptation,0.22668649617668868
D08_S1_C008_T000,regulatory,NFkB,inflammation,0.11481273043955727
D08_S1_C009_T000,regulatory,XBP1,proteostasis,0.5789733235335931
D08_S1_C009_T000,regulatory,ATF4,stress_adaptation,0.4835832984639488
D08_S1_C009_T000,regulatory,NFkB,inflammation,0.365491030977558
D08_S1_C010_T000,regulatory,XBP1,proteostasis,0.49980698418380415
D08_S1_C010_T000,regulatory,ATF4,stress_adaptation,0.44243504088682944
D08_S1_C010_T000,regulatory,NFkB,inflammation,0.34569497246368164
D08_S1_C011_T000,regulatory,XBP1,proteostasis,0.6445469516993338
D08_S1_C011_T000,regulatory,ATF4,stress_adaptation,0.48571619959898754
D08_S1_C011_T000,regulatory,NFkB,inflammation,0.44306280264784614
D08_S1_C012_T000,regulatory,XBP1,proteostasis,0.4560507399171144
D08_S1_C012_T000,regulatory,ATF4,stress_adaptation,0.34488457226984387
D08_S1_C012_T000,regulatory,NFkB,inflammation,0.22290184042263753
D08_S1_C013_T000,regulatory,XBP1,proteostasis,0.4223770250465097
D08_S1_C013_T000,regulatory,ATF4,stress_adaptation,0.33922201951704134
D08_S1_C013_T000,regulatory,NFkB,inflammation,0.21123839444871617
D08_S1_C014_T000,regulatory,XBP1,proteostasis,0.5261841798216222
D08_S1_C014_T000,regulatory,ATF4,stress_adaptation,0.429095017090579
D08_S1_C014_T000,regulatory,NFkB,inflammation,0.24277405737497879
D08_S1_C015_T000,regulatory,XBP1,proteostasis,0.3200454080293814
D08_S1_C015_T000,regulatory,ATF4,stress_adaptation,0.28839860339363466
D08_S1_C015_T000,regulatory,NFkB,inflammation,0.1555787948845077
D08_S1_C016_T000,regulatory,XBP1,proteostasis,0.4563499443937021
D08_S1_C016_T000,regulatory,ATF4,stress_adaptation,0.38146644168561805
D08_S1_C016_T000,regulatory,NFkB,inflammation,0.22044712487969395
D08_S1_C017_T000,regulatory,XBP1,proteostasis,0.7282200406407493
D08_S1_C017_T000,regulatory,ATF4,stress_adaptation,0.5494461854044319
D08_S1_C017_T000,regulatory,NFkB,inflammation,0.49466076347068444
D08_S1_C018_T000,regulatory,XBP1,proteostasis,0.7635532670252709
D08_S1_C018_T000,regulatory,ATF4,stress_adaptation,0.5806498696628059
D08_S1_C018_T000,regulatory,NFkB,inflammation,0.3718872232880324
D08_S1_C019_T000,regulatory,XBP1,proteostasis,0.4382853950875093
D08_S1_C019_T000,regulatory,ATF4,stress_adaptation,0.3827120228561913
D08_S1_C019_T000,regulatory,NFkB,inflammation,0.3172544125856758
D08_S1_C020_T000,regulatory,XBP1,proteostasis,0.5537199655622707
D08_S1_C020_T000,regulatory,ATF4,stress_adaptation,0.4353225569313257
D08_S1_C020_T000,regulatory,NFkB,inflammation,0.4932761541311459
D08_S1_C021_T000,regulatory,XBP1,proteostasis,0.7322701897245668
D08_S1_C021_T000,regulatory,ATF4,stress_adaptation,0.5870144359463688
D08_S1_C021_T000,regulatory,NFkB,inflammation,0.4507632667028797
D08_S1_C022_T000,regulatory,XBP1,proteostasis,0.6566349389951276
D08_S1_C022_T000,regulatory,ATF4,stress_adaptation,0.5384939752398883
D08_S1_C022_T000,regulatory,NFkB,inflammation,0.3810473667172589
D08_S1_C023_T000,regulatory,XBP1,proteostasis,0.6538962183201947
D08_S1_C023_T000,regulatory,ATF4,stress_adaptation,0.5273638815574846
D08_S1_C023_T000,regulatory,NFkB,inflammation,0.3984352510124664
D08_S1_C024_T000,regulatory,XBP1,proteostasis,0.6277991516000001
D08_S1_C024_T000,regulatory,ATF4,stress_adaptation,0.5084073402924807
D08_S1_C024_T000,regulatory,NFkB,inflammation,0.37808565394330457
D08_S1_C025_T000,regulatory,XBP1,proteostasis,0.4649994191752931
D08_S1_C025_T000,regulatory,ATF4,stress_adaptation,0.3749317537115041
D08_S1_C025_T000,regulatory,NFkB,inflammation,0.38129909616395896
D08_S1_C026_T000,regulatory,XBP1,proteostasis,0.4770705578447375
D08_S1_C026_T000,regulatory,ATF4,stress_adaptation,0.38223806322975573
D08_S1_C026_T000,regulatory,NFkB,inflammation,0.3762842639995662
D08_S1_C027_T000,regulatory,XBP1,proteostasis,0.6315615489050576
D08_S1_C027_T000,regulatory,ATF4,stress_adaptation,0.5100996894962319
D08_S1_C027_T000,regulatory,NFkB,inflammation,0.4096282449415186
D08_S1_C028_T000,regulatory,XBP1,proteostasis,0.5887716991788665
D08_S1_C028_T000,regulatory,ATF4,stress_adaptation,0.48338651734265675
D08_S1_C028_T000,regulatory,NFkB,inflammation,0.36720831082718614
D08_S1_C029_T000,regulatory,XBP1,proteostasis,0.5500571758987353
D08_S1_C029_T000,regulatory,ATF4,stress_adaptation,0.43892040935714416
D08_S1_C029_T000,regulatory,NFkB,inflammation,0.4684353609811057
D08_S1_C030_T000,regulatory,XBP1,proteostasis,0.24122578738585096
D08_S1_C030_T000,regulatory,ATF4,stress_adaptation,0.2067037217751849
D08_S1_C030_T000,regulatory,NFkB,inflammation,0.10855160432363294
D08_S1_C031_T000,regulatory,XBP1,proteostasis,0.5759479952829463
D08_S1_C031_T000,regulatory,ATF4,stress_adaptation,0.45127324407109104
D08_S1_C031_T000,regulatory,NFkB,inflammation,0.2647033120121452
D08_S1_C032_T000,regulatory,XBP1,proteostasis,0.5735765300435772
D08_S1_C032_T000,regulatory,ATF4,stress_adaptation,0.47942672207734627
D08_S1_C032_T000,regulatory,NFkB,inflammation,0.37948921908615557
D08_S1_C033_T000,regulatory,XBP1,proteostasis,0.4145550306039424
D08_S1_C033_T000,regulatory,ATF4,stress_adaptation,0.332201996969144
D08_S1_C033_T000,regulatory,NFkB,inflammation,0.1882320543869231
D08_S1_C034_T000,regulatory,XBP1,proteostasis,0.3704209580568128
D08_S1_C034_T000,regulatory,ATF4,stress_adaptation,0.33583055295578335
D08_S1_C034_T000,regulatory,NFkB,inflammation,0.2661455998959603
D08_S1_C035_T000,regulatory,XBP1,proteostasis,0.49866493321394373
D08_S1_C035_T000,regulatory,ATF4,stress_adaptation,0.39978005343713185
D08_S1_C035_T000,regulatory,NFkB,inflammation,0.46729635152570925
D08_S1_C000_T012,regulatory,XBP1,proteostasis,0.827880955530921
D08_S1_C000_T012,regulatory,ATF4,stress_adaptation,0.6915517753695742
D08_S1_C000_T012,regulatory,NFkB,inflammation,0.6431681060942189
D08_S1_C001_T012,regulatory,XBP1,proteostasis,0.7897018054360475
D08_S1_C001_T012,regulatory,ATF4,stress_adaptation,0.6549731928363853
D08_S1_C001_T012,regulatory,NFkB,inflammation,0.41590083021909735
D08_S1_C002_T012,regulatory,XBP1,proteostasis,0.7901583363294785
D08_S1_C002_T012,regulatory,ATF4,stress_adaptation,0.6995708593415062
D08_S1_C002_T012,regulatory,NFkB,inflammation,0.5866234522882656
D08_S1_C003_T012,regulatory,XBP1,proteostasis,0.3689858444242282
D08_S1_C003_T012,regulatory,ATF4,stress_adaptation,0.35897954634325757
D08_S1_C003_T012,regulatory,NFkB,inflammation,0.2191618640081861
D08_S1_C004_T012,regulatory,XBP1,proteostasis,0.5817753171774859
D08_S1_C004_T012,regulatory,ATF4,stress_adaptation,0.5083068528315452
D08_S1_C004_T012,regulatory,NFkB,inflammation,0.3670938270594698
D08_S1_C005_T012,regulatory,XBP1,proteostasis,0.5402737499997564
D08_S1_C005_T012,regulatory,ATF4,stress_adaptation,0.502602592970915
D08_S1_C005_T012,regulatory,NFkB,inflammation,0.4994038589109401
D08_S1_C006_T012,regulatory,XBP1,proteostasis,0.5354357428574426
D08_S1_C006_T012,regulatory,ATF4,stress_adaptation,0.46942394590881825
D08_S1_C006_T012,regulatory,NFkB,inflammation,0.41352909368853796
D08_S1_C007_T012,regulatory,XBP1,proteostasis,0.6151566482570082
D08_S1_C007_T012,regulatory,ATF4,stress_adaptation,0.5473379733428548
D08_S1_C007_T012,regulatory,NFkB,inflammation,0.5643406167039753
D08_S1_C008_T012,regulatory,XBP1,proteostasis,0.31984837606426125
D08_S1_C008_T012,regulatory,ATF4,stress_adaptation,0.34251479352131536
D08_S1_C008_T012,regulatory,NFkB,inflammation,0.30691720336000317
D08_S1_C009_T012,regulatory,XBP1,proteostasis,0.6383812476272313
D08_S1_C009_T012,regulatory,ATF4,stress_adaptation,0.571087103572738
D08_S1_C009_T012,regulatory,NFkB,inflammation,0.4966734966697113
D08_S1_C010_T012,regulatory,XBP1,proteostasis,0.5706320202722087
D08_S1_C010_T012,regulatory,ATF4,stress_adaptation,0.5317752742697418
D08_S1_C010_T012,regulatory,NFkB,inflammation,0.4482676238425955
D08_S1_C011_T012,regulatory,XBP1,proteostasis,0.7383623741044705
D08_S1_C011_T012,regulatory,ATF4,stress_adaptation,0.6155314359626773
D08_S1_C011_T012,regulatory,NFkB,inflammation,0.5446546618303331
D08_S1_C012_T012,regulatory,XBP1,proteostasis,0.5702342439499223
D08_S1_C012_T012,regulatory,ATF4,stress_adaptation,0.47454445594136924
D08_S1_C012_T012,regulatory,NFkB,inflammation,0.2888146944680542
D08_S1_C013_T012,regulatory,XBP1,proteostasis,0.5184290451329994
D08_S1_C013_T012,regulatory,ATF4,stress_adaptation,0.466522824233098
D08_S1_C013_T012,regulatory,NFkB,inflammation,0.3647044371229475
D08_S1_C014_T012,regulatory,XBP1,proteostasis,0.6156553803767808
D08_S1_C014_T012,regulatory,ATF4,stress_adaptation,0.5515255707526552
D08_S1_C014_T012,regulatory,NFkB,inflammation,0.4012467600050179
D08_S1_C015_T012,regulatory,XBP1,proteostasis,0.43493451920761006
D08_S1_C015_T012,regulatory,ATF4,stress_adaptation,0.4253926701338425
D08_S1_C015_T012,regulatory,NFkB,inflammation,0.32354792771961316
D08_S1_C016_T012,regulatory,XBP1,proteostasis,0.6017188385801953
D08_S1_C016_T012,regulatory,ATF4,stress_adaptation,0.5385523651216156
D08_S1_C016_T012,regulatory,NFkB,inflammation,0.37528045672618854
D08_S1_C017_T012,regulatory,XBP1,proteostasis,0.8417879565365275
D08_S1_C017_T012,regulatory,ATF4,stress_adaptation,0.7042787702400727
D08_S1_C017_T012,regulatory,NFkB,inflammation,0.6095814609651816
D08_S1_C018_T012,regulatory,XBP1,proteostasis,0.8397628157453103
D08_S1_C018_T012,regulatory,ATF4,stress_adaptation,0.7076512026616709
D08_S1_C018_T012,regulatory,NFkB,inflammation,0.49877994222602107
D08_S1_C019_T012,regulatory,XBP1,proteostasis,0.516772679303535
D08_S1_C019_T012,regulatory,ATF4,stress_adaptation,0.5093802579015476
D08_S1_C019_T012,regulatory,NFkB,inflammation,0.4157661688181588
D08_S1_C020_T012,regulatory,XBP1,proteostasis,0.5724300060517106
D08_S1_C020_T012,regulatory,ATF4,stress_adaptation,0.522500778154833
D08_S1_C020_T012,regulatory,NFkB,inflammation,0.5006297351266951
D08_S1_C021_T012,regulatory,XBP1,proteostasis,0.7635739686914909
D08_S1_C021_T012,regulatory,ATF4,stress_adaptation,0.6551650955430192
D08_S1_C021_T012,regulatory,NFkB,inflammation,0.5880026734205082
D08_S1_C022_T012,regulatory,XBP1,proteostasis,0.709083821017156
D08_S1_C022_T012,regulatory,ATF4,stress_adaptation,0.628697767014183
D08_S1_C022_T012,regulatory,NFkB,inflammation,0.5666846778122029
D08_S1_C023_T012,regulatory,XBP1,proteostasis,0.7162725722384604
D08_S1_C023_T012,regulatory,ATF4,stress_adaptation,0.6336620634237706
D08_S1_C023_T012,regulatory,NFkB,inflammation,0.5003189719544309
D08_S1_C024_T012,regulatory,XBP1,proteostasis,0.7070447577160596
D08_S1_C024_T012,regulatory,ATF4,stress_adaptation,0.610906377656073
D08_S1_C024_T012,regulatory,NFkB,inflammation,0.5276952972381671
D08_S1_C025_T012,regulatory,XBP1,proteostasis,0.5600775050263165
D08_S1_C025_T012,regulatory,ATF4,stress_adaptation,0.4970825342066411
D08_S1_C025_T012,regulatory,NFkB,inflammation,0.4314053124748267
D08_S1_C026_T012,regulatory,XBP1,proteostasis,0.5437814531699111
D08_S1_C026_T012,regulatory,ATF4,stress_adaptation,0.4967222299183546
D08_S1_C026_T012,regulatory,NFkB,inflammation,0.4679679832265421
D08_S1_C027_T012,regulatory,XBP1,proteostasis,0.6836917313141554
D08_S1_C027_T012,regulatory,ATF4,stress_adaptation,0.6034936609958919
D08_S1_C027_T012,regulatory,NFkB,inflammation,0.5258464488333627
D08_S1_C028_T012,regulatory,XBP1,proteostasis,0.6365488874861701
D08_S1_C028_T012,regulatory,ATF4,stress_adaptation,0.5583241462756919
D08_S1_C028_T012,regulatory,NFkB,inflammation,0.4332130330451334
D08_S1_C029_T012,regulatory,XBP1,proteostasis,0.6432362971680599
D08_S1_C029_T012,regulatory,ATF4,stress_adaptation,0.575574787526307
D08_S1_C029_T012,regulatory,NFkB,inflammation,0.5389353083047271
D08_S1_C030_T012,regulatory,XBP1,proteostasis,0.3360959156037135
D08_S1_C030_T012,regulatory,ATF4,stress_adaptation,0.32311869364366547
D08_S1_C030_T012,regulatory,NFkB,inflammation,0.21982121441661012
D08_S1_C031_T012,regulatory,XBP1,proteostasis,0.6016649521482216
D08_S1_C031_T012,regulatory,ATF4,stress_adaptation,0.5434388075331884
D08_S1_C031_T012,regulatory,NFkB,inflammation,0.3206543361001166
D08_S1_C032_T012,regulatory,XBP1,proteostasis,0.693202527177121
D08_S1_C032_T012,regulatory,ATF4,stress_adaptation,0.6077918993289868
D08_S1_C032_T012,regulatory,NFkB,inflammation,0.515021398523248
D08_S1_C033_T012,regulatory,XBP1,proteostasis,0.44077969852132187
D08_S1_C033_T012,regulatory,ATF4,stress_adaptation,0.4058188728386495
D08_S1_C033_T012,regulatory,NFkB,inflammation,0.31802203974955356
D08_S1_C034_T012,regulatory,XBP1,proteostasis,0.4394819820424273
D08_S1_C034_T012,regulatory,ATF4,stress_adaptation,0.42738393240961065
D08_S1_C034_T012,regulatory,NFkB,inflammation,0.38276993302183915
D08_S1_C035_T012,regulatory,XBP1,proteostasis,0.5956010711122989
D08_S1_C035_T012,regulatory,ATF4,stress_adaptation,0.5250932923510157
D08_S1_C035_T012,regulatory,NFkB,inflammation,0.5138339755951187
D08_S1_C000_T024,regulatory,XBP1,proteostasis,0.982919105721875
D08_S1_C000_T024,regulatory,ATF4,stress_adaptation,0.8766244448820771
D08_S1_C000_T024,regulatory,NFkB,inflammation,0.834205625593025
D08_S1_C001_T024,regulatory,XBP1,proteostasis,0.9033676377069558
D08_S1_C001_T024,regulatory,ATF4,stress_adaptation,0.8227308016671231
D08_S1_C001_T024,regulatory,NFkB,inflammation,0.5338876112834958
D08_S1_C002_T024,regulatory,XBP1,proteostasis,0.8890526532479932
D08_S1_C002_T024,regulatory,ATF4,stress_adaptation,0.8594813834833852
D08_S1_C002_T024,regulatory,NFkB,inflammation,0.7976369920608354
D08_S1_C003_T024,regulatory,XBP1,proteostasis,0.4756461422493127
D08_S1_C003_T024,regulatory,ATF4,stress_adaptation,0.49786508096395166
D08_S1_C003_T024,regulatory,NFkB,inflammation,0.35095166526078525
D08_S1_C004_T024,regulatory,XBP1,proteostasis,0.7594701953592089
D08_S1_C004_T024,regulatory,ATF4,stress_adaptation,0.7104980339613023
D08_S1_C004_T024,regulatory,NFkB,inflammation,0.5594847443765256
D08_S1_C005_T024,regulatory,XBP1,proteostasis,0.6643811211788958
D08_S1_C005_T024,regulatory,ATF4,stress_adaptation,0.6643999899377186
D08_S1_C005_T024,regulatory,NFkB,inflammation,0.7000051759655583
D08_S1_C006_T024,regulatory,XBP1,proteostasis,0.6004761700242408
D08_S1_C006_T024,regulatory,ATF4,stress_adaptation,0.606377305136385
D08_S1_C006_T024,regulatory,NFkB,inflammation,0.5607842113519658
D08_S1_C007_T024,regulatory,XBP1,proteostasis,0.7521294275161512
D08_S1_C007_T024,regulatory,ATF4,stress_adaptation,0.7247099277595351
D08_S1_C007_T024,regulatory,NFkB,inflammation,0.7275321598155463
D08_S1_C008_T024,regulatory,XBP1,proteostasis,0.4044836549116897
D08_S1_C008_T024,regulatory,ATF4,stress_adaptation,0.4719043560176755
D08_S1_C008_T024,regulatory,NFkB,inflammation,0.4705700513205392
D08_S1_C009_T024,regulatory,XBP1,proteostasis,0.7598621215084085
D08_S1_C009_T024,regulatory,ATF4,stress_adaptation,0.7355788294117388
D08_S1_C009_T024,regulatory,NFkB,inflammation,0.7098105917085391
D08_S1_C010_T024,regulatory,XBP1,proteostasis,0.7357527871260248
D08_S1_C010_T024,regulatory,ATF4,stress_adaptation,0.7335520016339334
D08_S1_C010_T024,regulatory,NFkB,inflammation,0.6697307367222292
D08_S1_C011_T024,regulatory,XBP1,proteostasis,0.870865007847288
D08_S1_C011_T024,regulatory,ATF4,stress_adaptation,0.7887143636651897
D08_S1_C011_T024,regulatory,NFkB,inflammation,0.731434858041976
D08_S1_C012_T024,regulatory,XBP1,proteostasis,0.6866223802507432
D08_S1_C012_T024,regulatory,ATF4,stress_adaptation,0.6422231478963907
D08_S1_C012_T024,regulatory,NFkB,inflammation,0.4023474410612255
D08_S1_C013_T024,regulatory,XBP1,proteostasis,0.6736590336338647
D08_S1_C013_T024,regulatory,ATF4,stress_adaptation,0.6609182535643681
D08_S1_C013_T024,regulatory,NFkB,inflammation,0.6102112513662759
D08_S1_C014_T024,regulatory,XBP1,proteostasis,0.6860980818813643
D08_S1_C014_T024,regulatory,ATF4,stress_adaptation,0.6969079369944093
D08_S1_C014_T024,regulatory,NFkB,inflammation,0.5655431103934583
D08_S1_C015_T024,regulatory,XBP1,proteostasis,0.5282694434021695
D08_S1_C015_T024,regulatory,ATF4,stress_adaptation,0.5672570933250413
D08_S1_C015_T024,regulatory,NFkB,inflammation,0.4881743557005922
D08_S1_C016_T024,regulatory,XBP1,proteostasis,0.6554788895553519
D08_S1_C016_T024,regulatory,ATF4,stress_adaptation,0.6676471666608335
D08_S1_C016_T024,regulatory,NFkB,inflammation,0.5477351632438348
D08_S1_C017_T024,regulatory,XBP1,proteostasis,0.9868711658956225
D08_S1_C017_T024,regulatory,ATF4,stress_adaptation,0.8957378469724239
D08_S1_C017_T024,regulatory,NFkB,inflammation,0.7790487446654153
D08_S1_C018_T024,regulatory,XBP1,proteostasis,1.0062024671945082
D08_S1_C018_T024,regulatory,ATF4,stress_adaptation,0.9159940928733225
D08_S1_C018_T024,regulatory,NFkB,inflammation,0.673955699311963
D08_S1_C019_T024,regulatory,XBP1,proteostasis,0.6458141558237994
D08_S1_C019_T024,regulatory,ATF4,stress_adaptation,0.6677161441453692
D08_S1_C019_T024,regulatory,NFkB,inflammation,0.5655690133264166
D08_S1_C020_T024,regulatory,XBP1,proteostasis,0.7297044074193161
D08_S1_C020_T024,regulatory,ATF4,stress_adaptation,0.7154930936674326
D08_S1_C020_T024,regulatory,NFkB,inflammation,0.6657529399643812
D08_S1_C021_T024,regulatory,XBP1,proteostasis,0.9276970098759552
D08_S1_C021_T024,regulatory,ATF4,stress_adaptation,0.8558605409852044
D08_S1_C021_T024,regulatory,NFkB,inflammation,0.8132040584218831
D08_S1_C022_T024,regulatory,XBP1,proteostasis,0.8307578752522965
D08_S1_C022_T024,regulatory,ATF4,stress_adaptation,0.7756860812219294
D08_S1_C022_T024,regulatory,NFkB,inflammation,0.753164616109582
D08_S1_C023_T024,regulatory,XBP1,proteostasis,0.8714331557862703
D08_S1_C023_T024,regulatory,ATF4,stress_adaptation,0.8218486356774127
D08_S1_C023_T024,regulatory,NFkB,inflammation,0.6928318187285545
D08_S1_C024_T024,regulatory,XBP1,proteostasis,0.8092231651185503
D08_S1_C024_T024,regulatory,ATF4,stress_adaptation,0.7646894977350474
D08_S1_C024_T024,regulatory,NFkB,inflammation,0.7185310005044112
D08_S1_C025_T024,regulatory,XBP1,proteostasis,0.6344645693404675
D08_S1_C025_T024,regulatory,ATF4,stress_adaptation,0.6323282422568262
D08_S1_C025_T024,regulatory,NFkB,inflammation,0.5209165403614919
D08_S1_C026_T024,regulatory,XBP1,proteostasis,0.72497108839893
D08_S1_C026_T024,regulatory,ATF4,stress_adaptation,0.7018041775945907
D08_S1_C026_T024,regulatory,NFkB,inflammation,0.6580559794488915
D08_S1_C027_T024,regulatory,XBP1,proteostasis,0.8212950493315472
D08_S1_C027_T024,regulatory,ATF4,stress_adaptation,0.7759910988333057
D08_S1_C027_T024,regulatory,NFkB,inflammation,0.7134658230142907
D08_S1_C028_T024,regulatory,XBP1,proteostasis,0.8050675930803494
D08_S1_C028_T024,regulatory,ATF4,stress_adaptation,0.7523665058856892
D08_S1_C028_T024,regulatory,NFkB,inflammation,0.6234676363675542
D08_S1_C029_T024,regulatory,XBP1,proteostasis,0.780036747140196
D08_S1_C029_T024,regulatory,ATF4,stress_adaptation,0.7451181930223646
D08_S1_C029_T024,regulatory,NFkB,inflammation,0.7076426197561225
D08_S1_C030_T024,regulatory,XBP1,proteostasis,0.3962601889959082
D08_S1_C030_T024,regulatory,ATF4,stress_adaptation,0.4347477914864335
D08_S1_C030_T024,regulatory,NFkB,inflammation,0.39121468907051815
D08_S1_C031_T024,regulatory,XBP1,proteostasis,0.7645506045325285
D08_S1_C031_T024,regulatory,ATF4,stress_adaptation,0.7307580594951293
D08_S1_C031_T024,regulatory,NFkB,inflammation,0.4798216271452762
D08_S1_C032_T024,regulatory,XBP1,proteostasis,0.7605447660024237
D08_S1_C032_T024,regulatory,ATF4,stress_adaptation,0.7323075670685343
D08_S1_C032_T024,regulatory,NFkB,inflammation,0.650108217280702
D08_S1_C033_T024,regulatory,XBP1,proteostasis,0.5375502232984584
D08_S1_C033_T024,regulatory,ATF4,stress_adaptation,0.5453051131071601
D08_S1_C033_T024,regulatory,NFkB,inflammation,0.4828948524736905
D08_S1_C034_T024,regulatory,XBP1,proteostasis,0.5099079420479877
D08_S1_C034_T024,regulatory,ATF4,stress_adaptation,0.5320129927047178
D08_S1_C034_T024,regulatory,NFkB,inflammation,0.47847527725014516
D08_S1_C035_T024,regulatory,XBP1,proteostasis,0.7941169028000962
D08_S1_C035_T024,regulatory,ATF4,stress_adaptation,0.7541857109162554
D08_S1_C035_T024,regulatory,NFkB,inflammation,0.7079108883627001
D08_S1_C000_T048,regulatory,XBP1,proteostasis,1.28976710417036
D08_S1_C000_T048,regulatory,ATF4,stress_adaptation,1.3321991296322984
D08_S1_C000_T048,regulatory,NFkB,inflammation,1.449088871555468
D08_S1_C001_T048,regulatory,XBP1,proteostasis,1.1735241828292944
D08_S1_C001_T048,regulatory,ATF4,stress_adaptation,1.2237413053680997
D08_S1_C001_T048,regulatory,NFkB,inflammation,0.9605502185493047
D08_S1_C002_T048,regulatory,XBP1,proteostasis,1.1936380655456564
D08_S1_C002_T048,regulatory,ATF4,stress_adaptation,1.2972173546639958
D08_S1_C002_T048,regulatory,NFkB,inflammation,1.4121371294955454
D08_S1_C003_T048,regulatory,XBP1,proteostasis,0.770111274123699
D08_S1_C003_T048,regulatory,ATF4,stress_adaptation,0.9012698008499543
D08_S1_C003_T048,regulatory,NFkB,inflammation,0.792632296903379
D08_S1_C004_T048,regulatory,XBP1,proteostasis,1.075633049420163
D08_S1_C004_T048,regulatory,ATF4,stress_adaptation,1.1722960117528942
D08_S1_C004_T048,regulatory,NFkB,inflammation,1.081400146755358
D08_S1_C005_T048,regulatory,XBP1,proteostasis,0.922660591594667
D08_S1_C005_T048,regulatory,ATF4,stress_adaptation,1.0576983049485227
D08_S1_C005_T048,regulatory,NFkB,inflammation,1.2780479409771068
D08_S1_C006_T048,regulatory,XBP1,proteostasis,0.9550998240516517
D08_S1_C006_T048,regulatory,ATF4,stress_adaptation,1.0408035920774428
D08_S1_C006_T048,regulatory,NFkB,inflammation,1.137279681011154
D08_S1_C007_T048,regulatory,XBP1,proteostasis,1.0173906301941682
D08_S1_C007_T048,regulatory,ATF4,stress_adaptation,1.1293468503861437
D08_S1_C007_T048,regulatory,NFkB,inflammation,1.3042022791579728
D08_S1_C008_T048,regulatory,XBP1,proteostasis,0.7049403720465812
D08_S1_C008_T048,regulatory,ATF4,stress_adaptation,0.8953618782996637
D08_S1_C008_T048,regulatory,NFkB,inflammation,1.0435356867231735
D08_S1_C009_T048,regulatory,XBP1,proteostasis,0.9845610260435639
D08_S1_C009_T048,regulatory,ATF4,stress_adaptation,1.0842161556363745
D08_S1_C009_T048,regulatory,NFkB,inflammation,1.3041314863341107
D08_S1_C010_T048,regulatory,XBP1,proteostasis,0.9547650839156734
D08_S1_C010_T048,regulatory,ATF4,stress_adaptation,1.092075471074528
D08_S1_C010_T048,regulatory,NFkB,inflammation,1.2251922315010257
D08_S1_C011_T048,regulatory,XBP1,proteostasis,1.135108825118489
D08_S1_C011_T048,regulatory,ATF4,stress_adaptation,1.1956613360341093
D08_S1_C011_T048,regulatory,NFkB,inflammation,1.2946819283200108
D08_S1_C012_T048,regulatory,XBP1,proteostasis,1.0014583720918977
D08_S1_C012_T048,regulatory,ATF4,stress_adaptation,1.0865856819700932
D08_S1_C012_T048,regulatory,NFkB,inflammation,0.8146121770628862
D08_S1_C013_T048,regulatory,XBP1,proteostasis,0.9280026935962088
D08_S1_C013_T048,regulatory,ATF4,stress_adaptation,1.0643620226924346
D08_S1_C013_T048,regulatory,NFkB,inflammation,1.195177372296199
D08_S1_C014_T048,regulatory,XBP1,proteostasis,0.9885690207016997
D08_S1_C014_T048,regulatory,ATF4,stress_adaptation,1.124281086444166
D08_S1_C014_T048,regulatory,NFkB,inflammation,1.1644301192107882
D08_S1_C015_T048,regulatory,XBP1,proteostasis,0.7839831934984846
D08_S1_C015_T048,regulatory,ATF4,stress_adaptation,0.9682511509029832
D08_S1_C015_T048,regulatory,NFkB,inflammation,0.9339022278840245
D08_S1_C016_T048,regulatory,XBP1,proteostasis,0.9356225779492925
D08_S1_C016_T048,regulatory,ATF4,stress_adaptation,1.072557878354385
D08_S1_C016_T048,regulatory,NFkB,inflammation,1.0557806440695106
D08_S1_C017_T048,regulatory,XBP1,proteostasis,1.280480165654325
D08_S1_C017_T048,regulatory,ATF4,stress_adaptation,1.329863763237186
D08_S1_C017_T048,regulatory,NFkB,inflammation,1.29512156391212
D08_S1_C018_T048,regulatory,XBP1,proteostasis,1.3143044213555124
D08_S1_C018_T048,regulatory,ATF4,stress_adaptation,1.3556911606860222
D08_S1_C018_T048,regulatory,NFkB,inflammation,1.1911336941343027
D08_S1_C019_T048,regulatory,XBP1,proteostasis,0.8871375717920258
D08_S1_C019_T048,regulatory,ATF4,stress_adaptation,1.0542220533985334
D08_S1_C019_T048,regulatory,NFkB,inflammation,1.112223783587295
D08_S1_C020_T048,regulatory,XBP1,proteostasis,1.0441391904096062
D08_S1_C020_T048,regulatory,ATF4,stress_adaptation,1.1497239145462728
D08_S1_C020_T048,regulatory,NFkB,inflammation,1.2112696742339428
D08_S1_C021_T048,regulatory,XBP1,proteostasis,1.1430810020185518
D08_S1_C021_T048,regulatory,ATF4,stress_adaptation,1.242984095184151
D08_S1_C021_T048,regulatory,NFkB,inflammation,1.3597217089391818
D08_S1_C022_T048,regulatory,XBP1,proteostasis,1.1616485335093212
D08_S1_C022_T048,regulatory,ATF4,stress_adaptation,1.2283786065857867
D08_S1_C022_T048,regulatory,NFkB,inflammation,1.3520542758854526
D08_S1_C023_T048,regulatory,XBP1,proteostasis,1.108496135825313
D08_S1_C023_T048,regulatory,ATF4,stress_adaptation,1.2041711910069237
D08_S1_C023_T048,regulatory,NFkB,inflammation,1.2067980496713437
D08_S1_C024_T048,regulatory,XBP1,proteostasis,1.0271361820514329
D08_S1_C024_T048,regulatory,ATF4,stress_adaptation,1.116941510563962
D08_S1_C024_T048,regulatory,NFkB,inflammation,1.3058307027100138
D08_S1_C025_T048,regulatory,XBP1,proteostasis,1.0345642477898152
D08_S1_C025_T048,regulatory,ATF4,stress_adaptation,1.1227300332030201
D08_S1_C025_T048,regulatory,NFkB,inflammation,1.0572936934129449
D08_S1_C026_T048,regulatory,XBP1,proteostasis,0.9743833688271479
D08_S1_C026_T048,regulatory,ATF4,stress_adaptation,1.1019335941590935
D08_S1_C026_T048,regulatory,NFkB,inflammation,1.263607607109714
D08_S1_C027_T048,regulatory,XBP1,proteostasis,1.0054205240400658
D08_S1_C027_T048,regulatory,ATF4,stress_adaptation,1.1081037251500196
D08_S1_C027_T048,regulatory,NFkB,inflammation,1.2032532143954229
D08_S1_C028_T048,regulatory,XBP1,proteostasis,1.0732654015048415
D08_S1_C028_T048,regulatory,ATF4,stress_adaptation,1.162008716777014
D08_S1_C028_T048,regulatory,NFkB,inflammation,1.0826589710807384
D08_S1_C029_T048,regulatory,XBP1,proteostasis,1.0107980936002483
D08_S1_C029_T048,regulatory,ATF4,stress_adaptation,1.1437883552085553
D08_S1_C029_T048,regulatory,NFkB,inflammation,1.195420100405264
D08_S1_C030_T048,regulatory,XBP1,proteostasis,0.7017614241379166
D08_S1_C030_T048,regulatory,ATF4,stress_adaptation,0.8430441552287165
D08_S1_C030_T048,regulatory,NFkB,inflammation,1.0010021795748103
D08_S1_C031_T048,regulatory,XBP1,proteostasis,0.9957116958467583
D08_S1_C031_T048,regulatory,ATF4,stress_adaptation,1.0979522251423532
D08_S1_C031_T048,regulatory,NFkB,inflammation,0.8475629731878401
D08_S1_C032_T048,regulatory,XBP1,proteostasis,1.0119802349728473
D08_S1_C032_T048,regulatory,ATF4,stress_adaptation,1.1059706051420388
D08_S1_C032_T048,regulatory,NFkB,inflammation,1.1967885385949297
D08_S1_C033_T048,regulatory,XBP1,proteostasis,0.8479525620811378
D08_S1_C033_T048,regulatory,ATF4,stress_adaptation,0.9964704313736297
D08_S1_C033_T048,regulatory,NFkB,inflammation,1.06331891916019
D08_S1_C034_T048,regulatory,XBP1,proteostasis,0.8320423184595321
D08_S1_C034_T048,regulatory,ATF4,stress_adaptation,0.9699250852036426
D08_S1_C034_T048,regulatory,NFkB,inflammation,0.9369200442087526
D08_S1_C035_T048,regulatory,XBP1,proteostasis,1.0381547178569765
D08_S1_C035_T048,regulatory,ATF4,stress_adaptation,1.1364720712304406
D08_S1_C035_T048,regulatory,NFkB,inflammation,1.2347445688451142
D09_S0_C000_T000,regulatory,XBP1,proteostasis,0.7352263523540244
D09_S0_C000_T000,regulatory,ATF4,stress_adaptation,0.6323899262460311
D09_S0_C000_T000,regulatory,NFkB,inflammation,0.44520593499722
D09_S0_C001_T000,regulatory,XBP1,proteostasis,0.6414253614645398
D09_S0_C001_T000,regulatory,ATF4,stress_adaptation,0.5096064907514324
D09_S0_C001_T000,regulatory,NFkB,inflammation,0.4481008938139542
D09_S0_C002_T000,regulatory,XBP1,proteostasis,0.7508881657319161
D09_S0_C002_T000,regulatory,ATF4,stress_adaptation,0.6346104899631966
D09_S0_C002_T000,regulatory,NFkB,inflammation,0.467110754162759
D09_S0_C003_T000,regulatory,XBP1,proteostasis,0.5004305490416275
D09_S0_C003_T000,regulatory,ATF4,stress_adaptation,0.4272768186298174
D09_S0_C003_T000,regulatory,NFkB,inflammation,0.4585625032211996
D09_S0_C004_T000,regulatory,XBP1,proteostasis,0.7239113293794309
D09_S0_C004_T000,regulatory,ATF4,stress_adaptation,0.6060563682646479
D09_S0_C004_T000,regulatory,NFkB,inflammation,0.4411970035649858
D09_S0_C005_T000,regulatory,XBP1,proteostasis,0.36328051588484966
D09_S0_C005_T000,regulatory,ATF4,stress_adaptation,0.32798171046089497
D09_S0_C005_T000,regulatory,NFkB,inflammation,0.31029495540209306
D09_S0_C006_T000,regulatory,XBP1,proteostasis,0.3301996809713645
D09_S0_C006_T000,regulatory,ATF4,stress_adaptation,0.3273442263155626
D09_S0_C006_T000,regulatory,NFkB,inflammation,0.15203230787569275
D09_S0_C007_T000,regulatory,XBP1,proteostasis,0.5089595768713192
D09_S0_C007_T000,regulatory,ATF4,stress_adaptation,0.43378700978411977
D09_S0_C007_T000,regulatory,NFkB,inflammation,0.22903180959209365
D09_S0_C008_T000,regulatory,XBP1,proteostasis,0.43230461013201815
D09_S0_C008_T000,regulatory,ATF4,stress_adaptation,0.40098225203854176
D09_S0_C008_T000,regulatory,NFkB,inflammation,0.30768804345812967
D09_S0_C009_T000,regulatory,XBP1,proteostasis,0.5445893954072855
D09_S0_C009_T000,regulatory,ATF4,stress_adaptation,0.45741671336892453
D09_S0_C009_T000,regulatory,NFkB,inflammation,0.4592302926479155
D09_S0_C010_T000,regulatory,XBP1,proteostasis,0.4888428117280557
D09_S0_C010_T000,regulatory,ATF4,stress_adaptation,0.4189673964950811
D09_S0_C010_T000,regulatory,NFkB,inflammation,0.26956704861158054
D09_S0_C011_T000,regulatory,XBP1,proteostasis,0.4451064054319188
D09_S0_C011_T000,regulatory,ATF4,stress_adaptation,0.39206555445935726
D09_S0_C011_T000,regulatory,NFkB,inflammation,0.34263179821132966
D09_S0_C012_T000,regulatory,XBP1,proteostasis,0.6214067239154508
D09_S0_C012_T000,regulatory,ATF4,stress_adaptation,0.5151725119968839
D09_S0_C012_T000,regulatory,NFkB,inflammation,0.3125108002065296
D09_S0_C013_T000,regulatory,XBP1,proteostasis,0.8405011311977286
D09_S0_C013_T000,regulatory,ATF4,stress_adaptation,0.6418255701570341
D09_S0_C013_T000,regulatory,NFkB,inflammation,0.3823969718125298
D09_S0_C014_T000,regulatory,XBP1,proteostasis,0.586247545078459
D09_S0_C014_T000,regulatory,ATF4,stress_adaptation,0.5353475125567921
D09_S0_C014_T000,regulatory,NFkB,inflammation,0.39006068692458995
D09_S0_C015_T000,regulatory,XBP1,proteostasis,0.5389423005806575
D09_S0_C015_T000,regulatory,ATF4,stress_adaptation,0.45734348417183485
D09_S0_C015_T000,regulatory,NFkB,inflammation,0.24644713712734548
D09_S0_C016_T000,regulatory,XBP1,proteostasis,0.38757426397618916
D09_S0_C016_T000,regulatory,ATF4,stress_adaptation,0.35786184126333553
D09_S0_C016_T000,regulatory,NFkB,inflammation,0.17497944198116305
D09_S0_C017_T000,regulatory,XBP1,proteostasis,0.5927229364825575
D09_S0_C017_T000,regulatory,ATF4,stress_adaptation,0.48648683091937117
D09_S0_C017_T000,regulatory,NFkB,inflammation,0.2667253214171509
D09_S0_C018_T000,regulatory,XBP1,proteostasis,0.723103003690901
D09_S0_C018_T000,regulatory,ATF4,stress_adaptation,0.5749209111878267
D09_S0_C018_T000,regulatory,NFkB,inflammation,0.32539635166090547
D09_S0_C019_T000,regulatory,XBP1,proteostasis,0.697506328511721
D09_S0_C019_T000,regulatory,ATF4,stress_adaptation,0.5463324295923058
D09_S0_C019_T000,regulatory,NFkB,inflammation,0.46561811004917575
D09_S0_C020_T000,regulatory,XBP1,proteostasis,0.7348512102467697
D09_S0_C020_T000,regulatory,ATF4,stress_adaptation,0.5962388362062434
D09_S0_C020_T000,regulatory,NFkB,inflammation,0.4945351533134012
D09_S0_C021_T000,regulatory,XBP1,proteostasis,0.3353675057682444
D09_S0_C021_T000,regulatory,ATF4,stress_adaptation,0.34715126135629576
D09_S0_C021_T000,regulatory,NFkB,inflammation,0.24468798975793105
D09_S0_C022_T000,regulatory,XBP1,proteostasis,0.7264303185373557
D09_S0_C022_T000,regulatory,ATF4,stress_adaptation,0.5761966110203989
D09_S0_C022_T000,regulatory,NFkB,inflammation,0.5719669238844456
D09_S0_C023_T000,regulatory,XBP1,proteostasis,0.34027804688460855
D09_S0_C023_T000,regulatory,ATF4,stress_adaptation,0.3354595212309536
D09_S0_C023_T000,regulatory,NFkB,inflammation,0.37502303737789583
D09_S0_C024_T000,regulatory,XBP1,proteostasis,0.5715760890143933
D09_S0_C024_T000,regulatory,ATF4,stress_adaptation,0.5254840169290509
D09_S0_C024_T000,regulatory,NFkB,inflammation,0.37203660545733724
D09_S0_C025_T000,regulatory,XBP1,proteostasis,0.3380554697026221
D09_S0_C025_T000,regulatory,ATF4,stress_adaptation,0.31176161613937053
D09_S0_C025_T000,regulatory,NFkB,inflammation,0.1653165428545664
D09_S0_C026_T000,regulatory,XBP1,proteostasis,0.7823382895128113
D09_S0_C026_T000,regulatory,ATF4,stress_adaptation,0.6035220533499346
D09_S0_C026_T000,regulatory,NFkB,inflammation,0.3520522302807651
D09_S0_C027_T000,regulatory,XBP1,proteostasis,0.3340123364202386
D09_S0_C027_T000,regulatory,ATF4,stress_adaptation,0.3156674125912611
D09_S0_C027_T000,regulatory,NFkB,inflammation,0.1577333235477153
D09_S0_C028_T000,regulatory,XBP1,proteostasis,0.7048842251698477
D09_S0_C028_T000,regulatory,ATF4,stress_adaptation,0.5554518188326677
D09_S0_C028_T000,regulatory,NFkB,inflammation,0.35571469242662807
D09_S0_C029_T000,regulatory,XBP1,proteostasis,0.3543512388430218
D09_S0_C029_T000,regulatory,ATF4,stress_adaptation,0.37032538766001133
D09_S0_C029_T000,regulatory,NFkB,inflammation,0.26134462833421546
D09_S0_C030_T000,regulatory,XBP1,proteostasis,0.5696735464632324
D09_S0_C030_T000,regulatory,ATF4,stress_adaptation,0.5030686376629866
D09_S0_C030_T000,regulatory,NFkB,inflammation,0.40546149761943917
D09_S0_C031_T000,regulatory,XBP1,proteostasis,0.33449233109101095
D09_S0_C031_T000,regulatory,ATF4,stress_adaptation,0.3242788035448564
D09_S0_C031_T000,regulatory,NFkB,inflammation,0.3795044027908142
D09_S0_C032_T000,regulatory,XBP1,proteostasis,0.18200822789357424
D09_S0_C032_T000,regulatory,ATF4,stress_adaptation,0.2052405020409446
D09_S0_C032_T000,regulatory,NFkB,inflammation,0.11939170557759585
D09_S0_C033_T000,regulatory,XBP1,proteostasis,0.4417920098470636
D09_S0_C033_T000,regulatory,ATF4,stress_adaptation,0.3784956834298088
D09_S0_C033_T000,regulatory,NFkB,inflammation,0.23109854759350706
D09_S0_C034_T000,regulatory,XBP1,proteostasis,0.5988858211943066
D09_S0_C034_T000,regulatory,ATF4,stress_adaptation,0.48888099052989836
D09_S0_C034_T000,regulatory,NFkB,inflammation,0.5022558972518605
D09_S0_C035_T000,regulatory,XBP1,proteostasis,0.5725901751390702
D09_S0_C035_T000,regulatory,ATF4,stress_adaptation,0.4937295708775863
D09_S0_C035_T000,regulatory,NFkB,inflammation,0.5061350012306176
D09_S0_C000_T012,regulatory,XBP1,proteostasis,0.7755732276659839
D09_S0_C000_T012,regulatory,ATF4,stress_adaptation,0.7236320708014683
D09_S0_C000_T012,regulatory,NFkB,inflammation,0.5863168162283411
D09_S0_C001_T012,regulatory,XBP1,proteostasis,0.7542783397877599
D09_S0_C001_T012,regulatory,ATF4,stress_adaptation,0.6737949607639906
D09_S0_C001_T012,regulatory,NFkB,inflammation,0.5750529906339625
D09_S0_C002_T012,regulatory,XBP1,proteostasis,0.8535948374643583
D09_S0_C002_T012,regulatory,ATF4,stress_adaptation,0.7660346374805117
D09_S0_C002_T012,regulatory,NFkB,inflammation,0.5205873734845552
D09_S0_C003_T012,regulatory,XBP1,proteostasis,0.6471837957381152
D09_S0_C003_T012,regulatory,ATF4,stress_adaptation,0.6157432553291523
D09_S0_C003_T012,regulatory,NFkB,inflammation,0.574463288639757
D09_S0_C004_T012,regulatory,XBP1,proteostasis,0.8291204508237959
D09_S0_C004_T012,regulatory,ATF4,stress_adaptation,0.7478460946322869
D09_S0_C004_T012,regulatory,NFkB,inflammation,0.606194390830387
D09_S0_C005_T012,regulatory,XBP1,proteostasis,0.4516242809804196
D09_S0_C005_T012,regulatory,ATF4,stress_adaptation,0.45327529595099314
D09_S0_C005_T012,regulatory,NFkB,inflammation,0.4125881588430351
D09_S0_C006_T012,regulatory,XBP1,proteostasis,0.4020360222718982
D09_S0_C006_T012,regulatory,ATF4,stress_adaptation,0.4415025776709567
D09_S0_C006_T012,regulatory,NFkB,inflammation,0.23252547230003795
D09_S0_C007_T012,regulatory,XBP1,proteostasis,0.6380453899802017
D09_S0_C007_T012,regulatory,ATF4,stress_adaptation,0.5911290357613205
D09_S0_C007_T012,regulatory,NFkB,inflammation,0.34547111378272316
D09_S0_C008_T012,regulatory,XBP1,proteostasis,0.4711250119662824
D09_S0_C008_T012,regulatory,ATF4,stress_adaptation,0.477210118018865
D09_S0_C008_T012,regulatory,NFkB,inflammation,0.44165925482169277
D09_S0_C009_T012,regulatory,XBP1,proteostasis,0.5944444913056183
D09_S0_C009_T012,regulatory,ATF4,stress_adaptation,0.5749237581402863
D09_S0_C009_T012,regulatory,NFkB,inflammation,0.5112107415446178
D09_S0_C010_T012,regulatory,XBP1,proteostasis,0.6147253635802483
D09_S0_C010_T012,regulatory,ATF4,stress_adaptation,0.5739735084100356
D09_S0_C010_T012,regulatory,NFkB,inflammation,0.4330532518034827
D09_S0_C011_T012,regulatory,XBP1,proteostasis,0.5565510918107952
D09_S0_C011_T012,regulatory,ATF4,stress_adaptation,0.5393709719003444
D09_S0_C011_T012,regulatory,NFkB,inflammation,0.4818627368429288
D09_S0_C012_T012,regulatory,XBP1,proteostasis,0.7586722630063798
D09_S0_C012_T012,regulatory,ATF4,stress_adaptation,0.6942849383552742
D09_S0_C012_T012,regulatory,NFkB,inflammation,0.4044729201958417
D09_S0_C013_T012,regulatory,XBP1,proteostasis,0.9927584037643812
D09_S0_C013_T012,regulatory,ATF4,stress_adaptation,0.8520737106898765
D09_S0_C013_T012,regulatory,NFkB,inflammation,0.5403478861455489
D09_S0_C014_T012,regulatory,XBP1,proteostasis,0.6897258300738545
D09_S0_C014_T012,regulatory,ATF4,stress_adaptation,0.6652213580972653
D09_S0_C014_T012,regulatory,NFkB,inflammation,0.5613704963551778
D09_S0_C015_T012,regulatory,XBP1,proteostasis,0.5953222407892318
D09_S0_C015_T012,regulatory,ATF4,stress_adaptation,0.5777992898769035
D09_S0_C015_T012,regulatory,NFkB,inflammation,0.33409952693824896
D09_S0_C016_T012,regulatory,XBP1,proteostasis,0.45851546292227713
D09_S0_C016_T012,regulatory,ATF4,stress_adaptation,0.4875605238941533
D09_S0_C016_T012,regulatory,NFkB,inflammation,0.30379826258267717
D09_S0_C017_T012,regulatory,XBP1,proteostasis,0.6959268778027353
D09_S0_C017_T012,regulatory,ATF4,stress_adaptation,0.6308329906533149
D09_S0_C017_T012,regulatory,NFkB,inflammation,0.36976727598215126
D09_S0_C018_T012,regulatory,XBP1,proteostasis,0.8288215744231635
D09_S0_C018_T012,regulatory,ATF4,stress_adaptation,0.7310379772211176
D09_S0_C018_T012,regulatory,NFkB,inflammation,0.42165458790111976
D09_S0_C019_T012,regulatory,XBP1,proteostasis,0.8067424897178123
D09_S0_C019_T012,regulatory,ATF4,stress_adaptation,0.7008884268640191
D09_S0_C019_T012,regulatory,NFkB,inflammation,0.5386681319440672
D09_S0_C020_T012,regulatory,XBP1,proteostasis,0.8542861371104482
D09_S0_C020_T012,regulatory,ATF4,stress_adaptation,0.7694323247808436
D09_S0_C020_T012,regulatory,NFkB,inflammation,0.563893290764916
D09_S0_C021_T012,regulatory,XBP1,proteostasis,0.3798227656900702
D09_S0_C021_T012,regulatory,ATF4,stress_adaptation,0.420109588870231
D09_S0_C021_T012,regulatory,NFkB,inflammation,0.3435122650235669
D09_S0_C022_T012,regulatory,XBP1,proteostasis,0.7725016775556761
D09_S0_C022_T012,regulatory,ATF4,stress_adaptation,0.6699334399163028
D09_S0_C022_T012,regulatory,NFkB,inflammation,0.5802317407874649
D09_S0_C023_T012,regulatory,XBP1,proteostasis,0.49882468025382015
D09_S0_C023_T012,regulatory,ATF4,stress_adaptation,0.5289860354941296
D09_S0_C023_T012,regulatory,NFkB,inflammation,0.5123440954493125
D09_S0_C024_T012,regulatory,XBP1,proteostasis,0.6948208864428047
D09_S0_C024_T012,regulatory,ATF4,stress_adaptation,0.6745656302769318
D09_S0_C024_T012,regulatory,NFkB,inflammation,0.5487278143495673
D09_S0_C025_T012,regulatory,XBP1,proteostasis,0.42227370586079105
D09_S0_C025_T012,regulatory,ATF4,stress_adaptation,0.42672259528644835
D09_S0_C025_T012,regulatory,NFkB,inflammation,0.2983380303342337
D09_S0_C026_T012,regulatory,XBP1,proteostasis,0.9469855176420202
D09_S0_C026_T012,regulatory,ATF4,stress_adaptation,0.7930200903129891
D09_S0_C026_T012,regulatory,NFkB,inflammation,0.5183727550269692
D09_S0_C027_T012,regulatory,XBP1,proteostasis,0.427943992042653
D09_S0_C027_T012,regulatory,ATF4,stress_adaptation,0.4288212375037823
D09_S0_C027_T012,regulatory,NFkB,inflammation,0.3041684657214747
D09_S0_C028_T012,regulatory,XBP1,proteostasis,0.8077704949763436
D09_S0_C028_T012,regulatory,ATF4,stress_adaptation,0.7097922761286989
D09_S0_C028_T012,regulatory,NFkB,inflammation,0.5286266019332196
D09_S0_C029_T012,regulatory,XBP1,proteostasis,0.428378603357963
D09_S0_C029_T012,regulatory,ATF4,stress_adaptation,0.47636112637605066
D09_S0_C029_T012,regulatory,NFkB,inflammation,0.402480349503517
D09_S0_C030_T012,regulatory,XBP1,proteostasis,0.6969583007224522
D09_S0_C030_T012,regulatory,ATF4,stress_adaptation,0.6590510605168367
D09_S0_C030_T012,regulatory,NFkB,inflammation,0.5397068628073758
D09_S0_C031_T012,regulatory,XBP1,proteostasis,0.43297293317408625
D09_S0_C031_T012,regulatory,ATF4,stress_adaptation,0.456084689065588
D09_S0_C031_T012,regulatory,NFkB,inflammation,0.47256399873085003
D09_S0_C032_T012,regulatory,XBP1,proteostasis,0.30132661771184077
D09_S0_C032_T012,regulatory,ATF4,stress_adaptation,0.3532123020629758
D09_S0_C032_T012,regulatory,NFkB,inflammation,0.2097342470989883
D09_S0_C033_T012,regulatory,XBP1,proteostasis,0.5254916502866843
D09_S0_C033_T012,regulatory,ATF4,stress_adaptation,0.5072455537555804
D09_S0_C033_T012,regulatory,NFkB,inflammation,0.33509087874874244
D09_S0_C034_T012,regulatory,XBP1,proteostasis,0.6884933804848342
D09_S0_C034_T012,regulatory,ATF4,stress_adaptation,0.6265589658867197
D09_S0_C034_T012,regulatory,NFkB,inflammation,0.5629721464881107
D09_S0_C035_T012,regulatory,XBP1,proteostasis,0.6926869250424652
D09_S0_C035_T012,regulatory,ATF4,stress_adaptation,0.6792705996266705
D09_S0_C035_T012,regulatory,NFkB,inflammation,0.6167949050291046
D09_S0_C000_T024,regulatory,XBP1,proteostasis,0.9509161601796124
D09_S0_C000_T024,regulatory,ATF4,stress_adaptation,0.9234137531479761
D09_S0_C000_T024,regulatory,NFkB,inflammation,0.8168792595121988
D09_S0_C001_T024,regulatory,XBP1,proteostasis,0.8884030699581967
D09_S0_C001_T024,regulatory,ATF4,stress_adaptation,0.8671963511456435
D09_S0_C001_T024,regulatory,NFkB,inflammation,0.7645791687787674
D09_S0_C002_T024,regulatory,XBP1,proteostasis,0.9665363965218513
D09_S0_C002_T024,regulatory,ATF4,stress_adaptation,0.9480861143538882
D09_S0_C002_T024,regulatory,NFkB,inflammation,0.6226357976135675
D09_S0_C003_T024,regulatory,XBP1,proteostasis,0.7882199959075057
D09_S0_C003_T024,regulatory,ATF4,stress_adaptation,0.8175753688946518
D09_S0_C003_T024,regulatory,NFkB,inflammation,0.7588367152257283
D09_S0_C004_T024,regulatory,XBP1,proteostasis,1.0316276818317003
D09_S0_C004_T024,regulatory,ATF4,stress_adaptation,0.9950202335885461
D09_S0_C004_T024,regulatory,NFkB,inflammation,0.8648942881338049
D09_S0_C005_T024,regulatory,XBP1,proteostasis,0.5870839065291142
D09_S0_C005_T024,regulatory,ATF4,stress_adaptation,0.6165628309706657
D09_S0_C005_T024,regulatory,NFkB,inflammation,0.5924110610064244
D09_S0_C006_T024,regulatory,XBP1,proteostasis,0.5573822630786752
D09_S0_C006_T024,regulatory,ATF4,stress_adaptation,0.6352905021447989
D09_S0_C006_T024,regulatory,NFkB,inflammation,0.394241558558904
D09_S0_C007_T024,regulatory,XBP1,proteostasis,0.7986856228324489
D09_S0_C007_T024,regulatory,ATF4,stress_adaptation,0.8031922381117704
D09_S0_C007_T024,regulatory,NFkB,inflammation,0.5060947222211833
D09_S0_C008_T024,regulatory,XBP1,proteostasis,0.6397096880498124
D09_S0_C008_T024,regulatory,ATF4,stress_adaptation,0.679524553025731
D09_S0_C008_T024,regulatory,NFkB,inflammation,0.6819054035584418
D09_S0_C009_T024,regulatory,XBP1,proteostasis,0.8438110550615316
D09_S0_C009_T024,regulatory,ATF4,stress_adaptation,0.8314786606516367
D09_S0_C009_T024,regulatory,NFkB,inflammation,0.7355107922490984
D09_S0_C010_T024,regulatory,XBP1,proteostasis,0.810796302290411
D09_S0_C010_T024,regulatory,ATF4,stress_adaptation,0.8265403973892016
D09_S0_C010_T024,regulatory,NFkB,inflammation,0.6449643138086152
D09_S0_C011_T024,regulatory,XBP1,proteostasis,0.7490041071226593
D09_S0_C011_T024,regulatory,ATF4,stress_adaptation,0.7632168636715342
D09_S0_C011_T024,regulatory,NFkB,inflammation,0.6790394009707359
D09_S0_C012_T024,regulatory,XBP1,proteostasis,0.905651623401845
D09_S0_C012_T024,regulatory,ATF4,stress_adaptation,0.8852580990746624
D09_S0_C012_T024,regulatory,NFkB,inflammation,0.5712949213368408
D09_S0_C013_T024,regulatory,XBP1,proteostasis,1.196615546305805
D09_S0_C013_T024,regulatory,ATF4,stress_adaptation,1.102233383141745
D09_S0_C013_T024,regulatory,NFkB,inflammation,0.7726680112713434
D09_S0_C014_T024,regulatory,XBP1,proteostasis,0.7912934095426067
D09_S0_C014_T024,regulatory,ATF4,stress_adaptation,0.8252707220626728
D09_S0_C014_T024,regulatory,NFkB,inflammation,0.7637498558523907
D09_S0_C015_T024,regulatory,XBP1,proteostasis,0.7765309294959442
D09_S0_C015_T024,regulatory,ATF4,stress_adaptation,0.7936473894915608
D09_S0_C015_T024,regulatory,NFkB,inflammation,0.503659742874195
D09_S0_C016_T024,regulatory,XBP1,proteostasis,0.6802481471783386
D09_S0_C016_T024,regulatory,ATF4,stress_adaptation,0.7410633573720413
D09_S0_C016_T024,regulatory,NFkB,inflammation,0.5606886747997082
D09_S0_C017_T024,regulatory,XBP1,proteostasis,0.9057209302202028
D09_S0_C017_T024,regulatory,ATF4,stress_adaptation,0.8697881332861861
D09_S0_C017_T024,regulatory,NFkB,inflammation,0.5988283294392196
D09_S0_C018_T024,regulatory,XBP1,proteostasis,0.9859551499816971
D09_S0_C018_T024,regulatory,ATF4,stress_adaptation,0.9313943332897421
D09_S0_C018_T024,regulatory,NFkB,inflammation,0.595373672447699
D09_S0_C019_T024,regulatory,XBP1,proteostasis,0.9982835155797479
D09_S0_C019_T024,regulatory,ATF4,stress_adaptation,0.9204846435231937
D09_S0_C019_T024,regulatory,NFkB,inflammation,0.7130447513702316
D09_S0_C020_T024,regulatory,XBP1,proteostasis,1.0485367131543721
D09_S0_C020_T024,regulatory,ATF4,stress_adaptation,1.0035929302296505
D09_S0_C020_T024,regulatory,NFkB,inflammation,0.7698949304154745
D09_S0_C021_T024,regulatory,XBP1,proteostasis,0.5673599490324712
D09_S0_C021_T024,regulatory,ATF4,stress_adaptation,0.6204538479761081
D09_S0_C021_T024,regulatory,NFkB,inflammation,0.5868458158160912
D09_S0_C022_T024,regulatory,XBP1,proteostasis,0.9787271837344789
D09_S0_C022_T024,regulatory,ATF4,stress_adaptation,0.9072365793395932
D09_S0_C022_T024,regulatory,NFkB,inflammation,0.7534112803025506
D09_S0_C023_T024,regulatory,XBP1,proteostasis,0.6124904836273484
D09_S0_C023_T024,regulatory,ATF4,stress_adaptation,0.7080093014938291
D09_S0_C023_T024,regulatory,NFkB,inflammation,0.6764165841563615
D09_S0_C024_T024,regulatory,XBP1,proteostasis,0.8938012800568811
D09_S0_C024_T024,regulatory,ATF4,stress_adaptation,0.9134889006864444
D09_S0_C024_T024,regulatory,NFkB,inflammation,0.8386438541409199
D09_S0_C025_T024,regulatory,XBP1,proteostasis,0.6204590267689105
D09_S0_C025_T024,regulatory,ATF4,stress_adaptation,0.6417450685194278
D09_S0_C025_T024,regulatory,NFkB,inflammation,0.5172493377065637
D09_S0_C026_T024,regulatory,XBP1,proteostasis,1.066032478584269
D09_S0_C026_T024,regulatory,ATF4,stress_adaptation,0.9797703048751694
D09_S0_C026_T024,regulatory,NFkB,inflammation,0.7038144606979733
D09_S0_C027_T024,regulatory,XBP1,proteostasis,0.5872565304364942
D09_S0_C027_T024,regulatory,ATF4,stress_adaptation,0.630742263664166
D09_S0_C027_T024,regulatory,NFkB,inflammation,0.5180931570160421
D09_S0_C028_T024,regulatory,XBP1,proteostasis,0.9493492965806619
D09_S0_C028_T024,regulatory,ATF4,stress_adaptation,0.933203630218753
D09_S0_C028_T024,regulatory,NFkB,inflammation,0.7779457444918478
D09_S0_C029_T024,regulatory,XBP1,proteostasis,0.5390316533574347
D09_S0_C029_T024,regulatory,ATF4,stress_adaptation,0.627198429426976
D09_S0_C029_T024,regulatory,NFkB,inflammation,0.5893209112233879
D09_S0_C030_T024,regulatory,XBP1,proteostasis,0.8501345225234327
D09_S0_C030_T024,regulatory,ATF4,stress_adaptation,0.8709514307141581
D09_S0_C030_T024,regulatory,NFkB,inflammation,0.7810501153303523
D09_S0_C031_T024,regulatory,XBP1,proteostasis,0.5614895820720035
D09_S0_C031_T024,regulatory,ATF4,stress_adaptation,0.6366178020640787
D09_S0_C031_T024,regulatory,NFkB,inflammation,0.6537600539875563
D09_S0_C032_T024,regulatory,XBP1,proteostasis,0.5056333880540532
D09_S0_C032_T024,regulatory,ATF4,stress_adaptation,0.5837913698627706
D09_S0_C032_T024,regulatory,NFkB,inflammation,0.3833670773285309
D09_S0_C033_T024,regulatory,XBP1,proteostasis,0.6449287690177853
D09_S0_C033_T024,regulatory,ATF4,stress_adaptation,0.688668231703416
D09_S0_C033_T024,regulatory,NFkB,inflammation,0.4934334611946702
D09_S0_C034_T024,regulatory,XBP1,proteostasis,0.8539324627865977
D09_S0_C034_T024,regulatory,ATF4,stress_adaptation,0.8424266309273851
D09_S0_C034_T024,regulatory,NFkB,inflammation,0.7281551577657486
D09_S0_C035_T024,regulatory,XBP1,proteostasis,0.8364039550630644
D09_S0_C035_T024,regulatory,ATF4,stress_adaptation,0.8611692100790598
D09_S0_C035_T024,regulatory,NFkB,inflammation,0.8273495742173786
D09_S0_C000_T048,regulatory,XBP1,proteostasis,1.2551196347944353
D09_S0_C000_T048,regulatory,ATF4,stress_adaptation,1.380953780157297
D09_S0_C000_T048,regulatory,NFkB,inflammation,1.439803835657496
D09_S0_C001_T048,regulatory,XBP1,proteostasis,1.2075902104223601
D09_S0_C001_T048,regulatory,ATF4,stress_adaptation,1.333193910032895
D09_S0_C001_T048,regulatory,NFkB,inflammation,1.418415594690062
D09_S0_C002_T048,regulatory,XBP1,proteostasis,1.30847923384675
D09_S0_C002_T048,regulatory,ATF4,stress_adaptation,1.425194883479544
D09_S0_C002_T048,regulatory,NFkB,inflammation,1.1029243377607625
D09_S0_C003_T048,regulatory,XBP1,proteostasis,1.0818429841824273
D09_S0_C003_T048,regulatory,ATF4,stress_adaptation,1.2524130098436193
D09_S0_C003_T048,regulatory,NFkB,inflammation,1.3618293428820922
D09_S0_C004_T048,regulatory,XBP1,proteostasis,1.2684842566761383
D09_S0_C004_T048,regulatory,ATF4,stress_adaptation,1.42451476683949
D09_S0_C004_T048,regulatory,NFkB,inflammation,1.445817915504262
D09_S0_C005_T048,regulatory,XBP1,proteostasis,0.8437520137119743
D09_S0_C005_T048,regulatory,ATF4,stress_adaptation,1.0380156334971304
D09_S0_C005_T048,regulatory,NFkB,inflammation,1.1538947860641
D09_S0_C006_T048,regulatory,XBP1,proteostasis,0.8879717118256216
D09_S0_C006_T048,regulatory,ATF4,stress_adaptation,1.1186648620503998
D09_S0_C006_T048,regulatory,NFkB,inflammation,0.9278069275199488
D09_S0_C007_T048,regulatory,XBP1,proteostasis,1.11436890163682
D09_S0_C007_T048,regulatory,ATF4,stress_adaptation,1.2814657262088474
D09_S0_C007_T048,regulatory,NFkB,inflammation,1.0170723467544867
D09_S0_C008_T048,regulatory,XBP1,proteostasis,0.9264509010790907
D09_S0_C008_T048,regulatory,ATF4,stress_adaptation,1.11913105829115
D09_S0_C008_T048,regulatory,NFkB,inflammation,1.289084789807382
D09_S0_C009_T048,regulatory,XBP1,proteostasis,1.0814169577915949
D09_S0_C009_T048,regulatory,ATF4,stress_adaptation,1.261604762446548
D09_S0_C009_T048,regulatory,NFkB,inflammation,1.3053903379569167
D09_S0_C010_T048,regulatory,XBP1,proteostasis,1.109529745605306
D09_S0_C010_T048,regulatory,ATF4,stress_adaptation,1.2948437945308713
D09_S0_C010_T048,regulatory,NFkB,inflammation,1.2490310615488478
D09_S0_C011_T048,regulatory,XBP1,proteostasis,1.044796089054897
D09_S0_C011_T048,regulatory,ATF4,stress_adaptation,1.2278983479387167
D09_S0_C011_T048,regulatory,NFkB,inflammation,1.233480103871714
D09_S0_C012_T048,regulatory,XBP1,proteostasis,1.2485203551831472
D09_S0_C012_T048,regulatory,ATF4,stress_adaptation,1.364537666185202
D09_S0_C012_T048,regulatory,NFkB,inflammation,1.0439469974621278
D09_S0_C013_T048,regulatory,XBP1,proteostasis,1.5
D09_S0_C013_T048,regulatory,ATF4,stress_adaptation,1.5750000000000002
D09_S0_C013_T048,regulatory,NFkB,inflammation,1.4312448616606637
D09_S0_C014_T048,regulatory,XBP1,proteostasis,1.1962644196602419
D09_S0_C014_T048,regulatory,ATF4,stress_adaptation,1.3752613463728893
D09_S0_C014_T048,regulatory,NFkB,inflammation,1.413318988847109
D09_S0_C015_T048,regulatory,XBP1,proteostasis,1.0908084368072024
D09_S0_C015_T048,regulatory,ATF4,stress_adaptation,1.2650674259874355
D09_S0_C015_T048,regulatory,NFkB,inflammation,0.9789663144666092
D09_S0_C016_T048,regulatory,XBP1,proteostasis,1.0057874301381786
D09_S0_C016_T048,regulatory,ATF4,stress_adaptation,1.2343132571223685
D09_S0_C016_T048,regulatory,NFkB,inflammation,1.2028323742869027
D09_S0_C017_T048,regulatory,XBP1,proteostasis,1.2118581702498885
D09_S0_C017_T048,regulatory,ATF4,stress_adaptation,1.340324569895551
D09_S0_C017_T048,regulatory,NFkB,inflammation,1.1534687018348964
D09_S0_C018_T048,regulatory,XBP1,proteostasis,1.3269224988848638
D09_S0_C018_T048,regulatory,ATF4,stress_adaptation,1.442095667457013
D09_S0_C018_T048,regulatory,NFkB,inflammation,1.138622602037422
D09_S0_C019_T048,regulatory,XBP1,proteostasis,1.250282855294393
D09_S0_C019_T048,regulatory,ATF4,stress_adaptation,1.3218034745265106
D09_S0_C019_T048,regulatory,NFkB,inflammation,1.227967312440089
D09_S0_C020_T048,regulatory,XBP1,proteostasis,1.3306564508407568
D09_S0_C020_T048,regulatory,ATF4,stress_adaptation,1.4503505605243898
D09_S0_C020_T048,regulatory,NFkB,inflammation,1.3656391183184051
D09_S0_C021_T048,regulatory,XBP1,proteostasis,0.7323660098673094
D09_S0_C021_T048,regulatory,ATF4,stress_adaptation,0.9488436408249771
D09_S0_C021_T048,regulatory,NFkB,inflammation,1.1300940494790017
D09_S0_C022_T048,regulatory,XBP1,proteostasis,1.3022621758599862
D09_S0_C022_T048,regulatory,ATF4,stress_adaptation,1.4044463750846754
D09_S0_C022_T048,regulatory,NFkB,inflammation,1.2372175412125634
D09_S0_C023_T048,regulatory,XBP1,proteostasis,0.9105329523726241
D09_S0_C023_T048,regulatory,ATF4,stress_adaptation,1.1643072508583678
D09_S0_C023_T048,regulatory,NFkB,inflammation,1.2847398285676808
D09_S0_C024_T048,regulatory,XBP1,proteostasis,1.1726014556263742
D09_S0_C024_T048,regulatory,ATF4,stress_adaptation,1.3621909461571433
D09_S0_C024_T048,regulatory,NFkB,inflammation,1.4026706550318684
D09_S0_C025_T048,regulatory,XBP1,proteostasis,0.9287669682806928
D09_S0_C025_T048,regulatory,ATF4,stress_adaptation,1.1069147423965173
D09_S0_C025_T048,regulatory,NFkB,inflammation,1.1414263162916
D09_S0_C026_T048,regulatory,XBP1,proteostasis,1.4433451550020941
D09_S0_C026_T048,regulatory,ATF4,stress_adaptation,1.5028097054574518
D09_S0_C026_T048,regulatory,NFkB,inflammation,1.3100336134267638
D09_S0_C027_T048,regulatory,XBP1,proteostasis,0.8871387713569763
D09_S0_C027_T048,regulatory,ATF4,stress_adaptation,1.0803646962724138
D09_S0_C027_T048,regulatory,NFkB,inflammation,1.1022806046908478
D09_S0_C028_T048,regulatory,XBP1,proteostasis,1.3299781485536224
D09_S0_C028_T048,regulatory,ATF4,stress_adaptation,1.4644857965598548
D09_S0_C028_T048,regulatory,NFkB,inflammation,1.47349016684913
D09_S0_C029_T048,regulatory,XBP1,proteostasis,0.7658027308317503
D09_S0_C029_T048,regulatory,ATF4,stress_adaptation,1.0318379591162896
D09_S0_C029_T048,regulatory,NFkB,inflammation,1.1866632951918326
D09_S0_C030_T048,regulatory,XBP1,proteostasis,1.1701177849625206
D09_S0_C030_T048,regulatory,ATF4,stress_adaptation,1.3605765602256386
D09_S0_C030_T048,regulatory,NFkB,inflammation,1.4015530032331343
D09_S0_C031_T048,regulatory,XBP1,proteostasis,0.8784325884321829
D09_S0_C031_T048,regulatory,ATF4,stress_adaptation,1.1074593806658883
D09_S0_C031_T048,regulatory,NFkB,inflammation,1.2702946647944824
D09_S0_C032_T048,regulatory,XBP1,proteostasis,0.8366784484039013
D09_S0_C032_T048,regulatory,ATF4,stress_adaptation,1.0600657322961766
D09_S0_C032_T048,regulatory,NFkB,inflammation,0.8455581984070113
D09_S0_C033_T048,regulatory,XBP1,proteostasis,1.0351448051636318
D09_S0_C033_T048,regulatory,ATF4,stress_adaptation,1.232901969426702
D09_S0_C033_T048,regulatory,NFkB,inflammation,1.110240686575994
D09_S0_C034_T048,regulatory,XBP1,proteostasis,1.1469571032747572
D09_S0_C034_T048,regulatory,ATF4,stress_adaptation,1.2967172391080581
D09_S0_C034_T048,regulatory,NFkB,inflammation,1.2979252114620374
D09_S0_C035_T048,regulatory,XBP1,proteostasis,1.1592243821720587
D09_S0_C035_T048,regulatory,ATF4,stress_adaptation,1.3380348038989824
D09_S0_C035_T048,regulatory,NFkB,inflammation,1.3966509719774263
D09_S1_C000_T000,regulatory,XBP1,proteostasis,0.7058597028770209
D09_S1_C000_T000,regulatory,ATF4,stress_adaptation,0.5381818114569386
D09_S1_C000_T000,regulatory,NFkB,inflammation,0.468495775611159
D09_S1_C001_T000,regulatory,XBP1,proteostasis,0.7764423515038369
D09_S1_C001_T000,regulatory,ATF4,stress_adaptation,0.6660115952415093
D09_S1_C001_T000,regulatory,NFkB,inflammation,0.47712113597355876
D09_S1_C002_T000,regulatory,XBP1,proteostasis,0.5538559478164958
D09_S1_C002_T000,regulatory,ATF4,stress_adaptation,0.4895441150022193
D09_S1_C002_T000,regulatory,NFkB,inflammation,0.4933634768026877
D09_S1_C003_T000,regulatory,XBP1,proteostasis,0.461834685944986
D09_S1_C003_T000,regulatory,ATF4,stress_adaptation,0.40175855951776296
D09_S1_C003_T000,regulatory,NFkB,inflammation,0.3737699846631096
D09_S1_C004_T000,regulatory,XBP1,proteostasis,0.45648055605602755
D09_S1_C004_T000,regulatory,ATF4,stress_adaptation,0.39809801493978153
D09_S1_C004_T000,regulatory,NFkB,inflammation,0.3608911773736075
D09_S1_C005_T000,regulatory,XBP1,proteostasis,0.6331217889224814
D09_S1_C005_T000,regulatory,ATF4,stress_adaptation,0.5680378200353844
D09_S1_C005_T000,regulatory,NFkB,inflammation,0.4154643133945986
D09_S1_C006_T000,regulatory,XBP1,proteostasis,0.5869388755680061
D09_S1_C006_T000,regulatory,ATF4,stress_adaptation,0.4859966112586903
D09_S1_C006_T000,regulatory,NFkB,inflammation,0.41321012945376157
D09_S1_C007_T000,regulatory,XBP1,proteostasis,0.5298833674988557
D09_S1_C007_T000,regulatory,ATF4,stress_adaptation,0.4361233507661013
D09_S1_C007_T000,regulatory,NFkB,inflammation,0.4617173527534107
D09_S1_C008_T000,regulatory,XBP1,proteostasis,0.5081505520086544
D09_S1_C008_T000,regulatory,ATF4,stress_adaptation,0.4878610224375165
D09_S1_C008_T000,regulatory,NFkB,inflammation,0.34735714001557155
D09_S1_C009_T000,regulatory,XBP1,proteostasis,0.7309472445904274
D09_S1_C009_T000,regulatory,ATF4,stress_adaptation,0.5722678246996761
D09_S1_C009_T000,regulatory,NFkB,inflammation,0.49027730033898753
D09_S1_C010_T000,regulatory,XBP1,proteostasis,1.007002330246432
D09_S1_C010_T000,regulatory,ATF4,stress_adaptation,0.8087117582389202
D09_S1_C010_T000,regulatory,NFkB,inflammation,0.562449956732564
D09_S1_C011_T000,regulatory,XBP1,proteostasis,0.6111418247559042
D09_S1_C011_T000,regulatory,ATF4,stress_adaptation,0.49616429411709195
D09_S1_C011_T000,regulatory,NFkB,inflammation,0.32882632910888476
D09_S1_C012_T000,regulatory,XBP1,proteostasis,0.7091992086617923
D09_S1_C012_T000,regulatory,ATF4,stress_adaptation,0.6179851144701439
D09_S1_C012_T000,regulatory,NFkB,inflammation,0.42536582877329154
D09_S1_C013_T000,regulatory,XBP1,proteostasis,0.3841096530341553
D09_S1_C013_T000,regulatory,ATF4,stress_adaptation,0.3185008328840711
D09_S1_C013_T000,regulatory,NFkB,inflammation,0.1771697087425933
D09_S1_C014_T000,regulatory,XBP1,proteostasis,0.6973784742420454
D09_S1_C014_T000,regulatory,ATF4,stress_adaptation,0.5582249274180906
D09_S1_C014_T000,regulatory,NFkB,inflammation,0.3547630602956405
D09_S1_C015_T000,regulatory,XBP1,proteostasis,0.4977048613117487
D09_S1_C015_T000,regulatory,ATF4,stress_adaptation,0.4696185211835221
D09_S1_C015_T000,regulatory,NFkB,inflammation,0.3032650780278441
D09_S1_C016_T000,regulatory,XBP1,proteostasis,0.5729932586949601
D09_S1_C016_T000,regulatory,ATF4,stress_adaptation,0.49786561073674274
D09_S1_C016_T000,regulatory,NFkB,inflammation,0.36116201054197095
D09_S1_C017_T000,regulatory,XBP1,proteostasis,0.6644518669293833
D09_S1_C017_T000,regulatory,ATF4,stress_adaptation,0.5569334944739635
D09_S1_C017_T000,regulatory,NFkB,inflammation,0.41065792991475186
D09_S1_C018_T000,regulatory,XBP1,proteostasis,0.5146357800231236
D09_S1_C018_T000,regulatory,ATF4,stress_adaptation,0.44205911474365245
D09_S1_C018_T000,regulatory,NFkB,inflammation,0.23158610101040564
D09_S1_C019_T000,regulatory,XBP1,proteostasis,0.5666158577513041
D09_S1_C019_T000,regulatory,ATF4,stress_adaptation,0.5169322703222125
D09_S1_C019_T000,regulatory,NFkB,inflammation,0.3820303715167137
D09_S1_C020_T000,regulatory,XBP1,proteostasis,0.7062934795093494
D09_S1_C020_T000,regulatory,ATF4,stress_adaptation,0.6008583069948567
D09_S1_C020_T000,regulatory,NFkB,inflammation,0.4192158165955815
D09_S1_C021_T000,regulatory,XBP1,proteostasis,0.4628346581750823
D09_S1_C021_T000,regulatory,ATF4,stress_adaptation,0.41741646195612264
D09_S1_C021_T000,regulatory,NFkB,inflammation,0.23704672391441314
D09_S1_C022_T000,regulatory,XBP1,proteostasis,0.46560059252225644
D09_S1_C022_T000,regulatory,ATF4,stress_adaptation,0.40212793611593595
D09_S1_C022_T000,regulatory,NFkB,inflammation,0.44258748455830943
D09_S1_C023_T000,regulatory,XBP1,proteostasis,0.30292096204222674
D09_S1_C023_T000,regulatory,ATF4,stress_adaptation,0.301589318502784
D09_S1_C023_T000,regulatory,NFkB,inflammation,0.291614970237688
D09_S1_C024_T000,regulatory,XBP1,proteostasis,0.5244122500567724
D09_S1_C024_T000,regulatory,ATF4,stress_adaptation,0.4511481961774799
D09_S1_C024_T000,regulatory,NFkB,inflammation,0.26641992015001686
D09_S1_C025_T000,regulatory,XBP1,proteostasis,0.7255305699840171
D09_S1_C025_T000,regulatory,ATF4,stress_adaptation,0.624452795293421
D09_S1_C025_T000,regulatory,NFkB,inflammation,0.4476020911449984
D09_S1_C026_T000,regulatory,XBP1,proteostasis,0.46164043933881366
D09_S1_C026_T000,regulatory,ATF4,stress_adaptation,0.449267745732273
D09_S1_C026_T000,regulatory,NFkB,inflammation,0.3245141654732841
D09_S1_C027_T000,regulatory,XBP1,proteostasis,0.4752809088912703
D09_S1_C027_T000,regulatory,ATF4,stress_adaptation,0.4337931439176096
D09_S1_C027_T000,regulatory,NFkB,inflammation,0.34143156863709867
D09_S1_C028_T000,regulatory,XBP1,proteostasis,0.5589875833281853
D09_S1_C028_T000,regulatory,ATF4,stress_adaptation,0.47174547463074984
D09_S1_C028_T000,regulatory,NFkB,inflammation,0.4827958122711954
D09_S1_C029_T000,regulatory,XBP1,proteostasis,0.5055165578455161
D09_S1_C029_T000,regulatory,ATF4,stress_adaptation,0.41687329169745335
D09_S1_C029_T000,regulatory,NFkB,inflammation,0.4569466800211228
D09_S1_C030_T000,regulatory,XBP1,proteostasis,0.4921718331485243
D09_S1_C030_T000,regulatory,ATF4,stress_adaptation,0.4455922373341289
D09_S1_C030_T000,regulatory,NFkB,inflammation,0.3307128779048432
D09_S1_C031_T000,regulatory,XBP1,proteostasis,0.5790440951331274
D09_S1_C031_T000,regulatory,ATF4,stress_adaptation,0.5202545712016454
D09_S1_C031_T000,regulatory,NFkB,inflammation,0.3410899753144645
D09_S1_C032_T000,regulatory,XBP1,proteostasis,0.673958116499573
D09_S1_C032_T000,regulatory,ATF4,stress_adaptation,0.5906423050010947
D09_S1_C032_T000,regulatory,NFkB,inflammation,0.42375041090060417
D09_S1_C033_T000,regulatory,XBP1,proteostasis,0.46265660953328414
D09_S1_C033_T000,regulatory,ATF4,stress_adaptation,0.40634225997104984
D09_S1_C033_T000,regulatory,NFkB,inflammation,0.4496504816519834
D09_S1_C034_T000,regulatory,XBP1,proteostasis,0.42620000183718765
D09_S1_C034_T000,regulatory,ATF4,stress_adaptation,0.37804813137911314
D09_S1_C034_T000,regulatory,NFkB,inflammation,0.34390123130423533
D09_S1_C035_T000,regulatory,XBP1,proteostasis,0.5351860687290166
D09_S1_C035_T000,regulatory,ATF4,stress_adaptation,0.45230656419333226
D09_S1_C035_T000,regulatory,NFkB,inflammation,0.3853590120720058
D09_S1_C000_T012,regulatory,XBP1,proteostasis,0.8053666006609156
D09_S1_C000_T012,regulatory,ATF4,stress_adaptation,0.6735482228207061
D09_S1_C000_T012,regulatory,NFkB,inflammation,0.5835994916564439
D09_S1_C001_T012,regulatory,XBP1,proteostasis,0.8403536184954136
D09_S1_C001_T012,regulatory,ATF4,stress_adaptation,0.762381925328469
D09_S1_C001_T012,regulatory,NFkB,inflammation,0.6250388289640101
D09_S1_C002_T012,regulatory,XBP1,proteostasis,0.6977015280006309
D09_S1_C002_T012,regulatory,ATF4,stress_adaptation,0.6567277560294416
D09_S1_C002_T012,regulatory,NFkB,inflammation,0.5899558565153824
D09_S1_C003_T012,regulatory,XBP1,proteostasis,0.5934751337098664
D09_S1_C003_T012,regulatory,ATF4,stress_adaptation,0.5510584896649734
D09_S1_C003_T012,regulatory,NFkB,inflammation,0.495177767676079
D09_S1_C004_T012,regulatory,XBP1,proteostasis,0.6088256049314271
D09_S1_C004_T012,regulatory,ATF4,stress_adaptation,0.5714928268382615
D09_S1_C004_T012,regulatory,NFkB,inflammation,0.45812846299920085
D09_S1_C005_T012,regulatory,XBP1,proteostasis,0.7679920124641051
D09_S1_C005_T012,regulatory,ATF4,stress_adaptation,0.7319866328154814
D09_S1_C005_T012,regulatory,NFkB,inflammation,0.5627580651997808
D09_S1_C006_T012,regulatory,XBP1,proteostasis,0.6845263692760533
D09_S1_C006_T012,regulatory,ATF4,stress_adaptation,0.6367279980472664
D09_S1_C006_T012,regulatory,NFkB,inflammation,0.510149005925693
D09_S1_C007_T012,regulatory,XBP1,proteostasis,0.6296367472590346
D09_S1_C007_T012,regulatory,ATF4,stress_adaptation,0.5668263252085719
D09_S1_C007_T012,regulatory,NFkB,inflammation,0.5544310810225377
D09_S1_C008_T012,regulatory,XBP1,proteostasis,0.6045281196881311
D09_S1_C008_T012,regulatory,ATF4,stress_adaptation,0.6174780796585494
D09_S1_C008_T012,regulatory,NFkB,inflammation,0.4568732606964032
D09_S1_C009_T012,regulatory,XBP1,proteostasis,0.8665676902773937
D09_S1_C009_T012,regulatory,ATF4,stress_adaptation,0.7560087463389404
D09_S1_C009_T012,regulatory,NFkB,inflammation,0.6279375867361633
D09_S1_C010_T012,regulatory,XBP1,proteostasis,1.1410519231399052
D09_S1_C010_T012,regulatory,ATF4,stress_adaptation,0.983319204203556
D09_S1_C010_T012,regulatory,NFkB,inflammation,0.7447935756231531
D09_S1_C011_T012,regulatory,XBP1,proteostasis,0.6897367581873726
D09_S1_C011_T012,regulatory,ATF4,stress_adaptation,0.638493930773913
D09_S1_C011_T012,regulatory,NFkB,inflammation,0.43273308392727816
D09_S1_C012_T012,regulatory,XBP1,proteostasis,0.7998468414553543
D09_S1_C012_T012,regulatory,ATF4,stress_adaptation,0.7328672160487426
D09_S1_C012_T012,regulatory,NFkB,inflammation,0.5859184709698351
D09_S1_C013_T012,regulatory,XBP1,proteostasis,0.5222193262818396
D09_S1_C013_T012,regulatory,ATF4,stress_adaptation,0.4905823488447364
D09_S1_C013_T012,regulatory,NFkB,inflammation,0.3291697208374374
D09_S1_C014_T012,regulatory,XBP1,proteostasis,0.8079091012964154
D09_S1_C014_T012,regulatory,ATF4,stress_adaptation,0.7164969443931908
D09_S1_C014_T012,regulatory,NFkB,inflammation,0.5079950834890189
D09_S1_C015_T012,regulatory,XBP1,proteostasis,0.5866499782754608
D09_S1_C015_T012,regulatory,ATF4,stress_adaptation,0.5821767630393802
D09_S1_C015_T012,regulatory,NFkB,inflammation,0.43105071276889684
D09_S1_C016_T012,regulatory,XBP1,proteostasis,0.6238913961616288
D09_S1_C016_T012,regulatory,ATF4,stress_adaptation,0.5773226221645343
D09_S1_C016_T012,regulatory,NFkB,inflammation,0.4987232372603432
D09_S1_C017_T012,regulatory,XBP1,proteostasis,0.759224933225575
D09_S1_C017_T012,regulatory,ATF4,stress_adaptation,0.6872441795314534
D09_S1_C017_T012,regulatory,NFkB,inflammation,0.5448551042836114
D09_S1_C018_T012,regulatory,XBP1,proteostasis,0.6493858627997521
D09_S1_C018_T012,regulatory,ATF4,stress_adaptation,0.6055774635269063
D09_S1_C018_T012,regulatory,NFkB,inflammation,0.37604541157608273
D09_S1_C019_T012,regulatory,XBP1,proteostasis,0.7181349546493553
D09_S1_C019_T012,regulatory,ATF4,stress_adaptation,0.6834935808686226
D09_S1_C019_T012,regulatory,NFkB,inflammation,0.5352278462106499
D09_S1_C020_T012,regulatory,XBP1,proteostasis,0.7918697544583547
D09_S1_C020_T012,regulatory,ATF4,stress_adaptation,0.7135781623212176
D09_S1_C020_T012,regulatory,NFkB,inflammation,0.5364186145813856
D09_S1_C021_T012,regulatory,XBP1,proteostasis,0.6048679748133232
D09_S1_C021_T012,regulatory,ATF4,stress_adaptation,0.5971774141600924
D09_S1_C021_T012,regulatory,NFkB,inflammation,0.4049032732921649
D09_S1_C022_T012,regulatory,XBP1,proteostasis,0.6353738480333927
D09_S1_C022_T012,regulatory,ATF4,stress_adaptation,0.5819771932028476
D09_S1_C022_T012,regulatory,NFkB,inflammation,0.5649088782418551
D09_S1_C023_T012,regulatory,XBP1,proteostasis,0.4249956587255801
D09_S1_C023_T012,regulatory,ATF4,stress_adaptation,0.44186135381699715
D09_S1_C023_T012,regulatory,NFkB,inflammation,0.3948778651662462
D09_S1_C024_T012,regulatory,XBP1,proteostasis,0.5876738394476937
D09_S1_C024_T012,regulatory,ATF4,stress_adaptation,0.5667930209894342
D09_S1_C024_T012,regulatory,NFkB,inflammation,0.3920926113465819
D09_S1_C025_T012,regulatory,XBP1,proteostasis,0.8019703018443499
D09_S1_C025_T012,regulatory,ATF4,stress_adaptation,0.7462855362891084
D09_S1_C025_T012,regulatory,NFkB,inflammation,0.5748316716988513
D09_S1_C026_T012,regulatory,XBP1,proteostasis,0.5096045355134389
D09_S1_C026_T012,regulatory,ATF4,stress_adaptation,0.529752995891229
D09_S1_C026_T012,regulatory,NFkB,inflammation,0.48398024941168694
D09_S1_C027_T012,regulatory,XBP1,proteostasis,0.5735136189703038
D09_S1_C027_T012,regulatory,ATF4,stress_adaptation,0.5580208711957735
D09_S1_C027_T012,regulatory,NFkB,inflammation,0.4634355369557216
D09_S1_C028_T012,regulatory,XBP1,proteostasis,0.7096258501846158
D09_S1_C028_T012,regulatory,ATF4,stress_adaptation,0.6718747292817816
D09_S1_C028_T012,regulatory,NFkB,inflammation,0.6167690907082444
D09_S1_C029_T012,regulatory,XBP1,proteostasis,0.5950414428197194
D09_S1_C029_T012,regulatory,ATF4,stress_adaptation,0.5457284995763901
D09_S1_C029_T012,regulatory,NFkB,inflammation,0.5353585530125755
D09_S1_C030_T012,regulatory,XBP1,proteostasis,0.5827828271408537
D09_S1_C030_T012,regulatory,ATF4,stress_adaptation,0.5541031254275022
D09_S1_C030_T012,regulatory,NFkB,inflammation,0.50820132683753
D09_S1_C031_T012,regulatory,XBP1,proteostasis,0.7442675909930819
D09_S1_C031_T012,regulatory,ATF4,stress_adaptation,0.6982380742472388
D09_S1_C031_T012,regulatory,NFkB,inflammation,0.5245799594288401
D09_S1_C032_T012,regulatory,XBP1,proteostasis,0.763360148445485
D09_S1_C032_T012,regulatory,ATF4,stress_adaptation,0.7313914209003588
D09_S1_C032_T012,regulatory,NFkB,inflammation,0.5884170454258839
D09_S1_C033_T012,regulatory,XBP1,proteostasis,0.5792926833417008
D09_S1_C033_T012,regulatory,ATF4,stress_adaptation,0.5601620513943156
D09_S1_C033_T012,regulatory,NFkB,inflammation,0.5173035418161416
D09_S1_C034_T012,regulatory,XBP1,proteostasis,0.5309999790775168
D09_S1_C034_T012,regulatory,ATF4,stress_adaptation,0.5329247034710353
D09_S1_C034_T012,regulatory,NFkB,inflammation,0.4625906870853743
D09_S1_C035_T012,regulatory,XBP1,proteostasis,0.5749895698815711
D09_S1_C035_T012,regulatory,ATF4,stress_adaptation,0.5551437302291522
D09_S1_C035_T012,regulatory,NFkB,inflammation,0.49523603213968626
D09_S1_C000_T024,regulatory,XBP1,proteostasis,0.9764380167190984
D09_S1_C000_T024,regulatory,ATF4,stress_adaptation,0.886939384433012
D09_S1_C000_T024,regulatory,NFkB,inflammation,0.767753108111698
D09_S1_C001_T024,regulatory,XBP1,proteostasis,0.968637380117355
D09_S1_C001_T024,regulatory,ATF4,stress_adaptation,0.9404246218273252
D09_S1_C001_T024,regulatory,NFkB,inflammation,0.8612026407775227
D09_S1_C002_T024,regulatory,XBP1,proteostasis,0.8212738586972945
D09_S1_C002_T024,regulatory,ATF4,stress_adaptation,0.8378561196245914
D09_S1_C002_T024,regulatory,NFkB,inflammation,0.7480032345735496
D09_S1_C003_T024,regulatory,XBP1,proteostasis,0.720342430416339
D09_S1_C003_T024,regulatory,ATF4,stress_adaptation,0.7378599089847085
D09_S1_C003_T024,regulatory,NFkB,inflammation,0.6773691002062234
D09_S1_C004_T024,regulatory,XBP1,proteostasis,0.7085447938397712
D09_S1_C004_T024,regulatory,ATF4,stress_adaptation,0.7362282031343692
D09_S1_C004_T024,regulatory,NFkB,inflammation,0.630353111358592
D09_S1_C005_T024,regulatory,XBP1,proteostasis,0.8889048496475054
D09_S1_C005_T024,regulatory,ATF4,stress_adaptation,0.9074224284812531
D09_S1_C005_T024,regulatory,NFkB,inflammation,0.7872427574539564
D09_S1_C006_T024,regulatory,XBP1,proteostasis,0.8085581409244347
D09_S1_C006_T024,regulatory,ATF4,stress_adaptation,0.8142256723967509
D09_S1_C006_T024,regulatory,NFkB,inflammation,0.6996315658623833
D09_S1_C007_T024,regulatory,XBP1,proteostasis,0.7575856563651764
D09_S1_C007_T024,regulatory,ATF4,stress_adaptation,0.737215432403382
D09_S1_C007_T024,regulatory,NFkB,inflammation,0.7084673499897027
D09_S1_C008_T024,regulatory,XBP1,proteostasis,0.732736137570106
D09_S1_C008_T024,regulatory,ATF4,stress_adaptation,0.7802518350970878
D09_S1_C008_T024,regulatory,NFkB,inflammation,0.686414100919351
D09_S1_C009_T024,regulatory,XBP1,proteostasis,1.0069035814526763
D09_S1_C009_T024,regulatory,ATF4,stress_adaptation,0.9582248559778337
D09_S1_C009_T024,regulatory,NFkB,inflammation,0.7979015371322526
D09_S1_C010_T024,regulatory,XBP1,proteostasis,1.238879410447172
D09_S1_C010_T024,regulatory,ATF4,stress_adaptation,1.174610063667545
D09_S1_C010_T024,regulatory,NFkB,inflammation,0.9473179249629711
D09_S1_C011_T024,regulatory,XBP1,proteostasis,0.971317838335866
D09_S1_C011_T024,regulatory,ATF4,stress_adaptation,0.9323196037943642
D09_S1_C011_T024,regulatory,NFkB,inflammation,0.7002211058470876
D09_S1_C012_T024,regulatory,XBP1,proteostasis,0.9378791674038374
D09_S1_C012_T024,regulatory,ATF4,stress_adaptation,0.9094276495376981
D09_S1_C012_T024,regulatory,NFkB,inflammation,0.8261195686176102
D09_S1_C013_T024,regulatory,XBP1,proteostasis,0.6829787068407777
D09_S1_C013_T024,regulatory,ATF4,stress_adaptation,0.6964804643470613
D09_S1_C013_T024,regulatory,NFkB,inflammation,0.5547604161980185
D09_S1_C014_T024,regulatory,XBP1,proteostasis,1.0292066168670682
D09_S1_C014_T024,regulatory,ATF4,stress_adaptation,0.9637165460305146
D09_S1_C014_T024,regulatory,NFkB,inflammation,0.7470423150197234
D09_S1_C015_T024,regulatory,XBP1,proteostasis,0.7216084058007196
D09_S1_C015_T024,regulatory,ATF4,stress_adaptation,0.7765379112048658
D09_S1_C015_T024,regulatory,NFkB,inflammation,0.6429127061150053
D09_S1_C016_T024,regulatory,XBP1,proteostasis,0.739350334607961
D09_S1_C016_T024,regulatory,ATF4,stress_adaptation,0.7203281816384297
D09_S1_C016_T024,regulatory,NFkB,inflammation,0.7067864003410196
D09_S1_C017_T024,regulatory,XBP1,proteostasis,0.9452443748722397
D09_S1_C017_T024,regulatory,ATF4,stress_adaptation,0.9077429184427985
D09_S1_C017_T024,regulatory,NFkB,inflammation,0.7903116996674013
D09_S1_C018_T024,regulatory,XBP1,proteostasis,0.739042203235337
D09_S1_C018_T024,regulatory,ATF4,stress_adaptation,0.7683879963098725
D09_S1_C018_T024,regulatory,NFkB,inflammation,0.5585041282352443
D09_S1_C019_T024,regulatory,XBP1,proteostasis,0.8270361119554775
D09_S1_C019_T024,regulatory,ATF4,stress_adaptation,0.8371531734333443
D09_S1_C019_T024,regulatory,NFkB,inflammation,0.7294038082452852
D09_S1_C020_T024,regulatory,XBP1,proteostasis,0.9347294142081171
D09_S1_C020_T024,regulatory,ATF4,stress_adaptation,0.9092905384508192
D09_S1_C020_T024,regulatory,NFkB,inflammation,0.7578143744225507
D09_S1_C021_T024,regulatory,XBP1,proteostasis,0.7585029632378565
D09_S1_C021_T024,regulatory,ATF4,stress_adaptation,0.8136668795386368
D09_S1_C021_T024,regulatory,NFkB,inflammation,0.636539382191077
D09_S1_C022_T024,regulatory,XBP1,proteostasis,0.7486376477092256
D09_S1_C022_T024,regulatory,ATF4,stress_adaptation,0.7706114968933014
D09_S1_C022_T024,regulatory,NFkB,inflammation,0.729781560264316
D09_S1_C023_T024,regulatory,XBP1,proteostasis,0.5546608604484627
D09_S1_C023_T024,regulatory,ATF4,stress_adaptation,0.626248772127906
D09_S1_C023_T024,regulatory,NFkB,inflammation,0.5689010880468273
D09_S1_C024_T024,regulatory,XBP1,proteostasis,0.7387826114281876
D09_S1_C024_T024,regulatory,ATF4,stress_adaptation,0.7440531885909343
D09_S1_C024_T024,regulatory,NFkB,inflammation,0.5844444721200373
D09_S1_C025_T024,regulatory,XBP1,proteostasis,1.00925958516859
D09_S1_C025_T024,regulatory,ATF4,stress_adaptation,0.9845100322869096
D09_S1_C025_T024,regulatory,NFkB,inflammation,0.8037523412833667
D09_S1_C026_T024,regulatory,XBP1,proteostasis,0.6369767235701274
D09_S1_C026_T024,regulatory,ATF4,stress_adaptation,0.6960217586433564
D09_S1_C026_T024,regulatory,NFkB,inflammation,0.70049241995118
D09_S1_C027_T024,regulatory,XBP1,proteostasis,0.7034751878241762
D09_S1_C027_T024,regulatory,ATF4,stress_adaptation,0.736172374307912
D09_S1_C027_T024,regulatory,NFkB,inflammation,0.6806231427627969
D09_S1_C028_T024,regulatory,XBP1,proteostasis,0.8758096840023102
D09_S1_C028_T024,regulatory,ATF4,stress_adaptation,0.8882191809363973
D09_S1_C028_T024,regulatory,NFkB,inflammation,0.8065769033502874
D09_S1_C029_T024,regulatory,XBP1,proteostasis,0.7672404991492369
D09_S1_C029_T024,regulatory,ATF4,stress_adaptation,0.7564426379524465
D09_S1_C029_T024,regulatory,NFkB,inflammation,0.7332673819985117
D09_S1_C030_T024,regulatory,XBP1,proteostasis,0.7202246859866467
D09_S1_C030_T024,regulatory,ATF4,stress_adaptation,0.7329268878322858
D09_S1_C030_T024,regulatory,NFkB,inflammation,0.7421516921192852
D09_S1_C031_T024,regulatory,XBP1,proteostasis,0.8911044409442325
D09_S1_C031_T024,regulatory,ATF4,stress_adaptation,0.8982988374608916
D09_S1_C031_T024,regulatory,NFkB,inflammation,0.7439246749868553
D09_S1_C032_T024,regulatory,XBP1,proteostasis,0.8740404503765213
D09_S1_C032_T024,regulatory,ATF4,stress_adaptation,0.9068829518247454
D09_S1_C032_T024,regulatory,NFkB,inflammation,0.8234084641061006
D09_S1_C033_T024,regulatory,XBP1,proteostasis,0.701584553759244
D09_S1_C033_T024,regulatory,ATF4,stress_adaptation,0.7219407192993268
D09_S1_C033_T024,regulatory,NFkB,inflammation,0.6993296657101569
D09_S1_C034_T024,regulatory,XBP1,proteostasis,0.6955607972637594
D09_S1_C034_T024,regulatory,ATF4,stress_adaptation,0.7276291257483323
D09_S1_C034_T024,regulatory,NFkB,inflammation,0.6606877011772148
D09_S1_C035_T024,regulatory,XBP1,proteostasis,0.7786942700692058
D09_S1_C035_T024,regulatory,ATF4,stress_adaptation,0.7748716161265801
D09_S1_C035_T024,regulatory,NFkB,inflammation,0.7181315281966079
D09_S1_C000_T048,regulatory,XBP1,proteostasis,1.2602604312263888
D09_S1_C000_T048,regulatory,ATF4,stress_adaptation,1.326009176644619
D09_S1_C000_T048,regulatory,NFkB,inflammation,1.3937230680548767
D09_S1_C001_T048,regulatory,XBP1,proteostasis,1.3010904089758892
D09_S1_C001_T048,regulatory,ATF4,stress_adaptation,1.4421048520202557
D09_S1_C001_T048,regulatory,NFkB,inflammation,1.4604906840391503
D09_S1_C002_T048,regulatory,XBP1,proteostasis,1.137023238971423
D09_S1_C002_T048,regulatory,ATF4,stress_adaptation,1.3314089566512273
D09_S1_C002_T048,regulatory,NFkB,inflammation,1.3866604575371404
D09_S1_C003_T048,regulatory,XBP1,proteostasis,1.025062142384403
D09_S1_C003_T048,regulatory,ATF4,stress_adaptation,1.2014928403014968
D09_S1_C003_T048,regulatory,NFkB,inflammation,1.2564122532644542
D09_S1_C004_T048,regulatory,XBP1,proteostasis,1.048664477231774
D09_S1_C004_T048,regulatory,ATF4,stress_adaptation,1.2369598052706066
D09_S1_C004_T048,regulatory,NFkB,inflammation,1.2519742750344718
D09_S1_C005_T048,regulatory,XBP1,proteostasis,1.2413134085515725
D09_S1_C005_T048,regulatory,ATF4,stress_adaptation,1.396159679713688
D09_S1_C005_T048,regulatory,NFkB,inflammation,1.4335910338482076
D09_S1_C006_T048,regulatory,XBP1,proteostasis,1.166824016365833
D09_S1_C006_T048,regulatory,ATF4,stress_adaptation,1.3368301774635207
D09_S1_C006_T048,regulatory,NFkB,inflammation,1.3567570654497123
D09_S1_C007_T048,regulatory,XBP1,proteostasis,1.086840752046215
D09_S1_C007_T048,regulatory,ATF4,stress_adaptation,1.1928258463265276
D09_S1_C007_T048,regulatory,NFkB,inflammation,1.3197668272348877
D09_S1_C008_T048,regulatory,XBP1,proteostasis,1.013134931670265
D09_S1_C008_T048,regulatory,ATF4,stress_adaptation,1.241218343153185
D09_S1_C008_T048,regulatory,NFkB,inflammation,1.3309107192516192
D09_S1_C009_T048,regulatory,XBP1,proteostasis,1.3362975303053979
D09_S1_C009_T048,regulatory,ATF4,stress_adaptation,1.4379818407357121
D09_S1_C009_T048,regulatory,NFkB,inflammation,1.476333888637429
D09_S1_C010_T048,regulatory,XBP1,proteostasis,1.5
D09_S1_C010_T048,regulatory,ATF4,stress_adaptation,1.5750000000000002
D09_S1_C010_T048,regulatory,NFkB,inflammation,1.55
D09_S1_C011_T048,regulatory,XBP1,proteostasis,1.2784231070234469
D09_S1_C011_T048,regulatory,ATF4,stress_adaptation,1.4218420840203243
D09_S1_C011_T048,regulatory,NFkB,inflammation,1.3961259181288073
D09_S1_C012_T048,regulatory,XBP1,proteostasis,1.2498373128438538
D09_S1_C012_T048,regulatory,ATF4,stress_adaptation,1.4115885867208033
D09_S1_C012_T048,regulatory,NFkB,inflammation,1.4374267907797342
D09_S1_C013_T048,regulatory,XBP1,proteostasis,0.9735814551510776
D09_S1_C013_T048,regulatory,ATF4,stress_adaptation,1.1241397970661395
D09_S1_C013_T048,regulatory,NFkB,inflammation,1.198039426303481
D09_S1_C014_T048,regulatory,XBP1,proteostasis,1.3040319894045038
D09_S1_C014_T048,regulatory,ATF4,stress_adaptation,1.4012981126767925
D09_S1_C014_T048,regulatory,NFkB,inflammation,1.3372707463033549
D09_S1_C015_T048,regulatory,XBP1,proteostasis,0.9813038837449981
D09_S1_C015_T048,regulatory,ATF4,stress_adaptation,1.1774910716062321
D09_S1_C015_T048,regulatory,NFkB,inflammation,1.2526598140762106
D09_S1_C016_T048,regulatory,XBP1,proteostasis,0.9946071353159674
D09_S1_C016_T048,regulatory,ATF4,stress_adaptation,1.098600571191649
D09_S1_C016_T048,regulatory,NFkB,inflammation,1.3225732108921853
D09_S1_C017_T048,regulatory,XBP1,proteostasis,1.2573714819858781
D09_S1_C017_T048,regulatory,ATF4,stress_adaptation,1.3732808332638553
D09_S1_C017_T048,regulatory,NFkB,inflammation,1.4408171668936451
D09_S1_C018_T048,regulatory,XBP1,proteostasis,1.1328644086568669
D09_S1_C018_T048,regulatory,ATF4,stress_adaptation,1.2929380730439624
D09_S1_C018_T048,regulatory,NFkB,inflammation,1.2545063775773952
D09_S1_C019_T048,regulatory,XBP1,proteostasis,1.1622397226806265
D09_S1_C019_T048,regulatory,ATF4,stress_adaptation,1.3272690009327597
D09_S1_C019_T048,regulatory,NFkB,inflammation,1.398007875206282
D09_S1_C020_T048,regulatory,XBP1,proteostasis,1.2528728949926684
D09_S1_C020_T048,regulatory,ATF4,stress_adaptation,1.3829584848155365
D09_S1_C020_T048,regulatory,NFkB,inflammation,1.438792802746701
D09_S1_C021_T048,regulatory,XBP1,proteostasis,1.107198328250719
D09_S1_C021_T048,regulatory,ATF4,stress_adaptation,1.3196789133629674
D09_S1_C021_T048,regulatory,NFkB,inflammation,1.370660440161555
D09_S1_C022_T048,regulatory,XBP1,proteostasis,1.0930980448264582
D09_S1_C022_T048,regulatory,ATF4,stress_adaptation,1.2590675726437959
D09_S1_C022_T048,regulatory,NFkB,inflammation,1.3668941201719063
D09_S1_C023_T048,regulatory,XBP1,proteostasis,0.8945773599113156
D09_S1_C023_T048,regulatory,ATF4,stress_adaptation,1.099437946081575
D09_S1_C023_T048,regulatory,NFkB,inflammation,1.171503947985622
D09_S1_C024_T048,regulatory,XBP1,proteostasis,1.0648050552233947
D09_S1_C024_T048,regulatory,ATF4,stress_adaptation,1.2111942459630303
D09_S1_C024_T048,regulatory,NFkB,inflammation,1.2276403722836549
D09_S1_C025_T048,regulatory,XBP1,proteostasis,1.265529339420668
D09_S1_C025_T048,regulatory,ATF4,stress_adaptation,1.3910198007521286
D09_S1_C025_T048,regulatory,NFkB,inflammation,1.424361490807378
D09_S1_C026_T048,regulatory,XBP1,proteostasis,0.9222616363955565
D09_S1_C026_T048,regulatory,ATF4,stress_adaptation,1.1306479100278386
D09_S1_C026_T048,regulatory,NFkB,inflammation,1.2900177363780005
D09_S1_C027_T048,regulatory,XBP1,proteostasis,0.9433115450004889
D09_S1_C027_T048,regulatory,ATF4,stress_adaptation,1.1367558838485488
D09_S1_C027_T048,regulatory,NFkB,inflammation,1.29949019525022
D09_S1_C028_T048,regulatory,XBP1,proteostasis,1.190244748144555
D09_S1_C028_T048,regulatory,ATF4,stress_adaptation,1.3554663186251426
D09_S1_C028_T048,regulatory,NFkB,inflammation,1.4106101366650496
D09_S1_C029_T048,regulatory,XBP1,proteostasis,1.0233690803236486
D09_S1_C029_T048,regulatory,ATF4,stress_adaptation,1.1462298974889276
D09_S1_C029_T048,regulatory,NFkB,inflammation,1.3355160861456419
D09_S1_C030_T048,regulatory,XBP1,proteostasis,1.0358811553918668
D09_S1_C030_T048,regulatory,ATF4,stress_adaptation,1.2119157973863866
D09_S1_C030_T048,regulatory,NFkB,inflammation,1.34114651992634
D09_S1_C031_T048,regulatory,XBP1,proteostasis,1.1498183239695827
D09_S1_C031_T048,regulatory,ATF4,stress_adaptation,1.3222512550472598
D09_S1_C031_T048,regulatory,NFkB,inflammation,1.3924182457863123
D09_S1_C032_T048,regulatory,XBP1,proteostasis,1.176359586264103
D09_S1_C032_T048,regulatory,ATF4,stress_adaptation,1.3646337310716672
D09_S1_C032_T048,regulatory,NFkB,inflammation,1.4043618138188463
D09_S1_C033_T048,regulatory,XBP1,proteostasis,1.024244382740175
D09_S1_C033_T048,regulatory,ATF4,stress_adaptation,1.204593314176912
D09_S1_C033_T048,regulatory,NFkB,inflammation,1.2916011239346379
D09_S1_C034_T048,regulatory,XBP1,proteostasis,0.996004849046549
D09_S1_C034_T048,regulatory,ATF4,stress_adaptation,1.1876318979175358
D09_S1_C034_T048,regulatory,NFkB,inflammation,1.2776991722302709
D09_S1_C035_T048,regulatory,XBP1,proteostasis,1.1214916477514898
D09_S1_C035_T048,regulatory,ATF4,stress_adaptation,1.2552387759883348
D09_S1_C035_T048,regulatory,NFkB,inflammation,1.3796712414881704
D10_S0_C000_T000,regulatory,XBP1,proteostasis,0.6606018103997027
D10_S0_C000_T000,regulatory,ATF4,stress_adaptation,0.6037721331085962
D10_S0_C000_T000,regulatory,NFkB,inflammation,0.42954514979475333
D10_S0_C001_T000,regulatory,XBP1,proteostasis,0.5977806105166571
D10_S0_C001_T000,regulatory,ATF4,stress_adaptation,0.5107393367414367
D10_S0_C001_T000,regulatory,NFkB,inflammation,0.28304538987482547
D10_S0_C002_T000,regulatory,XBP1,proteostasis,0.44335244174804556
D10_S0_C002_T000,regulatory,ATF4,stress_adaptation,0.41048489885784223
D10_S0_C002_T000,regulatory,NFkB,inflammation,0.3502152696236526
D10_S0_C003_T000,regulatory,XBP1,proteostasis,0.5540505249383815
D10_S0_C003_T000,regulatory,ATF4,stress_adaptation,0.4897806810365104
D10_S0_C003_T000,regulatory,NFkB,inflammation,0.2652422983864741
D10_S0_C004_T000,regulatory,XBP1,proteostasis,0.6825659117920618
D10_S0_C004_T000,regulatory,ATF4,stress_adaptation,0.5692791991520982
D10_S0_C004_T000,regulatory,NFkB,inflammation,0.33280215244317674
D10_S0_C005_T000,regulatory,XBP1,proteostasis,0.7380727668999633
D10_S0_C005_T000,regulatory,ATF4,stress_adaptation,0.6057286892077196
D10_S0_C005_T000,regulatory,NFkB,inflammation,0.3321327451049835
D10_S0_C006_T000,regulatory,XBP1,proteostasis,0.46681244005196076
D10_S0_C006_T000,regulatory,ATF4,stress_adaptation,0.43917496706142745
D10_S0_C006_T000,regulatory,NFkB,inflammation,0.2674534009530753
D10_S0_C007_T000,regulatory,XBP1,proteostasis,0.563573285922258
D10_S0_C007_T000,regulatory,ATF4,stress_adaptation,0.5600517943479597
D10_S0_C007_T000,regulatory,NFkB,inflammation,0.3745879750418888
D10_S0_C008_T000,regulatory,XBP1,proteostasis,0.5547111229355338
D10_S0_C008_T000,regulatory,ATF4,stress_adaptation,0.5266708023673292
D10_S0_C008_T000,regulatory,NFkB,inflammation,0.36965019769610125
D10_S0_C009_T000,regulatory,XBP1,proteostasis,0.6510914974101513
D10_S0_C009_T000,regulatory,ATF4,stress_adaptation,0.603478910210208
D10_S0_C009_T000,regulatory,NFkB,inflammation,0.4109280550687364
D10_S0_C010_T000,regulatory,XBP1,proteostasis,0.5760582575175084
D10_S0_C010_T000,regulatory,ATF4,stress_adaptation,0.5110278510658256
D10_S0_C010_T000,regulatory,NFkB,inflammation,0.26858712540616686
D10_S0_C011_T000,regulatory,XBP1,proteostasis,0.6598939310350388
D10_S0_C011_T000,regulatory,ATF4,stress_adaptation,0.6188940604716016
D10_S0_C011_T000,regulatory,NFkB,inflammation,0.4343905608995721
D10_S0_C012_T000,regulatory,XBP1,proteostasis,0.40263155657706245
D10_S0_C012_T000,regulatory,ATF4,stress_adaptation,0.4003763083329194
D10_S0_C012_T000,regulatory,NFkB,inflammation,0.4451485252470134
D10_S0_C013_T000,regulatory,XBP1,proteostasis,0.5389655473597508
D10_S0_C013_T000,regulatory,ATF4,stress_adaptation,0.49536556080597915
D10_S0_C013_T000,regulatory,NFkB,inflammation,0.2578952561840661
D10_S0_C014_T000,regulatory,XBP1,proteostasis,0.48344414344163245
D10_S0_C014_T000,regulatory,ATF4,stress_adaptation,0.47889285312508
D10_S0_C014_T000,regulatory,NFkB,inflammation,0.31622328788078624
D10_S0_C015_T000,regulatory,XBP1,proteostasis,0.6632864003544019
D10_S0_C015_T000,regulatory,ATF4,stress_adaptation,0.6120904926665076
D10_S0_C015_T000,regulatory,NFkB,inflammation,0.41041022298872637
D10_S0_C016_T000,regulatory,XBP1,proteostasis,0.2970486072542837
D10_S0_C016_T000,regulatory,ATF4,stress_adaptation,0.3400207033825784
D10_S0_C016_T000,regulatory,NFkB,inflammation,0.3842727733133712
D10_S0_C017_T000,regulatory,XBP1,proteostasis,0.4965200291984799
D10_S0_C017_T000,regulatory,ATF4,stress_adaptation,0.4563534776308831
D10_S0_C017_T000,regulatory,NFkB,inflammation,0.23074613963629173
D10_S0_C018_T000,regulatory,XBP1,proteostasis,0.7407222831298075
D10_S0_C018_T000,regulatory,ATF4,stress_adaptation,0.6839579084884752
D10_S0_C018_T000,regulatory,NFkB,inflammation,0.4434541841790943
D10_S0_C019_T000,regulatory,XBP1,proteostasis,0.6332379367877505
D10_S0_C019_T000,regulatory,ATF4,stress_adaptation,0.5435802591997708
D10_S0_C019_T000,regulatory,NFkB,inflammation,0.3000160668565165
D10_S0_C020_T000,regulatory,XBP1,proteostasis,0.523311206677381
D10_S0_C020_T000,regulatory,ATF4,stress_adaptation,0.4697619260206065
D10_S0_C020_T000,regulatory,NFkB,inflammation,0.4048511212449744
D10_S0_C021_T000,regulatory,XBP1,proteostasis,0.8874962694614851
D10_S0_C021_T000,regulatory,ATF4,stress_adaptation,0.764581768239018
D10_S0_C021_T000,regulatory,NFkB,inflammation,0.5434623328794937
D10_S0_C022_T000,regulatory,XBP1,proteostasis,0.8151949531745798
D10_S0_C022_T000,regulatory,ATF4,stress_adaptation,0.6387389082839946
D10_S0_C022_T000,regulatory,NFkB,inflammation,0.5096423676056129
D10_S0_C023_T000,regulatory,XBP1,proteostasis,0.8867475924048752
D10_S0_C023_T000,regulatory,ATF4,stress_adaptation,0.723372155049574
D10_S0_C023_T000,regulatory,NFkB,inflammation,0.6397436258044322
D10_S0_C024_T000,regulatory,XBP1,proteostasis,0.5276730378674876
D10_S0_C024_T000,regulatory,ATF4,stress_adaptation,0.5015549576056584
D10_S0_C024_T000,regulatory,NFkB,inflammation,0.3465526434853386
D10_S0_C025_T000,regulatory,XBP1,proteostasis,0.7868961029948665
D10_S0_C025_T000,regulatory,ATF4,stress_adaptation,0.6467943154631642
D10_S0_C025_T000,regulatory,NFkB,inflammation,0.5524648074904778
D10_S0_C026_T000,regulatory,XBP1,proteostasis,0.5694861687366087
D10_S0_C026_T000,regulatory,ATF4,stress_adaptation,0.5184066692340906
D10_S0_C026_T000,regulatory,NFkB,inflammation,0.260114509338554
D10_S0_C027_T000,regulatory,XBP1,proteostasis,0.6496607434156457
D10_S0_C027_T000,regulatory,ATF4,stress_adaptation,0.5507603085467718
D10_S0_C027_T000,regulatory,NFkB,inflammation,0.3041503843526567
D10_S0_C028_T000,regulatory,XBP1,proteostasis,0.6350433882228785
D10_S0_C028_T000,regulatory,ATF4,stress_adaptation,0.6068890895009514
D10_S0_C028_T000,regulatory,NFkB,inflammation,0.39499830915561857
D10_S0_C029_T000,regulatory,XBP1,proteostasis,0.4299169746001383
D10_S0_C029_T000,regulatory,ATF4,stress_adaptation,0.43221686380936863
D10_S0_C029_T000,regulatory,NFkB,inflammation,0.47048458678240546
D10_S0_C030_T000,regulatory,XBP1,proteostasis,0.3895610807605469
D10_S0_C030_T000,regulatory,ATF4,stress_adaptation,0.3553396938853802
D10_S0_C030_T000,regulatory,NFkB,inflammation,0.1906291144307913
D10_S0_C031_T000,regulatory,XBP1,proteostasis,0.6791101380178847
D10_S0_C031_T000,regulatory,ATF4,stress_adaptation,0.5797325237002287
D10_S0_C031_T000,regulatory,NFkB,inflammation,0.32020464768797513
D10_S0_C032_T000,regulatory,XBP1,proteostasis,0.611804139072951
D10_S0_C032_T000,regulatory,ATF4,stress_adaptation,0.5159117923281217
D10_S0_C032_T000,regulatory,NFkB,inflammation,0.2753118625828279
D10_S0_C033_T000,regulatory,XBP1,proteostasis,0.8498121410596494
D10_S0_C033_T000,regulatory,ATF4,stress_adaptation,0.736070939882302
D10_S0_C033_T000,regulatory,NFkB,inflammation,0.49156785825204746
D10_S0_C034_T000,regulatory,XBP1,proteostasis,0.6306774107608736
D10_S0_C034_T000,regulatory,ATF4,stress_adaptation,0.5758371230762487
D10_S0_C034_T000,regulatory,NFkB,inflammation,0.4237632848110039
D10_S0_C035_T000,regulatory,XBP1,proteostasis,0.5657491714388356
D10_S0_C035_T000,regulatory,ATF4,stress_adaptation,0.49531180895753774
D10_S0_C035_T000,regulatory,NFkB,inflammation,0.2758597610237853
D10_S0_C000_T012,regulatory,XBP1,proteostasis,0.8187658819958483
D10_S0_C000_T012,regulatory,ATF4,stress_adaptation,0.8075792704379587
D10_S0_C000_T012,regulatory,NFkB,inflammation,0.5601722001800101
D10_S0_C001_T012,regulatory,XBP1,proteostasis,0.7064427369583117
D10_S0_C001_T012,regulatory,ATF4,stress_adaptation,0.6828942549178016
D10_S0_C001_T012,regulatory,NFkB,inflammation,0.3946293595234561
D10_S0_C002_T012,regulatory,XBP1,proteostasis,0.5746470620236206
D10_S0_C002_T012,regulatory,ATF4,stress_adaptation,0.591346324356004
D10_S0_C002_T012,regulatory,NFkB,inflammation,0.4776784949305197
D10_S0_C003_T012,regulatory,XBP1,proteostasis,0.7593820678927694
D10_S0_C003_T012,regulatory,ATF4,stress_adaptation,0.7009368365051482
D10_S0_C003_T012,regulatory,NFkB,inflammation,0.36551478655151115
D10_S0_C004_T012,regulatory,XBP1,proteostasis,0.8051720687586487
D10_S0_C004_T012,regulatory,ATF4,stress_adaptation,0.7459978481158831
D10_S0_C004_T012,regulatory,NFkB,inflammation,0.46070915744901886
D10_S0_C005_T012,regulatory,XBP1,proteostasis,0.7964751285534881
D10_S0_C005_T012,regulatory,ATF4,stress_adaptation,0.7362440834529204
D10_S0_C005_T012,regulatory,NFkB,inflammation,0.389774047375242
D10_S0_C006_T012,regulatory,XBP1,proteostasis,0.6069896937038468
D10_S0_C006_T012,regulatory,ATF4,stress_adaptation,0.6359962664735332
D10_S0_C006_T012,regulatory,NFkB,inflammation,0.363830161228518
D10_S0_C007_T012,regulatory,XBP1,proteostasis,0.6919712468815779
D10_S0_C007_T012,regulatory,ATF4,stress_adaptation,0.7105644381293339
D10_S0_C007_T012,regulatory,NFkB,inflammation,0.5206808240531969
D10_S0_C008_T012,regulatory,XBP1,proteostasis,0.6099679945224621
D10_S0_C008_T012,regulatory,ATF4,stress_adaptation,0.6104319907964882
D10_S0_C008_T012,regulatory,NFkB,inflammation,0.42572436483310216
D10_S0_C009_T012,regulatory,XBP1,proteostasis,0.6855945597613842
D10_S0_C009_T012,regulatory,ATF4,stress_adaptation,0.695489199940335
D10_S0_C009_T012,regulatory,NFkB,inflammation,0.5451206639319103
D10_S0_C010_T012,regulatory,XBP1,proteostasis,0.683663556387471
D10_S0_C010_T012,regulatory,ATF4,stress_adaptation,0.6676619083964321
D10_S0_C010_T012,regulatory,NFkB,inflammation,0.4388104559034348
D10_S0_C011_T012,regulatory,XBP1,proteostasis,0.7783507196740277
D10_S0_C011_T012,regulatory,ATF4,stress_adaptation,0.7789928002532366
D10_S0_C011_T012,regulatory,NFkB,inflammation,0.534485213699141
D10_S0_C012_T012,regulatory,XBP1,proteostasis,0.5243221247431924
D10_S0_C012_T012,regulatory,ATF4,stress_adaptation,0.5558243522010513
D10_S0_C012_T012,regulatory,NFkB,inflammation,0.5397243109359707
D10_S0_C013_T012,regulatory,XBP1,proteostasis,0.6480373122008514
D10_S0_C013_T012,regulatory,ATF4,stress_adaptation,0.6644642446877356
D10_S0_C013_T012,regulatory,NFkB,inflammation,0.3187052190118154
D10_S0_C014_T012,regulatory,XBP1,proteostasis,0.6301846260436349
D10_S0_C014_T012,regulatory,ATF4,stress_adaptation,0.6627652786452484
D10_S0_C014_T012,regulatory,NFkB,inflammation,0.4671503991761543
D10_S0_C015_T012,regulatory,XBP1,proteostasis,0.872750449030619
D10_S0_C015_T012,regulatory,ATF4,stress_adaptation,0.8322611153557831
D10_S0_C015_T012,regulatory,NFkB,inflammation,0.5399766018466514
D10_S0_C016_T012,regulatory,XBP1,proteostasis,0.41416966061212945
D10_S0_C016_T012,regulatory,ATF4,stress_adaptation,0.5024716798891928
D10_S0_C016_T012,regulatory,NFkB,inflammation,0.44869324484502865
D10_S0_C017_T012,regulatory,XBP1,proteostasis,0.6456957454100873
D10_S0_C017_T012,regulatory,ATF4,stress_adaptation,0.6328686005430799
D10_S0_C017_T012,regulatory,NFkB,inflammation,0.30820075309944306
D10_S0_C018_T012,regulatory,XBP1,proteostasis,0.8895992616076761
D10_S0_C018_T012,regulatory,ATF4,stress_adaptation,0.8906621675986747
D10_S0_C018_T012,regulatory,NFkB,inflammation,0.5641288497365645
D10_S0_C019_T012,regulatory,XBP1,proteostasis,0.6657676007264354
D10_S0_C019_T012,regulatory,ATF4,stress_adaptation,0.6476121582571758
D10_S0_C019_T012,regulatory,NFkB,inflammation,0.46883028516212255
D10_S0_C020_T012,regulatory,XBP1,proteostasis,0.6430447410297612
D10_S0_C020_T012,regulatory,ATF4,stress_adaptation,0.6514712082918253
D10_S0_C020_T012,regulatory,NFkB,inflammation,0.529454499001426
D10_S0_C021_T012,regulatory,XBP1,proteostasis,0.9739530655054612
D10_S0_C021_T012,regulatory,ATF4,stress_adaptation,0.911846506335706
D10_S0_C021_T012,regulatory,NFkB,inflammation,0.6957033928141967
D10_S0_C022_T012,regulatory,XBP1,proteostasis,0.9712360823311098
D10_S0_C022_T012,regulatory,ATF4,stress_adaptation,0.8327723571182519
D10_S0_C022_T012,regulatory,NFkB,inflammation,0.6474310423207639
D10_S0_C023_T012,regulatory,XBP1,proteostasis,1.0299136697652749
D10_S0_C023_T012,regulatory,ATF4,stress_adaptation,0.908234637498444
D10_S0_C023_T012,regulatory,NFkB,inflammation,0.7209928494002793
D10_S0_C024_T012,regulatory,XBP1,proteostasis,0.565532857872772
D10_S0_C024_T012,regulatory,ATF4,stress_adaptation,0.5860398409236333
D10_S0_C024_T012,regulatory,NFkB,inflammation,0.46397364303926547
D10_S0_C025_T012,regulatory,XBP1,proteostasis,0.9585557973383864
D10_S0_C025_T012,regulatory,ATF4,stress_adaptation,0.8666849788034551
D10_S0_C025_T012,regulatory,NFkB,inflammation,0.6706425573737753
D10_S0_C026_T012,regulatory,XBP1,proteostasis,0.7197723675248464
D10_S0_C026_T012,regulatory,ATF4,stress_adaptation,0.7090814900793393
D10_S0_C026_T012,regulatory,NFkB,inflammation,0.35978341430305527
D10_S0_C027_T012,regulatory,XBP1,proteostasis,0.7942866837765021
D10_S0_C027_T012,regulatory,ATF4,stress_adaptation,0.7437694357091692
D10_S0_C027_T012,regulatory,NFkB,inflammation,0.4811771419647189
D10_S0_C028_T012,regulatory,XBP1,proteostasis,0.7644184334553082
D10_S0_C028_T012,regulatory,ATF4,stress_adaptation,0.7681520498141606
D10_S0_C028_T012,regulatory,NFkB,inflammation,0.5241858975620082
D10_S0_C029_T012,regulatory,XBP1,proteostasis,0.5202650686514679
D10_S0_C029_T012,regulatory,ATF4,stress_adaptation,0.5907086430410748
D10_S0_C029_T012,regulatory,NFkB,inflammation,0.5439569825802344
D10_S0_C030_T012,regulatory,XBP1,proteostasis,0.4888983395295247
D10_S0_C030_T012,regulatory,ATF4,stress_adaptation,0.5083822326834242
D10_S0_C030_T012,regulatory,NFkB,inflammation,0.3085088284037667
D10_S0_C031_T012,regulatory,XBP1,proteostasis,0.8460180772487688
D10_S0_C031_T012,regulatory,ATF4,stress_adaptation,0.7805940307554133
D10_S0_C031_T012,regulatory,NFkB,inflammation,0.4231399160283581
D10_S0_C032_T012,regulatory,XBP1,proteostasis,0.7584962830950039
D10_S0_C032_T012,regulatory,ATF4,stress_adaptation,0.702387288247172
D10_S0_C032_T012,regulatory,NFkB,inflammation,0.4285880541806921
D10_S0_C033_T012,regulatory,XBP1,proteostasis,0.9744441939388813
D10_S0_C033_T012,regulatory,ATF4,stress_adaptation,0.9133283769314606
D10_S0_C033_T012,regulatory,NFkB,inflammation,0.5840376071793384
D10_S0_C034_T012,regulatory,XBP1,proteostasis,0.788890774683676
D10_S0_C034_T012,regulatory,ATF4,stress_adaptation,0.7447027525648965
D10_S0_C034_T012,regulatory,NFkB,inflammation,0.6007358357830523
D10_S0_C035_T012,regulatory,XBP1,proteostasis,0.6971291515145583
D10_S0_C035_T012,regulatory,ATF4,stress_adaptation,0.6759278470942873
D10_S0_C035_T012,regulatory,NFkB,inflammation,0.4094293475434827
D10_S0_C000_T024,regulatory,XBP1,proteostasis,0.9303206643864348
D10_S0_C000_T024,regulatory,ATF4,stress_adaptation,1.0040291700350414
D10_S0_C000_T024,regulatory,NFkB,inflammation,0.7301481628980417
D10_S0_C001_T024,regulatory,XBP1,proteostasis,0.8637302982309765
D10_S0_C001_T024,regulatory,ATF4,stress_adaptation,0.9080026897814908
D10_S0_C001_T024,regulatory,NFkB,inflammation,0.5394400851574948
D10_S0_C002_T024,regulatory,XBP1,proteostasis,0.7454695547477731
D10_S0_C002_T024,regulatory,ATF4,stress_adaptation,0.8081222198449781
D10_S0_C002_T024,regulatory,NFkB,inflammation,0.6592967163833048
D10_S0_C003_T024,regulatory,XBP1,proteostasis,0.8598043495532414
D10_S0_C003_T024,regulatory,ATF4,stress_adaptation,0.87453262226407
D10_S0_C003_T024,regulatory,NFkB,inflammation,0.47514946126428814
D10_S0_C004_T024,regulatory,XBP1,proteostasis,1.0256304658093156
D10_S0_C004_T024,regulatory,ATF4,stress_adaptation,1.0110738350201536
D10_S0_C004_T024,regulatory,NFkB,inflammation,0.6901342861728927
D10_S0_C005_T024,regulatory,XBP1,proteostasis,0.9753766643003906
D10_S0_C005_T024,regulatory,ATF4,stress_adaptation,0.9593750309061364
D10_S0_C005_T024,regulatory,NFkB,inflammation,0.47988111732968314
D10_S0_C006_T024,regulatory,XBP1,proteostasis,0.8186924333090337
D10_S0_C006_T024,regulatory,ATF4,stress_adaptation,0.8954099714428199
D10_S0_C006_T024,regulatory,NFkB,inflammation,0.517182226161383
D10_S0_C007_T024,regulatory,XBP1,proteostasis,0.8065448991888853
D10_S0_C007_T024,regulatory,ATF4,stress_adaptation,0.8972917472561315
D10_S0_C007_T024,regulatory,NFkB,inflammation,0.7138868174391174
D10_S0_C008_T024,regulatory,XBP1,proteostasis,0.783934984014933
D10_S0_C008_T024,regulatory,ATF4,stress_adaptation,0.8197840677874327
D10_S0_C008_T024,regulatory,NFkB,inflammation,0.6041139634509909
D10_S0_C009_T024,regulatory,XBP1,proteostasis,0.9057450957012937
D10_S0_C009_T024,regulatory,ATF4,stress_adaptation,0.9653061295406788
D10_S0_C009_T024,regulatory,NFkB,inflammation,0.8070715933635726
D10_S0_C010_T024,regulatory,XBP1,proteostasis,0.8517015288620196
D10_S0_C010_T024,regulatory,ATF4,stress_adaptation,0.8953161657187119
D10_S0_C010_T024,regulatory,NFkB,inflammation,0.6672198641514313
D10_S0_C011_T024,regulatory,XBP1,proteostasis,0.9301210465655616
D10_S0_C011_T024,regulatory,ATF4,stress_adaptation,1.0127475698159216
D10_S0_C011_T024,regulatory,NFkB,inflammation,0.6802222673273594
D10_S0_C012_T024,regulatory,XBP1,proteostasis,0.6604861519144427
D10_S0_C012_T024,regulatory,ATF4,stress_adaptation,0.7421054699664484
D10_S0_C012_T024,regulatory,NFkB,inflammation,0.7361529458125358
D10_S0_C013_T024,regulatory,XBP1,proteostasis,0.7831408266791274
D10_S0_C013_T024,regulatory,ATF4,stress_adaptation,0.8831676301781342
D10_S0_C013_T024,regulatory,NFkB,inflammation,0.42462194381052293
D10_S0_C014_T024,regulatory,XBP1,proteostasis,0.7320228127348292
D10_S0_C014_T024,regulatory,ATF4,stress_adaptation,0.8561555271320929
D10_S0_C014_T024,regulatory,NFkB,inflammation,0.6472349988584605
D10_S0_C015_T024,regulatory,XBP1,proteostasis,0.9843554641969205
D10_S0_C015_T024,regulatory,ATF4,stress_adaptation,1.0185730987858235
D10_S0_C015_T024,regulatory,NFkB,inflammation,0.721874298836447
D10_S0_C016_T024,regulatory,XBP1,proteostasis,0.5916471116641796
D10_S0_C016_T024,regulatory,ATF4,stress_adaptation,0.7251052149266686
D10_S0_C016_T024,regulatory,NFkB,inflammation,0.6342207591497622
D10_S0_C017_T024,regulatory,XBP1,proteostasis,0.8490046184048274
D10_S0_C017_T024,regulatory,ATF4,stress_adaptation,0.8781455540843206
D10_S0_C017_T024,regulatory,NFkB,inflammation,0.45580434587597274
D10_S0_C018_T024,regulatory,XBP1,proteostasis,1.0209916124630027
D10_S0_C018_T024,regulatory,ATF4,stress_adaptation,1.103131366683829
D10_S0_C018_T024,regulatory,NFkB,inflammation,0.7462309419221256
D10_S0_C019_T024,regulatory,XBP1,proteostasis,0.8408708479555517
D10_S0_C019_T024,regulatory,ATF4,stress_adaptation,0.8756098654947246
D10_S0_C019_T024,regulatory,NFkB,inflammation,0.6657054242289818
D10_S0_C020_T024,regulatory,XBP1,proteostasis,0.8773083395199417
D10_S0_C020_T024,regulatory,ATF4,stress_adaptation,0.925021168156144
D10_S0_C020_T024,regulatory,NFkB,inflammation,0.780628865680538
D10_S0_C021_T024,regulatory,XBP1,proteostasis,1.1278952264091446
D10_S0_C021_T024,regulatory,ATF4,stress_adaptation,1.1430712524938502
D10_S0_C021_T024,regulatory,NFkB,inflammation,0.9219209727286992
D10_S0_C022_T024,regulatory,XBP1,proteostasis,1.0974828542070638
D10_S0_C022_T024,regulatory,ATF4,stress_adaptation,1.0231167783592034
D10_S0_C022_T024,regulatory,NFkB,inflammation,0.8304771059152936
D10_S0_C023_T024,regulatory,XBP1,proteostasis,1.2009724768009893
D10_S0_C023_T024,regulatory,ATF4,stress_adaptation,1.1519084282899221
D10_S0_C023_T024,regulatory,NFkB,inflammation,0.8444546407751192
D10_S0_C024_T024,regulatory,XBP1,proteostasis,0.7330714980323646
D10_S0_C024_T024,regulatory,ATF4,stress_adaptation,0.7991129735424285
D10_S0_C024_T024,regulatory,NFkB,inflammation,0.6910186310955337
D10_S0_C025_T024,regulatory,XBP1,proteostasis,1.127958278735843
D10_S0_C025_T024,regulatory,ATF4,stress_adaptation,1.1071268808047647
D10_S0_C025_T024,regulatory,NFkB,inflammation,0.8731105416871199
D10_S0_C026_T024,regulatory,XBP1,proteostasis,0.8505593264510842
D10_S0_C026_T024,regulatory,ATF4,stress_adaptation,0.9058533795456831
D10_S0_C026_T024,regulatory,NFkB,inflammation,0.48121960041476125
D10_S0_C027_T024,regulatory,XBP1,proteostasis,0.9894508179634401
D10_S0_C027_T024,regulatory,ATF4,stress_adaptation,1.016933417846499
D10_S0_C027_T024,regulatory,NFkB,inflammation,0.7435742398078565
D10_S0_C028_T024,regulatory,XBP1,proteostasis,0.911555516921677
D10_S0_C028_T024,regulatory,ATF4,stress_adaptation,0.9957451846732952
D10_S0_C028_T024,regulatory,NFkB,inflammation,0.7418373258406274
D10_S0_C029_T024,regulatory,XBP1,proteostasis,0.7409954668670115
D10_S0_C029_T024,regulatory,ATF4,stress_adaptation,0.8501231945169349
D10_S0_C029_T024,regulatory,NFkB,inflammation,0.7570369521053946
D10_S0_C030_T024,regulatory,XBP1,proteostasis,0.6975791123128269
D10_S0_C030_T024,regulatory,ATF4,stress_adaptation,0.7434659814960038
D10_S0_C030_T024,regulatory,NFkB,inflammation,0.5397906295082187
D10_S0_C031_T024,regulatory,XBP1,proteostasis,1.020621454184362
D10_S0_C031_T024,regulatory,ATF4,stress_adaptation,1.017791178359074
D10_S0_C031_T024,regulatory,NFkB,inflammation,0.5922295616059278
D10_S0_C032_T024,regulatory,XBP1,proteostasis,0.9290068919457702
D10_S0_C032_T024,regulatory,ATF4,stress_adaptation,0.9249864016083753
D10_S0_C032_T024,regulatory,NFkB,inflammation,0.6374263312493389
D10_S0_C033_T024,regulatory,XBP1,proteostasis,1.1071261786218296
D10_S0_C033_T024,regulatory,ATF4,stress_adaptation,1.1338523989219031
D10_S0_C033_T024,regulatory,NFkB,inflammation,0.7705217517045413
D10_S0_C034_T024,regulatory,XBP1,proteostasis,0.8620931021608476
D10_S0_C034_T024,regulatory,ATF4,stress_adaptation,0.8939737853269938
D10_S0_C034_T024,regulatory,NFkB,inflammation,0.777411311951618
D10_S0_C035_T024,regulatory,XBP1,proteostasis,0.817355252698928
D10_S0_C035_T024,regulatory,ATF4,stress_adaptation,0.8837164657448878
D10_S0_C035_T024,regulatory,NFkB,inflammation,0.6087638344940721
D10_S0_C000_T048,regulatory,XBP1,proteostasis,1.1313525230779464
D10_S0_C000_T048,regulatory,ATF4,stress_adaptation,1.3353791400006654
D10_S0_C000_T048,regulatory,NFkB,inflammation,1.303752751316444
D10_S0_C001_T048,regulatory,XBP1,proteostasis,1.198369586822629
D10_S0_C001_T048,regulatory,ATF4,stress_adaptation,1.3789402314347088
D10_S0_C001_T048,regulatory,NFkB,inflammation,1.003280953669277
D10_S0_C002_T048,regulatory,XBP1,proteostasis,1.0627060545604345
D10_S0_C002_T048,regulatory,ATF4,stress_adaptation,1.2907589354642826
D10_S0_C002_T048,regulatory,NFkB,inflammation,1.2908159483550734
D10_S0_C003_T048,regulatory,XBP1,proteostasis,1.2018855080259367
D10_S0_C003_T048,regulatory,ATF4,stress_adaptation,1.3812255802168592
D10_S0_C003_T048,regulatory,NFkB,inflammation,0.8372307924336125
D10_S0_C004_T048,regulatory,XBP1,proteostasis,1.3220043500402252
D10_S0_C004_T048,regulatory,ATF4,stress_adaptation,1.4593028275261464
D10_S0_C004_T048,regulatory,NFkB,inflammation,1.271587615079022
D10_S0_C005_T048,regulatory,XBP1,proteostasis,1.2955707483051417
D10_S0_C005_T048,regulatory,ATF4,stress_adaptation,1.4421209863983422
D10_S0_C005_T048,regulatory,NFkB,inflammation,0.8345368452317323
D10_S0_C006_T048,regulatory,XBP1,proteostasis,1.092883493786319
D10_S0_C006_T048,regulatory,ATF4,stress_adaptation,1.3103742709611075
D10_S0_C006_T048,regulatory,NFkB,inflammation,0.9770904105999714
D10_S0_C007_T048,regulatory,XBP1,proteostasis,1.0707039073372036
D10_S0_C007_T048,regulatory,ATF4,stress_adaptation,1.2959575397691823
D10_S0_C007_T048,regulatory,NFkB,inflammation,1.3291047292036722
D10_S0_C008_T048,regulatory,XBP1,proteostasis,1.0848878661235235
D10_S0_C008_T048,regulatory,ATF4,stress_adaptation,1.2853167866082884
D10_S0_C008_T048,regulatory,NFkB,inflammation,1.1500522923929468
D10_S0_C009_T048,regulatory,XBP1,proteostasis,1.1385686719715133
D10_S0_C009_T048,regulatory,ATF4,stress_adaptation,1.3400696367814837
D10_S0_C009_T048,regulatory,NFkB,inflammation,1.3873559023871809
D10_S0_C010_T048,regulatory,XBP1,proteostasis,1.1651785841894617
D10_S0_C010_T048,regulatory,ATF4,stress_adaptation,1.3573660797231502
D10_S0_C010_T048,regulatory,NFkB,inflammation,1.3263331954734432
D10_S0_C011_T048,regulatory,XBP1,proteostasis,1.185532261833076
D10_S0_C011_T048,regulatory,ATF4,stress_adaptation,1.3705959701914994
D10_S0_C011_T048,regulatory,NFkB,inflammation,1.2576292561654578
D10_S0_C012_T048,regulatory,XBP1,proteostasis,0.9617753302153874
D10_S0_C012_T048,regulatory,ATF4,stress_adaptation,1.2193504757290656
D10_S0_C012_T048,regulatory,NFkB,inflammation,1.3077988985969244
D10_S0_C013_T048,regulatory,XBP1,proteostasis,1.0606286259883475
D10_S0_C013_T048,regulatory,ATF4,stress_adaptation,1.289408606892426
D10_S0_C013_T048,regulatory,NFkB,inflammation,0.8560713592305105
D10_S0_C014_T048,regulatory,XBP1,proteostasis,1.0309310201472506
D10_S0_C014_T048,regulatory,ATF4,stress_adaptation,1.270105163095713
D10_S0_C014_T048,regulatory,NFkB,inflammation,1.3195071929283906
D10_S0_C015_T048,regulatory,XBP1,proteostasis,1.2303555900372174
D10_S0_C015_T048,regulatory,ATF4,stress_adaptation,1.3997311335241913
D10_S0_C015_T048,regulatory,NFkB,inflammation,1.3487122202855044
D10_S0_C016_T048,regulatory,XBP1,proteostasis,0.8527937865437563
D10_S0_C016_T048,regulatory,ATF4,stress_adaptation,1.1543159612534417
D10_S0_C016_T048,regulatory,NFkB,inflammation,1.17379999779429
D10_S0_C017_T048,regulatory,XBP1,proteostasis,1.0896339165148485
D10_S0_C017_T048,regulatory,ATF4,stress_adaptation,1.3082620457346517
D10_S0_C017_T048,regulatory,NFkB,inflammation,0.827941930250315
D10_S0_C018_T048,regulatory,XBP1,proteostasis,1.2105712130494068
D10_S0_C018_T048,regulatory,ATF4,stress_adaptation,1.3868712884821146
D10_S0_C018_T048,regulatory,NFkB,inflammation,1.372765824351072
D10_S0_C019_T048,regulatory,XBP1,proteostasis,1.1208461821007263
D10_S0_C019_T048,regulatory,ATF4,stress_adaptation,1.3285500183654722
D10_S0_C019_T048,regulatory,NFkB,inflammation,1.281160187257984
D10_S0_C020_T048,regulatory,XBP1,proteostasis,1.0841540963763578
D10_S0_C020_T048,regulatory,ATF4,stress_adaptation,1.3047001626446328
D10_S0_C020_T048,regulatory,NFkB,inflammation,1.362869343369361
D10_S0_C021_T048,regulatory,XBP1,proteostasis,1.3787380308028443
D10_S0_C021_T048,regulatory,ATF4,stress_adaptation,1.496179720021849
D10_S0_C021_T048,regulatory,NFkB,inflammation,1.49543211386128
D10_S0_C022_T048,regulatory,XBP1,proteostasis,1.3825008781441281
D10_S0_C022_T048,regulatory,ATF4,stress_adaptation,1.4896441068766801
D10_S0_C022_T048,regulatory,NFkB,inflammation,1.4953276931584045
D10_S0_C023_T048,regulatory,XBP1,proteostasis,1.4492934701484723
D10_S0_C023_T048,regulatory,ATF4,stress_adaptation,1.5420407555965072
D10_S0_C023_T048,regulatory,NFkB,inflammation,1.3036368172929844
D10_S0_C024_T048,regulatory,XBP1,proteostasis,1.0287585157636403
D10_S0_C024_T048,regulatory,ATF4,stress_adaptation,1.2656490709641826
D10_S0_C024_T048,regulatory,NFkB,inflammation,1.3379413320936382
D10_S0_C025_T048,regulatory,XBP1,proteostasis,1.37333593504552
D10_S0_C025_T048,regulatory,ATF4,stress_adaptation,1.4926683577795883
D10_S0_C025_T048,regulatory,NFkB,inflammation,1.4332408319550445
D10_S0_C026_T048,regulatory,XBP1,proteostasis,1.1106279089269682
D10_S0_C026_T048,regulatory,ATF4,stress_adaptation,1.3219081408025293
D10_S0_C026_T048,regulatory,NFkB,inflammation,0.9737065492408783
D10_S0_C027_T048,regulatory,XBP1,proteostasis,1.201247401262618
D10_S0_C027_T048,regulatory,ATF4,stress_adaptation,1.3808108108207018
D10_S0_C027_T048,regulatory,NFkB,inflammation,1.3457283676006075
D10_S0_C028_T048,regulatory,XBP1,proteostasis,1.1114650059285212
D10_S0_C028_T048,regulatory,ATF4,stress_adaptation,1.3224522538535388
D10_S0_C028_T048,regulatory,NFkB,inflammation,1.3353948550617403
D10_S0_C029_T048,regulatory,XBP1,proteostasis,0.9949913263759627
D10_S0_C029_T048,regulatory,ATF4,stress_adaptation,1.246744362144376
D10_S0_C029_T048,regulatory,NFkB,inflammation,1.3227460968691833
D10_S0_C030_T048,regulatory,XBP1,proteostasis,0.9639196406041166
D10_S0_C030_T048,regulatory,ATF4,stress_adaptation,1.1716975085500967
D10_S0_C030_T048,regulatory,NFkB,inflammation,1.073054597494965
D10_S0_C031_T048,regulatory,XBP1,proteostasis,1.294405395576896
D10_S0_C031_T048,regulatory,ATF4,stress_adaptation,1.4413635071249824
D10_S0_C031_T048,regulatory,NFkB,inflammation,0.97216977814088
D10_S0_C032_T048,regulatory,XBP1,proteostasis,1.2379905022518731
D10_S0_C032_T048,regulatory,ATF4,stress_adaptation,1.4046938264637177
D10_S0_C032_T048,regulatory,NFkB,inflammation,1.2668597268558695
D10_S0_C033_T048,regulatory,XBP1,proteostasis,1.362526642923187
D10_S0_C033_T048,regulatory,ATF4,stress_adaptation,1.4856423179000717
D10_S0_C033_T048,regulatory,NFkB,inflammation,1.376098836563291
D10_S0_C034_T048,regulatory,XBP1,proteostasis,1.1903808582134587
D10_S0_C034_T048,regulatory,ATF4,stress_adaptation,1.3737475578387484
D10_S0_C034_T048,regulatory,NFkB,inflammation,1.4106713861960565
D10_S0_C035_T048,regulatory,XBP1,proteostasis,1.081089795351967
D10_S0_C035_T048,regulatory,ATF4,stress_adaptation,1.3027083669787785
D10_S0_C035_T048,regulatory,NFkB,inflammation,1.2999455758138192
D10_S1_C000_T000,regulatory,XBP1,proteostasis,0.5550379463609707
D10_S1_C000_T000,regulatory,ATF4,stress_adaptation,0.488115570161585
D10_S1_C000_T000,regulatory,NFkB,inflammation,0.3936441490690019
D10_S1_C001_T000,regulatory,XBP1,proteostasis,0.4217273866409653
D10_S1_C001_T000,regulatory,ATF4,stress_adaptation,0.415171078677093
D10_S1_C001_T000,regulatory,NFkB,inflammation,0.43374901445193614
D10_S1_C002_T000,regulatory,XBP1,proteostasis,0.6526037590899729
D10_S1_C002_T000,regulatory,ATF4,stress_adaptation,0.5511047349137883
D10_S1_C002_T000,regulatory,NFkB,inflammation,0.3186516329162895
D10_S1_C003_T000,regulatory,XBP1,proteostasis,0.7890789531388069
D10_S1_C003_T000,regulatory,ATF4,stress_adaptation,0.6523611018079882
D10_S1_C003_T000,regulatory,NFkB,inflammation,0.6168231933176076
D10_S1_C004_T000,regulatory,XBP1,proteostasis,0.3368397919594153
D10_S1_C004_T000,regulatory,ATF4,stress_adaptation,0.34709171916282217
D10_S1_C004_T000,regulatory,NFkB,inflammation,0.1958793967312058
D10_S1_C005_T000,regulatory,XBP1,proteostasis,0.5893228347034515
D10_S1_C005_T000,regulatory,ATF4,stress_adaptation,0.5571448373071269
D10_S1_C005_T000,regulatory,NFkB,inflammation,0.395458076562223
D10_S1_C006_T000,regulatory,XBP1,proteostasis,0.6425001748172212
D10_S1_C006_T000,regulatory,ATF4,stress_adaptation,0.5549004183876262
D10_S1_C006_T000,regulatory,NFkB,inflammation,0.29031394847109515
D10_S1_C007_T000,regulatory,XBP1,proteostasis,0.6561192613749688
D10_S1_C007_T000,regulatory,ATF4,stress_adaptation,0.6065771399107783
D10_S1_C007_T000,regulatory,NFkB,inflammation,0.3920470257160697
D10_S1_C008_T000,regulatory,XBP1,proteostasis,0.9075479807488185
D10_S1_C008_T000,regulatory,ATF4,stress_adaptation,0.7149224142361142
D10_S1_C008_T000,regulatory,NFkB,inflammation,0.4083965913369683
D10_S1_C009_T000,regulatory,XBP1,proteostasis,0.7835138154444377
D10_S1_C009_T000,regulatory,ATF4,stress_adaptation,0.6298747569153251
D10_S1_C009_T000,regulatory,NFkB,inflammation,0.5155098389745196
D10_S1_C010_T000,regulatory,XBP1,proteostasis,0.6219442634125669
D10_S1_C010_T000,regulatory,ATF4,stress_adaptation,0.5895633742791653
D10_S1_C010_T000,regulatory,NFkB,inflammation,0.401057552291121
D10_S1_C011_T000,regulatory,XBP1,proteostasis,0.7024697149248449
D10_S1_C011_T000,regulatory,ATF4,stress_adaptation,0.6343671723521468
D10_S1_C011_T000,regulatory,NFkB,inflammation,0.4379111753984349
D10_S1_C012_T000,regulatory,XBP1,proteostasis,0.5926454193796137
D10_S1_C012_T000,regulatory,ATF4,stress_adaptation,0.5311748946758785
D10_S1_C012_T000,regulatory,NFkB,inflammation,0.40217024612650987
D10_S1_C013_T000,regulatory,XBP1,proteostasis,0.43157199370402266
D10_S1_C013_T000,regulatory,ATF4,stress_adaptation,0.424188054052683
D10_S1_C013_T000,regulatory,NFkB,inflammation,0.36413075443760445
D10_S1_C014_T000,regulatory,XBP1,proteostasis,0.41697704415334697
D10_S1_C014_T000,regulatory,ATF4,stress_adaptation,0.399212349741373
D10_S1_C014_T000,regulatory,NFkB,inflammation,0.35843594037349524
D10_S1_C015_T000,regulatory,XBP1,proteostasis,0.661351840003319
D10_S1_C015_T000,regulatory,ATF4,stress_adaptation,0.5736992129385101
D10_S1_C015_T000,regulatory,NFkB,inflammation,0.5254405584273887
D10_S1_C016_T000,regulatory,XBP1,proteostasis,0.5556954593515518
D10_S1_C016_T000,regulatory,ATF4,stress_adaptation,0.4930111722813928
D10_S1_C016_T000,regulatory,NFkB,inflammation,0.2852341684815729
D10_S1_C017_T000,regulatory,XBP1,proteostasis,0.822688658994845
D10_S1_C017_T000,regulatory,ATF4,stress_adaptation,0.6535271762878896
D10_S1_C017_T000,regulatory,NFkB,inflammation,0.5379355652800959
D10_S1_C018_T000,regulatory,XBP1,proteostasis,0.9956920073480999
D10_S1_C018_T000,regulatory,ATF4,stress_adaptation,0.7552189917937316
D10_S1_C018_T000,regulatory,NFkB,inflammation,0.6068511820773247
D10_S1_C019_T000,regulatory,XBP1,proteostasis,0.7493361003671166
D10_S1_C019_T000,regulatory,ATF4,stress_adaptation,0.6700010613311103
D10_S1_C019_T000,regulatory,NFkB,inflammation,0.4550166751561002
D10_S1_C020_T000,regulatory,XBP1,proteostasis,0.8716568272646026
D10_S1_C020_T000,regulatory,ATF4,stress_adaptation,0.7314901855439857
D10_S1_C020_T000,regulatory,NFkB,inflammation,0.5249920861873547
D10_S1_C021_T000,regulatory,XBP1,proteostasis,0.6728452542876534
D10_S1_C021_T000,regulatory,ATF4,stress_adaptation,0.6128130321306822
D10_S1_C021_T000,regulatory,NFkB,inflammation,0.4105353992501588
D10_S1_C022_T000,regulatory,XBP1,proteostasis,0.4280332652954273
D10_S1_C022_T000,regulatory,ATF4,stress_adaptation,0.41316712449148557
D10_S1_C022_T000,regulatory,NFkB,inflammation,0.19261496938294229
D10_S1_C023_T000,regulatory,XBP1,proteostasis,0.5376104143224432
D10_S1_C023_T000,regulatory,ATF4,stress_adaptation,0.4584010649028215
D10_S1_C023_T000,regulatory,NFkB,inflammation,0.24192468644509943
D10_S1_C024_T000,regulatory,XBP1,proteostasis,0.4871008807685457
D10_S1_C024_T000,regulatory,ATF4,stress_adaptation,0.4527846195580904
D10_S1_C024_T000,regulatory,NFkB,inflammation,0.2338686424522014
D10_S1_C025_T000,regulatory,XBP1,proteostasis,0.6346430310589439
D10_S1_C025_T000,regulatory,ATF4,stress_adaptation,0.5820445009547015
D10_S1_C025_T000,regulatory,NFkB,inflammation,0.4117582384092089
D10_S1_C026_T000,regulatory,XBP1,proteostasis,0.7789530450265167
D10_S1_C026_T000,regulatory,ATF4,stress_adaptation,0.657084805657844
D10_S1_C026_T000,regulatory,NFkB,inflammation,0.529048393221415
D10_S1_C027_T000,regulatory,XBP1,proteostasis,0.6467640810390657
D10_S1_C027_T000,regulatory,ATF4,stress_adaptation,0.5948983069588502
D10_S1_C027_T000,regulatory,NFkB,inflammation,0.40166769961232945
D10_S1_C028_T000,regulatory,XBP1,proteostasis,0.5198442925725238
D10_S1_C028_T000,regulatory,ATF4,stress_adaptation,0.4795979133787759
D10_S1_C028_T000,regulatory,NFkB,inflammation,0.23392993165763573
D10_S1_C029_T000,regulatory,XBP1,proteostasis,1.0167865220444534
D10_S1_C029_T000,regulatory,ATF4,stress_adaptation,0.8314820052447789
D10_S1_C029_T000,regulatory,NFkB,inflammation,0.5774309832458897
D10_S1_C030_T000,regulatory,XBP1,proteostasis,0.6929522964348706
D10_S1_C030_T000,regulatory,ATF4,stress_adaptation,0.5949826389196968
D10_S1_C030_T000,regulatory,NFkB,inflammation,0.4692782173668473
D10_S1_C031_T000,regulatory,XBP1,proteostasis,0.6964644816144202
D10_S1_C031_T000,regulatory,ATF4,stress_adaptation,0.5936384188465996
D10_S1_C031_T000,regulatory,NFkB,inflammation,0.5593018666724681
D10_S1_C032_T000,regulatory,XBP1,proteostasis,0.5257782934568201
D10_S1_C032_T000,regulatory,ATF4,stress_adaptation,0.5110536269056893
D10_S1_C032_T000,regulatory,NFkB,inflammation,0.34435870584018374
D10_S1_C033_T000,regulatory,XBP1,proteostasis,0.5908791967819786
D10_S1_C033_T000,regulatory,ATF4,stress_adaptation,0.5320423904173381
D10_S1_C033_T000,regulatory,NFkB,inflammation,0.49351101289995636
D10_S1_C034_T000,regulatory,XBP1,proteostasis,0.615713284239173
D10_S1_C034_T000,regulatory,ATF4,stress_adaptation,0.5901775802512077
D10_S1_C034_T000,regulatory,NFkB,inflammation,0.41643219752754057
D10_S1_C035_T000,regulatory,XBP1,proteostasis,0.5529413410501175
D10_S1_C035_T000,regulatory,ATF4,stress_adaptation,0.5154797581582442
D10_S1_C035_T000,regulatory,NFkB,inflammation,0.3827275064043297
D10_S1_C000_T012,regulatory,XBP1,proteostasis,0.7216159677651613
D10_S1_C000_T012,regulatory,ATF4,stress_adaptation,0.6941243985188588
D10_S1_C000_T012,regulatory,NFkB,inflammation,0.48814469743663624
D10_S1_C001_T012,regulatory,XBP1,proteostasis,0.6001200939445293
D10_S1_C001_T012,regulatory,ATF4,stress_adaptation,0.6125474598530976
D10_S1_C001_T012,regulatory,NFkB,inflammation,0.5354978763007696
D10_S1_C002_T012,regulatory,XBP1,proteostasis,0.8247892092917721
D10_S1_C002_T012,regulatory,ATF4,stress_adaptation,0.7653570565654744
D10_S1_C002_T012,regulatory,NFkB,inflammation,0.4785452223153416
D10_S1_C003_T012,regulatory,XBP1,proteostasis,0.8725817078536757
D10_S1_C003_T012,regulatory,ATF4,stress_adaptation,0.7824041152187892
D10_S1_C003_T012,regulatory,NFkB,inflammation,0.6576931517253859
D10_S1_C004_T012,regulatory,XBP1,proteostasis,0.5038434324641109
D10_S1_C004_T012,regulatory,ATF4,stress_adaptation,0.548817919488574
D10_S1_C004_T012,regulatory,NFkB,inflammation,0.36814408052776826
D10_S1_C005_T012,regulatory,XBP1,proteostasis,0.7218951544406831
D10_S1_C005_T012,regulatory,ATF4,stress_adaptation,0.7359286904575086
D10_S1_C005_T012,regulatory,NFkB,inflammation,0.550447422178888
D10_S1_C006_T012,regulatory,XBP1,proteostasis,0.8015725326188273
D10_S1_C006_T012,regulatory,ATF4,stress_adaptation,0.7455551568682359
D10_S1_C006_T012,regulatory,NFkB,inflammation,0.481631791284496
D10_S1_C007_T012,regulatory,XBP1,proteostasis,0.7495146433165099
D10_S1_C007_T012,regulatory,ATF4,stress_adaptation,0.7415854952724765
D10_S1_C007_T012,regulatory,NFkB,inflammation,0.5254580035223486
D10_S1_C008_T012,regulatory,XBP1,proteostasis,1.0044767503915
D10_S1_C008_T012,regulatory,ATF4,stress_adaptation,0.862729746279954
D10_S1_C008_T012,regulatory,NFkB,inflammation,0.5570804474751395
D10_S1_C009_T012,regulatory,XBP1,proteostasis,0.9418025224588109
D10_S1_C009_T012,regulatory,ATF4,stress_adaptation,0.7989240742462556
D10_S1_C009_T012,regulatory,NFkB,inflammation,0.6590894017568901
D10_S1_C010_T012,regulatory,XBP1,proteostasis,0.7385025118735068
D10_S1_C010_T012,regulatory,ATF4,stress_adaptation,0.739556769741238
D10_S1_C010_T012,regulatory,NFkB,inflammation,0.5951891907671372
D10_S1_C011_T012,regulatory,XBP1,proteostasis,0.8091506708405347
D10_S1_C011_T012,regulatory,ATF4,stress_adaptation,0.7786736131193336
D10_S1_C011_T012,regulatory,NFkB,inflammation,0.5911000153672766
D10_S1_C012_T012,regulatory,XBP1,proteostasis,0.7516829357413529
D10_S1_C012_T012,regulatory,ATF4,stress_adaptation,0.713150554300828
D10_S1_C012_T012,regulatory,NFkB,inflammation,0.5892143783509465
D10_S1_C013_T012,regulatory,XBP1,proteostasis,0.5261699511977864
D10_S1_C013_T012,regulatory,ATF4,stress_adaptation,0.5590098969020147
D10_S1_C013_T012,regulatory,NFkB,inflammation,0.4371873209643233
D10_S1_C014_T012,regulatory,XBP1,proteostasis,0.43721701221420967
D10_S1_C014_T012,regulatory,ATF4,stress_adaptation,0.49044077219677007
D10_S1_C014_T012,regulatory,NFkB,inflammation,0.4137423637713593
D10_S1_C015_T012,regulatory,XBP1,proteostasis,0.8411318890347295
D10_S1_C015_T012,regulatory,ATF4,stress_adaptation,0.7797284540494966
D10_S1_C015_T012,regulatory,NFkB,inflammation,0.6830909056709695
D10_S1_C016_T012,regulatory,XBP1,proteostasis,0.6378947050093404
D10_S1_C016_T012,regulatory,ATF4,stress_adaptation,0.6062060175382565
D10_S1_C016_T012,regulatory,NFkB,inflammation,0.44502578709856444
D10_S1_C017_T012,regulatory,XBP1,proteostasis,0.9485773646375601
D10_S1_C017_T012,regulatory,ATF4,stress_adaptation,0.8522847708782358
D10_S1_C017_T012,regulatory,NFkB,inflammation,0.6459382842421822
D10_S1_C018_T012,regulatory,XBP1,proteostasis,1.0974108654569548
D10_S1_C018_T012,regulatory,ATF4,stress_adaptation,0.8907271469833387
D10_S1_C018_T012,regulatory,NFkB,inflammation,0.7352819621320824
D10_S1_C019_T012,regulatory,XBP1,proteostasis,0.9435796687340942
D10_S1_C019_T012,regulatory,ATF4,stress_adaptation,0.8973682416934861
D10_S1_C019_T012,regulatory,NFkB,inflammation,0.6017488642967895
D10_S1_C020_T012,regulatory,XBP1,proteostasis,0.9424306013632301
D10_S1_C020_T012,regulatory,ATF4,stress_adaptation,0.8636770179611546
D10_S1_C020_T012,regulatory,NFkB,inflammation,0.6418962424466288
D10_S1_C021_T012,regulatory,XBP1,proteostasis,0.8246722158971587
D10_S1_C021_T012,regulatory,ATF4,stress_adaptation,0.7767556969620794
D10_S1_C021_T012,regulatory,NFkB,inflammation,0.566223739289837
D10_S1_C022_T012,regulatory,XBP1,proteostasis,0.5148071542559695
D10_S1_C022_T012,regulatory,ATF4,stress_adaptation,0.5433075668594549
D10_S1_C022_T012,regulatory,NFkB,inflammation,0.32175300047493366
D10_S1_C023_T012,regulatory,XBP1,proteostasis,0.6110319418793024
D10_S1_C023_T012,regulatory,ATF4,stress_adaptation,0.5789586051056752
D10_S1_C023_T012,regulatory,NFkB,inflammation,0.3835809466857858
D10_S1_C024_T012,regulatory,XBP1,proteostasis,0.6487277664955757
D10_S1_C024_T012,regulatory,ATF4,stress_adaptation,0.6571248482684555
D10_S1_C024_T012,regulatory,NFkB,inflammation,0.4368768215640117
D10_S1_C025_T012,regulatory,XBP1,proteostasis,0.7582145820177021
D10_S1_C025_T012,regulatory,ATF4,stress_adaptation,0.7365559054946258
D10_S1_C025_T012,regulatory,NFkB,inflammation,0.5870716201109708
D10_S1_C026_T012,regulatory,XBP1,proteostasis,0.9151237838222436
D10_S1_C026_T012,regulatory,ATF4,stress_adaptation,0.8485163038024301
D10_S1_C026_T012,regulatory,NFkB,inflammation,0.641993742279683
D10_S1_C027_T012,regulatory,XBP1,proteostasis,0.8080551513823727
D10_S1_C027_T012,regulatory,ATF4,stress_adaptation,0.7838525789063734
D10_S1_C027_T012,regulatory,NFkB,inflammation,0.5510002464586443
D10_S1_C028_T012,regulatory,XBP1,proteostasis,0.5908794032244968
D10_S1_C028_T012,regulatory,ATF4,stress_adaptation,0.6130168771942142
D10_S1_C028_T012,regulatory,NFkB,inflammation,0.3565676778826694
D10_S1_C029_T012,regulatory,XBP1,proteostasis,1.1703783895977373
D10_S1_C029_T012,regulatory,ATF4,stress_adaptation,1.0226410206421022
D10_S1_C029_T012,regulatory,NFkB,inflammation,0.7556315746866542
D10_S1_C030_T012,regulatory,XBP1,proteostasis,0.7812204744437248
D10_S1_C030_T012,regulatory,ATF4,stress_adaptation,0.7395596027349416
D10_S1_C030_T012,regulatory,NFkB,inflammation,0.6432343604980884
D10_S1_C031_T012,regulatory,XBP1,proteostasis,0.8029540022727493
D10_S1_C031_T012,regulatory,ATF4,stress_adaptation,0.7505106710953856
D10_S1_C031_T012,regulatory,NFkB,inflammation,0.6363869848486197
D10_S1_C032_T012,regulatory,XBP1,proteostasis,0.6556950257355041
D10_S1_C032_T012,regulatory,ATF4,stress_adaptation,0.6676982318411071
D10_S1_C032_T012,regulatory,NFkB,inflammation,0.5435174125447616
D10_S1_C033_T012,regulatory,XBP1,proteostasis,0.7136742146855855
D10_S1_C033_T012,regulatory,ATF4,stress_adaptation,0.7047439118068861
D10_S1_C033_T012,regulatory,NFkB,inflammation,0.6043003256617718
D10_S1_C034_T012,regulatory,XBP1,proteostasis,0.7386635221978871
D10_S1_C034_T012,regulatory,ATF4,stress_adaptation,0.7437741387459655
D10_S1_C034_T012,regulatory,NFkB,inflammation,0.5298677453321674
D10_S1_C035_T012,regulatory,XBP1,proteostasis,0.7023222939306317
D10_S1_C035_T012,regulatory,ATF4,stress_adaptation,0.6799843869946602
D10_S1_C035_T012,regulatory,NFkB,inflammation,0.5293615903651896
D10_S1_C000_T024,regulatory,XBP1,proteostasis,0.9450657266032084
D10_S1_C000_T024,regulatory,ATF4,stress_adaptation,0.9586724529303988
D10_S1_C000_T024,regulatory,NFkB,inflammation,0.6944847811484716
D10_S1_C001_T024,regulatory,XBP1,proteostasis,0.7748595312623681
D10_S1_C001_T024,regulatory,ATF4,stress_adaptation,0.8381224152105449
D10_S1_C001_T024,regulatory,NFkB,inflammation,0.7192256411451139
D10_S1_C002_T024,regulatory,XBP1,proteostasis,0.9495887079787774
D10_S1_C002_T024,regulatory,ATF4,stress_adaptation,0.9697679993284778
D10_S1_C002_T024,regulatory,NFkB,inflammation,0.6736708361672388
D10_S1_C003_T024,regulatory,XBP1,proteostasis,1.0065297273153782
D10_S1_C003_T024,regulatory,ATF4,stress_adaptation,0.9753742472069881
D10_S1_C003_T024,regulatory,NFkB,inflammation,0.8432333655433708
D10_S1_C004_T024,regulatory,XBP1,proteostasis,0.5803537898901099
D10_S1_C004_T024,regulatory,ATF4,stress_adaptation,0.685899151392438
D10_S1_C004_T024,regulatory,NFkB,inflammation,0.5212617547207358
D10_S1_C005_T024,regulatory,XBP1,proteostasis,0.8735081907963299
D10_S1_C005_T024,regulatory,ATF4,stress_adaptation,0.9430436618748828
D10_S1_C005_T024,regulatory,NFkB,inflammation,0.760524075761077
D10_S1_C006_T024,regulatory,XBP1,proteostasis,0.9106095324195127
D10_S1_C006_T024,regulatory,ATF4,stress_adaptation,0.9190306084107361
D10_S1_C006_T024,regulatory,NFkB,inflammation,0.6571883680307532
D10_S1_C007_T024,regulatory,XBP1,proteostasis,0.8619554196882362
D10_S1_C007_T024,regulatory,ATF4,stress_adaptation,0.9119741354330206
D10_S1_C007_T024,regulatory,NFkB,inflammation,0.6981972239211849
D10_S1_C008_T024,regulatory,XBP1,proteostasis,1.1615450656234352
D10_S1_C008_T024,regulatory,ATF4,stress_adaptation,1.0785881494669078
D10_S1_C008_T024,regulatory,NFkB,inflammation,0.7388015098103023
D10_S1_C009_T024,regulatory,XBP1,proteostasis,1.0602555164656111
D10_S1_C009_T024,regulatory,ATF4,stress_adaptation,0.9755588582484136
D10_S1_C009_T024,regulatory,NFkB,inflammation,0.8098809892989645
D10_S1_C010_T024,regulatory,XBP1,proteostasis,0.8485665116307204
D10_S1_C010_T024,regulatory,ATF4,stress_adaptation,0.9135256854880471
D10_S1_C010_T024,regulatory,NFkB,inflammation,0.7951547764625905
D10_S1_C011_T024,regulatory,XBP1,proteostasis,1.0084528477866208
D10_S1_C011_T024,regulatory,ATF4,stress_adaptation,1.020575549980208
D10_S1_C011_T024,regulatory,NFkB,inflammation,0.8530298661116221
D10_S1_C012_T024,regulatory,XBP1,proteostasis,0.840920590540822
D10_S1_C012_T024,regulatory,ATF4,stress_adaptation,0.8640440683814834
D10_S1_C012_T024,regulatory,NFkB,inflammation,0.7664124135069331
D10_S1_C013_T024,regulatory,XBP1,proteostasis,0.6568078798070669
D10_S1_C013_T024,regulatory,ATF4,stress_adaptation,0.758893561033505
D10_S1_C013_T024,regulatory,NFkB,inflammation,0.5838412213994812
D10_S1_C014_T024,regulatory,XBP1,proteostasis,0.6055026526875519
D10_S1_C014_T024,regulatory,ATF4,stress_adaptation,0.6983501161774613
D10_S1_C014_T024,regulatory,NFkB,inflammation,0.5876694446710085
D10_S1_C015_T024,regulatory,XBP1,proteostasis,0.9656500877650203
D10_S1_C015_T024,regulatory,ATF4,stress_adaptation,0.9541588929997016
D10_S1_C015_T024,regulatory,NFkB,inflammation,0.8715021118728259
D10_S1_C016_T024,regulatory,XBP1,proteostasis,0.8123495991067659
D10_S1_C016_T024,regulatory,ATF4,stress_adaptation,0.813509243397573
D10_S1_C016_T024,regulatory,NFkB,inflammation,0.662150457627003
D10_S1_C017_T024,regulatory,XBP1,proteostasis,1.1324658247426955
D10_S1_C017_T024,regulatory,ATF4,stress_adaptation,1.0966068149560149
D10_S1_C017_T024,regulatory,NFkB,inflammation,0.849617703588993
D10_S1_C018_T024,regulatory,XBP1,proteostasis,1.250207395536892
D10_S1_C018_T024,regulatory,ATF4,stress_adaptation,1.1026475795274682
D10_S1_C018_T024,regulatory,NFkB,inflammation,0.9184256199825004
D10_S1_C019_T024,regulatory,XBP1,proteostasis,1.0382596142613714
D10_S1_C019_T024,regulatory,ATF4,stress_adaptation,1.0652596602954219
D10_S1_C019_T024,regulatory,NFkB,inflammation,0.7868659880506899
D10_S1_C020_T024,regulatory,XBP1,proteostasis,1.0703668196364375
D10_S1_C020_T024,regulatory,ATF4,stress_adaptation,1.061649560929444
D10_S1_C020_T024,regulatory,NFkB,inflammation,0.8313161100763421
D10_S1_C021_T024,regulatory,XBP1,proteostasis,0.9351089462104392
D10_S1_C021_T024,regulatory,ATF4,stress_adaptation,0.9376302935016247
D10_S1_C021_T024,regulatory,NFkB,inflammation,0.7344060879003371
D10_S1_C022_T024,regulatory,XBP1,proteostasis,0.6821808649268409
D10_S1_C022_T024,regulatory,ATF4,stress_adaptation,0.7525145124362302
D10_S1_C022_T024,regulatory,NFkB,inflammation,0.5360195637213465
D10_S1_C023_T024,regulatory,XBP1,proteostasis,0.6992154970082511
D10_S1_C023_T024,regulatory,ATF4,stress_adaptation,0.7430479519284283
D10_S1_C023_T024,regulatory,NFkB,inflammation,0.5986184164534382
D10_S1_C024_T024,regulatory,XBP1,proteostasis,0.8619121031335912
D10_S1_C024_T024,regulatory,ATF4,stress_adaptation,0.9160662514636337
D10_S1_C024_T024,regulatory,NFkB,inflammation,0.6945735889871067
D10_S1_C025_T024,regulatory,XBP1,proteostasis,0.8835645977213898
D10_S1_C025_T024,regulatory,ATF4,stress_adaptation,0.9267574423710649
D10_S1_C025_T024,regulatory,NFkB,inflammation,0.788249116884634
D10_S1_C026_T024,regulatory,XBP1,proteostasis,1.054436931694896
D10_S1_C026_T024,regulatory,ATF4,stress_adaptation,1.0603967604541658
D10_S1_C026_T024,regulatory,NFkB,inflammation,0.841651487749701
D10_S1_C027_T024,regulatory,XBP1,proteostasis,0.9959378847963857
D10_S1_C027_T024,regulatory,ATF4,stress_adaptation,1.0198425093267762
D10_S1_C027_T024,regulatory,NFkB,inflammation,0.7822894960654765
D10_S1_C028_T024,regulatory,XBP1,proteostasis,0.7831471006587556
D10_S1_C028_T024,regulatory,ATF4,stress_adaptation,0.8502731726680279
D10_S1_C028_T024,regulatory,NFkB,inflammation,0.572006999151392
D10_S1_C029_T024,regulatory,XBP1,proteostasis,1.3121770767067118
D10_S1_C029_T024,regulatory,ATF4,stress_adaptation,1.220468222495663
D10_S1_C029_T024,regulatory,NFkB,inflammation,0.9708518831599282
D10_S1_C030_T024,regulatory,XBP1,proteostasis,0.9413317252228781
D10_S1_C030_T024,regulatory,ATF4,stress_adaptation,0.9675771928549162
D10_S1_C030_T024,regulatory,NFkB,inflammation,0.8674910062335852
D10_S1_C031_T024,regulatory,XBP1,proteostasis,0.9682368512624351
D10_S1_C031_T024,regulatory,ATF4,stress_adaptation,0.9719995632867382
D10_S1_C031_T024,regulatory,NFkB,inflammation,0.8394799218093933
D10_S1_C032_T024,regulatory,XBP1,proteostasis,0.7270220987380422
D10_S1_C032_T024,regulatory,ATF4,stress_adaptation,0.8069562771663883
D10_S1_C032_T024,regulatory,NFkB,inflammation,0.7398308908194382
D10_S1_C033_T024,regulatory,XBP1,proteostasis,0.8721424252460113
D10_S1_C033_T024,regulatory,ATF4,stress_adaptation,0.9110788410377051
D10_S1_C033_T024,regulatory,NFkB,inflammation,0.7956985230747383
D10_S1_C034_T024,regulatory,XBP1,proteostasis,0.819402758441244
D10_S1_C034_T024,regulatory,ATF4,stress_adaptation,0.9104565062043419
D10_S1_C034_T024,regulatory,NFkB,inflammation,0.6947105247405483
D10_S1_C035_T024,regulatory,XBP1,proteostasis,0.8263600078646726
D10_S1_C035_T024,regulatory,ATF4,stress_adaptation,0.8846068287244055
D10_S1_C035_T024,regulatory,NFkB,inflammation,0.6986535522978408
D10_S1_C000_T048,regulatory,XBP1,proteostasis,1.1596475156585802
D10_S1_C000_T048,regulatory,ATF4,stress_adaptation,1.3537708851780772
D10_S1_C000_T048,regulatory,NFkB,inflammation,1.2531192058694627
D10_S1_C001_T048,regulatory,XBP1,proteostasis,1.0455583170356983
D10_S1_C001_T048,regulatory,ATF4,stress_adaptation,1.278950682748878
D10_S1_C001_T048,regulatory,NFkB,inflammation,1.2852521413023743
D10_S1_C002_T048,regulatory,XBP1,proteostasis,1.2565500245222245
D10_S1_C002_T048,regulatory,ATF4,stress_adaptation,1.416757515939446
D10_S1_C002_T048,regulatory,NFkB,inflammation,1.3510770685771012
D10_S1_C003_T048,regulatory,XBP1,proteostasis,1.3236496410948615
D10_S1_C003_T048,regulatory,ATF4,stress_adaptation,1.46037226671166
D10_S1_C003_T048,regulatory,NFkB,inflammation,1.4338934561184937
D10_S1_C004_T048,regulatory,XBP1,proteostasis,0.8955062833174273
D10_S1_C004_T048,regulatory,ATF4,stress_adaptation,1.174372375204528
D10_S1_C004_T048,regulatory,NFkB,inflammation,1.1445213182525649
D10_S1_C005_T048,regulatory,XBP1,proteostasis,1.1063229621589892
D10_S1_C005_T048,regulatory,ATF4,stress_adaptation,1.319109925403343
D10_S1_C005_T048,regulatory,NFkB,inflammation,1.371342894600045
D10_S1_C006_T048,regulatory,XBP1,proteostasis,1.2391160173115243
D10_S1_C006_T048,regulatory,ATF4,stress_adaptation,1.4054254112524909
D10_S1_C006_T048,regulatory,NFkB,inflammation,1.2302309845981423
D10_S1_C007_T048,regulatory,XBP1,proteostasis,1.173593933196708
D10_S1_C007_T048,regulatory,ATF4,stress_adaptation,1.3628360565778603
D10_S1_C007_T048,regulatory,NFkB,inflammation,1.29797041158128
D10_S1_C008_T048,regulatory,XBP1,proteostasis,1.5
D10_S1_C008_T048,regulatory,ATF4,stress_adaptation,1.5750000000000002
D10_S1_C008_T048,regulatory,NFkB,inflammation,1.338720685317647
D10_S1_C009_T048,regulatory,XBP1,proteostasis,1.4016349939805135
D10_S1_C009_T048,regulatory,ATF4,stress_adaptation,1.4852896346915168
D10_S1_C009_T048,regulatory,NFkB,inflammation,1.3772174454969635
D10_S1_C010_T048,regulatory,XBP1,proteostasis,1.1275563261030486
D10_S1_C010_T048,regulatory,ATF4,stress_adaptation,1.3329116119669817
D10_S1_C010_T048,regulatory,NFkB,inflammation,1.382400346746372
D10_S1_C011_T048,regulatory,XBP1,proteostasis,1.2512093440672158
D10_S1_C011_T048,regulatory,ATF4,stress_adaptation,1.4132860736436905
D10_S1_C011_T048,regulatory,NFkB,inflammation,1.438044204830247
D10_S1_C012_T048,regulatory,XBP1,proteostasis,1.181552275155746
D10_S1_C012_T048,regulatory,ATF4,stress_adaptation,1.3490380324995233
D10_S1_C012_T048,regulatory,NFkB,inflammation,1.4066985238200855
D10_S1_C013_T048,regulatory,XBP1,proteostasis,0.9668425888256491
D10_S1_C013_T048,regulatory,ATF4,stress_adaptation,1.2284476827366722
D10_S1_C013_T048,regulatory,NFkB,inflammation,1.1227680451801842
D10_S1_C014_T048,regulatory,XBP1,proteostasis,0.9131940875858794
D10_S1_C014_T048,regulatory,ATF4,stress_adaptation,1.1632381095178388
D10_S1_C014_T048,regulatory,NFkB,inflammation,1.0972686092738204
D10_S1_C015_T048,regulatory,XBP1,proteostasis,1.2276113316764934
D10_S1_C015_T048,regulatory,ATF4,stress_adaptation,1.3979473655897208
D10_S1_C015_T048,regulatory,NFkB,inflammation,1.427425099254422
D10_S1_C016_T048,regulatory,XBP1,proteostasis,1.0827052509414852
D10_S1_C016_T048,regulatory,ATF4,stress_adaptation,1.2577717774652086
D10_S1_C016_T048,regulatory,NFkB,inflammation,1.244520345579751
D10_S1_C017_T048,regulatory,XBP1,proteostasis,1.3884062421993797
D10_S1_C017_T048,regulatory,ATF4,stress_adaptation,1.5024640574295969
D10_S1_C017_T048,regulatory,NFkB,inflammation,1.4686648458364682
D10_S1_C018_T048,regulatory,XBP1,proteostasis,1.5
D10_S1_C018_T048,regulatory,ATF4,stress_adaptation,1.5441206101220546
D10_S1_C018_T048,regulatory,NFkB,inflammation,1.4684869368406175
D10_S1_C019_T048,regulatory,XBP1,proteostasis,1.2685278475760449
D10_S1_C019_T048,regulatory,ATF4,stress_adaptation,1.4245431009244292
D10_S1_C019_T048,regulatory,NFkB,inflammation,1.4340240286298842
D10_S1_C020_T048,regulatory,XBP1,proteostasis,1.3824815248382012
D10_S1_C020_T048,regulatory,ATF4,stress_adaptation,1.498612991144831
D10_S1_C020_T048,regulatory,NFkB,inflammation,1.4464263221697018
D10_S1_C021_T048,regulatory,XBP1,proteostasis,1.2255026041830503
D10_S1_C021_T048,regulatory,ATF4,stress_adaptation,1.3965766927189829
D10_S1_C021_T048,regulatory,NFkB,inflammation,1.2987952007521102
D10_S1_C022_T048,regulatory,XBP1,proteostasis,1.005927706075647
D10_S1_C022_T048,regulatory,ATF4,stress_adaptation,1.2437973554022372
D10_S1_C022_T048,regulatory,NFkB,inflammation,1.1964336743870758
D10_S1_C023_T048,regulatory,XBP1,proteostasis,1.0563615633379497
D10_S1_C023_T048,regulatory,ATF4,stress_adaptation,1.2473011804550143
D10_S1_C023_T048,regulatory,NFkB,inflammation,1.241280820277967
D10_S1_C024_T048,regulatory,XBP1,proteostasis,1.077714413981876
D10_S1_C024_T048,regulatory,ATF4,stress_adaptation,1.3005143690882195
D10_S1_C024_T048,regulatory,NFkB,inflammation,1.355894407137032
D10_S1_C025_T048,regulatory,XBP1,proteostasis,1.1742694488573113
D10_S1_C025_T048,regulatory,ATF4,stress_adaptation,1.3632751417572524
D10_S1_C025_T048,regulatory,NFkB,inflammation,1.4034212519857903
D10_S1_C026_T048,regulatory,XBP1,proteostasis,1.3122323947074606
D10_S1_C026_T048,regulatory,ATF4,stress_adaptation,1.4529510565598494
D10_S1_C026_T048,regulatory,NFkB,inflammation,1.4631256209194619
D10_S1_C027_T048,regulatory,XBP1,proteostasis,1.1995686234966612
D10_S1_C027_T048,regulatory,ATF4,stress_adaptation,1.3797196052728298
D10_S1_C027_T048,regulatory,NFkB,inflammation,1.4148058805734975
D10_S1_C028_T048,regulatory,XBP1,proteostasis,1.0960595272186222
D10_S1_C028_T048,regulatory,ATF4,stress_adaptation,1.3124386926921046
D10_S1_C028_T048,regulatory,NFkB,inflammation,1.231771582063777
D10_S1_C029_T048,regulatory,XBP1,proteostasis,1.5
D10_S1_C029_T048,regulatory,ATF4,stress_adaptation,1.5750000000000002
D10_S1_C029_T048,regulatory,NFkB,inflammation,1.55
D10_S1_C030_T048,regulatory,XBP1,proteostasis,1.2215070809476125
D10_S1_C030_T048,regulatory,ATF4,stress_adaptation,1.393979602615948
D10_S1_C030_T048,regulatory,NFkB,inflammation,1.4246781864264255
D10_S1_C031_T048,regulatory,XBP1,proteostasis,1.2404500288762745
D10_S1_C031_T048,regulatory,ATF4,stress_adaptation,1.4062925187695785
D10_S1_C031_T048,regulatory,NFkB,inflammation,1.4332025129943236
D10_S1_C032_T048,regulatory,XBP1,proteostasis,1.0598940525931426
D10_S1_C032_T048,regulatory,ATF4,stress_adaptation,1.288931134185543
D10_S1_C032_T048,regulatory,NFkB,inflammation,1.3519523236669142
D10_S1_C033_T048,regulatory,XBP1,proteostasis,1.1388538808273978
D10_S1_C033_T048,regulatory,ATF4,stress_adaptation,1.3402550225378087
D10_S1_C033_T048,regulatory,NFkB,inflammation,1.387484246372329
D10_S1_C034_T048,regulatory,XBP1,proteostasis,1.1072702724948844
D10_S1_C034_T048,regulatory,ATF4,stress_adaptation,1.319725677121675
D10_S1_C034_T048,regulatory,NFkB,inflammation,1.3654086153899079
D10_S1_C035_T048,regulatory,XBP1,proteostasis,1.0999068629063042
D10_S1_C035_T048,regulatory,ATF4,stress_adaptation,1.3149394608890979
D10_S1_C035_T048,regulatory,NFkB,inflammation,1.3495006699835814
D11_S0_C000_T000,regulatory,XBP1,proteostasis,0.6201161556650917
D11_S0_C000_T000,regulatory,ATF4,stress_adaptation,0.5194873867378423
D11_S0_C000_T000,regulatory,NFkB,inflammation,0.48578265828060396
D11_S0_C001_T000,regulatory,XBP1,proteostasis,0.5604330340141823
D11_S0_C001_T000,regulatory,ATF4,stress_adaptation,0.4620486385568746
D11_S0_C001_T000,regulatory,NFkB,inflammation,0.2521948653063821
D11_S0_C002_T000,regulatory,XBP1,proteostasis,0.5089245028924853
D11_S0_C002_T000,regulatory,ATF4,stress_adaptation,0.4831256877910777
D11_S0_C002_T000,regulatory,NFkB,inflammation,0.31074196467518544
D11_S0_C003_T000,regulatory,XBP1,proteostasis,0.559044946934949
D11_S0_C003_T000,regulatory,ATF4,stress_adaptation,0.48525627371603586
D11_S0_C003_T000,regulatory,NFkB,inflammation,0.4412775127375139
D11_S0_C004_T000,regulatory,XBP1,proteostasis,0.6370863063162062
D11_S0_C004_T000,regulatory,ATF4,stress_adaptation,0.5394460972257001
D11_S0_C004_T000,regulatory,NFkB,inflammation,0.35947425911276193
D11_S0_C005_T000,regulatory,XBP1,proteostasis,0.5608656938899583
D11_S0_C005_T000,regulatory,ATF4,stress_adaptation,0.4591657746588153
D11_S0_C005_T000,regulatory,NFkB,inflammation,0.25238956225048126
D11_S0_C006_T000,regulatory,XBP1,proteostasis,0.6769994781234298
D11_S0_C006_T000,regulatory,ATF4,stress_adaptation,0.5558227228584192
D11_S0_C006_T000,regulatory,NFkB,inflammation,0.5181930340750359
D11_S0_C007_T000,regulatory,XBP1,proteostasis,0.6953165232151766
D11_S0_C007_T000,regulatory,ATF4,stress_adaptation,0.5730635990866615
D11_S0_C007_T000,regulatory,NFkB,inflammation,0.3962422344002897
D11_S0_C008_T000,regulatory,XBP1,proteostasis,0.5152816780572429
D11_S0_C008_T000,regulatory,ATF4,stress_adaptation,0.46113737771210855
D11_S0_C008_T000,regulatory,NFkB,inflammation,0.2318767551257593
D11_S0_C009_T000,regulatory,XBP1,proteostasis,0.5523817380332163
D11_S0_C009_T000,regulatory,ATF4,stress_adaptation,0.4626880749104663
D11_S0_C009_T000,regulatory,NFkB,inflammation,0.25429709490735536
D11_S0_C010_T000,regulatory,XBP1,proteostasis,0.5339008153429912
D11_S0_C010_T000,regulatory,ATF4,stress_adaptation,0.5190863265060123
D11_S0_C010_T000,regulatory,NFkB,inflammation,0.3408731387986639
D11_S0_C011_T000,regulatory,XBP1,proteostasis,0.7107008296728408
D11_S0_C011_T000,regulatory,ATF4,stress_adaptation,0.5824386468196767
D11_S0_C011_T000,regulatory,NFkB,inflammation,0.5451485454196281
D11_S0_C012_T000,regulatory,XBP1,proteostasis,0.6022869564962666
D11_S0_C012_T000,regulatory,ATF4,stress_adaptation,0.5248199601506973
D11_S0_C012_T000,regulatory,NFkB,inflammation,0.3285268171616401
D11_S0_C013_T000,regulatory,XBP1,proteostasis,0.6097488659131863
D11_S0_C013_T000,regulatory,ATF4,stress_adaptation,0.5456223576549137
D11_S0_C013_T000,regulatory,NFkB,inflammation,0.5134573462483447
D11_S0_C014_T000,regulatory,XBP1,proteostasis,0.555457370229684
D11_S0_C014_T000,regulatory,ATF4,stress_adaptation,0.4942992370687745
D11_S0_C014_T000,regulatory,NFkB,inflammation,0.3102141196779695
D11_S0_C015_T000,regulatory,XBP1,proteostasis,0.42938545779317905
D11_S0_C015_T000,regulatory,ATF4,stress_adaptation,0.4085829424667676
D11_S0_C015_T000,regulatory,NFkB,inflammation,0.3185122592685121
D11_S0_C016_T000,regulatory,XBP1,proteostasis,0.5916795457465645
D11_S0_C016_T000,regulatory,ATF4,stress_adaptation,0.5387031151112516
D11_S0_C016_T000,regulatory,NFkB,inflammation,0.33369504169906317
D11_S0_C017_T000,regulatory,XBP1,proteostasis,0.5926345215338078
D11_S0_C017_T000,regulatory,ATF4,stress_adaptation,0.4814949782782346
D11_S0_C017_T000,regulatory,NFkB,inflammation,0.2666855346902135
D11_S0_C018_T000,regulatory,XBP1,proteostasis,0.46705595395083166
D11_S0_C018_T000,regulatory,ATF4,stress_adaptation,0.44316793029863844
D11_S0_C018_T000,regulatory,NFkB,inflammation,0.2878868746625316
D11_S0_C019_T000,regulatory,XBP1,proteostasis,0.6714747219094884
D11_S0_C019_T000,regulatory,ATF4,stress_adaptation,0.5662733685394149
D11_S0_C019_T000,regulatory,NFkB,inflammation,0.3931798193523772
D11_S0_C020_T000,regulatory,XBP1,proteostasis,0.17760295900909764
D11_S0_C020_T000,regulatory,ATF4,stress_adaptation,0.2042233204674032
D11_S0_C020_T000,regulatory,NFkB,inflammation,0.07992133155409394
D11_S0_C021_T000,regulatory,XBP1,proteostasis,0.5056238140114184
D11_S0_C021_T000,regulatory,ATF4,stress_adaptation,0.4180357301183446
D11_S0_C021_T000,regulatory,NFkB,inflammation,0.43963560459383794
D11_S0_C022_T000,regulatory,XBP1,proteostasis,0.5853668760906295
D11_S0_C022_T000,regulatory,ATF4,stress_adaptation,0.503943656628267
D11_S0_C022_T000,regulatory,NFkB,inflammation,0.4816414603220012
D11_S0_C023_T000,regulatory,XBP1,proteostasis,0.45023589065817615
D11_S0_C023_T000,regulatory,ATF4,stress_adaptation,0.4413025053943171
D11_S0_C023_T000,regulatory,NFkB,inflammation,0.29169418883154363
D11_S0_C024_T000,regulatory,XBP1,proteostasis,0.5320726908758533
D11_S0_C024_T000,regulatory,ATF4,stress_adaptation,0.5088617607876939
D11_S0_C024_T000,regulatory,NFkB,inflammation,0.321533284777145
D11_S0_C025_T000,regulatory,XBP1,proteostasis,0.8363096653127986
D11_S0_C025_T000,regulatory,ATF4,stress_adaptation,0.6944268866004403
D11_S0_C025_T000,regulatory,NFkB,inflammation,0.4483538144941498
D11_S0_C026_T000,regulatory,XBP1,proteostasis,0.7218028053605552
D11_S0_C026_T000,regulatory,ATF4,stress_adaptation,0.62279899534113
D11_S0_C026_T000,regulatory,NFkB,inflammation,0.3967619248314055
D11_S0_C027_T000,regulatory,XBP1,proteostasis,0.4874929455672391
D11_S0_C027_T000,regulatory,ATF4,stress_adaptation,0.46046882671586636
D11_S0_C027_T000,regulatory,NFkB,inflammation,0.3091674540215736
D11_S0_C028_T000,regulatory,XBP1,proteostasis,0.4588881456078052
D11_S0_C028_T000,regulatory,ATF4,stress_adaptation,0.39252869298180754
D11_S0_C028_T000,regulatory,NFkB,inflammation,0.20649966552351234
D11_S0_C029_T000,regulatory,XBP1,proteostasis,0.5531053125938625
D11_S0_C029_T000,regulatory,ATF4,stress_adaptation,0.5113483671164498
D11_S0_C029_T000,regulatory,NFkB,inflammation,0.33608805748605247
D11_S0_C030_T000,regulatory,XBP1,proteostasis,0.5850438887903697
D11_S0_C030_T000,regulatory,ATF4,stress_adaptation,0.5325483546617304
D11_S0_C030_T000,regulatory,NFkB,inflammation,0.3381640885686941
D11_S0_C031_T000,regulatory,XBP1,proteostasis,0.5416648899660041
D11_S0_C031_T000,regulatory,ATF4,stress_adaptation,0.43933668923617686
D11_S0_C031_T000,regulatory,NFkB,inflammation,0.24374920048470186
D11_S0_C032_T000,regulatory,XBP1,proteostasis,0.6420487094649582
D11_S0_C032_T000,regulatory,ATF4,stress_adaptation,0.518514829950829
D11_S0_C032_T000,regulatory,NFkB,inflammation,0.28892191925923116
D11_S0_C033_T000,regulatory,XBP1,proteostasis,0.6506341741310794
D11_S0_C033_T000,regulatory,ATF4,stress_adaptation,0.5199024201850586
D11_S0_C033_T000,regulatory,NFkB,inflammation,0.2927853783589857
D11_S0_C034_T000,regulatory,XBP1,proteostasis,0.4993618113063101
D11_S0_C034_T000,regulatory,ATF4,stress_adaptation,0.42030158904492987
D11_S0_C034_T000,regulatory,NFkB,inflammation,0.37916384451089635
D11_S0_C035_T000,regulatory,XBP1,proteostasis,0.4879267809218474
D11_S0_C035_T000,regulatory,ATF4,stress_adaptation,0.40096692471509243
D11_S0_C035_T000,regulatory,NFkB,inflammation,0.21956705141483132
D11_S0_C000_T012,regulatory,XBP1,proteostasis,0.7377273534902293
D11_S0_C000_T012,regulatory,ATF4,stress_adaptation,0.6817656398337293
D11_S0_C000_T012,regulatory,NFkB,inflammation,0.5817953002586437
D11_S0_C001_T012,regulatory,XBP1,proteostasis,0.6514203852583762
D11_S0_C001_T012,regulatory,ATF4,stress_adaptation,0.5869450404945225
D11_S0_C001_T012,regulatory,NFkB,inflammation,0.3215938401611251
D11_S0_C002_T012,regulatory,XBP1,proteostasis,0.6121493243495457
D11_S0_C002_T012,regulatory,ATF4,stress_adaptation,0.6148373455322284
D11_S0_C002_T012,regulatory,NFkB,inflammation,0.44726544482692876
D11_S0_C003_T012,regulatory,XBP1,proteostasis,0.7138976742482005
D11_S0_C003_T012,regulatory,ATF4,stress_adaptation,0.6741230116675314
D11_S0_C003_T012,regulatory,NFkB,inflammation,0.5499602873411022
D11_S0_C004_T012,regulatory,XBP1,proteostasis,0.7876170287604699
D11_S0_C004_T012,regulatory,ATF4,stress_adaptation,0.7032470741201674
D11_S0_C004_T012,regulatory,NFkB,inflammation,0.5261172822945513
D11_S0_C005_T012,regulatory,XBP1,proteostasis,0.6617976971367047
D11_S0_C005_T012,regulatory,ATF4,stress_adaptation,0.6136729043202964
D11_S0_C005_T012,regulatory,NFkB,inflammation,0.3301952435966127
D11_S0_C006_T012,regulatory,XBP1,proteostasis,0.7880019795186178
D11_S0_C006_T012,regulatory,ATF4,stress_adaptation,0.713427695227373
D11_S0_C006_T012,regulatory,NFkB,inflammation,0.5857730136481889
D11_S0_C007_T012,regulatory,XBP1,proteostasis,0.7508260652905288
D11_S0_C007_T012,regulatory,ATF4,stress_adaptation,0.6726759791832368
D11_S0_C007_T012,regulatory,NFkB,inflammation,0.5362352039727254
D11_S0_C008_T012,regulatory,XBP1,proteostasis,0.6590401560023945
D11_S0_C008_T012,regulatory,ATF4,stress_adaptation,0.6420136986345875
D11_S0_C008_T012,regulatory,NFkB,inflammation,0.35387266120423577
D11_S0_C009_T012,regulatory,XBP1,proteostasis,0.696337384065533
D11_S0_C009_T012,regulatory,ATF4,stress_adaptation,0.647921881038299
D11_S0_C009_T012,regulatory,NFkB,inflammation,0.3742081274239876
D11_S0_C010_T012,regulatory,XBP1,proteostasis,0.6858761546750202
D11_S0_C010_T012,regulatory,ATF4,stress_adaptation,0.6790456927045392
D11_S0_C010_T012,regulatory,NFkB,inflammation,0.510202856862298
D11_S0_C011_T012,regulatory,XBP1,proteostasis,0.8024080237361787
D11_S0_C011_T012,regulatory,ATF4,stress_adaptation,0.7084122695248604
D11_S0_C011_T012,regulatory,NFkB,inflammation,0.5743424462589722
D11_S0_C012_T012,regulatory,XBP1,proteostasis,0.6974423446736716
D11_S0_C012_T012,regulatory,ATF4,stress_adaptation,0.6616942233223564
D11_S0_C012_T012,regulatory,NFkB,inflammation,0.5064717769227091
D11_S0_C013_T012,regulatory,XBP1,proteostasis,0.7452739488050859
D11_S0_C013_T012,regulatory,ATF4,stress_adaptation,0.7250557378524024
D11_S0_C013_T012,regulatory,NFkB,inflammation,0.6074450767483186
D11_S0_C014_T012,regulatory,XBP1,proteostasis,0.6709151894613337
D11_S0_C014_T012,regulatory,ATF4,stress_adaptation,0.6282035994348693
D11_S0_C014_T012,regulatory,NFkB,inflammation,0.4693840361514754
D11_S0_C015_T012,regulatory,XBP1,proteostasis,0.4969068264876081
D11_S0_C015_T012,regulatory,ATF4,stress_adaptation,0.5227603171855607
D11_S0_C015_T012,regulatory,NFkB,inflammation,0.38473557932967517
D11_S0_C016_T012,regulatory,XBP1,proteostasis,0.7354960522456779
D11_S0_C016_T012,regulatory,ATF4,stress_adaptation,0.6856863633410228
D11_S0_C016_T012,regulatory,NFkB,inflammation,0.4792496161003546
D11_S0_C017_T012,regulatory,XBP1,proteostasis,0.7032033370355408
D11_S0_C017_T012,regulatory,ATF4,stress_adaptation,0.6354752834954431
D11_S0_C017_T012,regulatory,NFkB,inflammation,0.3612646116599948
D11_S0_C018_T012,regulatory,XBP1,proteostasis,0.575847596255995
D11_S0_C018_T012,regulatory,ATF4,stress_adaptation,0.5788459592014003
D11_S0_C018_T012,regulatory,NFkB,inflammation,0.4671716821840912
D11_S0_C019_T012,regulatory,XBP1,proteostasis,0.8063294146392888
D11_S0_C019_T012,regulatory,ATF4,stress_adaptation,0.732331165633945
D11_S0_C019_T012,regulatory,NFkB,inflammation,0.5363749297922727
D11_S0_C020_T012,regulatory,XBP1,proteostasis,0.2916720611067615
D11_S0_C020_T012,regulatory,ATF4,stress_adaptation,0.34897251548075736
D11_S0_C020_T012,regulatory,NFkB,inflammation,0.16110643120501156
D11_S0_C021_T012,regulatory,XBP1,proteostasis,0.6315417200593803
D11_S0_C021_T012,regulatory,ATF4,stress_adaptation,0.5797836319259274
D11_S0_C021_T012,regulatory,NFkB,inflammation,0.5401287016373209
D11_S0_C022_T012,regulatory,XBP1,proteostasis,0.7076506146867663
D11_S0_C022_T012,regulatory,ATF4,stress_adaptation,0.66737285737954
D11_S0_C022_T012,regulatory,NFkB,inflammation,0.5630016656244343
D11_S0_C023_T012,regulatory,XBP1,proteostasis,0.5231939229243038
D11_S0_C023_T012,regulatory,ATF4,stress_adaptation,0.5405793668861688
D11_S0_C023_T012,regulatory,NFkB,inflammation,0.3604437015059173
D11_S0_C024_T012,regulatory,XBP1,proteostasis,0.6547120142584243
D11_S0_C024_T012,regulatory,ATF4,stress_adaptation,0.6677892249086906
D11_S0_C024_T012,regulatory,NFkB,inflammation,0.4121253862245035
D11_S0_C025_T012,regulatory,XBP1,proteostasis,0.9565618677247707
D11_S0_C025_T012,regulatory,ATF4,stress_adaptation,0.8589529855158533
D11_S0_C025_T012,regulatory,NFkB,inflammation,0.6014186934767501
D11_S0_C026_T012,regulatory,XBP1,proteostasis,0.8439954295341573
D11_S0_C026_T012,regulatory,ATF4,stress_adaptation,0.7721514151697819
D11_S0_C026_T012,regulatory,NFkB,inflammation,0.5219088400384708
D11_S0_C027_T012,regulatory,XBP1,proteostasis,0.5656787421015993
D11_S0_C027_T012,regulatory,ATF4,stress_adaptation,0.5736721671941573
D11_S0_C027_T012,regulatory,NFkB,inflammation,0.4506990002668121
D11_S0_C028_T012,regulatory,XBP1,proteostasis,0.5437165170021003
D11_S0_C028_T012,regulatory,ATF4,stress_adaptation,0.5203328568972138
D11_S0_C028_T012,regulatory,NFkB,inflammation,0.32812422420279197
D11_S0_C029_T012,regulatory,XBP1,proteostasis,0.7411851398284061
D11_S0_C029_T012,regulatory,ATF4,stress_adaptation,0.7157545265142674
D11_S0_C029_T012,regulatory,NFkB,inflammation,0.5169583036258059
D11_S0_C030_T012,regulatory,XBP1,proteostasis,0.6361537873662272
D11_S0_C030_T012,regulatory,ATF4,stress_adaptation,0.6388128132318631
D11_S0_C030_T012,regulatory,NFkB,inflammation,0.4716742880003524
D11_S0_C031_T012,regulatory,XBP1,proteostasis,0.6993178076362002
D11_S0_C031_T012,regulatory,ATF4,stress_adaptation,0.6297833926006309
D11_S0_C031_T012,regulatory,NFkB,inflammation,0.3981870288488899
D11_S0_C032_T012,regulatory,XBP1,proteostasis,0.7555156139040013
D11_S0_C032_T012,regulatory,ATF4,stress_adaptation,0.6649179779495606
D11_S0_C032_T012,regulatory,NFkB,inflammation,0.34664989171161686
D11_S0_C033_T012,regulatory,XBP1,proteostasis,0.7783782835870587
D11_S0_C033_T012,regulatory,ATF4,stress_adaptation,0.6758946801188961
D11_S0_C033_T012,regulatory,NFkB,inflammation,0.46587878164639923
D11_S0_C034_T012,regulatory,XBP1,proteostasis,0.5411584060977995
D11_S0_C034_T012,regulatory,ATF4,stress_adaptation,0.5444035413861997
D11_S0_C034_T012,regulatory,NFkB,inflammation,0.4359133780812865
D11_S0_C035_T012,regulatory,XBP1,proteostasis,0.5149636860843598
D11_S0_C035_T012,regulatory,ATF4,stress_adaptation,0.49915522506515997
D11_S0_C035_T012,regulatory,NFkB,inflammation,0.255372297162531
D11_S0_C000_T024,regulatory,XBP1,proteostasis,0.9220727771482751
D11_S0_C000_T024,regulatory,ATF4,stress_adaptation,0.9105982605671634
D11_S0_C000_T024,regulatory,NFkB,inflammation,0.7588408734633857
D11_S0_C001_T024,regulatory,XBP1,proteostasis,0.8382859445589603
D11_S0_C001_T024,regulatory,ATF4,stress_adaptation,0.7973054941250861
D11_S0_C001_T024,regulatory,NFkB,inflammation,0.5064202168071434
D11_S0_C002_T024,regulatory,XBP1,proteostasis,0.7080901843162072
D11_S0_C002_T024,regulatory,ATF4,stress_adaptation,0.7908573465532763
D11_S0_C002_T024,regulatory,NFkB,inflammation,0.6308060213689991
D11_S0_C003_T024,regulatory,XBP1,proteostasis,0.8753824781029199
D11_S0_C003_T024,regulatory,ATF4,stress_adaptation,0.8925930845841737
D11_S0_C003_T024,regulatory,NFkB,inflammation,0.7664324008449707
D11_S0_C004_T024,regulatory,XBP1,proteostasis,0.9418240946848877
D11_S0_C004_T024,regulatory,ATF4,stress_adaptation,0.9100062126492601
D11_S0_C004_T024,regulatory,NFkB,inflammation,0.7517260491356504
D11_S0_C005_T024,regulatory,XBP1,proteostasis,0.8346708882042565
D11_S0_C005_T024,regulatory,ATF4,stress_adaptation,0.8450044297348379
D11_S0_C005_T024,regulatory,NFkB,inflammation,0.5139724354790554
D11_S0_C006_T024,regulatory,XBP1,proteostasis,0.9326594818769567
D11_S0_C006_T024,regulatory,ATF4,stress_adaptation,0.9214521385310618
D11_S0_C006_T024,regulatory,NFkB,inflammation,0.7661354226159733
D11_S0_C007_T024,regulatory,XBP1,proteostasis,0.9279435103198478
D11_S0_C007_T024,regulatory,ATF4,stress_adaptation,0.8839286633497203
D11_S0_C007_T024,regulatory,NFkB,inflammation,0.78586675052903
D11_S0_C008_T024,regulatory,XBP1,proteostasis,0.8181911583527733
D11_S0_C008_T024,regulatory,ATF4,stress_adaptation,0.8507961049592357
D11_S0_C008_T024,regulatory,NFkB,inflammation,0.5565168214094929
D11_S0_C009_T024,regulatory,XBP1,proteostasis,0.8764851801025216
D11_S0_C009_T024,regulatory,ATF4,stress_adaptation,0.8773824560001449
D11_S0_C009_T024,regulatory,NFkB,inflammation,0.5851025674622774
D11_S0_C010_T024,regulatory,XBP1,proteostasis,0.8239871300505103
D11_S0_C010_T024,regulatory,ATF4,stress_adaptation,0.86914130899095
D11_S0_C010_T024,regulatory,NFkB,inflammation,0.7260965329548821
D11_S0_C011_T024,regulatory,XBP1,proteostasis,0.8934146436676342
D11_S0_C011_T024,regulatory,ATF4,stress_adaptation,0.8588939421128664
D11_S0_C011_T024,regulatory,NFkB,inflammation,0.6681972847918477
D11_S0_C012_T024,regulatory,XBP1,proteostasis,0.9023205447757237
D11_S0_C012_T024,regulatory,ATF4,stress_adaptation,0.9011531199344032
D11_S0_C012_T024,regulatory,NFkB,inflammation,0.7627925669873661
D11_S0_C013_T024,regulatory,XBP1,proteostasis,0.8511918904701756
D11_S0_C013_T024,regulatory,ATF4,stress_adaptation,0.8989352386934057
D11_S0_C013_T024,regulatory,NFkB,inflammation,0.8064922952221112
D11_S0_C014_T024,regulatory,XBP1,proteostasis,0.8008343662435439
D11_S0_C014_T024,regulatory,ATF4,stress_adaptation,0.7998281876618063
D11_S0_C014_T024,regulatory,NFkB,inflammation,0.6758419998664391
D11_S0_C015_T024,regulatory,XBP1,proteostasis,0.6882009994327464
D11_S0_C015_T024,regulatory,ATF4,stress_adaptation,0.7441892427284282
D11_S0_C015_T024,regulatory,NFkB,inflammation,0.5781925296377903
D11_S0_C016_T024,regulatory,XBP1,proteostasis,0.8368297160422288
D11_S0_C016_T024,regulatory,ATF4,stress_adaptation,0.8397548864733292
D11_S0_C016_T024,regulatory,NFkB,inflammation,0.675234110759257
D11_S0_C017_T024,regulatory,XBP1,proteostasis,0.8728774255710041
D11_S0_C017_T024,regulatory,ATF4,stress_adaptation,0.8586896155537436
D11_S0_C017_T024,regulatory,NFkB,inflammation,0.6017704765443577
D11_S0_C018_T024,regulatory,XBP1,proteostasis,0.726871934471398
D11_S0_C018_T024,regulatory,ATF4,stress_adaptation,0.7689460775358008
D11_S0_C018_T024,regulatory,NFkB,inflammation,0.7062085627653552
D11_S0_C019_T024,regulatory,XBP1,proteostasis,0.925220456757988
D11_S0_C019_T024,regulatory,ATF4,stress_adaptation,0.9092635362463632
D11_S0_C019_T024,regulatory,NFkB,inflammation,0.7164077805009413
D11_S0_C020_T024,regulatory,XBP1,proteostasis,0.44259379822475625
D11_S0_C020_T024,regulatory,ATF4,stress_adaptation,0.5400315488595508
D11_S0_C020_T024,regulatory,NFkB,inflammation,0.37462399150211817
D11_S0_C021_T024,regulatory,XBP1,proteostasis,0.7520411686884381
D11_S0_C021_T024,regulatory,ATF4,stress_adaptation,0.7618832935270543
D11_S0_C021_T024,regulatory,NFkB,inflammation,0.7260325367619543
D11_S0_C022_T024,regulatory,XBP1,proteostasis,0.8249109885914013
D11_S0_C022_T024,regulatory,ATF4,stress_adaptation,0.8612048087969795
D11_S0_C022_T024,regulatory,NFkB,inflammation,0.7567111920844427
D11_S0_C023_T024,regulatory,XBP1,proteostasis,0.6467235691467291
D11_S0_C023_T024,regulatory,ATF4,stress_adaptation,0.7197511275329571
D11_S0_C023_T024,regulatory,NFkB,inflammation,0.4995956295312949
D11_S0_C024_T024,regulatory,XBP1,proteostasis,0.7199706798342574
D11_S0_C024_T024,regulatory,ATF4,stress_adaptation,0.8001684987811817
D11_S0_C024_T024,regulatory,NFkB,inflammation,0.5541123971226203
D11_S0_C025_T024,regulatory,XBP1,proteostasis,1.0441971556025158
D11_S0_C025_T024,regulatory,ATF4,stress_adaptation,1.0271543177111147
D11_S0_C025_T024,regulatory,NFkB,inflammation,0.8285665384561369
D11_S0_C026_T024,regulatory,XBP1,proteostasis,0.9908792848798128
D11_S0_C026_T024,regulatory,ATF4,stress_adaptation,0.9603385151889787
D11_S0_C026_T024,regulatory,NFkB,inflammation,0.7065892615179113
D11_S0_C027_T024,regulatory,XBP1,proteostasis,0.748324335490277
D11_S0_C027_T024,regulatory,ATF4,stress_adaptation,0.7937079321059393
D11_S0_C027_T024,regulatory,NFkB,inflammation,0.7027768970853606
D11_S0_C028_T024,regulatory,XBP1,proteostasis,0.7680026086689101
D11_S0_C028_T024,regulatory,ATF4,stress_adaptation,0.7715805126677422
D11_S0_C028_T024,regulatory,NFkB,inflammation,0.5925305006387489
D11_S0_C029_T024,regulatory,XBP1,proteostasis,0.8156654825479501
D11_S0_C029_T024,regulatory,ATF4,stress_adaptation,0.8636246442738823
D11_S0_C029_T024,regulatory,NFkB,inflammation,0.7092926192819571
D11_S0_C030_T024,regulatory,XBP1,proteostasis,0.739698587146878
D11_S0_C030_T024,regulatory,ATF4,stress_adaptation,0.7986246172221945
D11_S0_C030_T024,regulatory,NFkB,inflammation,0.667517163333029
D11_S0_C031_T024,regulatory,XBP1,proteostasis,0.8247004843274711
D11_S0_C031_T024,regulatory,ATF4,stress_adaptation,0.813004453403259
D11_S0_C031_T024,regulatory,NFkB,inflammation,0.6005965645144249
D11_S0_C032_T024,regulatory,XBP1,proteostasis,0.9615117283632799
D11_S0_C032_T024,regulatory,ATF4,stress_adaptation,0.9036736874139712
D11_S0_C032_T024,regulatory,NFkB,inflammation,0.5235896403299487
D11_S0_C033_T024,regulatory,XBP1,proteostasis,0.9538847570938026
D11_S0_C033_T024,regulatory,ATF4,stress_adaptation,0.8961523985159026
D11_S0_C033_T024,regulatory,NFkB,inflammation,0.7059133754583471
D11_S0_C034_T024,regulatory,XBP1,proteostasis,0.7242296181483442
D11_S0_C034_T024,regulatory,ATF4,stress_adaptation,0.7575980060891521
D11_S0_C034_T024,regulatory,NFkB,inflammation,0.629315638062734
D11_S0_C035_T024,regulatory,XBP1,proteostasis,0.7074963524266213
D11_S0_C035_T024,regulatory,ATF4,stress_adaptation,0.7226564602305507
D11_S0_C035_T024,regulatory,NFkB,inflammation,0.468499227812225
D11_S0_C000_T048,regulatory,XBP1,proteostasis,1.2359509376431255
D11_S0_C000_T048,regulatory,ATF4,stress_adaptation,1.4001482561488674
D11_S0_C000_T048,regulatory,NFkB,inflammation,1.4234205965530047
D11_S0_C001_T048,regulatory,XBP1,proteostasis,1.0994223287530849
D11_S0_C001_T048,regulatory,ATF4,stress_adaptation,1.233411233722495
D11_S0_C001_T048,regulatory,NFkB,inflammation,1.0770692940537543
D11_S0_C002_T048,regulatory,XBP1,proteostasis,0.9773160041692652
D11_S0_C002_T048,regulatory,ATF4,stress_adaptation,1.222744351307474
D11_S0_C002_T048,regulatory,NFkB,inflammation,1.3147922018761693
D11_S0_C003_T048,regulatory,XBP1,proteostasis,1.1460054529011525
D11_S0_C003_T048,regulatory,ATF4,stress_adaptation,1.34123677688258
D11_S0_C003_T048,regulatory,NFkB,inflammation,1.3907024538055186
D11_S0_C004_T048,regulatory,XBP1,proteostasis,1.1668276898404668
D11_S0_C004_T048,regulatory,ATF4,stress_adaptation,1.3225927481823256
D11_S0_C004_T048,regulatory,NFkB,inflammation,1.3923866929856716
D11_S0_C005_T048,regulatory,XBP1,proteostasis,1.1275011050727763
D11_S0_C005_T048,regulatory,ATF4,stress_adaptation,1.3190574567093707
D11_S0_C005_T048,regulatory,NFkB,inflammation,1.0867203879055056
D11_S0_C006_T048,regulatory,XBP1,proteostasis,1.2284283019874291
D11_S0_C006_T048,regulatory,ATF4,stress_adaptation,1.380539056171544
D11_S0_C006_T048,regulatory,NFkB,inflammation,1.3812015152235222
D11_S0_C007_T048,regulatory,XBP1,proteostasis,1.1219142297272806
D11_S0_C007_T048,regulatory,ATF4,stress_adaptation,1.2503470082556791
D11_S0_C007_T048,regulatory,NFkB,inflammation,1.3798614033772763
D11_S0_C008_T048,regulatory,XBP1,proteostasis,1.1672318984210246
D11_S0_C008_T048,regulatory,ATF4,stress_adaptation,1.358700733973666
D11_S0_C008_T048,regulatory,NFkB,inflammation,1.2605094841890478
D11_S0_C009_T048,regulatory,XBP1,proteostasis,1.2163305011362129
D11_S0_C009_T048,regulatory,ATF4,stress_adaptation,1.3752383701431623
D11_S0_C009_T048,regulatory,NFkB,inflammation,1.1818637926854643
D11_S0_C010_T048,regulatory,XBP1,proteostasis,1.0639490110974483
D11_S0_C010_T048,regulatory,ATF4,stress_adaptation,1.2828520654179894
D11_S0_C010_T048,regulatory,NFkB,inflammation,1.3537770549938517
D11_S0_C011_T048,regulatory,XBP1,proteostasis,1.2463508739008768
D11_S0_C011_T048,regulatory,ATF4,stress_adaptation,1.3637674405308582
D11_S0_C011_T048,regulatory,NFkB,inflammation,1.2211771287392859
D11_S0_C012_T048,regulatory,XBP1,proteostasis,1.175820537401881
D11_S0_C012_T048,regulatory,ATF4,stress_adaptation,1.364283349311223
D11_S0_C012_T048,regulatory,NFkB,inflammation,1.4041192418308466
D11_S0_C013_T048,regulatory,XBP1,proteostasis,1.1324908930385686
D11_S0_C013_T048,regulatory,ATF4,stress_adaptation,1.3361190804750698
D11_S0_C013_T048,regulatory,NFkB,inflammation,1.3846209018673559
D11_S0_C014_T048,regulatory,XBP1,proteostasis,1.1147191543583985
D11_S0_C014_T048,regulatory,ATF4,stress_adaptation,1.2722709474821836
D11_S0_C014_T048,regulatory,NFkB,inflammation,1.3571682635173827
D11_S0_C015_T048,regulatory,XBP1,proteostasis,0.9570723399546746
D11_S0_C015_T048,regulatory,ATF4,stress_adaptation,1.1739807758484138
D11_S0_C015_T048,regulatory,NFkB,inflammation,1.139908138730541
D11_S0_C016_T048,regulatory,XBP1,proteostasis,1.1680069585119726
D11_S0_C016_T048,regulatory,ATF4,stress_adaptation,1.304715922754024
D11_S0_C016_T048,regulatory,NFkB,inflammation,1.368602845252927
D11_S0_C017_T048,regulatory,XBP1,proteostasis,1.211248168609269
D11_S0_C017_T048,regulatory,ATF4,stress_adaptation,1.3511267015366926
D11_S0_C017_T048,regulatory,NFkB,inflammation,1.3080816790861693
D11_S0_C018_T048,regulatory,XBP1,proteostasis,1.05566941936731
D11_S0_C018_T048,regulatory,ATF4,stress_adaptation,1.255170175846889
D11_S0_C018_T048,regulatory,NFkB,inflammation,1.3500512387152894
D11_S0_C019_T048,regulatory,XBP1,proteostasis,1.2416619728742593
D11_S0_C019_T048,regulatory,ATF4,stress_adaptation,1.3952771301382505
D11_S0_C019_T048,regulatory,NFkB,inflammation,1.4124760364689117
D11_S0_C020_T048,regulatory,XBP1,proteostasis,0.7460116274054914
D11_S0_C020_T048,regulatory,ATF4,stress_adaptation,0.9866999127337234
D11_S0_C020_T048,regulatory,NFkB,inflammation,0.9361911236894589
D11_S0_C021_T048,regulatory,XBP1,proteostasis,1.0367184786333765
D11_S0_C021_T048,regulatory,ATF4,stress_adaptation,1.1876587129676066
D11_S0_C021_T048,regulatory,NFkB,inflammation,1.3415233153850195
D11_S0_C022_T048,regulatory,XBP1,proteostasis,1.105738098420285
D11_S0_C022_T048,regulatory,ATF4,stress_adaptation,1.3187297639731854
D11_S0_C022_T048,regulatory,NFkB,inflammation,1.3725821442891282
D11_S0_C023_T048,regulatory,XBP1,proteostasis,0.934846485066836
D11_S0_C023_T048,regulatory,ATF4,stress_adaptation,1.1640347870670351
D11_S0_C023_T048,regulatory,NFkB,inflammation,1.0973029037516278
D11_S0_C024_T048,regulatory,XBP1,proteostasis,1.0721748948854373
D11_S0_C024_T048,regulatory,ATF4,stress_adaptation,1.2969136816755342
D11_S0_C024_T048,regulatory,NFkB,inflammation,1.189423215161368
D11_S0_C025_T048,regulatory,XBP1,proteostasis,1.372597320987346
D11_S0_C025_T048,regulatory,ATF4,stress_adaptation,1.4921882586417752
D11_S0_C025_T048,regulatory,NFkB,inflammation,1.4926687944443058
D11_S0_C026_T048,regulatory,XBP1,proteostasis,1.2726741473126013
D11_S0_C026_T048,regulatory,ATF4,stress_adaptation,1.4099423951339556
D11_S0_C026_T048,regulatory,NFkB,inflammation,1.3809460891407017
D11_S0_C027_T048,regulatory,XBP1,proteostasis,1.0282237263962113
D11_S0_C027_T048,regulatory,ATF4,stress_adaptation,1.2401288612231536
D11_S0_C027_T048,regulatory,NFkB,inflammation,1.337700676878295
D11_S0_C028_T048,regulatory,XBP1,proteostasis,1.0393052913169523
D11_S0_C028_T048,regulatory,ATF4,stress_adaptation,1.21857790726152
D11_S0_C028_T048,regulatory,NFkB,inflammation,1.2850112559768223
D11_S0_C029_T048,regulatory,XBP1,proteostasis,1.1223736754672746
D11_S0_C029_T048,regulatory,ATF4,stress_adaptation,1.3214653265381044
D11_S0_C029_T048,regulatory,NFkB,inflammation,1.3722303854801585
D11_S0_C030_T048,regulatory,XBP1,proteostasis,1.1023350325875731
D11_S0_C030_T048,regulatory,ATF4,stress_adaptation,1.3165177711819227
D11_S0_C030_T048,regulatory,NFkB,inflammation,1.371050764664408
D11_S0_C031_T048,regulatory,XBP1,proteostasis,1.175751828563543
D11_S0_C031_T048,regulatory,ATF4,stress_adaptation,1.3084552763505122
D11_S0_C031_T048,regulatory,NFkB,inflammation,1.3213453999872589
D11_S0_C032_T048,regulatory,XBP1,proteostasis,1.2845120077355003
D11_S0_C032_T048,regulatory,ATF4,stress_adaptation,1.3894016764854675
D11_S0_C032_T048,regulatory,NFkB,inflammation,1.07951226740066
D11_S0_C033_T048,regulatory,XBP1,proteostasis,1.2408760901239806
D11_S0_C033_T048,regulatory,ATF4,stress_adaptation,1.3650985322883997
D11_S0_C033_T048,regulatory,NFkB,inflammation,1.28901331204538
D11_S0_C034_T048,regulatory,XBP1,proteostasis,1.0636972275920742
D11_S0_C034_T048,regulatory,ATF4,stress_adaptation,1.2499813859168762
D11_S0_C034_T048,regulatory,NFkB,inflammation,1.3105755683494618
D11_S0_C035_T048,regulatory,XBP1,proteostasis,0.9857607704527739
D11_S0_C035_T048,regulatory,ATF4,stress_adaptation,1.1626460023993794
D11_S0_C035_T048,regulatory,NFkB,inflammation,1.0361503100214056
D11_S1_C000_T000,regulatory,XBP1,proteostasis,0.48454969386280233
D11_S1_C000_T000,regulatory,ATF4,stress_adaptation,0.42157744066695
D11_S1_C000_T000,regulatory,NFkB,inflammation,0.4139924433441186
D11_S1_C001_T000,regulatory,XBP1,proteostasis,0.4953930692890212
D11_S1_C001_T000,regulatory,ATF4,stress_adaptation,0.4658568734448702
D11_S1_C001_T000,regulatory,NFkB,inflammation,0.29078056106445344
D11_S1_C002_T000,regulatory,XBP1,proteostasis,0.7456803110285068
D11_S1_C002_T000,regulatory,ATF4,stress_adaptation,0.5803756301596907
D11_S1_C002_T000,regulatory,NFkB,inflammation,0.5451250247335679
D11_S1_C003_T000,regulatory,XBP1,proteostasis,0.37498949042407664
D11_S1_C003_T000,regulatory,ATF4,stress_adaptation,0.39305411193021333
D11_S1_C003_T000,regulatory,NFkB,inflammation,0.2440803358169534
D11_S1_C004_T000,regulatory,XBP1,proteostasis,0.3701769203256629
D11_S1_C004_T000,regulatory,ATF4,stress_adaptation,0.3329565982757849
D11_S1_C004_T000,regulatory,NFkB,inflammation,0.16657961414654832
D11_S1_C005_T000,regulatory,XBP1,proteostasis,0.6051233187530436
D11_S1_C005_T000,regulatory,ATF4,stress_adaptation,0.5066921257533168
D11_S1_C005_T000,regulatory,NFkB,inflammation,0.2723054934388696
D11_S1_C006_T000,regulatory,XBP1,proteostasis,0.6952684082673529
D11_S1_C006_T000,regulatory,ATF4,stress_adaptation,0.5668974362423733
D11_S1_C006_T000,regulatory,NFkB,inflammation,0.5249070727114206
D11_S1_C007_T000,regulatory,XBP1,proteostasis,0.5855024401517673
D11_S1_C007_T000,regulatory,ATF4,stress_adaptation,0.4854000265348941
D11_S1_C007_T000,regulatory,NFkB,inflammation,0.45995338038605915
D11_S1_C008_T000,regulatory,XBP1,proteostasis,0.45645888441525967
D11_S1_C008_T000,regulatory,ATF4,stress_adaptation,0.47331618500112277
D11_S1_C008_T000,regulatory,NFkB,inflammation,0.28193077497303626
D11_S1_C009_T000,regulatory,XBP1,proteostasis,0.5398695828342496
D11_S1_C009_T000,regulatory,ATF4,stress_adaptation,0.4361624537133502
D11_S1_C009_T000,regulatory,NFkB,inflammation,0.4312537112052761
D11_S1_C010_T000,regulatory,XBP1,proteostasis,0.2624014518151218
D11_S1_C010_T000,regulatory,ATF4,stress_adaptation,0.32519752134517566
D11_S1_C010_T000,regulatory,NFkB,inflammation,0.20105640280133835
D11_S1_C011_T000,regulatory,XBP1,proteostasis,0.46917749271379466
D11_S1_C011_T000,regulatory,ATF4,stress_adaptation,0.4044958994679089
D11_S1_C011_T000,regulatory,NFkB,inflammation,0.28072350758822356
D11_S1_C012_T000,regulatory,XBP1,proteostasis,0.6471562439249068
D11_S1_C012_T000,regulatory,ATF4,stress_adaptation,0.5529886538012049
D11_S1_C012_T000,regulatory,NFkB,inflammation,0.29122030976620805
D11_S1_C013_T000,regulatory,XBP1,proteostasis,0.16354208091063183
D11_S1_C013_T000,regulatory,ATF4,stress_adaptation,0.19347436162144005
D11_S1_C013_T000,regulatory,NFkB,inflammation,0.19250687934656335
D11_S1_C014_T000,regulatory,XBP1,proteostasis,0.6994103305392707
D11_S1_C014_T000,regulatory,ATF4,stress_adaptation,0.5654269361171739
D11_S1_C014_T000,regulatory,NFkB,inflammation,0.3147346487426718
D11_S1_C015_T000,regulatory,XBP1,proteostasis,0.5032757615586686
D11_S1_C015_T000,regulatory,ATF4,stress_adaptation,0.4362734594261069
D11_S1_C015_T000,regulatory,NFkB,inflammation,0.3503035106930909
D11_S1_C016_T000,regulatory,XBP1,proteostasis,0.5452201713314442
D11_S1_C016_T000,regulatory,ATF4,stress_adaptation,0.44902581871764036
D11_S1_C016_T000,regulatory,NFkB,inflammation,0.24534907709914988
D11_S1_C017_T000,regulatory,XBP1,proteostasis,0.3895922600447686
D11_S1_C017_T000,regulatory,ATF4,stress_adaptation,0.36026956139283717
D11_S1_C017_T000,regulatory,NFkB,inflammation,0.3796471813398927
D11_S1_C018_T000,regulatory,XBP1,proteostasis,0.5144561783233694
D11_S1_C018_T000,regulatory,ATF4,stress_adaptation,0.43109075859195695
D11_S1_C018_T000,regulatory,NFkB,inflammation,0.23199583479974586
D11_S1_C019_T000,regulatory,XBP1,proteostasis,0.48392123343410165
D11_S1_C019_T000,regulatory,ATF4,stress_adaptation,0.4392185900173967
D11_S1_C019_T000,regulatory,NFkB,inflammation,0.26852015177251254
D11_S1_C020_T000,regulatory,XBP1,proteostasis,0.7155354413078727
D11_S1_C020_T000,regulatory,ATF4,stress_adaptation,0.5796625994864468
D11_S1_C020_T000,regulatory,NFkB,inflammation,0.45454648073159887
D11_S1_C021_T000,regulatory,XBP1,proteostasis,0.6357951199278803
D11_S1_C021_T000,regulatory,ATF4,stress_adaptation,0.5241381492424506
D11_S1_C021_T000,regulatory,NFkB,inflammation,0.28610780396754615
D11_S1_C022_T000,regulatory,XBP1,proteostasis,0.5746107947692795
D11_S1_C022_T000,regulatory,ATF4,stress_adaptation,0.47401049200241785
D11_S1_C022_T000,regulatory,NFkB,inflammation,0.25857485764617577
D11_S1_C023_T000,regulatory,XBP1,proteostasis,0.6927714836189787
D11_S1_C023_T000,regulatory,ATF4,stress_adaptation,0.575017900541668
D11_S1_C023_T000,regulatory,NFkB,inflammation,0.3799963201312534
D11_S1_C024_T000,regulatory,XBP1,proteostasis,0.4272144945540371
D11_S1_C024_T000,regulatory,ATF4,stress_adaptation,0.381736198856771
D11_S1_C024_T000,regulatory,NFkB,inflammation,0.1922465225493167
D11_S1_C025_T000,regulatory,XBP1,proteostasis,0.7726114568005762
D11_S1_C025_T000,regulatory,ATF4,stress_adaptation,0.6362665434331432
D11_S1_C025_T000,regulatory,NFkB,inflammation,0.580794093696831
D11_S1_C026_T000,regulatory,XBP1,proteostasis,0.6392404879157344
D11_S1_C026_T000,regulatory,ATF4,stress_adaptation,0.5241777218536698
D11_S1_C026_T000,regulatory,NFkB,inflammation,0.33189741721108224
D11_S1_C027_T000,regulatory,XBP1,proteostasis,0.5616457040402328
D11_S1_C027_T000,regulatory,ATF4,stress_adaptation,0.45335793023115467
D11_S1_C027_T000,regulatory,NFkB,inflammation,0.2527405668181048
D11_S1_C028_T000,regulatory,XBP1,proteostasis,0.542875628254284
D11_S1_C028_T000,regulatory,ATF4,stress_adaptation,0.4711982925728784
D11_S1_C028_T000,regulatory,NFkB,inflammation,0.24429403271442782
D11_S1_C029_T000,regulatory,XBP1,proteostasis,0.5781903233487447
D11_S1_C029_T000,regulatory,ATF4,stress_adaptation,0.4741669543044231
D11_S1_C029_T000,regulatory,NFkB,inflammation,0.39755586178883884
D11_S1_C030_T000,regulatory,XBP1,proteostasis,0.5271841398729745
D11_S1_C030_T000,regulatory,ATF4,stress_adaptation,0.45087003883215315
D11_S1_C030_T000,regulatory,NFkB,inflammation,0.45039380679485036
D11_S1_C031_T000,regulatory,XBP1,proteostasis,0.5359510630425904
D11_S1_C031_T000,regulatory,ATF4,stress_adaptation,0.4209512870692126
D11_S1_C031_T000,regulatory,NFkB,inflammation,0.2411779783691657
D11_S1_C032_T000,regulatory,XBP1,proteostasis,0.5811459821400178
D11_S1_C032_T000,regulatory,ATF4,stress_adaptation,0.4697997679319392
D11_S1_C032_T000,regulatory,NFkB,inflammation,0.261515691963008
D11_S1_C033_T000,regulatory,XBP1,proteostasis,0.606346681645694
D11_S1_C033_T000,regulatory,ATF4,stress_adaptation,0.5153518029502251
D11_S1_C033_T000,regulatory,NFkB,inflammation,0.47748169041601984
D11_S1_C034_T000,regulatory,XBP1,proteostasis,0.6079108341414542
D11_S1_C034_T000,regulatory,ATF4,stress_adaptation,0.5096439497711334
D11_S1_C034_T000,regulatory,NFkB,inflammation,0.4028766624282828
D11_S1_C035_T000,regulatory,XBP1,proteostasis,0.6630212518055918
D11_S1_C035_T000,regulatory,ATF4,stress_adaptation,0.5477417811855381
D11_S1_C035_T000,regulatory,NFkB,inflammation,0.4944285153758513
D11_S1_C000_T012,regulatory,XBP1,proteostasis,0.5592770258310704
D11_S1_C000_T012,regulatory,ATF4,stress_adaptation,0.535666919339936
D11_S1_C000_T012,regulatory,NFkB,inflammation,0.47080379829733643
D11_S1_C001_T012,regulatory,XBP1,proteostasis,0.6329278085275252
D11_S1_C001_T012,regulatory,ATF4,stress_adaptation,0.6175329177889104
D11_S1_C001_T012,regulatory,NFkB,inflammation,0.4226484006288586
D11_S1_C002_T012,regulatory,XBP1,proteostasis,0.8536374810328399
D11_S1_C002_T012,regulatory,ATF4,stress_adaptation,0.7314195867302875
D11_S1_C002_T012,regulatory,NFkB,inflammation,0.6446846593430454
D11_S1_C003_T012,regulatory,XBP1,proteostasis,0.48494021187950404
D11_S1_C003_T012,regulatory,ATF4,stress_adaptation,0.5228096946770812
D11_S1_C003_T012,regulatory,NFkB,inflammation,0.3841324860537627
D11_S1_C004_T012,regulatory,XBP1,proteostasis,0.5269000336723892
D11_S1_C004_T012,regulatory,ATF4,stress_adaptation,0.5179983749785815
D11_S1_C004_T012,regulatory,NFkB,inflammation,0.2512968628126435
D11_S1_C005_T012,regulatory,XBP1,proteostasis,0.7870015305634226
D11_S1_C005_T012,regulatory,ATF4,stress_adaptation,0.7129494120826179
D11_S1_C005_T012,regulatory,NFkB,inflammation,0.4330022342753893
D11_S1_C006_T012,regulatory,XBP1,proteostasis,0.8079884105552717
D11_S1_C006_T012,regulatory,ATF4,stress_adaptation,0.7001819014758548
D11_S1_C006_T012,regulatory,NFkB,inflammation,0.5942936474347742
D11_S1_C007_T012,regulatory,XBP1,proteostasis,0.7057380368647392
D11_S1_C007_T012,regulatory,ATF4,stress_adaptation,0.6312934254020299
D11_S1_C007_T012,regulatory,NFkB,inflammation,0.6068827316597731
D11_S1_C008_T012,regulatory,XBP1,proteostasis,0.5999081223471339
D11_S1_C008_T012,regulatory,ATF4,stress_adaptation,0.6346636054291632
D11_S1_C008_T012,regulatory,NFkB,inflammation,0.44746558913367157
D11_S1_C009_T012,regulatory,XBP1,proteostasis,0.6167274024061787
D11_S1_C009_T012,regulatory,ATF4,stress_adaptation,0.5439249197068621
D11_S1_C009_T012,regulatory,NFkB,inflammation,0.49447205053750687
D11_S1_C010_T012,regulatory,XBP1,proteostasis,0.3323517858892329
D11_S1_C010_T012,regulatory,ATF4,stress_adaptation,0.4275324694117585
D11_S1_C010_T012,regulatory,NFkB,inflammation,0.35029766268081297
D11_S1_C011_T012,regulatory,XBP1,proteostasis,0.5961628331126038
D11_S1_C011_T012,regulatory,ATF4,stress_adaptation,0.5442654967840088
D11_S1_C011_T012,regulatory,NFkB,inflammation,0.439362237145001
D11_S1_C012_T012,regulatory,XBP1,proteostasis,0.7792182677926146
D11_S1_C012_T012,regulatory,ATF4,stress_adaptation,0.7191029242854403
D11_S1_C012_T012,regulatory,NFkB,inflammation,0.4463842802813695
D11_S1_C013_T012,regulatory,XBP1,proteostasis,0.25233420443895865
D11_S1_C013_T012,regulatory,ATF4,stress_adaptation,0.30465301377944237
D11_S1_C013_T012,regulatory,NFkB,inflammation,0.32922469593230874
D11_S1_C014_T012,regulatory,XBP1,proteostasis,0.790782167399893
D11_S1_C014_T012,regulatory,ATF4,stress_adaptation,0.7085982728742873
D11_S1_C014_T012,regulatory,NFkB,inflammation,0.4091600707944878
D11_S1_C015_T012,regulatory,XBP1,proteostasis,0.6306648788395331
D11_S1_C015_T012,regulatory,ATF4,stress_adaptation,0.569618419057644
D11_S1_C015_T012,regulatory,NFkB,inflammation,0.48204940070412255
D11_S1_C016_T012,regulatory,XBP1,proteostasis,0.6975485308670727
D11_S1_C016_T012,regulatory,ATF4,stress_adaptation,0.6304208371232816
D11_S1_C016_T012,regulatory,NFkB,inflammation,0.3645339176573429
D11_S1_C017_T012,regulatory,XBP1,proteostasis,0.5297556560243993
D11_S1_C017_T012,regulatory,ATF4,stress_adaptation,0.504915163582404
D11_S1_C017_T012,regulatory,NFkB,inflammation,0.49273337822250207
D11_S1_C018_T012,regulatory,XBP1,proteostasis,0.6891179996819065
D11_S1_C018_T012,regulatory,ATF4,stress_adaptation,0.6199546932915156
D11_S1_C018_T012,regulatory,NFkB,inflammation,0.38219737519243013
D11_S1_C019_T012,regulatory,XBP1,proteostasis,0.6252872564677814
D11_S1_C019_T012,regulatory,ATF4,stress_adaptation,0.5753641643382474
D11_S1_C019_T012,regulatory,NFkB,inflammation,0.43767229387049
D11_S1_C020_T012,regulatory,XBP1,proteostasis,0.8639557629593446
D11_S1_C020_T012,regulatory,ATF4,stress_adaptation,0.7642383351414554
D11_S1_C020_T012,regulatory,NFkB,inflammation,0.5437695914462102
D11_S1_C021_T012,regulatory,XBP1,proteostasis,0.7164467244245161
D11_S1_C021_T012,regulatory,ATF4,stress_adaptation,0.6602857699567936
D11_S1_C021_T012,regulatory,NFkB,inflammation,0.36212598611276503
D11_S1_C022_T012,regulatory,XBP1,proteostasis,0.6753591167304956
D11_S1_C022_T012,regulatory,ATF4,stress_adaptation,0.5993426540243448
D11_S1_C022_T012,regulatory,NFkB,inflammation,0.3955497718621318
D11_S1_C023_T012,regulatory,XBP1,proteostasis,0.8025383106035185
D11_S1_C023_T012,regulatory,ATF4,stress_adaptation,0.7007217158979154
D11_S1_C023_T012,regulatory,NFkB,inflammation,0.5601619274726913
D11_S1_C024_T012,regulatory,XBP1,proteostasis,0.5473834199510694
D11_S1_C024_T012,regulatory,ATF4,stress_adaptation,0.5247644778610687
D11_S1_C024_T012,regulatory,NFkB,inflammation,0.3127451140478711
D11_S1_C025_T012,regulatory,XBP1,proteostasis,0.8546889584410942
D11_S1_C025_T012,regulatory,ATF4,stress_adaptation,0.7547872629719538
D11_S1_C025_T012,regulatory,NFkB,inflammation,0.649753232605419
D11_S1_C026_T012,regulatory,XBP1,proteostasis,0.7094157137121013
D11_S1_C026_T012,regulatory,ATF4,stress_adaptation,0.6158716876444654
D11_S1_C026_T012,regulatory,NFkB,inflammation,0.49997976461540405
D11_S1_C027_T012,regulatory,XBP1,proteostasis,0.6837673268459039
D11_S1_C027_T012,regulatory,ATF4,stress_adaptation,0.5912132510904347
D11_S1_C027_T012,regulatory,NFkB,inflammation,0.3740749538628544
D11_S1_C028_T012,regulatory,XBP1,proteostasis,0.6449975821361938
D11_S1_C028_T012,regulatory,ATF4,stress_adaptation,0.6032359767917711
D11_S1_C028_T012,regulatory,NFkB,inflammation,0.401457188141489
D11_S1_C029_T012,regulatory,XBP1,proteostasis,0.6165314670353859
D11_S1_C029_T012,regulatory,ATF4,stress_adaptation,0.5700571264917078
D11_S1_C029_T012,regulatory,NFkB,inflammation,0.42331456049627514
D11_S1_C030_T012,regulatory,XBP1,proteostasis,0.6496767512904607
D11_S1_C030_T012,regulatory,ATF4,stress_adaptation,0.5970453348916244
D11_S1_C030_T012,regulatory,NFkB,inflammation,0.4812554722059188
D11_S1_C031_T012,regulatory,XBP1,proteostasis,0.6151396177933083
D11_S1_C031_T012,regulatory,ATF4,stress_adaptation,0.5211766181389967
D11_S1_C031_T012,regulatory,NFkB,inflammation,0.3056938599020371
D11_S1_C032_T012,regulatory,XBP1,proteostasis,0.6599533232473115
D11_S1_C032_T012,regulatory,ATF4,stress_adaptation,0.5863368053806197
D11_S1_C032_T012,regulatory,NFkB,inflammation,0.36848933014314433
D11_S1_C033_T012,regulatory,XBP1,proteostasis,0.6951198562457291
D11_S1_C033_T012,regulatory,ATF4,stress_adaptation,0.6476628351959958
D11_S1_C033_T012,regulatory,NFkB,inflammation,0.5064941123368059
D11_S1_C034_T012,regulatory,XBP1,proteostasis,0.6929543429247824
D11_S1_C034_T012,regulatory,ATF4,stress_adaptation,0.6546612637746503
D11_S1_C034_T012,regulatory,NFkB,inflammation,0.47580385035512873
D11_S1_C035_T012,regulatory,XBP1,proteostasis,0.8424976172704824
D11_S1_C035_T012,regulatory,ATF4,stress_adaptation,0.7339821122699393
D11_S1_C035_T012,regulatory,NFkB,inflammation,0.6112383603555864
D11_S1_C000_T024,regulatory,XBP1,proteostasis,0.731165986917844
D11_S1_C000_T024,regulatory,ATF4,stress_adaptation,0.7357099094033974
D11_S1_C000_T024,regulatory,NFkB,inflammation,0.641042383658781
D11_S1_C001_T024,regulatory,XBP1,proteostasis,0.7495378497174389
D11_S1_C001_T024,regulatory,ATF4,stress_adaptation,0.7887117350388309
D11_S1_C001_T024,regulatory,NFkB,inflammation,0.6023681011064301
D11_S1_C002_T024,regulatory,XBP1,proteostasis,1.007713452738857
D11_S1_C002_T024,regulatory,ATF4,stress_adaptation,0.9161866076170269
D11_S1_C002_T024,regulatory,NFkB,inflammation,0.860202775830726
D11_S1_C003_T024,regulatory,XBP1,proteostasis,0.5433215804202136
D11_S1_C003_T024,regulatory,ATF4,stress_adaptation,0.6523974187026196
D11_S1_C003_T024,regulatory,NFkB,inflammation,0.5696103189670716
D11_S1_C004_T024,regulatory,XBP1,proteostasis,0.7090934653705494
D11_S1_C004_T024,regulatory,ATF4,stress_adaptation,0.7631824194329382
D11_S1_C004_T024,regulatory,NFkB,inflammation,0.496054501036694
D11_S1_C005_T024,regulatory,XBP1,proteostasis,0.912790238897003
D11_S1_C005_T024,regulatory,ATF4,stress_adaptation,0.897080320953607
D11_S1_C005_T024,regulatory,NFkB,inflammation,0.6491181970481411
D11_S1_C006_T024,regulatory,XBP1,proteostasis,0.8942251250692458
D11_S1_C006_T024,regulatory,ATF4,stress_adaptation,0.8489042198929422
D11_S1_C006_T024,regulatory,NFkB,inflammation,0.7483377707004601
D11_S1_C007_T024,regulatory,XBP1,proteostasis,0.7854388834865792
D11_S1_C007_T024,regulatory,ATF4,stress_adaptation,0.7718832898582253
D11_S1_C007_T024,regulatory,NFkB,inflammation,0.7774033387874386
D11_S1_C008_T024,regulatory,XBP1,proteostasis,0.688244327785452
D11_S1_C008_T024,regulatory,ATF4,stress_adaptation,0.7914806730306264
D11_S1_C008_T024,regulatory,NFkB,inflammation,0.6341663266520468
D11_S1_C009_T024,regulatory,XBP1,proteostasis,0.7504551509729871
D11_S1_C009_T024,regulatory,ATF4,stress_adaptation,0.708937734063535
D11_S1_C009_T024,regulatory,NFkB,inflammation,0.6593105511112605
D11_S1_C010_T024,regulatory,XBP1,proteostasis,0.4691675248489314
D11_S1_C010_T024,regulatory,ATF4,stress_adaptation,0.5911709292155032
D11_S1_C010_T024,regulatory,NFkB,inflammation,0.6059366484329416
D11_S1_C011_T024,regulatory,XBP1,proteostasis,0.7381379452377935
D11_S1_C011_T024,regulatory,ATF4,stress_adaptation,0.7117141577733813
D11_S1_C011_T024,regulatory,NFkB,inflammation,0.6233011382611424
D11_S1_C012_T024,regulatory,XBP1,proteostasis,0.9333367801239263
D11_S1_C012_T024,regulatory,ATF4,stress_adaptation,0.9301164241629849
D11_S1_C012_T024,regulatory,NFkB,inflammation,0.636995734255772
D11_S1_C013_T024,regulatory,XBP1,proteostasis,0.42865149907542577
D11_S1_C013_T024,regulatory,ATF4,stress_adaptation,0.49673087755542006
D11_S1_C013_T024,regulatory,NFkB,inflammation,0.553293396865506
D11_S1_C014_T024,regulatory,XBP1,proteostasis,1.0007648832681728
D11_S1_C014_T024,regulatory,ATF4,stress_adaptation,0.962725640546999
D11_S1_C014_T024,regulatory,NFkB,inflammation,0.6491135897710764
D11_S1_C015_T024,regulatory,XBP1,proteostasis,0.793584524279414
D11_S1_C015_T024,regulatory,ATF4,stress_adaptation,0.770796164452382
D11_S1_C015_T024,regulatory,NFkB,inflammation,0.6773141329648499
D11_S1_C016_T024,regulatory,XBP1,proteostasis,0.827891629601885
D11_S1_C016_T024,regulatory,ATF4,stress_adaptation,0.8127057284890578
D11_S1_C016_T024,regulatory,NFkB,inflammation,0.570626468309439
D11_S1_C017_T024,regulatory,XBP1,proteostasis,0.6713369851725604
D11_S1_C017_T024,regulatory,ATF4,stress_adaptation,0.682931770132348
D11_S1_C017_T024,regulatory,NFkB,inflammation,0.68127286476277
D11_S1_C018_T024,regulatory,XBP1,proteostasis,0.8445569605880084
D11_S1_C018_T024,regulatory,ATF4,stress_adaptation,0.8113414704246162
D11_S1_C018_T024,regulatory,NFkB,inflammation,0.5589931692802734
D11_S1_C019_T024,regulatory,XBP1,proteostasis,0.7040093727406048
D11_S1_C019_T024,regulatory,ATF4,stress_adaptation,0.7046261800512583
D11_S1_C019_T024,regulatory,NFkB,inflammation,0.6159804204916389
D11_S1_C020_T024,regulatory,XBP1,proteostasis,1.0588339598068879
D11_S1_C020_T024,regulatory,ATF4,stress_adaptation,1.0007326193978656
D11_S1_C020_T024,regulatory,NFkB,inflammation,0.7024320265198903
D11_S1_C021_T024,regulatory,XBP1,proteostasis,0.8768597571412526
D11_S1_C021_T024,regulatory,ATF4,stress_adaptation,0.8589454393502369
D11_S1_C021_T024,regulatory,NFkB,inflammation,0.5453751391071282
D11_S1_C022_T024,regulatory,XBP1,proteostasis,0.8136392560682635
D11_S1_C022_T024,regulatory,ATF4,stress_adaptation,0.7835648098876429
D11_S1_C022_T024,regulatory,NFkB,inflammation,0.5944934560722549
D11_S1_C023_T024,regulatory,XBP1,proteostasis,0.9210570256827927
D11_S1_C023_T024,regulatory,ATF4,stress_adaptation,0.8727690474044539
D11_S1_C023_T024,regulatory,NFkB,inflammation,0.7869101634181119
D11_S1_C024_T024,regulatory,XBP1,proteostasis,0.7083121038066109
D11_S1_C024_T024,regulatory,ATF4,stress_adaptation,0.7242846241313362
D11_S1_C024_T024,regulatory,NFkB,inflammation,0.5522333154764688
D11_S1_C025_T024,regulatory,XBP1,proteostasis,0.9561145078643584
D11_S1_C025_T024,regulatory,ATF4,stress_adaptation,0.9095011060498849
D11_S1_C025_T024,regulatory,NFkB,inflammation,0.817449297976006
D11_S1_C026_T024,regulatory,XBP1,proteostasis,0.851360932293628
D11_S1_C026_T024,regulatory,ATF4,stress_adaptation,0.7973905367101601
D11_S1_C026_T024,regulatory,NFkB,inflammation,0.7459820999354323
D11_S1_C027_T024,regulatory,XBP1,proteostasis,0.7906513159683517
D11_S1_C027_T024,regulatory,ATF4,stress_adaptation,0.7477253807191135
D11_S1_C027_T024,regulatory,NFkB,inflammation,0.5231146118650835
D11_S1_C028_T024,regulatory,XBP1,proteostasis,0.7973147624799193
D11_S1_C028_T024,regulatory,ATF4,stress_adaptation,0.8010424662809954
D11_S1_C028_T024,regulatory,NFkB,inflammation,0.6340527020360076
D11_S1_C029_T024,regulatory,XBP1,proteostasis,0.7610573349615843
D11_S1_C029_T024,regulatory,ATF4,stress_adaptation,0.7489188701747183
D11_S1_C029_T024,regulatory,NFkB,inflammation,0.5886094319591088
D11_S1_C030_T024,regulatory,XBP1,proteostasis,0.7712172618605853
D11_S1_C030_T024,regulatory,ATF4,stress_adaptation,0.7723084209286941
D11_S1_C030_T024,regulatory,NFkB,inflammation,0.6191984069300587
D11_S1_C031_T024,regulatory,XBP1,proteostasis,0.7512749689991228
D11_S1_C031_T024,regulatory,ATF4,stress_adaptation,0.687650430710828
D11_S1_C031_T024,regulatory,NFkB,inflammation,0.5001225394074421
D11_S1_C032_T024,regulatory,XBP1,proteostasis,0.8020743329533657
D11_S1_C032_T024,regulatory,ATF4,stress_adaptation,0.7439994027687243
D11_S1_C032_T024,regulatory,NFkB,inflammation,0.5810769004331439
D11_S1_C033_T024,regulatory,XBP1,proteostasis,0.8126053110805082
D11_S1_C033_T024,regulatory,ATF4,stress_adaptation,0.8048007132405478
D11_S1_C033_T024,regulatory,NFkB,inflammation,0.6915067083552442
D11_S1_C034_T024,regulatory,XBP1,proteostasis,0.8383655917719768
D11_S1_C034_T024,regulatory,ATF4,stress_adaptation,0.853306931928023
D11_S1_C034_T024,regulatory,NFkB,inflammation,0.6457862016610387
D11_S1_C035_T024,regulatory,XBP1,proteostasis,0.9643090976998855
D11_S1_C035_T024,regulatory,ATF4,stress_adaptation,0.9087811594539433
D11_S1_C035_T024,regulatory,NFkB,inflammation,0.788667011357012
D11_S1_C000_T048,regulatory,XBP1,proteostasis,0.9008587382912815
D11_S1_C000_T048,regulatory,ATF4,stress_adaptation,1.0481056275535892
D11_S1_C000_T048,regulatory,NFkB,inflammation,1.191713683139778
D11_S1_C001_T048,regulatory,XBP1,proteostasis,1.0518396050413479
D11_S1_C001_T048,regulatory,ATF4,stress_adaptation,1.262948644448021
D11_S1_C001_T048,regulatory,NFkB,inflammation,1.242209286051797
D11_S1_C002_T048,regulatory,XBP1,proteostasis,1.3295103794611618
D11_S1_C002_T048,regulatory,ATF4,stress_adaptation,1.3865817332637058
D11_S1_C002_T048,regulatory,NFkB,inflammation,1.4732796707575229
D11_S1_C003_T048,regulatory,XBP1,proteostasis,0.8270471955727202
D11_S1_C003_T048,regulatory,ATF4,stress_adaptation,1.063284407314001
D11_S1_C003_T048,regulatory,NFkB,inflammation,1.247171238007724
D11_S1_C004_T048,regulatory,XBP1,proteostasis,0.9914139157596488
D11_S1_C004_T048,regulatory,ATF4,stress_adaptation,1.2268675844918504
D11_S1_C004_T048,regulatory,NFkB,inflammation,1.1813063147281462
D11_S1_C005_T048,regulatory,XBP1,proteostasis,1.200370735908563
D11_S1_C005_T048,regulatory,ATF4,stress_adaptation,1.3370228845057301
D11_S1_C005_T048,regulatory,NFkB,inflammation,1.2852036911681226
D11_S1_C006_T048,regulatory,XBP1,proteostasis,1.1772706047853956
D11_S1_C006_T048,regulatory,ATF4,stress_adaptation,1.2762415108425897
D11_S1_C006_T048,regulatory,NFkB,inflammation,1.351926794027182
D11_S1_C007_T048,regulatory,XBP1,proteostasis,1.1047131216340584
D11_S1_C007_T048,regulatory,ATF4,stress_adaptation,1.2125545610213182
D11_S1_C007_T048,regulatory,NFkB,inflammation,1.3721209047353264
D11_S1_C008_T048,regulatory,XBP1,proteostasis,0.970031930621386
D11_S1_C008_T048,regulatory,ATF4,stress_adaptation,1.2277502414334962
D11_S1_C008_T048,regulatory,NFkB,inflammation,1.2649059227628043
D11_S1_C009_T048,regulatory,XBP1,proteostasis,1.0027261807223349
D11_S1_C009_T048,regulatory,ATF4,stress_adaptation,1.0952792213753368
D11_S1_C009_T048,regulatory,NFkB,inflammation,1.2483164746702833
D11_S1_C010_T048,regulatory,XBP1,proteostasis,0.7178161706198865
D11_S1_C010_T048,regulatory,ATF4,stress_adaptation,0.9764158820771797
D11_S1_C010_T048,regulatory,NFkB,inflammation,1.198017276778949
D11_S1_C011_T048,regulatory,XBP1,proteostasis,0.9614825174068325
D11_S1_C011_T048,regulatory,ATF4,stress_adaptation,1.0956238035484627
D11_S1_C011_T048,regulatory,NFkB,inflammation,1.1980216475979915
D11_S1_C012_T048,regulatory,XBP1,proteostasis,1.2808277163531243
D11_S1_C012_T048,regulatory,ATF4,stress_adaptation,1.4164728035450864
D11_S1_C012_T048,regulatory,NFkB,inflammation,1.293158982575332
D11_S1_C013_T048,regulatory,XBP1,proteostasis,0.7025263174848916
D11_S1_C013_T048,regulatory,ATF4,stress_adaptation,0.8911540964576442
D11_S1_C013_T048,regulatory,NFkB,inflammation,1.1412648834551138
D11_S1_C014_T048,regulatory,XBP1,proteostasis,1.2467988054603727
D11_S1_C014_T048,regulatory,ATF4,stress_adaptation,1.4021661636426352
D11_S1_C014_T048,regulatory,NFkB,inflammation,1.2616365715563214
D11_S1_C015_T048,regulatory,XBP1,proteostasis,1.0041238315115069
D11_S1_C015_T048,regulatory,ATF4,stress_adaptation,1.1271764986208184
D11_S1_C015_T048,regulatory,NFkB,inflammation,1.279703868986162
D11_S1_C016_T048,regulatory,XBP1,proteostasis,1.130735862351401
D11_S1_C016_T048,regulatory,ATF4,stress_adaptation,1.2714012946080628
D11_S1_C016_T048,regulatory,NFkB,inflammation,1.158246322126456
D11_S1_C017_T048,regulatory,XBP1,proteostasis,0.851212608557049
D11_S1_C017_T048,regulatory,ATF4,stress_adaptation,1.0231521542329154
D11_S1_C017_T048,regulatory,NFkB,inflammation,1.2359484395067333
D11_S1_C018_T048,regulatory,XBP1,proteostasis,1.1461438645075572
D11_S1_C018_T048,regulatory,ATF4,stress_adaptation,1.2564947851031296
D11_S1_C018_T048,regulatory,NFkB,inflammation,1.1941539369874328
D11_S1_C019_T048,regulatory,XBP1,proteostasis,0.9139785129016158
D11_S1_C019_T048,regulatory,ATF4,stress_adaptation,1.0587424368106042
D11_S1_C019_T048,regulatory,NFkB,inflammation,1.2573578869399133
D11_S1_C020_T048,regulatory,XBP1,proteostasis,1.3343383991135747
D11_S1_C020_T048,regulatory,ATF4,stress_adaptation,1.4673199594238238
D11_S1_C020_T048,regulatory,NFkB,inflammation,1.2882970509359624
D11_S1_C021_T048,regulatory,XBP1,proteostasis,1.1853156565766427
D11_S1_C021_T048,regulatory,ATF4,stress_adaptation,1.299052799098504
D11_S1_C021_T048,regulatory,NFkB,inflammation,1.1369688819185995
D11_S1_C022_T048,regulatory,XBP1,proteostasis,1.0559658027436425
D11_S1_C022_T048,regulatory,ATF4,stress_adaptation,1.1412531350084438
D11_S1_C022_T048,regulatory,NFkB,inflammation,1.2028970426162742
D11_S1_C023_T048,regulatory,XBP1,proteostasis,1.1715968755126085
D11_S1_C023_T048,regulatory,ATF4,stress_adaptation,1.2744594408684389
D11_S1_C023_T048,regulatory,NFkB,inflammation,1.402218593980674
D11_S1_C024_T048,regulatory,XBP1,proteostasis,0.9982775337110306
D11_S1_C024_T048,regulatory,ATF4,stress_adaptation,1.147933446106284
D11_S1_C024_T048,regulatory,NFkB,inflammation,1.2102508247207788
D11_S1_C025_T048,regulatory,XBP1,proteostasis,1.2241044375562116
D11_S1_C025_T048,regulatory,ATF4,stress_adaptation,1.3247859289322264
D11_S1_C025_T048,regulatory,NFkB,inflammation,1.4017164497500714
D11_S1_C026_T048,regulatory,XBP1,proteostasis,1.100014926831012
D11_S1_C026_T048,regulatory,ATF4,stress_adaptation,1.188857236282939
D11_S1_C026_T048,regulatory,NFkB,inflammation,1.3530351230522137
D11_S1_C027_T048,regulatory,XBP1,proteostasis,1.057650987576073
D11_S1_C027_T048,regulatory,ATF4,stress_adaptation,1.1616517788122611
D11_S1_C027_T048,regulatory,NFkB,inflammation,1.0954246328579123
D11_S1_C028_T048,regulatory,XBP1,proteostasis,1.0612541001382125
D11_S1_C028_T048,regulatory,ATF4,stress_adaptation,1.1967877960799485
D11_S1_C028_T048,regulatory,NFkB,inflammation,1.2377048731073261
D11_S1_C029_T048,regulatory,XBP1,proteostasis,1.0715739856081907
D11_S1_C029_T048,regulatory,ATF4,stress_adaptation,1.1977577976753144
D11_S1_C029_T048,regulatory,NFkB,inflammation,1.1556252726525804
D11_S1_C030_T048,regulatory,XBP1,proteostasis,1.070247298513964
D11_S1_C030_T048,regulatory,ATF4,stress_adaptation,1.2171012007804474
D11_S1_C030_T048,regulatory,NFkB,inflammation,1.134411226194284
D11_S1_C031_T048,regulatory,XBP1,proteostasis,1.0899283228436492
D11_S1_C031_T048,regulatory,ATF4,stress_adaptation,1.1676356498183793
D11_S1_C031_T048,regulatory,NFkB,inflammation,1.1609169273170492
D11_S1_C032_T048,regulatory,XBP1,proteostasis,1.0704867720820856
D11_S1_C032_T048,regulatory,ATF4,stress_adaptation,1.1593304990102553
D11_S1_C032_T048,regulatory,NFkB,inflammation,1.278486157186727
D11_S1_C033_T048,regulatory,XBP1,proteostasis,1.08299439644019
D11_S1_C033_T048,regulatory,ATF4,stress_adaptation,1.2180072782346922
D11_S1_C033_T048,regulatory,NFkB,inflammation,1.3586465712085203
D11_S1_C034_T048,regulatory,XBP1,proteostasis,1.237832721470515
D11_S1_C034_T048,regulatory,ATF4,stress_adaptation,1.4013657948744904
D11_S1_C034_T048,regulatory,NFkB,inflammation,1.2374094574730758
D11_S1_C035_T048,regulatory,XBP1,proteostasis,1.2034605180074338
D11_S1_C035_T048,regulatory,ATF4,stress_adaptation,1.2879825049857911
D11_S1_C035_T048,regulatory,NFkB,inflammation,1.4165572331033451
