row_id,split,holdout_type,kind_a,intervention_a,dose_a,kind_b,intervention_b,dose_b,sequence,pkpd_exposure_a,pkpd_exposure_b,synergy_latent,context_0,context_1,context_2,context_3,outcome,replicate,response_00,response_01,response_02,response_03,response_04,response_05,response_06,response_07,response_08,response_09,response_10,response_11
IG00000,validation,in_distribution,gene,G0,0.25,none,none,0.0,simultaneous,0.07660757363759245,0.0,0.0,0.24957439535958992,-0.8142092267830561,0.42164228683857113,2.192222770406065,-0.03498895743386371,0,0.5202753230431083,0.44853047854583045,-0.007748918194655216,-0.05493636352502357,0.7797100278251652,-0.026057939257517867,0.23365187774576673,0.10545238142492144,-0.45910806531058823,-0.1550276988577125,-0.28864250527328694,-0.12065130637893412
IG00001,train,in_distribution,gene,G0,0.25,none,none,0.0,simultaneous,0.07660757363759245,0.0,0.0,-1.8797738259374193,0.35876078469305783,-1.2867489263099576,-0.7046737258332485,0.12603458341201174,1,0.11509586805614708,-0.26906962464533707,0.09724027135577816,0.7479424357943306,-0.10005362341959151,0.18601595553149305,0.402939708015355,-0.15855568118901034,0.28050184014851487,0.4583013607125845,0.23472745867388425,-0.015152113663272623
IG00002,train,in_distribution,gene,G0,0.25,none,none,0.0,simultaneous,0.07660757363759245,0.0,0.0,0.8143878250223812,0.9873374181418532,-0.3704701822836356,0.07333712278672545,0.11229693914230404,2,0.049780147185566115,0.42299689058408746,-0.2577380027612591,-0.04259052268505652,-0.209257412302912,-0.17895059769599767,-0.2943726282654895,-0.00032874426696184733,0.16348683891504395,0.06789268616115939,-0.07028581107462263,0.300197449620035
IG00003,train,in_distribution,gene,G0,0.25,none,none,0.0,simultaneous,0.07660757363759245,0.0,0.0,-0.6171277854285815,-1.7106790021170335,0.6547103197370043,0.18790711440808874,-0.2415016782117795,3,0.09660430756131086,-0.6315290739457705,0.05602799346094072,-0.30535372737190497,0.35157139773203866,0.09058319209342348,0.29678852062974737,0.07942918727866131,-0.2607752842649046,-0.16797540067662373,-0.04955734401496695,-0.5146465049546249
IG00004,train,in_distribution,gene,G0,0.25,none,none,0.0,simultaneous,0.07660757363759245,0.0,0.0,-1.0206180292197347,0.8160597045112434,-0.19756155980856,-0.8340729581449119,0.004311921153567273,4,-0.19680882599734295,-0.015201190056485639,-0.15005698318357868,0.2188346568481047,-0.13456887103693566,0.17820652659817096,0.3892221949184373,-0.08246294794318385,0.17110189597713552,0.3277920275641574,0.18476786966943376,0.19099576205389948
IG00005,train,in_distribution,gene,G0,0.5,none,none,0.0,simultaneous,0.1532151472751849,0.0,0.0,-0.3866936499522667,-0.8764047533245278,-0.6331715313690452,-1.9136844755456546,-0.07944317179062446,0,-0.14557188801871157,-0.8646354072825905,-0.05321053869199485,0.13309465848409974,-0.4611367319707081,-0.06490986948935246,-0.37742761215073495,0.021810761339260187,0.1400175613449482,-0.22483021671884829,-0.021392878797549864,-0.35250306153845745
IG00006,train,in_distribution,gene,G0,0.5,none,none,0.0,simultaneous,0.1532151472751849,0.0,0.0,0.30366604699858085,0.6111857660646972,-1.7477121682439658,-1.3625896630459124,0.20469885651161093,1,0.07721390475087862,-0.27213906458083575,0.018462741843876987,0.6511891561308427,-0.47329807676477775,-0.1251589075452123,-0.4630717575801704,-0.32140062717108864,0.31794428570241806,-0.13479348005819658,0.026525353460746276,0.08500560447658072
IG00007,train,in_distribution,gene,G0,0.5,none,none,0.0,simultaneous,0.1532151472751849,0.0,0.0,0.8374887746646652,0.5409418903867321,-1.854966649377519,0.8996690652822745,0.24157499510550354,2,0.6395173141377261,0.4799138784828452,-0.12188739343735364,0.5567002825559974,0.3065939830187432,-0.2275286438338706,-0.44204090264800966,-0.37149031326600357,-0.10849442522317448,-0.3225465026249522,-0.23959674558016453,0.08824838786927805
IG00008,train,in_distribution,gene,G0,0.5,none,none,0.0,simultaneous,0.1532151472751849,0.0,0.0,0.37666630736904966,0.17523052494023642,-0.45641291384796523,0.341047809672674,0.09267846964649656,3,0.36001735726122963,0.12253036386639689,-0.09621003929476224,0.15878693895465953,-0.014268015288084177,-0.03543287414707072,-0.11893760253475498,0.0013295976776036972,0.025813103112013784,-0.1024450302521806,0.03595904178473036,0.09002178195760058
IG00009,train,in_distribution,gene,G0,0.5,none,none,0.0,simultaneous,0.1532151472751849,0.0,0.0,-1.5905229280998288,-0.35065494989794393,-2.098207174324928,-0.47689570899367173,0.08074469115878732,4,0.24613491577324786,-0.34200935377219244,0.026339399104986755,0.8018318260862645,0.15037703357330312,0.29133955542971307,0.04266039480668957,-0.3082914649932395,0.18044983862904568,0.13460908292793142,-0.0708147353726318,-0.31686233312377005
IG00010,validation,in_distribution,gene,G0,1.0,none,none,0.0,simultaneous,0.3064302945503698,0.0,0.0,-1.3734163384937452,-0.6676184186792703,0.25292925890742296,1.045796518989459,-0.06156117705224472,0,0.3074734538313785,0.047165765691387834,-0.04440076698793177,0.09789456997403448,0.4820736034147834,0.20654603696626717,0.5459222850697538,0.1345462400406105,-0.20014661471578943,0.4746744793619903,0.06218576401400111,-0.3028616793276489
IG00011,train,in_distribution,gene,G0,1.0,none,none,0.0,simultaneous,0.3064302945503698,0.0,0.0,-0.30276257964563413,-0.9414212618631287,-0.35468928908204356,-1.4494193165840528,-0.08669987242401306,1,-0.02144676043551938,-0.7919494830947627,-0.09647696741564543,0.015219165852725413,-0.3551927790434301,-0.05965005145508954,-0.15862928431397447,-0.2008181209927508,0.17254939543511327,-0.21073174358825994,-0.12624455881598073,-0.33853848273737946
IG00012,train,in_distribution,gene,G0,1.0,none,none,0.0,simultaneous,0.3064302945503698,0.0,0.0,0.1751887971903803,0.43050170460515674,-1.9638652305513367,-2.0555463097270428,0.15318904440944817,2,0.05239119721309719,-0.4665796081934045,-0.09644893426791383,0.48366634416385645,-0.6424327495140116,0.004122941217248655,-0.6918597743416341,-0.596274421287557,0.3581822572997536,-0.1660374424929727,-0.12310366311885178,-0.2557018442474921
IG00013,train,in_distribution,gene,G0,1.0,none,none,0.0,simultaneous,0.3064302945503698,0.0,0.0,1.5474154787491015,0.009434387758613454,0.5586021992497399,0.1379567007847712,-0.012372255804042512,3,0.05593969261568511,0.2563057751274683,-0.2943193225210777,-0.25844429742398395,-0.24575173617685353,-0.22085709839697468,-0.3811936473089846,-0.0013001534538012198,-0.1861198940859039,-0.41286281010147446,-0.2645310247128608,0.005953881408497584
IG00014,train,in_distribution,gene,G0,1.0,none,none,0.0,simultaneous,0.3064302945503698,0.0,0.0,-0.1215232342989528,-2.0045400044700683,0.1355181752497631,-1.9843567490982097,-0.21040762773004718,4,-0.02626073557581162,-1.380152857016301,-0.24901891106751067,-0.18626685900655204,-0.3698673044860406,-0.16680047571654089,-0.4930014799421009,-0.26160714469772905,0.07204866748302856,-0.4404294143742257,-0.22699239044657127,-0.5271972752567753
IG00015,test,unseen_dose,gene,G0,1.6,none,none,0.0,simultaneous,0.49028847128059166,0.0,0.0,0.18365552464617138,-0.1774357878778402,2.5889955163155367,1.4793168702830681,-0.2784605425822187,0,-0.09365993178025923,0.4786845688763943,-0.24186122789895775,-1.0200377397119738,0.40350625510772303,0.13592953004173255,0.6011331386910482,0.5355872882546889,-0.5614503675095434,0.4594987133337238,0.09975456545375744,-0.17742936852761462
IG00016,test,unseen_dose,gene,G0,1.6,none,none,0.0,simultaneous,0.49028847128059166,0.0,0.0,0.5634137361538617,0.3776154975129958,1.157104187576022,-0.418682448705307,-0.0858299158730213,1,-0.08281372164077508,-0.013475995365039739,-0.20053306450229966,-0.4303507580262213,-0.27269504369720654,0.08120751448205679,0.00210631788777052,0.10629667830438438,-0.0018247604504418868,0.18834367159508086,0.0268171855710996,-0.1031513099407336
IG00017,test,unseen_dose,gene,G0,1.6,none,none,0.0,simultaneous,0.49028847128059166,0.0,0.0,-0.48394174663165607,0.4706559852601803,-0.6070244232023129,-0.18050787789651013,0.05460054621965445,2,0.22619017210407577,0.16861191205435064,-0.28935937637143694,0.28716967628742945,-0.026770344422270935,0.14884272398747853,0.08664645491675275,0.06736570847027132,-0.04873714296276754,0.2556680903468537,0.0743276211937731,0.11512128610601424
IG00018,test,unseen_dose,gene,G0,1.6,none,none,0.0,simultaneous,0.49028847128059166,0.0,0.0,-1.4231464834951102,0.45938437919768005,-0.876825870165725,-1.6885691498976498,0.014852349967527094,3,-0.0729110347711701,-0.46231112366345284,-0.27850669745336337,0.5284488534002509,-0.4902114473887845,0.28960419421702777,0.2122495592289788,-0.009625187902611312,0.2247833909206452,0.4671184466363795,0.2837874525174328,-0.10761171970455129
IG00019,test,unseen_dose,gene,G0,1.6,none,none,0.0,simultaneous,0.49028847128059166,0.0,0.0,0.21302340512368248,-0.3980167000202382,-0.8631648177985982,1.236311591188529,0.10249135656448416,4,0.7510861266740413,0.41246162752974713,-0.1788859134089597,0.24734903408152104,0.5093181528013716,-0.201966590985677,-0.16305908786347367,0.03278218999295457,-0.2860284470763576,-0.03192426845030519,-0.24195545788888895,-0.26274951675742525
IG00020,validation,in_distribution,gene,G1,0.25,none,none,0.0,simultaneous,0.07660757363759245,0.0,0.0,-0.8429499192578827,-0.6460256891965684,-0.0368263543990698,-1.6799871778817426,-0.10961228784179611,0,-0.2678580621204374,-0.7461108590844818,0.014322387643730124,0.009715896919055854,-0.48938908794728864,0.22254623775272078,-0.06939545759775367,0.035356851173656445,0.23145760606369054,-0.07172513960808398,0.06063757481325238,-0.2175532853910346
IG00021,train,in_distribution,gene,G1,0.25,none,none,0.0,simultaneous,0.07660757363759245,0.0,0.0,1.6029198252844827,1.088899992749004,-0.5052807757120069,-0.2562510260209219,0.1533757294645014,1,0.01383021425549917,0.33955581603569235,-0.08147910606616017,0.23164462562413396,-0.36362865432710106,0.01635518158928906,-0.6033864125826025,-0.144768468440646,0.07447826621009142,-0.3017234121459939,-0.21960504596821584,0.2594487584024923
IG00022,train,in_distribution,gene,G1,0.25,none,none,0.0,simultaneous,0.07660757363759245,0.0,0.0,-0.06814177862779865,0.8378273308200479,0.4508614133872528,0.12930929976304512,0.03413792789589097,2,-0.24677593516793578,0.29403365147755767,-0.012734944428955855,-0.032356033009730376,-0.1340843399309099,0.21519018741375023,0.06691002571493919,-0.04007931104431248,-0.09967330260869293,0.3171683935037684,0.24415028646940742,0.230905830468568
IG00023,train,in_distribution,gene,G1,0.25,none,none,0.0,simultaneous,0.07660757363759245,0.0,0.0,0.29945559147249834,-0.44132762904435957,0.28989196849967797,0.34112724962633856,-0.07324211281685765,3,0.00757688826998696,-0.011625270196521965,-0.044372200364565954,-0.2179850160702326,0.1340655873857696,0.04916868035010705,-0.04211518479748462,-0.029591023858341486,-0.1993352923169953,-0.19261176900039967,-0.00017077104232179896,-0.03752437360300091
IG00024,train,in_distribution,gene,G1,0.25,none,none,0.0,simultaneous,0.07660757363759245,0.0,0.0,2.136149824593642,-0.8288551030655417,0.001181851906053871,-1.1751369402582517,-0.035502849474748174,4,-0.1203906895860445,-0.44802635175506283,-0.1536342050485828,-0.2940915471786709,-0.5839048353116377,-0.3880777337048834,-0.9347058134734899,-0.26251682021917466,0.062049459226712796,-0.9222357054936546,-0.2949954582656962,-0.21423702500579817
IG00025,train,in_distribution,gene,G1,0.5,none,none,0.0,simultaneous,0.1532151472751849,0.0,0.0,1.364641377996423,-0.027327490626890143,-2.258817001632288,0.23883576619865118,0.22632331020069438,0,0.5805358860303308,0.1489542562522963,-0.09733786938971435,0.6183312018345246,0.01374125290523347,-0.25680887792544227,-0.7715381242260259,-0.4331945251050985,0.13303840767163044,-0.6826810827882726,-0.4968740283822011,-0.11029436178227588
IG00026,train,in_distribution,gene,G1,0.5,none,none,0.0,simultaneous,0.1532151472751849,0.0,0.0,-0.7860649865225848,-1.2476938023341129,-1.1566431374767734,-0.1280382037889432,0.040875048605017957,1,0.3621397523480256,-0.4108022886823916,-0.03589141931937152,0.6245609432623758,0.11915391285955569,0.09973932216278905,-0.04927239979341003,-0.14722438435102286,0.013354347592136037,-0.21103720597771863,-0.02181883109799991,-0.28315787434605766
IG00027,train,in_distribution,gene,G1,0.5,none,none,0.0,simultaneous,0.1532151472751849,0.0,0.0,-1.5400916383159797,0.37034301078398996,-0.5052195622974942,-0.48907182760096213,0.03862249644115608,2,-0.11440336716224066,-0.007564175506031154,0.06935984880316493,0.49865974101951654,-0.013268199768172208,0.5081306704816402,0.3005501337122769,0.10101026108150281,0.18825662119125441,0.4629403007243007,0.16428591559255817,0.07615461352082924
IG00028,train,in_distribution,gene,G1,0.5,none,none,0.0,simultaneous,0.1532151472751849,0.0,0.0,-0.29923412220163986,-0.10171485604099077,-0.13559945274114849,-2.6588382199138305,-0.05505218494056291,3,-0.6048838171826387,-0.8826019078580186,0.025697674122972757,0.20843440488257367,-0.9299118267507821,0.23753179527185245,-0.2676085018357896,-0.12379950348139766,0.44607077311481624,-0.05100121194261751,0.13802396758652108,-0.1738537180450463
IG00029,train,in_distribution,gene,G1,0.5,none,none,0.0,simultaneous,0.1532151472751849,0.0,0.0,0.8631389594294826,-0.8493459141529984,-0.2812103738015424,-1.2578694622682418,-0.03071560632732099,4,-0.049912001956541635,-0.47760722696972835,-0.07553701825521147,-0.045845150419728364,-0.4882089547390205,0.03137670511609239,-0.6556555929517529,-0.1767412036134537,0.06614611897568526,-0.5369251494836137,-0.20863037625333755,-0.18937788441659628
IG00030,validation,in_distribution,gene,G1,1.0,none,none,0.0,simultaneous,0.3064302945503698,0.0,0.0,0.4142614957993652,1.2264417602968352,0.7056747878746643,1.334200141222421,0.09308647266879483,0,-0.11119018110547453,1.0884961703608147,-0.23247698150486965,0.05708157804933909,0.16676841132132672,0.2574188123713631,0.22325758533295387,0.13021572545534715,-0.11263076892594985,0.3809500185852251,0.16470183300880137,0.38088393954644634
IG00031,train,in_distribution,gene,G1,1.0,none,none,0.0,simultaneous,0.3064302945503698,0.0,0.0,-0.38582567981524124,0.058694600310916195,0.13582042109881734,0.39495754577672637,0.007261504109619406,1,-0.06804579826738419,0.3300861037112255,-0.168391674411417,0.1635560575025739,0.05895048623644859,0.4211786774938535,0.10427217796602187,-0.026436120461039624,-0.12696893346112337,0.0747403000548124,0.20774684310439206,0.17596685100823142
IG00032,train,in_distribution,gene,G1,1.0,none,none,0.0,simultaneous,0.3064302945503698,0.0,0.0,0.28640105196575016,0.5726982655362642,0.14071626887139232,0.8232181653717779,0.07286963808303881,2,-0.09632085150299785,0.6734285421637165,-0.19829613382522787,0.2182279466479763,0.016123190731567413,0.32841604905699173,0.00489036682032925,-0.051098937066219055,-0.12776354315727448,0.1650989917260757,0.012461966896696174,0.22029282355923324
IG00033,train,in_distribution,gene,G1,1.0,none,none,0.0,simultaneous,0.3064302945503698,0.0,0.0,-0.2602588274608034,1.2065167881193823,-1.1614811594967343,-0.5371454884961931,0.25812429955606386,3,-0.0875664280175451,0.45251041220202515,-0.04663007936117093,0.8347237669301644,-0.28954029867267267,0.32054220809688977,-0.178040688710806,-0.15541423620210387,0.38672317470292716,0.3651649515635525,0.1393908784379827,0.2785926886507477
IG00034,train,in_distribution,gene,G1,1.0,none,none,0.0,simultaneous,0.3064302945503698,0.0,0.0,-1.64551720711694,-0.8007212726570813,-0.3644234863397525,2.0224425341769443,-0.05501073599232523,4,0.44019414981239907,0.4144190351190751,-0.10173768492149625,0.6042323732106984,1.1619876409654855,0.6094037955449225,0.5099448660285263,0.1630847305881517,-0.5784560543844687,0.32950067652500836,0.065257698595404,-0.25992197132071504
IG00035,test,unseen_dose,gene,G1,1.6,none,none,0.0,simultaneous,0.49028847128059166,0.0,0.0,-0.34344997345535144,-1.1393027721988884,0.1635600441851465,0.24185940969320166,-0.07076518193680595,0,-0.007659498653755746,0.01223063706323834,-0.2162134027706732,0.28809461990104834,0.1554718528807063,0.5560137786596412,-0.10160578138623765,0.01911146479188655,-0.17393650754958392,-0.22299288832826167,0.11915412011710633,-0.14207497649144815
IG00036,test,unseen_dose,gene,G1,1.6,none,none,0.0,simultaneous,0.49028847128059166,0.0,0.0,1.2357062608206515,0.019938406782343966,0.6698991380271865,0.013765506030451806,-0.010503987943228058,1,-0.23066481538216038,0.30457926457949125,-0.22962371991500838,0.004676169623042252,-0.20296558289970468,0.41554588206003523,-0.5099070377847803,-0.16178455432625247,-0.25632915916367377,-0.3225819828802323,-0.0847085081141691,0.1850728553436408
IG00037,test,unseen_dose,gene,G1,1.6,none,none,0.0,simultaneous,0.49028847128059166,0.0,0.0,-0.37758905743982424,-0.7909343595636653,-1.4324318121590238,-0.6042639729123568,0.10649035906770286,2,0.18818309025580388,-0.47605702394610305,-0.12669554337785072,0.944077221708135,-0.06507244392033218,0.4698684605330123,-0.44927217140423265,-0.4059749958325864,0.2166729983433719,-0.1499652848986813,-0.014329665072808008,-0.14408095237039853
IG00038,test,unseen_dose,gene,G1,1.6,none,none,0.0,simultaneous,0.49028847128059166,0.0,0.0,-1.5650942722223882,-0.1591048959819414,-0.1462630262350522,1.5487142765778459,0.03031640898821547,3,0.2543596636578442,0.6019035558235348,-0.33126807773269684,0.6655916199962925,0.5467019499673219,0.8064411785068807,0.5342223640384688,0.14259633122721196,-0.11501106559699376,0.5861732374638011,0.08894879092190883,0.14760725841962324
IG00039,test,unseen_dose,gene,G1,1.6,none,none,0.0,simultaneous,0.49028847128059166,0.0,0.0,0.49151348442984283,-0.2453061748970162,0.26057373065852657,0.13878089434665575,-0.018755734951604895,4,-0.08367444086309468,0.09114711153069163,-0.12180966839432443,0.1492281121515503,-0.1179340431071397,0.3359469803468882,-0.289947829476748,0.0651207985296447,-0.15437550416020107,-0.1815909040465943,-0.08793374875003908,0.03750821480624914
IG00040,validation,in_distribution,gene,G2,0.25,none,none,0.0,simultaneous,0.07660757363759245,0.0,0.0,-0.9400339661368895,0.38275922064338685,0.4369777007710775,-0.6106785481191568,-0.043718113373261376,0,-0.1494149014547303,-0.1313443182346837,0.17222132518515137,-0.17385748906184606,-0.10878174206712682,0.2576418738075075,0.3551124533173912,0.08256373440514513,0.10579585944185807,0.3189761261798793,0.24139628658275764,0.07676260491684582
IG00041,train,in_distribution,gene,G2,0.25,none,none,0.0,simultaneous,0.07660757363759245,0.0,0.0,-0.7464535761421943,0.3421670665190401,0.6565855578962588,-0.21527860127816922,-0.02197315061849208,1,-0.20827146430319848,0.023800258828459077,0.017483189762393436,-0.03581928751519396,-0.06530370608966724,0.20982243021302177,0.32951311847641745,0.08962482102408134,0.1118345354358931,0.45196668143820995,0.24310283875023075,0.07682093065377552
IG00042,train,in_distribution,gene,G2,0.25,none,none,0.0,simultaneous,0.07660757363759245,0.0,0.0,-0.0313889470170231,-0.47948870877264144,2.22573974796456,-0.21488406028448162,-0.2435115626159226,2,-0.470818364279066,-0.22741492606095048,0.025854429523101435,-0.7690562773604027,-0.1866692271503031,0.10003111903832963,0.3740594410016846,0.3877286060357347,0.02840685101412499,0.13420320596435353,0.1816205845216346,-0.12404842486915177
IG00043,train,in_distribution,gene,G2,0.25,none,none,0.0,simultaneous,0.07660757363759245,0.0,0.0,-0.3571993212815674,0.2855561403527563,0.46301359006909387,-1.9005205819029307,-0.10280911510641791,3,-0.4697777166931432,-0.6589015109572862,0.04660204255210982,-0.20107089567847064,-0.7019614527951005,0.12197255721166841,0.09397517538405394,0.03446707002553232,0.34385046772372047,0.10995819691046221,0.09872311073620355,-0.006717149607518395
IG00044,train,in_distribution,gene,G2,0.25,none,none,0.0,simultaneous,0.07660757363759245,0.0,0.0,0.4270898062803119,-1.8494405485925378,0.21134630828148593,0.760819790434209,-0.09764520551136033,4,0.3617308324375637,-0.22943339772775528,0.07540748043473106,-0.25212366544203607,0.3822022047154864,-0.1327156555325077,-0.22393044736487144,0.06298286251079038,-0.1806550296422456,-0.48111586939168194,-0.22645267891257984,-0.45242390952030853
IG00045,train,in_distribution,gene,G2,0.5,none,none,0.0,simultaneous,0.1532151472751849,0.0,0.0,1.501134528254181,0.9274595650735712,-1.6253773529864384,0.004387229210292632,0.2680662548354091,0,0.25294184925608265,0.37411109020551403,-0.0771521380277069,0.4769121503545801,-0.13259354011883448,-0.2478652763232034,-0.7250555426553387,-0.3562586380642121,0.21475082401313858,-0.11780519248244817,-0.20587704145656588,0.09252079733156243
IG00046,train,in_distribution,gene,G2,0.5,none,none,0.0,simultaneous,0.1532151472751849,0.0,0.0,-0.5137725420222792,1.4389699708867751,1.8840866380098595,0.36844030872956013,-0.11711945701522258,1,-0.650150472754898,0.6789473103375242,-0.004584472861527616,-0.4524634123747766,-0.043971477295154104,0.44213493247236224,0.7631434238079657,0.4885079074377976,0.00976390235184311,0.7748514911276279,0.2527990109299166,0.34056728917730295
IG00047,train,in_distribution,gene,G2,0.5,none,none,0.0,simultaneous,0.1532151472751849,0.0,0.0,1.7095156586504077,-0.6471718633202154,-0.3551279558722472,-0.07763742896472203,0.020368973164826346,2,0.2381703573524123,-0.09223931698367258,-0.01711013586078658,-0.10011080186068128,-0.04990424138634215,-0.262072309704273,-0.582446713696785,-0.19534207988782834,-0.08321893171371893,-0.6979306647167439,-0.48552597933084063,0.0037454380292071265
IG00048,train,in_distribution,gene,G2,0.5,none,none,0.0,simultaneous,0.1532151472751849,0.0,0.0,-1.4912430682945597,0.3005146393366182,0.6576712779546918,1.8317456221528516,-0.05020506753263176,3,0.2199381118454151,0.635860892521792,0.1046686709280526,-0.017704633872571904,0.9040171539468381,0.3700249249846407,0.8307720863562612,0.39279912396163225,-0.2676170511911486,0.7157496424002018,0.14642714353579475,0.024739098552251614
IG00049,train,in_distribution,gene,G2,0.5,none,none,0.0,simultaneous,0.1532151472751849,0.0,0.0,-0.8250259474621625,0.531665322878309,0.45762228369392766,-1.912365970713815,-0.04714235375170828,4,-0.5261677128171028,-0.4200003025449334,0.06756155515919063,0.025653659623726954,-0.6336315791648477,0.25000552546302346,0.19624106619575418,0.0905796821468028,0.4384601705447976,0.27780071816090546,0.18654419588051638,0.08388598915753544
IG00050,validation,in_distribution,gene,G2,1.0,none,none,0.0,simultaneous,0.3064302945503698,0.0,0.0,2.4704443176331146,1.8009031550747707,0.3528227646634921,-0.08151203666277884,0.13624565356822316,0,-0.20203756117706445,0.6946435340717311,-0.24651660493119798,-0.211492983906776,-0.6042841027344298,-0.25198106897893385,-0.5752150359809198,0.005536694988193036,0.29703091798206693,-0.293989570593935,-0.34380561884947475,0.44826176583966304
IG00051,train,in_distribution,gene,G2,1.0,none,none,0.0,simultaneous,0.3064302945503698,0.0,0.0,-0.01882767566689395,0.560768945142721,1.1634340004870038,-2.025764149401086,-0.13921905982524063,1,-0.752112661274838,-0.5089297499947549,0.05060931295383702,-0.4033996120517817,-0.6990053559964763,0.12850683429398024,-0.023612381604764456,0.23851400366809206,0.4884984845572822,0.19916268669058496,0.06498274974017869,0.07244742512185141
IG00052,train,in_distribution,gene,G2,1.0,none,none,0.0,simultaneous,0.3064302945503698,0.0,0.0,0.9822797484915649,-1.7231839883232467,-1.2805942834011825,-0.037550656629628816,-0.0035759958324305813,2,0.3900945104000948,-0.5500470573271409,-0.04838111689102843,0.21539266880170424,0.19424512747937678,-0.42485802405733414,-0.7273982717567254,-0.2789848614529084,-0.008645716215339702,-0.6998457105965731,-0.6583456431688579,-0.43770311600473144
IG00053,train,in_distribution,gene,G2,1.0,none,none,0.0,simultaneous,0.3064302945503698,0.0,0.0,-0.6714138070612826,-0.8433768426395034,0.32662316053850543,-0.4768799286137564,-0.18065161804932567,3,0.0598994365951921,-0.5935688373072111,-0.060080438344807086,-0.16553475538086634,0.1697595350824174,0.06639981818248643,0.2464795311595439,0.11951308178112437,0.035284471512592064,0.06487730270357367,-0.052965816009919994,-0.42418298654473163
IG00054,train,in_distribution,gene,G2,1.0,none,none,0.0,simultaneous,0.3064302945503698,0.0,0.0,-1.2392085538773923,1.087315422172002,-0.40783553507443354,-0.06346793552553506,0.05844894015902344,4,0.005224534063279489,0.17017007491979738,-0.06155455841655409,0.3105355578658482,-0.005349165767622177,0.3570735801480543,0.3434416385795883,0.2516780450203113,0.31511230641867627,0.7957379184806643,0.09397968659161268,0.1223085296746698
IG00055,test,unseen_dose,gene,G2,1.6,none,none,0.0,simultaneous,0.49028847128059166,0.0,0.0,-0.045116502592746216,1.6953859949311403,0.2621894332341641,-0.19189284014214728,0.09077665350834555,0,-0.24967369599404945,0.6381397548743193,-0.1323714743529253,0.13797596839004322,-0.07949462586230104,0.14081132293719226,0.14231095698122304,0.08237451110396393,0.30795046267210935,0.6341886843999036,-0.109672558794505,0.1534076826618771
IG00056,test,unseen_dose,gene,G2,1.6,none,none,0.0,simultaneous,0.49028847128059166,0.0,0.0,-0.2555464994244612,-1.4436402489161326,-1.347373194787665,0.8263833968122715,-0.04934460427092439,1,0.7505709698640591,-0.3558728804795143,-0.027937615270135163,0.21067772193406506,0.7000432545435846,-0.007746762967241035,-0.14063657098701576,0.028292806587124658,-0.1414994230401124,-0.07446995836824004,-0.4551140599091618,-0.576860440276887
IG00057,test,unseen_dose,gene,G2,1.6,none,none,0.0,simultaneous,0.49028847128059166,0.0,0.0,-1.0476430417540463,2.0575274652152458,-2.0224177307173283,-0.9049992405000306,0.28274624056525455,2,0.04983948322927351,0.2634721133758266,-0.044663409762193504,1.057998190078354,-0.2363795055395502,0.3188634443146541,0.20621677781097017,-0.23578773215009335,0.603894893359481,0.7676500870263259,0.19873059888481875,0.10912041875704606
IG00058,test,unseen_dose,gene,G2,1.6,none,none,0.0,simultaneous,0.49028847128059166,0.0,0.0,-1.5550203261542401,-0.0851873999415714,1.2765361048508903,1.1023410062774737,-0.17066336371595317,3,0.06956934520657758,0.23560201666453895,0.08273409643231941,-0.30401277183817516,0.585238579001889,0.5504884024026269,0.8172250966077957,0.6040263524898606,-0.14200700740647523,0.8043497456065185,0.0982383462919464,-0.09598901146777346
IG00059,test,unseen_dose,gene,G2,1.6,none,none,0.0,simultaneous,0.49028847128059166,0.0,0.0,0.6310383594303588,0.7221432718401102,-0.18218130481614336,-0.9874341570002216,0.03183154214635223,4,-0.2156586692852737,-0.18595794782071084,-0.04491095171286082,0.05852864179474014,-0.36156491085034714,-0.05699263653704322,-0.18840000670214666,-0.05516702339858641,0.3290741587996059,0.20223590398841895,-0.2279075661668847,0.1325254086901544
IG00060,validation,in_distribution,gene,G3,0.25,none,none,0.0,simultaneous,0.07660757363759245,0.0,0.0,0.39724318219773025,0.7189732634791988,1.4449868312739886,-1.5538271044955523,-0.11664911266107844,0,-0.7353422384793136,-0.18485415171068584,0.015943651119737577,-0.3353426870447513,-0.4612988037142549,0.06792022349644075,0.0740696790495759,0.09332685220605708,0.04758888652759832,0.18298919931817292,0.20587994088754705,0.10789123959540214
IG00061,train,in_distribution,gene,G3,0.25,none,none,0.0,simultaneous,0.07660757363759245,0.0,0.0,-0.47634334445189896,-1.763449413326142,-0.20235025328166986,1.6208965584549373,-0.06300559601332438,1,0.7045792417742415,0.06439928478693227,0.09595373880491251,0.04829017813524368,0.9612814643679543,0.07743167315934373,0.18813960675981928,0.12668314088882085,-0.3843776822539535,-0.18460113120597205,-0.22964152668428867,-0.32360833252558846
IG00062,train,in_distribution,gene,G3,0.25,none,none,0.0,simultaneous,0.07660757363759245,0.0,0.0,0.10488543578400343,1.3782968005345413,-0.2885805520906281,0.9466973943621924,0.1908369688794444,2,0.09460494912685757,0.8288855720648334,-0.08012017894459522,0.3593487568890904,0.16542633331874185,0.055871616427851364,0.04577186505948121,-0.08914949906165429,-0.05744716274547,0.35468527945851275,0.02965576699725209,0.3296040423033941
IG00063,train,in_distribution,gene,G3,0.25,none,none,0.0,simultaneous,0.07660757363759245,0.0,0.0,-0.1287397403767143,0.3619567323181238,-0.5742540616509423,-0.4660511082819826,0.06115452364224766,3,-0.03934660413486915,-0.050335998261294895,0.019569017918848797,0.26488120780192864,-0.15230779881309606,0.19341802961095605,-0.2191453104959346,-0.05995637385945251,0.17656121737837227,-0.0038225843921666086,0.06976755485359032,-0.025710615858520948
IG00064,train,in_distribution,gene,G3,0.25,none,none,0.0,simultaneous,0.07660757363759245,0.0,0.0,-0.31558527051131896,1.2846973904692147,1.945543453081312,0.602270929524888,-0.0701924128749268,4,-0.43144329140051174,0.7198519667061148,0.03594427609230541,-0.5078814768618937,0.08522464213716588,0.24400382082360622,0.6240618992461182,0.3704392253939955,-0.3145944220501128,0.6830667499170311,0.28357963880133724,0.48185360599492316
IG00065,train,in_distribution,gene,G3,0.5,none,none,0.0,simultaneous,0.1532151472751849,0.0,0.0,-0.7776708437209688,0.6578658950733012,0.8152831497472942,1.1531125760213607,-0.03868065028283706,0,-0.0672401532347824,0.6393476887825121,0.04907185812145359,-0.002323117048035301,0.3682825030005332,0.48248245688445285,0.7343114200211048,0.18883724993485906,-0.2910324666369029,0.5632132947378024,0.16847526221063647,0.06244877837387511
IG00066,train,in_distribution,gene,G3,0.5,none,none,0.0,simultaneous,0.1532151472751849,0.0,0.0,-1.011459603905478,1.0299262630300965,0.11979063556636768,1.380604504024946,0.05581272213575425,1,0.16646870858479962,0.8435038884565674,-0.09134703082165287,0.17014707069026017,0.622455182298306,0.4359332014316357,0.6268924064715706,0.17004815133013332,-0.13768870038462283,0.6775490245878529,0.25058776918163694,0.3047161777295608
IG00067,train,in_distribution,gene,G3,0.5,none,none,0.0,simultaneous,0.1532151472751849,0.0,0.0,-0.11077519224105907,0.2827494438464732,-0.7151903231678999,0.33385839783594806,0.08573787141877566,2,0.22881149911802773,0.31690402046745747,-0.08523193784616712,0.41149647951176266,0.25248970403997045,0.2465041885959378,-0.007209769884435641,-0.2488885236822081,-0.024596327462967388,0.09717168563187031,-0.13770648416034748,-0.1413652273635525
IG00068,train,in_distribution,gene,G3,0.5,none,none,0.0,simultaneous,0.1532151472751849,0.0,0.0,0.916501278410374,1.086446483227186,0.8651755606980979,0.842315353932181,0.025530148759581987,3,-0.17069288919230677,0.8299356791880539,-0.22477838971123498,-0.28403085787566384,0.03882468231553836,0.13217803021571778,0.14223071980486152,0.08033918796440784,-0.14081594246360826,0.27236545609974994,0.06978092037311223,0.4271998212653273
IG00069,train,in_distribution,gene,G3,0.5,none,none,0.0,simultaneous,0.1532151472751849,0.0,0.0,0.8992269028846555,-0.8376887288027484,1.2378715186585754,-0.21045204787022104,-0.14021127770926525,4,-0.17772641295167277,-0.07347331614900655,-0.06506259850423624,-0.5056319674368249,-0.029829320279633816,-0.0994303510304944,-0.23030532659430594,0.12454888293608442,-0.19261502929529167,-0.4107365544132191,0.005798996922469685,-0.16668296842606345
IG00070,validation,in_distribution,gene,G3,1.0,none,none,0.0,simultaneous,0.3064302945503698,0.0,0.0,2.3354033721858225,-1.1842559990568413,0.5095248074228818,0.5567424991594151,-0.10057677887341922,0,0.22805140416937775,-0.015743102116471147,-0.24249050409614045,-0.4365809782604063,0.20547987142674387,-0.21125823171196606,-0.9377179841707395,-0.055347007260978,-0.5411069733850202,-0.8526354782123273,-0.4293403696112238,-0.15764733650184312
IG00071,train,in_distribution,gene,G3,1.0,none,none,0.0,simultaneous,0.3064302945503698,0.0,0.0,-0.2518663573034598,-1.262081476090062,-1.2307418317891452,-1.3256387411350647,-0.035379210380011766,1,0.1945351260161276,-0.6710077157189026,-0.1596894089566776,0.509840065339807,-0.004287629645370869,0.25953582900643374,-0.5153530165552834,-0.2599276411468785,0.08748646487111075,-0.46499507865461176,-0.11533754312745402,-0.5233583975435513
IG00072,train,in_distribution,gene,G3,1.0,none,none,0.0,simultaneous,0.3064302945503698,0.0,0.0,-1.6320010813656576,-0.014624544144542936,1.582757977762801,0.508419039341123,-0.17232255754784806,2,-0.03827888405340876,0.14657095742361786,-0.10774983898601585,-0.13499202337504515,0.5545129695419575,0.6725793941960679,0.8864597882388517,0.18676152448022199,-0.30970369852752777,0.698013605456703,0.31478838160243194,0.05596947352263695
IG00073,train,in_distribution,gene,G3,1.0,none,none,0.0,simultaneous,0.3064302945503698,0.0,0.0,-1.0079525749287606,-0.022583423435444918,-1.2221676690575352,1.3774296209734311,0.10850072501065587,3,0.6006722236002112,0.5104952606328252,-0.1382431341180159,0.7777821573221809,0.736402638024976,0.4660199609619226,0.3596735829746598,-0.07296555057374293,-0.3869685285766691,0.41349417883619427,-0.04830403041797246,-0.008981452089960276
IG00074,train,in_distribution,gene,G3,1.0,none,none,0.0,simultaneous,0.3064302945503698,0.0,0.0,0.6073683419967352,-0.48753713844661917,0.9715700127011379,-0.5422699233120098,-0.18130672086463137,4,-0.3008480761252933,-0.24951359855082766,-0.20018158268326142,-0.2722418213486918,0.026003022187933517,0.32713632772711,-0.24411673953152707,0.020775496253641175,-0.24663352023843793,-0.030325785234428276,0.0012263960447810047,-0.19333010195623299
IG00075,test,unseen_dose,gene,G3,1.6,none,none,0.0,simultaneous,0.49028847128059166,0.0,0.0,-0.3311548838858878,1.436384431469174,0.4061658508090717,0.3339404167242594,0.11300186042330272,0,-0.22513746637055865,0.9248015301212129,-0.20946043568325695,0.3301584948601266,0.31910961830863943,0.6441461128776046,0.10053039708439725,-0.05952035256424965,-0.13534735126861835,0.7090578423920186,0.37838601538853667,0.4571086758093015
IG00076,test,unseen_dose,gene,G3,1.6,none,none,0.0,simultaneous,0.49028847128059166,0.0,0.0,-0.0965976996838173,0.9243027431728172,-0.7988784906146851,-0.7872596967981199,0.13534349372103505,1,-0.07420691860019539,0.15906095917535018,-0.19567260276087828,0.7059598941269876,-0.20976986386501023,0.5517200981613529,-0.22352083311042412,-0.32064736941913513,0.11141823466039119,0.4021778685388024,0.010161293909109095,0.04932241663097371
IG00077,test,unseen_dose,gene,G3,1.6,none,none,0.0,simultaneous,0.49028847128059166,0.0,0.0,0.9738313010312828,-0.3511516302775372,-0.12289596639111186,-0.9258857474234105,0.0007938870144629656,2,-0.03979256444650497,0.033525225807823675,-0.19668873788756194,0.225054609310309,-0.0832723847231613,0.39027430778654626,-0.6360754445127571,-0.3606443493646809,-0.2458532645587857,-0.36611786094520515,-0.2512718125178709,-0.13827666101134953
IG00078,test,unseen_dose,gene,G3,1.6,none,none,0.0,simultaneous,0.49028847128059166,0.0,0.0,0.7299457228344082,-1.0508052188838248,-0.5713584441137594,0.18871951167424986,0.021858635779387597,3,0.3506078223430459,0.14593008481856146,-0.31991035073162044,0.34978052138811055,0.39054298988531794,0.16911409230315622,-0.5793805213026424,-0.4342935306407702,-0.5590969049160316,-0.3559455437540845,-0.2309292683739954,-0.2980116393424153
IG00079,test,unseen_dose,gene,G3,1.6,none,none,0.0,simultaneous,0.49028847128059166,0.0,0.0,-0.5014907872205903,0.7931789045123208,0.3742757448769629,2.9106584942741347,0.08817637569806666,4,0.6079758838113878,1.4142408992539985,-0.2713894701748404,0.3974198424015193,1.1593061182826345,0.6777256553782705,0.42733024937025377,0.2602940381087214,-0.7626996883462319,0.7682519124602807,-0.053177536408638953,0.26682206741694514
IG00080,validation,in_distribution,gene,G4,0.25,none,none,0.0,simultaneous,0.07660757363759245,0.0,0.0,0.015180638997033606,1.0292029902594184,0.7137924743235528,0.3315408835121372,0.034735041607337515,0,-0.3000016141741358,0.4338332606776542,0.11852625209924096,-0.20544175673795806,0.009906241824114419,0.08299940199153824,0.11390825676577057,0.18498418169281125,0.07371834197361918,0.3086501374158456,0.1762484339047256,0.4424455555045751
IG00081,train,in_distribution,gene,G4,0.25,none,none,0.0,simultaneous,0.07660757363759245,0.0,0.0,-1.1385604119061024,0.24874411421376494,-0.5758069929077384,-0.2228455365426717,0.0521218472803052,1,0.06543349646501832,-0.032368903266269594,0.1147825454620377,0.2977204216116807,0.18556398164804888,0.19388048623109969,0.21034342800989325,-0.09636030629506485,0.2247684327791057,0.21073837183582209,0.13186895689463385,-0.02287621219253843
IG00082,train,in_distribution,gene,G4,0.25,none,none,0.0,simultaneous,0.07660757363759245,0.0,0.0,-1.2454860286139735,0.17035463350566218,-0.9132357585480292,-0.3891229414322777,0.10006013267313477,2,0.060801277481105545,-0.06624426317994421,0.1668898724112685,0.44917606214181754,0.04509128596519365,0.19442137986898167,0.15057489683787956,-0.19929658943295483,0.2320452424685635,0.30166620732196375,0.13817474998872836,-0.14718720195370388
IG00083,train,in_distribution,gene,G4,0.25,none,none,0.0,simultaneous,0.07660757363759245,0.0,0.0,-1.422851206777714,-0.22649293811608184,0.3872526709354011,1.2645650231155359,-0.046902862237253304,3,0.26766349635496633,0.1649293299629108,0.12260235175170511,0.050744744784101604,0.5241733744650209,0.21816524503930457,0.6093956331226955,0.25712005237893104,-0.1728896491035232,0.4835407280898931,0.03962220027115307,-0.18139087832334783
IG00084,train,in_distribution,gene,G4,0.25,none,none,0.0,simultaneous,0.07660757363759245,0.0,0.0,-0.6197621125938052,-0.2423802271301318,2.760911261038556,-0.6997298703495565,-0.2997919283254913,4,-0.8298644232384124,-0.3074958063652686,0.0901121123111934,-0.7361100064628371,-0.27642621834475145,0.3115090341110443,0.6983629989025579,0.4709885795764958,-0.06659031755706846,0.3333973797298575,0.40239929788652096,0.14371881093802885
IG00085,train,in_distribution,gene,G4,0.5,none,none,0.0,simultaneous,0.1532151472751849,0.0,0.0,-0.09233620669090133,-0.13001474531991813,0.18882899068767156,1.242181304330467,0.011233176292308281,0,0.2159812260459985,0.5302860300267092,-0.07810145419449199,-0.12599098363079309,0.465198360091914,-0.07041245380724628,0.20363384717800315,-0.038090519108479645,-0.2301521212815455,0.008905560031276785,0.015259077716389985,-0.022605367837651
IG00086,train,in_distribution,gene,G4,0.5,none,none,0.0,simultaneous,0.1532151472751849,0.0,0.0,-1.6321131398001119,-1.1391550918540478,1.2979311409546421,0.0517928722696028,-0.23930255075822604,1,-0.21708997583569928,-0.37396773073860495,0.10164924583540383,-0.2471243101754988,0.46936703492700116,0.20025640980086482,0.6311480433766261,0.3029169452568504,-0.17009423237035073,0.38834428747919525,0.1513128613621252,-0.33286782588502883
IG00087,train,in_distribution,gene,G4,0.5,none,none,0.0,simultaneous,0.1532151472751849,0.0,0.0,0.22133384872041573,-0.1603284319153949,-0.943582053748921,0.5330927331386918,0.1383585252056505,2,0.3069303937685125,0.19306510110277939,0.08995702681144692,0.3865364680910699,0.28399560413883257,-0.16082708962270195,-0.22884065315229424,-0.19768283894714822,0.04297359063056243,-0.25270222110005586,-0.018912034002077208,-0.13059567835703734
IG00088,train,in_distribution,gene,G4,0.5,none,none,0.0,simultaneous,0.1532151472751849,0.0,0.0,1.5470220793813008,-1.3729421117829752,0.6891986684476394,0.42611883938439965,-0.06962523164411957,3,0.14248492600292045,0.02592557700114169,0.10542836234948394,-0.543820157591536,0.2047083073458097,-0.44690437006272243,-0.44289759186343985,-0.1444597446385518,-0.1648819907007647,-0.744887285761993,-0.24087014975120052,-0.530780196074843
IG00089,train,in_distribution,gene,G4,0.5,none,none,0.0,simultaneous,0.1532151472751849,0.0,0.0,-1.4352140520550716,1.221744400496602,-0.6958968431010908,0.7442639459609927,0.13754995393096736,4,0.20927349028192116,0.6425491168373653,-0.08478298837937531,0.47851904261365524,0.4300684438968111,0.21363320127875762,0.4826769565266926,0.03705476473466947,0.036286752946780076,0.7068196449680051,0.2067174385580889,0.13955308445646072
IG00090,validation,in_distribution,gene,G4,1.0,none,none,0.0,simultaneous,0.3064302945503698,0.0,0.0,1.5625119437132236,-0.33645164946611644,0.25702746104723684,1.318588263372584,0.06035921188085705,0,0.24442311505474418,0.4315098755387405,0.13582257616176643,-0.12465364741411569,0.3782652493500909,-0.5153717443483585,-0.34630168629138114,-0.05638276085379787,-0.383536714574932,-0.4347227201662496,-0.31549218769309734,-0.16783252902333165
IG00091,train,in_distribution,gene,G4,1.0,none,none,0.0,simultaneous,0.3064302945503698,0.0,0.0,-0.696149355701388,-0.005966670094903835,2.093835083709924,-0.3463864286808028,-0.18302477291520589,1,-0.6129763132077456,-0.10068841040621103,0.18471224232569583,-0.44497423554377863,-0.09090188988531643,-0.0015145333400051891,0.4182989893760528,0.3861335548581347,-0.09160045039909875,0.09404834472750731,0.3094201871258466,-0.10080310165465026
IG00092,train,in_distribution,gene,G4,1.0,none,none,0.0,simultaneous,0.3064302945503698,0.0,0.0,-1.145509600562191,0.5931381611519994,-0.7553778976859268,-1.4191473780004005,0.11840595045859192,2,-0.26149069920519413,-0.0928639043825144,0.15033070708915014,0.5984653985335896,-0.4078618740553035,-0.11603009062060454,0.17290189418951502,0.030798783974505875,0.34186933033970407,0.16466657195860498,0.23957621652696903,-0.16765601708151778
IG00093,train,in_distribution,gene,G4,1.0,none,none,0.0,simultaneous,0.3064302945503698,0.0,0.0,-1.001056726401412,0.10185434368338396,0.31362659349085503,-0.049607506517245784,-0.010084313235780212,3,-0.16018490118936196,0.21085567210811867,0.11736219786721992,0.050997725300808414,0.0736478027086111,0.19822762024461812,0.243291227326033,0.1140829748623356,-0.1046852060199325,0.17968261657085852,0.2143770376489389,-0.05164151176503862
IG00094,train,in_distribution,gene,G4,1.0,none,none,0.0,simultaneous,0.3064302945503698,0.0,0.0,0.2523289277037833,0.16198494569913086,-0.24544660683773806,-0.08249507626202199,0.0431467180670107,4,-0.14142110218132387,0.060362304191135085,0.2599408469623098,0.21962720402072394,0.14780908414266292,-0.09119497503388865,-0.20149675587024307,0.003334008495845864,-0.11409099463418061,-0.14427377206530542,-0.039667892755014075,-0.08650830162945974
IG00095,test,unseen_dose,gene,G4,1.6,none,none,0.0,simultaneous,0.49028847128059166,0.0,0.0,0.6130372120142081,1.1862583890283174,-2.1081435628057754,0.28865291441704016,0.3782819623407549,0,0.31688403301652707,0.7375036384478121,0.2306889204187899,0.93665628875722,0.36201946021497267,-0.5263404157476981,-0.5011354490926165,-0.4417609797667431,0.1878627540560068,-0.3480672657838005,-0.19405725905110485,-0.031143507326711065
IG00096,test,unseen_dose,gene,G4,1.6,none,none,0.0,simultaneous,0.49028847128059166,0.0,0.0,0.07627396715310197,-0.387641193462501,1.5745076091656738,1.3717967372536752,-0.09160796455476217,1,-0.08399206815724904,0.6546175743369486,0.09096154187671404,-0.33860168548438097,0.5550118299478944,-0.16449152160917618,0.43587110256869954,0.31837649199160467,-0.4185835548413255,-0.15699603459744074,0.19017060832532567,-0.1882111853625945
IG00097,test,unseen_dose,gene,G4,1.6,none,none,0.0,simultaneous,0.49028847128059166,0.0,0.0,0.12478356242873831,-0.621854117500914,-0.3357736234452196,1.1778899227974569,0.10495134454489605,2,0.3550058043538149,0.38697560167481704,0.25784690726614673,0.1769193204140215,0.517753660534471,-0.33696111111669164,-0.2490481800409038,-0.06389659500584348,-0.23971678900994298,-0.4135464523382975,-0.08214820549984696,-0.3592249504734919
IG00098,test,unseen_dose,gene,G4,1.6,none,none,0.0,simultaneous,0.49028847128059166,0.0,0.0,0.6411315367094096,-0.8750139113201048,-1.524440452325849,-0.7293580316485269,0.18000645830158432,3,0.31431133072957407,-0.24623609770120872,0.24766893556291503,0.40379962541332726,-0.14155167681202252,-0.7603925282162406,-0.6631952398476456,-0.3528972343736062,0.010550496828641495,-0.7867919179254276,-0.018781100822365032,-0.5931218430149577
IG00099,test,unseen_dose,gene,G4,1.6,none,none,0.0,simultaneous,0.49028847128059166,0.0,0.0,-1.3562633253696317,-1.6822747449816629,1.213645216899742,-0.5505362452145395,-0.19144263682856022,4,-0.29320816031611807,-0.4819475400631923,0.41596650246996725,-0.23666872023758445,0.32288812952254153,-0.11050680836949414,0.2678405488374141,0.24855981581769832,-0.14222090956212202,-0.22928050078689696,0.24688105623581713,-0.6072800550890975
IG00100,validation,in_distribution,gene,G5,0.25,none,none,0.0,simultaneous,0.07660757363759245,0.0,0.0,0.39850033234680426,-0.9300895907349631,0.6178643233607525,-0.3331676471571534,-0.1548064852052887,0,-0.049824645766882225,-0.3674981363566924,-0.003990227053097328,-0.4341368219202696,0.07545754230316007,-0.025925672331132715,-0.06555866452695286,-0.042676432953311985,-0.23873776170291378,-0.17004236098648748,-0.07574873617048831,-0.19256979452299036
IG00101,train,in_distribution,gene,G5,0.25,none,none,0.0,simultaneous,0.07660757363759245,0.0,0.0,-0.33856648621707774,-1.6399856617345443,0.14595591050632187,0.719181565683044,-0.1649878354664269,1,0.2753824081550108,-0.2594267336394824,0.11060097702028794,-0.13484999666157677,0.4853532958064418,-0.05868920422400932,0.2456374928670696,0.27850521266370165,-0.38153277343423586,-0.3425269622972813,-0.1927036623719887,-0.37366709412416627
IG00102,train,in_distribution,gene,G5,0.25,none,none,0.0,simultaneous,0.07660757363759245,0.0,0.0,0.4681462085791428,-1.0939990235896444,1.0732617041426427,-0.09715827977049711,-0.2368630827398312,2,-0.06446993922474714,-0.4135623984489262,-0.03326962315446049,-0.6854239268272037,0.030440039708445485,-0.062084722797434,0.01623889669817418,0.1574307400203752,-0.24959062298857349,-0.5231074244482633,0.014041428980377496,-0.1995208174577119
IG00103,train,in_distribution,gene,G5,0.25,none,none,0.0,simultaneous,0.07660757363759245,0.0,0.0,-0.4874619056127443,1.6733738582309063,-0.7593652220946795,0.19721511161071079,0.1509278226265799,3,-0.05513916144080126,0.6252965819991096,-0.039654901213396564,0.38598030905568426,0.1292199155847198,0.145808264027162,0.34956936724671345,-0.04515407982387257,0.09308670713979647,0.5118637046096881,0.14883258289431892,0.4560207987487742
IG00104,train,in_distribution,gene,G5,0.25,none,none,0.0,simultaneous,0.07660757363759245,0.0,0.0,-1.625757781071578,-0.21865362757210008,0.7550894235947838,0.3013502927427437,-0.14530320175459072,4,0.06353797957886885,-0.14880535724405192,0.11357605414240157,-0.05678656946851479,0.39523815694211956,0.34845091166134234,0.7631959349330582,0.3546041653089349,-0.3113023426892071,0.467349278787143,0.1931666482832217,-0.005328611490120597
IG00105,train,in_distribution,gene,G5,0.5,none,none,0.0,simultaneous,0.1532151472751849,0.0,0.0,-0.4385673837197788,-0.18988538795852153,0.13088380493042184,0.1144662691407219,-0.04822000493358804,0,0.13398567522501553,-0.047949558519578134,0.10783666848724444,0.055214454035149685,0.24894627008791206,0.0992971179551922,0.22645871021263175,0.19114835419223902,-0.22360967966657547,-0.06694863549311078,-0.03645812241047883,0.079695065758692
IG00106,train,in_distribution,gene,G5,0.5,none,none,0.0,simultaneous,0.1532151472751849,0.0,0.0,-1.3247094771950942,0.48600671724917716,0.25117256766666857,-1.3137510698761263,-0.10973952681859622,1,-0.42261198409998013,-0.5050936389681958,0.00458831414130266,0.12808692066684702,-0.13128665891423488,0.20265190307358874,0.47048126943813107,0.027935833715336145,0.05350693870462256,0.40096788520762433,0.22165730650279608,0.11479758089742476
IG00107,train,in_distribution,gene,G5,0.5,none,none,0.0,simultaneous,0.1532151472751849,0.0,0.0,0.35015633388959677,-0.14224400450663696,-0.057279327224876934,-1.4142120362605417,-0.06693259758787737,2,-0.2766400477587078,-0.517508661503357,0.0781648443363574,-0.09191611796245416,-0.2491469955714676,-0.16323288838817682,-0.2740285952643586,-0.047003202793289026,0.13439999033764677,-0.30223190371218533,-0.18718005754207862,0.03469401704032557
IG00108,train,in_distribution,gene,G5,0.5,none,none,0.0,simultaneous,0.1532151472751849,0.0,0.0,-1.1283472458133816,-0.7455748976535685,2.7710846151621094,0.45071289140245047,-0.37906163066920806,3,-0.3695566294254693,-0.20526914412227043,-0.05454134806208179,-0.7642122365772415,0.30895078250422414,0.38190112849201757,0.8795437536605852,0.49415644860352514,-0.5834179277265089,0.233202587962457,0.366360316008717,-0.12488352037596179
IG00109,train,in_distribution,gene,G5,0.5,none,none,0.0,simultaneous,0.1532151472751849,0.0,0.0,0.07977135184893892,1.856457860566954,-0.19606297182112747,1.3274895861825786,0.1345340540451308,4,0.08907462434433253,1.058229643078804,-0.12521277512491386,0.26980975046022093,0.42464420029421474,-0.02285548628464816,0.379748774766776,0.19447965047357296,-0.2332365712727151,0.39917641148083133,-0.056795681696358666,0.5676419670916403
IG00110,validation,in_distribution,gene,G5,1.0,none,none,0.0,simultaneous,0.3064302945503698,0.0,0.0,-0.40269094789983717,2.173855366534573,-0.7272028678604526,-0.5963887061968369,0.11646766906643014,0,-0.354069305162589,0.4788640026414725,-0.06595296209707954,0.5348374827078469,-0.1366145020721115,0.06628537773466152,0.48537929563504245,0.0023163244804979347,0.06802957630897231,0.32926694331255657,0.07028457374468337,0.6741204259887643
IG00111,train,in_distribution,gene,G5,1.0,none,none,0.0,simultaneous,0.3064302945503698,0.0,0.0,-0.23237468916348858,-0.9531048859381085,-1.3442365863623424,0.8582306583636745,-0.024379764777950952,1,0.6572730521471316,-0.032551289526414166,-0.05886490835387729,0.3545148861948758,0.6718703062121841,-0.1812891974437529,0.09818635186631655,0.1268554653228935,-0.4396516598569041,-0.5904127311783719,-0.3005673027607836,-0.08239027532623315
IG00112,train,in_distribution,gene,G5,1.0,none,none,0.0,simultaneous,0.3064302945503698,0.0,0.0,-0.024768349220037053,-0.9228881427534814,-0.9606310792684476,-1.3749589933455866,-0.05821151946033195,2,0.07979925475773209,-0.71680965954895,0.08863556692188555,0.31314569131894765,-0.10547462508041328,-0.13994218034544842,-0.3205247787147367,0.14264408299749565,-0.1697886744289473,-0.6627021531389186,-0.10469749965754316,-0.06930836332939952
IG00113,train,in_distribution,gene,G5,1.0,none,none,0.0,simultaneous,0.3064302945503698,0.0,0.0,0.8563321430107979,1.8389162786580089,-0.5465823500423099,1.2702397326769208,0.16574780145714915,3,0.1483638286556179,1.0609308697744906,-0.06934162916132768,0.34946817297350685,0.38830806515876437,-0.08327031703065688,0.2542116191753981,-0.08983903372720091,-0.32084789484596765,-0.03899093898670697,-0.24703835274122204,0.6392897439620766
IG00114,train,in_distribution,gene,G5,1.0,none,none,0.0,simultaneous,0.3064302945503698,0.0,0.0,0.24904567695951274,-0.2047224918753353,-1.7531040133935851,-1.283733178701959,0.08818868331137995,4,0.24647625167590015,-0.4261312205622145,0.06490332824150216,0.46266650707104723,-0.16022356302239454,-0.2238713733828182,-0.4751629815310644,-0.18753914061666205,0.002571494158113979,-0.5812609339278235,-0.3483865659527876,0.10716635059274476
IG00115,test,unseen_dose,gene,G5,1.6,none,none,0.0,simultaneous,0.49028847128059166,0.0,0.0,-0.5668881553338323,0.6730165091071788,0.0875158863170359,-0.9544359870982295,-0.0562265869568437,0,-0.40034109317535477,-0.08385836849033784,0.13197119412052793,0.22774062150224078,-0.01519682627592539,-0.1705598398794988,0.5534225905850457,0.09429102847222728,-0.22643012466602772,-0.13852347089296585,-0.07688543853054955,0.46282619813706477
IG00116,test,unseen_dose,gene,G5,1.6,none,none,0.0,simultaneous,0.49028847128059166,0.0,0.0,-0.6213305001641275,0.2942979570323032,-1.1214009850771562,-0.060805384474719115,0.023710069407955725,1,0.37420250581385023,-0.03038762563498493,0.15388706669786806,0.4695535346025204,0.3592429318797815,-0.053952308457374566,0.45833627134374494,0.023745295506734293,-0.3423810848740214,-0.3272245814450368,-0.3280680356385496,0.3513938196125815
IG00117,test,unseen_dose,gene,G5,1.6,none,none,0.0,simultaneous,0.49028847128059166,0.0,0.0,1.006172767662107,1.7414362161954637,1.469933362473035,1.2950935438819855,-0.08870952007349331,2,-0.284780987461131,1.048214103739297,0.015042278422489334,-0.25894702371222333,0.584697183435228,-0.05054435136624561,0.739541786276984,0.48492968880861037,-0.6848918254343574,-0.035770252279126086,-0.18303513216530246,0.80345650254475
IG00118,test,unseen_dose,gene,G5,1.6,none,none,0.0,simultaneous,0.49028847128059166,0.0,0.0,-1.39589181445154,-0.9195235790849027,-0.40714749189726546,1.569397927748043,-0.156187287882943,3,0.7695036043071899,-0.020334465022612436,-0.07543782205387645,0.4170889947321279,1.1626945486727946,0.09667215733256868,0.8771260747180111,0.37860227009196185,-0.8514499540795145,-0.16843393023747757,-0.31019964741321304,-0.04758468957363546
IG00119,test,unseen_dose,gene,G5,1.6,none,none,0.0,simultaneous,0.49028847128059166,0.0,0.0,1.1888979561256137,0.9761585252671778,0.005007442503878442,0.04583739543759763,0.010291221157674647,4,0.04268293093930583,0.32453107245030477,0.07504539746827639,0.10464757003196423,0.057829070122155574,-0.2403529874838117,0.17254038948262537,0.1401081357975501,-0.33716766739688797,-0.39706728792400475,-0.43143385985500327,0.3093074688269445
IG00120,validation,in_distribution,gene,G6,0.25,none,none,0.0,simultaneous,0.07660757363759245,0.0,0.0,0.1664272711395758,1.472848345230655,0.35363145104737975,-0.10895863663246425,0.07808545647516768,0,-0.2837113644933261,0.48413012134485217,0.015649927907592426,0.03578464198864029,-0.13773310840940708,-0.009422818299884159,0.19663814983836023,-0.001746286498604005,0.0616844835392331,0.25814207437936754,0.07382738959514626,0.36846634852651766
IG00121,train,in_distribution,gene,G6,0.25,none,none,0.0,simultaneous,0.07660757363759245,0.0,0.0,1.0739930998479486,-0.2809415835462051,0.07384196564110199,-0.03693945217483703,0.021659405065615575,1,0.03721561762700925,0.09117291204152225,-0.0866552327804182,-0.1192673487725773,-0.155328348116922,-0.3200778005676259,-0.3377058966486842,-0.030742448225487978,-0.0959825172963411,-0.4351094661348198,-0.13256367924224252,-0.0006152331131345293
IG00122,train,in_distribution,gene,G6,0.25,none,none,0.0,simultaneous,0.07660757363759245,0.0,0.0,0.7369877219784793,-1.2682745875642518,-0.012943053088105425,-0.5033541257215783,-0.10160432609137564,2,-0.04415728504180307,-0.5337189383588594,0.013147642448857015,-0.1720355095270366,-0.14656249715407868,-0.18133446285348975,-0.40189879274614215,-0.051089242738443105,-0.02334736896913503,-0.6135666204412777,-0.15537550335495753,-0.30573771933220223
IG00123,train,in_distribution,gene,G6,0.25,none,none,0.0,simultaneous,0.07660757363759245,0.0,0.0,-0.6760727373132067,0.10286117555310358,-0.050240309202405915,-0.9735284002073733,-0.007303631637116486,3,-0.25168041947510345,-0.2793796984673726,-0.049692852139615835,0.3346106322822352,-0.24284527022769486,0.12465832673616983,0.16345308223374244,-0.036744866610510296,0.17341042330439604,0.2078034061795201,0.06140176156167072,-0.006030773095375812
IG00124,train,in_distribution,gene,G6,0.25,none,none,0.0,simultaneous,0.07660757363759245,0.0,0.0,-0.5266173342753042,0.1553601890135133,0.2518843607963157,0.2790519924095605,-0.027298655875301822,4,-0.03593622179106741,0.11952918825657803,-0.015053972577695656,-0.019591970861938146,0.09540625190306824,0.1522311364217735,0.2101461877252893,0.19005343359450402,-0.0839783860736801,0.15317350037662333,0.1785993343302097,0.11471542020757797
IG00125,train,in_distribution,gene,G6,0.5,none,none,0.0,simultaneous,0.1532151472751849,0.0,0.0,-0.13589975118984185,0.6765173220728679,0.22743311117910278,0.4167972488578606,0.04669654392606265,0,-0.04100148835102952,0.406595187391659,-0.050945143103033816,0.11620277344305219,0.013498417660000206,0.004284130012752421,0.2552537939745998,0.14770608280350334,-0.18925729438078895,0.23195330038098264,0.04903625001913277,0.2965789163914486
IG00126,train,in_distribution,gene,G6,0.5,none,none,0.0,simultaneous,0.1532151472751849,0.0,0.0,0.48543292270370897,0.6282408244421803,-1.5614324505139632,-0.07319646348916449,0.16498694097745648,1,0.18472332242270212,0.2890632538123932,-0.2319443952707757,0.5128558107896188,-0.004966752068384268,-0.08116219706560042,-0.3853751520145398,-0.28285711858172774,0.08010496647189563,-0.271822005998947,-0.07389893481747148,0.1889657405028089
IG00127,train,in_distribution,gene,G6,0.5,none,none,0.0,simultaneous,0.1532151472751849,0.0,0.0,0.8680486525754977,-0.9546759191951408,-0.4530066483055446,-1.303987419479624,-0.07194960298820113,2,-0.10905484976067507,-0.6419372409790444,-0.0418712660194718,-0.06392270227837944,-0.42385533106969553,-0.17217525546457751,-0.6164164380328496,-0.2571990453939933,-0.13438853311193225,-0.7096438960265161,-0.16350524816840925,-0.3162311385672673
IG00128,train,in_distribution,gene,G6,0.5,none,none,0.0,simultaneous,0.1532151472751849,0.0,0.0,1.028786661779216,1.744383005771749,-0.9830689925926971,-0.07609027936162095,0.2421651539829698,3,0.06746017175237676,0.5501346339533266,-0.11729427572781767,0.42765787270148165,-0.3040029117882718,-0.2356329948905165,-0.38620909970100065,-0.12264088797850706,0.0397877841177493,0.036217849963667365,-0.06597594194814098,0.35522403359801896
IG00129,train,in_distribution,gene,G6,0.5,none,none,0.0,simultaneous,0.1532151472751849,0.0,0.0,1.7487241616971496,-0.15340520856374676,2.6163081258123646,0.0022559669746448612,-0.25833347259652906,4,-0.5870777018994594,0.1447008680675555,-0.2261270677612716,-1.0863213456175198,-0.31027570122230286,-0.19671766320235504,-0.15353299541711568,0.40662422919205377,-0.3383095385415699,-0.45797634105299573,-0.03249170875163648,0.20059458775565914
IG00130,validation,in_distribution,gene,G6,1.0,none,none,0.0,simultaneous,0.3064302945503698,0.0,0.0,-0.21072948713137368,-0.5791447060598253,-0.3583791505846615,0.34250021761908866,0.0011825211841349909,0,0.1165833227444042,0.21981714743719089,-0.0920864308167738,0.24055168655765932,0.3202878665782446,-0.1041790058242345,-0.013098398387785794,0.01934443682659734,-0.312286556543398,-0.27248047107243206,-0.11105720430630361,-0.04066316729121349
IG00131,train,in_distribution,gene,G6,1.0,none,none,0.0,simultaneous,0.3064302945503698,0.0,0.0,-0.7845923283361371,0.13563423493232585,0.7596638390365295,0.4095348573393286,-0.0905177966749419,1,-0.10820159956075678,0.2198146799846053,-0.05047392080421595,-0.016040069086292588,0.30548292713284614,0.24378210405786546,0.4187618812901111,0.3631227834217403,-0.4325161530801165,0.37643707952799954,0.2765668740422037,0.09561902780108289
IG00132,train,in_distribution,gene,G6,1.0,none,none,0.0,simultaneous,0.3064302945503698,0.0,0.0,0.3367125091010656,0.8060845050004054,-1.6520301572497913,-0.6409925379130641,0.18678545903244825,2,0.11420435943781562,0.14948128395079652,-0.10484515282658202,0.75664979250584,-0.26084616070674105,-0.13415786598980806,-0.44615726036561265,0.04665979906672374,0.02292588097082955,-0.24763507968658122,-0.10431084374858604,0.19120668104058244
IG00133,train,in_distribution,gene,G6,1.0,none,none,0.0,simultaneous,0.3064302945503698,0.0,0.0,-1.5590290631282713,1.4501169310461521,-0.2861654253401652,0.378292525818901,0.06043490992026747,3,-0.1173894135254239,0.47578732544189706,-0.014914711626230898,0.5399821848200389,0.32636653674755145,0.3562373622107041,0.6524315690176414,0.2731014904318297,-0.19249005523199297,0.8362714548382704,0.30343953194517204,0.3275055217010285
IG00134,train,in_distribution,gene,G6,1.0,none,none,0.0,simultaneous,0.3064302945503698,0.0,0.0,0.08365974530322275,-0.21835075706390578,0.6922596590865754,-1.1891009958140264,-0.11696132987404761,4,-0.36054408205532085,-0.2573704445742285,-0.04304691600008687,-0.21112214712302008,-0.2521294925360553,-0.08062478471106067,0.026724887242481288,0.04898093231291467,-0.2713698974698478,-0.15225143024173737,0.09926737848798625,0.011688727926273405
IG00135,test,unseen_dose,gene,G6,1.6,none,none,0.0,simultaneous,0.49028847128059166,0.0,0.0,0.6593913810751095,0.07800192168598305,-0.0563571246320585,1.8075523069820214,0.03182114535369737,0,0.4395038198454465,0.9021699349408832,-0.4084377269862327,0.2646310712946372,0.6570014163670855,-0.042439955877737495,0.015127674367288825,0.12423243917851037,-0.728754631856926,-0.2934044230452035,-0.1826116916534934,0.13409165785557176
IG00136,test,unseen_dose,gene,G6,1.6,none,none,0.0,simultaneous,0.49028847128059166,0.0,0.0,0.3419540208906991,-0.20910672829038962,1.2733271059711617,0.233574678664312,-0.17781370164936466,1,-0.27537696723410265,0.15870925895937904,-0.21553609946083385,-0.29390783123601955,0.3283055757940157,0.016086925371929822,-0.07697183428444404,0.4017570502318357,-0.6874443407834633,-0.1508401655993674,0.04223373368816162,0.2653259560009763
IG00137,test,unseen_dose,gene,G6,1.6,none,none,0.0,simultaneous,0.49028847128059166,0.0,0.0,-1.6172273590248911,1.770070791772214,0.2225343383965662,-0.6729113036878637,0.024237193800036923,2,-0.6170042914699794,0.4602800222064597,-0.15927193469763273,0.5740392564041553,-0.1816643218119554,0.34419455916166675,0.5116527642443798,0.2986778823886557,-0.12912731791838047,0.5938587172416356,0.2829633929515238,0.4344108307270509
IG00138,test,unseen_dose,gene,G6,1.6,none,none,0.0,simultaneous,0.49028847128059166,0.0,0.0,-0.7714704612074327,1.2226176563256725,-1.1335955241433413,0.6430132651033608,0.1823397394545681,3,0.3315742620050771,0.7347933615247035,-0.30831660153090545,0.853493027244712,0.33907438700609843,0.19843861349642888,0.2304687249905254,0.1922049977717849,-0.21001840401948482,0.35575664723647893,0.2317116903031239,0.33885040198785177
IG00139,test,unseen_dose,gene,G6,1.6,none,none,0.0,simultaneous,0.49028847128059166,0.0,0.0,-0.9983573824693855,-1.9689576313908281,-0.3058812670860717,0.2925350218686497,-0.15943166353123056,4,0.19986347863054443,-0.48615008204394006,0.009968649999058138,0.13784850558354034,0.6057345634205744,0.06425321292151148,0.14186277117977564,0.07893901709992307,-0.5493153812933507,-0.3589752453364954,0.1341319420104505,-0.225009756182041
IG00140,test,unseen_perturbation,gene,G7,1.0,none,none,0.0,simultaneous,0.3064302945503698,0.0,0.0,0.0954726143967169,-0.859445404476074,-0.24182939497360562,-1.4422951646279094,-0.2023879555849771,0,-0.14289505000164307,-0.8595037519127197,-0.07325265048064318,-0.1449001061416525,-0.1853144341994038,0.04201643497098714,-0.1920798423082308,0.04828259958488082,-0.12021282390906746,-0.5108362735121265,-0.21135938670821716,-0.11251871518204648
IG00141,test,unseen_perturbation,gene,G7,1.0,none,none,0.0,simultaneous,0.3064302945503698,0.0,0.0,0.7572032782027374,-0.9927111737208666,-0.4072815248892611,0.2225223891780286,-0.1523708555418241,1,0.34456050433721935,-0.32365692534662244,-0.22343020474063952,-0.14244536399924773,0.32564291871793366,-0.28550338799069885,-0.15916107849690297,0.001225892189479976,-0.5867568220899282,-0.6822174122062665,-0.375242482669889,-0.19969251206692634
IG00142,test,unseen_perturbation,gene,G7,1.0,none,none,0.0,simultaneous,0.3064302945503698,0.0,0.0,-0.28655278444624943,1.0506714769511223,1.8525729975819438,0.853727686146111,-0.20287308875128796,2,-0.5145484687346692,0.4998450124552789,-0.08351670268150002,-0.3680396498889986,0.2159592027204738,0.29482423810390396,0.7801155569755451,0.4736255178654474,-0.640035801393537,0.4170098373538611,0.030658680777622765,0.4425037646427201
IG00143,test,unseen_perturbation,gene,G7,1.0,none,none,0.0,simultaneous,0.3064302945503698,0.0,0.0,-0.10436214370936428,0.7131247331132323,-0.5067781690696457,-1.252035030660718,-0.023506525403669706,3,-0.21875478198965043,-0.32610914744743064,0.0329733819984047,0.17314473944011993,-0.14501160633881516,0.07296900395543264,-0.0388108625846511,-0.14250968415637563,-0.16795071226494332,-0.010224797521572265,-0.004264958470605464,0.19686843062105694
IG00144,test,unseen_perturbation,gene,G7,1.0,none,none,0.0,simultaneous,0.3064302945503698,0.0,0.0,-1.3133479533189818,0.7129539700178307,0.6603539908801567,-0.43837685012962424,-0.209493099325259,4,-0.38437346680589857,-0.08536072548033519,-0.11025200720119141,-0.10989031969344562,0.20188391791573745,0.41254648220035306,0.6676698644991121,0.22012819295578376,-0.4515112158961528,0.31722126515418836,0.10700088168136122,0.2962476626537556
IG00145,train,in_distribution,compound,C0,0.25,none,none,0.0,simultaneous,0.09090421919857142,0.0,0.0,0.5064949186257729,2.7514058031818873,-0.778131984603381,0.3209961250984352,0.3105721901553205,0,0.03637900234913044,0.9725064083814982,-0.11586600185684051,0.47619906867061207,-0.12095542418043614,-0.013223808454437547,-0.12027074381866149,-0.13441824721429926,0.40347878491817823,0.3726463582832653,0.03264533345084062,0.6036884021001951
IG00146,train,in_distribution,compound,C0,0.25,none,none,0.0,simultaneous,0.09090421919857142,0.0,0.0,0.20394274481436586,0.960935801793852,0.07014810488866313,-1.4070312061893875,0.03654427812763182,1,-0.47914334690828614,-0.13768516176845025,-0.04983323751583213,0.10250309743194984,-0.5765536968406831,0.22538727430406724,-0.11009673665020761,-0.07432967394804046,0.3853608466036784,0.2248270605266861,0.20508974171344932,0.2607498620828471
IG00147,train,in_distribution,compound,C0,0.25,none,none,0.0,simultaneous,0.09090421919857142,0.0,0.0,1.2138914185941632,-0.1494650027300891,0.059829135072125686,0.16191111568563385,0.0173192342601855,2,0.02932444817702439,0.030218402430845906,-0.14538781960806232,-0.10386629574431844,-0.18498095689876584,-0.19994273153746928,-0.4418625183176963,-0.03444398609085303,-0.04536900170328735,-0.35967852702153186,-0.12234780260323244,0.01614559194624456
IG00148,train,in_distribution,compound,C0,0.25,none,none,0.0,simultaneous,0.09090421919857142,0.0,0.0,0.5144531867743998,2.083171663860053,-1.4187956348492805,2.1431019892183287,0.34909868165841684,3,0.5872518655724812,1.360394572218535,-0.17225310980378844,0.6219050090235891,0.4259871059329619,0.05318064865350294,0.1813421016009784,-0.2475040239562853,0.02713787542697872,0.35178993342952125,-0.09783925518191158,0.6086421765599046
IG00149,train,in_distribution,compound,C0,0.25,none,none,0.0,simultaneous,0.09090421919857142,0.0,0.0,-0.5644032908449197,-0.6796650779608906,2.2799970721378955,0.4975507006658645,-0.27422337281992487,4,-0.45422906004981245,-0.05313412488895888,0.017601675926733104,-0.6881120982525228,0.23265275376043487,0.2517580386343726,0.5527574922237534,0.47183294526720954,-0.22077736911139728,0.3021243879424078,0.17128685219958598,0.06371582167271846
IG00150,validation,in_distribution,compound,C0,0.5,none,none,0.0,simultaneous,0.18180843839714284,0.0,0.0,1.6536162516178592,-0.27870499522939635,-0.4385724388873793,-0.5294186356100449,0.057282138799996836,0,-0.10662424561656494,-0.15858624254961992,0.0326191748943861,0.04578735990195435,-0.3191794010108266,-0.17610091475572187,-0.7089583224663981,-0.31992211508753043,0.23959993636113638,-0.6292214921707808,-0.3019358845737726,-0.11478469605164351
IG00151,train,in_distribution,compound,C0,0.5,none,none,0.0,simultaneous,0.18180843839714284,0.0,0.0,0.7430098457329541,1.6067475180110287,1.7300397045777804,-0.8145015882497647,-0.01440752992457403,1,-0.8505720634826818,0.43060114991506476,0.1278520978247853,-0.3870239203299022,-0.5549218537750119,0.169447903459408,0.26198476916669167,0.11858444319534958,0.3520550522118414,0.3696701938673458,0.19231545959779506,0.34268620175486003
IG00152,train,in_distribution,compound,C0,0.5,none,none,0.0,simultaneous,0.18180843839714284,0.0,0.0,-1.2750622189379286,1.4131043707798825,1.1402549185569815,0.5114881124044919,-0.009651102525722169,2,-0.39326561229338736,0.49690143381601176,0.11469381615382651,0.05953290476322211,0.1027204878637834,0.4384218734676964,0.8906470780692983,0.3044824694737479,0.11519429045584459,0.9071221051811437,0.25602725821555394,0.3867217847929589
IG00153,train,in_distribution,compound,C0,0.5,none,none,0.0,simultaneous,0.18180843839714284,0.0,0.0,0.8088571813054568,-0.7657976496856639,-1.6538106591829238,-0.09314276289814004,0.1474624631045577,3,0.5804587318453768,-0.4094011582481265,0.08147916664993757,0.4344433104804151,-0.030898145508135712,-0.2585509977056788,-0.5819651409871265,-0.30849371124057173,0.1729761095504622,-0.46322841588873265,-0.26041936457209847,-0.25315622463555154
IG00154,train,in_distribution,compound,C0,0.5,none,none,0.0,simultaneous,0.18180843839714284,0.0,0.0,-0.8813852565568957,-0.5008264751886304,0.7839398578765732,-0.5978907132689282,-0.10346364733414726,4,-0.24961840203510027,-0.5042034784072502,0.20535885997974465,-0.0074690568809834545,-0.18078611294572838,0.20760668025960133,0.40827580430994737,0.019130158979690545,0.11117997294134686,0.1814872671435894,0.08327659322877429,-0.1723944776592551
IG00155,train,in_distribution,compound,C0,1.0,none,none,0.0,simultaneous,0.36361687679428567,0.0,0.0,-0.10384032295535545,-0.7034093374849366,-0.4408653272351755,1.4057424713017226,-0.01980639886141536,0,0.3346714291490683,0.09671187647056267,0.030147845601989687,0.2890246178040273,0.451490809301504,0.3786567133593004,0.24301956783719642,-0.09976293416699408,0.03770116035178897,-0.19077072623764108,-0.1761604021219832,-0.2761292867678266
IG00156,train,in_distribution,compound,C0,1.0,none,none,0.0,simultaneous,0.36361687679428567,0.0,0.0,0.31980202991528195,-0.439798478602446,0.11982840688729814,-0.612410681376298,-0.019813952602289,1,-0.09618994469086851,-0.24142926683228133,0.19604260863822004,-0.19012792626587086,-0.24685467705793226,0.2573421003037724,-0.2374326486855508,-0.31816902332711483,0.19365780040756952,-0.1721269199608433,-0.26688866964547653,-0.10507543657966786
IG00157,train,in_distribution,compound,C0,1.0,none,none,0.0,simultaneous,0.36361687679428567,0.0,0.0,0.02766612323446688,0.3241137632188485,0.7160967371249696,0.4989500462762065,0.04351361757571626,2,-0.1597897427775078,0.4296699256284479,0.1471136073059496,0.10547524315947795,0.02683098787044811,0.26935890253117845,0.28980829776148126,-0.016192969355122894,0.15883173306118634,0.17821137095520118,-0.08897802879392078,0.096448239024163
IG00158,train,in_distribution,compound,C0,1.0,none,none,0.0,simultaneous,0.36361687679428567,0.0,0.0,1.0133162998791119,-0.21514066994092895,0.8383337116078987,-1.1004933532271786,-0.07619400611447913,3,-0.44264541913980876,-0.3530998786632267,0.2863318796404251,-0.3575816243319859,-0.4371535305996008,0.07292063160747429,-0.24876034820701065,-0.12306980554290221,0.23409198887290028,-0.3695011785681878,-0.2611179676698344,0.05432387918271281
IG00159,train,in_distribution,compound,C0,1.0,none,none,0.0,simultaneous,0.36361687679428567,0.0,0.0,-0.8660143911653253,0.26949835716596976,-0.4818975180341481,1.2704843287069287,0.0847088146024532,4,0.21956058034068987,0.4279997123199781,0.09709481968770547,0.379282734973818,0.3699898740050466,0.4745853667669504,0.42332229725350445,-0.15194594407425568,0.14707127417516141,0.325347860224805,-0.019380190424806324,-0.008028942912986087
IG00160,test,unseen_dose,compound,C0,1.6,none,none,0.0,simultaneous,0.5817870028708572,0.0,0.0,0.8056534566589815,-0.06742948625408081,-1.4274078678138264,-1.1984191192335107,0.17363850023385347,0,-0.108666008932815,-0.38663004514852584,0.16013939088427107,0.5673024785199043,-0.4220838598498957,0.032695387391436154,-0.678670489702573,-0.617684353222131,0.6677437577138718,-0.2852730938138225,-0.4337927033613943,-0.04122339204366493
IG00161,test,unseen_dose,compound,C0,1.6,none,none,0.0,simultaneous,0.5817870028708572,0.0,0.0,0.09973723967247185,-0.4997973390899416,-0.44415536495837504,0.31040119782147263,0.04967645796881531,1,0.052355915861563726,-0.03211321328325653,0.15734566002880257,0.38979885033398454,0.1451829631392826,0.0959939777903871,-0.09720503370367893,-0.3301382881673387,0.24915284473790877,-0.25150225899493295,-0.3298866743673199,-0.3818253856629055
IG00162,test,unseen_dose,compound,C0,1.6,none,none,0.0,simultaneous,0.5817870028708572,0.0,0.0,0.18890087921312979,1.1703757519690077,0.17557235212066882,-0.05431438035538875,0.10542942744946987,2,-0.3563277570564269,0.2528704121788622,0.36814680244803555,0.3324452350151005,-0.19313862045929608,0.389296112522483,0.11651082308190516,-0.14935301520057526,0.40211050529654013,0.26525458390922113,-0.1413062811117818,0.07575712733160495
IG00163,test,unseen_dose,compound,C0,1.6,none,none,0.0,simultaneous,0.5817870028708572,0.0,0.0,-0.14261374154555173,0.7703450256353335,0.28909589033017635,-1.1595923614836396,0.010498927321591009,3,-0.4649799843658614,-0.28563100863072943,0.23235524616209274,0.31628559599626693,-0.5459699448761124,0.4743437691373063,0.1860566357724823,-0.09209406084909759,0.5076507179979123,0.09098209456438897,-0.1106011841206265,0.15555649940630015
IG00164,test,unseen_dose,compound,C0,1.6,none,none,0.0,simultaneous,0.5817870028708572,0.0,0.0,0.6309769406925373,-0.40453593326466625,1.1208557034669937,0.08989598746606324,-0.012236691962576613,4,-0.34253392607160843,-0.07689589982829931,0.48853830330398973,-0.1837722747747762,-0.12241221364254964,0.261448165149381,-0.1383231919932407,-0.09820330098349436,0.5002972929568517,-0.15920817801681697,-0.23435256258643827,-0.18675002759716008
IG00165,train,in_distribution,compound,C1,0.25,none,none,0.0,simultaneous,0.09288718985407224,0.0,0.0,0.912307794244595,-0.47814333972227413,-0.07678144337201512,0.31560556733648193,0.026715443562850827,0,0.1600848880986672,0.12764656082958362,-0.08867127020403023,-0.06575440117530654,0.04961280855957102,-0.13412437366689908,-0.34671096423611,-0.07124460657676095,-0.06096403463484416,-0.3525476853233353,-0.13303469995004547,-0.022733183982051097
IG00166,train,in_distribution,compound,C1,0.25,none,none,0.0,simultaneous,0.09288718985407224,0.0,0.0,-1.934476514002952,0.34248647084390843,-0.050485176752435926,0.558560725323751,0.0017139444093687076,1,0.03598349279046622,0.24060811529281753,0.07117669280059041,0.4075214150482951,0.39424524005605566,0.46896591189333203,0.7332622231512809,0.23444795100723798,-0.016982568319251413,0.6781446093269167,0.19005239682890818,0.07786115421362223
IG00167,train,in_distribution,compound,C1,0.25,none,none,0.0,simultaneous,0.09288718985407224,0.0,0.0,-0.05194511433587018,-0.8419275658292646,1.2358781394019767,0.3158364025819122,-0.16772782922526355,2,-0.040944270568580535,-0.09552777657482903,-0.1777844358707773,-0.32464425366531535,0.1868084889428962,0.14015759597420394,0.010907712443278067,0.2862386166646958,-0.28031686380924603,-0.012471926284569418,0.052454153437403436,-0.16397163061779607
IG00168,train,in_distribution,compound,C1,0.25,none,none,0.0,simultaneous,0.09288718985407224,0.0,0.0,-0.9019547747564235,0.24542928411182668,-1.2669761565040403,-1.5999131491411709,0.0737760309145074,3,-0.14571410667338025,-0.3496677817462244,0.039107368083983025,0.40445192202521707,-0.40230769335043415,0.07979358809293394,-0.02837894071950088,-0.17698619192895848,0.31603257251089983,0.08753782655153436,0.16423407043865507,-0.012409191654424011
IG00169,train,in_distribution,compound,C1,0.25,none,none,0.0,simultaneous,0.09288718985407224,0.0,0.0,0.43042905044367613,0.6722741578915269,0.6939621997417016,0.7299850343763119,0.06783718977963105,4,-0.11431238841182123,0.6658057566090142,-0.030445610058468166,-0.035403659148186065,0.03656898830893094,0.06879003270052281,0.0036959186150324896,0.12906355696575353,-0.024112490570342593,0.06592833166338562,0.03133876146504176,0.27718931136316227
IG00170,validation,in_distribution,compound,C1,0.5,none,none,0.0,simultaneous,0.18577437970814448,0.0,0.0,-0.27318970830911754,-2.20547267546536,1.759101500922218,-0.3278586568423352,-0.2817007748622199,0,-0.1628945912150272,-0.5571806125241896,0.07694702276724064,-0.5572675995661855,-0.013508348512060911,0.049336681807295814,0.2509696406709411,0.3713554559185915,-0.283037772208829,-0.3914662732788449,0.14767201297340904,-0.418094846258623
IG00171,train,in_distribution,compound,C1,0.5,none,none,0.0,simultaneous,0.18577437970814448,0.0,0.0,1.0687530844716866,-0.7833717426184148,-2.4421909058622266,-0.22010072959467505,0.21029914881616557,1,0.5350599812334269,-0.1369093635628315,-0.05167148642835179,0.7470080940041579,-0.028999092915455764,-0.2586291986959866,-0.8998134954650242,-0.3994400280533793,0.09344602743274312,-0.6283087360368739,-0.4596377090488034,-0.26801963801228534
IG00172,train,in_distribution,compound,C1,0.5,none,none,0.0,simultaneous,0.18577437970814448,0.0,0.0,1.2264657780316528,-0.1609673598255039,2.4651845209071945,-0.54745162581713,-0.23574180831466768,2,-0.6988517360791364,-0.09433903102191096,-0.123753392109408,-0.9719237888590886,-0.365097357032362,-0.04211539250945212,-0.02420824394267458,0.27869981510760583,-0.12417124192326187,-0.1834618283358062,0.19039446189185344,0.28706951135789316
IG00173,train,in_distribution,compound,C1,0.5,none,none,0.0,simultaneous,0.18577437970814448,0.0,0.0,-0.22173495023333645,-0.15111932499984182,-0.2040937958131659,-0.05405356332880388,0.039085818918727804,3,-0.08689885041174393,0.14459182871537035,-0.10416104619906424,0.23310270502893465,-0.09246286153195277,-0.024335456957520207,-0.03132790265762297,-0.009630612605472145,0.12374069079472248,-0.03742484946445801,-0.05139674023106969,-0.041001767346838316
IG00174,train,in_distribution,compound,C1,0.5,none,none,0.0,simultaneous,0.18577437970814448,0.0,0.0,-0.31684018147744636,-0.7452061291138444,0.7210495187633165,-2.16843597906416,-0.17712385567341046,4,-0.5769352706142096,-0.9701175587570795,-0.04182034830398855,-0.2154695317824209,-0.827503627764391,0.18188869945373173,-0.12293934488046449,0.10176715646666046,0.312936890328462,-0.20166993372777275,0.20782189574186635,-0.11701854572443454
IG00175,train,in_distribution,compound,C1,1.0,none,none,0.0,simultaneous,0.37154875941628895,0.0,0.0,2.1704509341279765,1.0133066073731591,-0.6699622415067232,-0.14669746068083858,0.253179641800132,0,-0.10784800198634593,0.7064893503162659,-0.16584169128827947,0.2765688420338444,-0.4318009898395002,-0.2654490225592132,-0.7541761305577839,-0.3015440312626755,0.22161307067014813,-0.47280924956390263,-0.08535273769664056,0.372654243519599
IG00176,train,in_distribution,compound,C1,1.0,none,none,0.0,simultaneous,0.37154875941628895,0.0,0.0,0.23786517128840945,-0.6475470875299876,-0.5406475924191791,-0.7670549886324247,0.024685306974382985,1,-0.05342182338816371,-0.1289584064886232,-0.23778524250522368,0.2756712060060276,-0.2499256818372614,0.009147514274066085,-0.40547323967432697,0.008690620672279478,0.16169135569965032,-0.2363105649526305,0.015478945308323909,-0.12059253962939341
IG00177,train,in_distribution,compound,C1,1.0,none,none,0.0,simultaneous,0.37154875941628895,0.0,0.0,1.9124489054405767,-0.8118880422089062,0.01800033807278403,1.3135195883366133,0.06423660204977885,2,0.2836701695423034,0.5575243656301178,-0.21476233021723565,0.012396510505297734,0.2139731675829743,-0.1810373490992703,-0.6921121316629656,-0.04927779735378707,-0.40506374560361186,-0.5316568926384354,-0.2670930406317893,-0.16565961708903337
IG00178,train,in_distribution,compound,C1,1.0,none,none,0.0,simultaneous,0.37154875941628895,0.0,0.0,0.9028359584502055,-0.04999632206965684,0.8037361161852964,0.25368081446989893,0.021111432841966257,3,-0.2540401246391219,0.5252320053776302,-0.12822290575408768,-0.05336896772965939,-0.216159489999325,0.04842277089144843,-0.1346173295109286,0.05137881764006194,-0.03170540309974075,-0.1361618086265973,0.02650416177801765,-0.06933936391093468
IG00179,train,in_distribution,compound,C1,1.0,none,none,0.0,simultaneous,0.37154875941628895,0.0,0.0,0.0849168397572174,0.6798098210733353,-2.441638127778943,1.4665132376593482,0.35690079816241527,4,0.705078973407507,1.053082965636992,-0.25314362224046166,1.012718288678443,0.3922369059058785,0.01815514970989989,-0.2580104215829583,-0.17803514687578034,0.022312184602389477,0.06818792013400041,-0.1292014215652762,0.17417863738592956
IG00180,test,unseen_dose,compound,C1,1.6,none,none,0.0,simultaneous,0.5944780150660623,0.0,0.0,-0.8031800986297385,-1.440213863188065,1.2722053450791362,2.3284596503991475,-0.08693368010361956,0,0.29961415701549327,0.6821311136943142,-0.23481622513088823,0.08550961124379589,0.909703651694887,0.46591097437827034,0.36268334877299874,0.3020340390977211,-0.6472783515753323,0.2008094998262992,0.31818785761936624,-0.23755811301679106
IG00181,test,unseen_dose,compound,C1,1.6,none,none,0.0,simultaneous,0.5944780150660623,0.0,0.0,-0.14643409659464607,0.1789253854379041,-0.3074457896454451,0.6427202231727015,0.18949271088889913,1,0.2004865479596054,0.8304973255659229,-0.2996389008709774,0.6550735906891746,-0.03822198236736124,0.2601171189942021,-0.1224876721286586,0.20043164319188556,0.04507788769658712,0.13192238073715434,0.15933531197413012,0.06520170522441308
IG00182,test,unseen_dose,compound,C1,1.6,none,none,0.0,simultaneous,0.5944780150660623,0.0,0.0,0.978411557255054,-1.3002753046776738,1.5683094171052336,0.4799852377164186,-0.13185000125825458,2,-0.2607609257212097,0.193428320701115,-0.14869492754922772,-0.4226681631161694,0.07477462426341153,-0.006917856741982614,-0.1129777360920741,0.24978450283160947,-0.2751875178436602,-0.3456350654913769,0.16270303366676542,0.04017900800963048
IG00183,test,unseen_dose,compound,C1,1.6,none,none,0.0,simultaneous,0.5944780150660623,0.0,0.0,2.207004974960883,-1.7799404265730328,-1.2407879572163423,-1.7144424982343611,0.11555666073259308,3,0.11082260228528955,-0.5527810240837034,-0.10664157799295046,0.16747577660242927,-0.8077562246498236,-0.41211737209026406,-1.5674644575874435,-0.37504183375275474,0.0893824795522589,-1.2149035828322101,-0.14948561541873598,-0.46494526187656615
IG00184,test,unseen_dose,compound,C1,1.6,none,none,0.0,simultaneous,0.5944780150660623,0.0,0.0,-2.311198366040093,0.9877788285168094,2.204600574192087,-0.617999640544759,-0.08370087430780723,4,-0.919338088561802,0.5262611658838608,-0.119817563979171,-0.00256761364250059,-0.3178988989046829,0.8147076780829071,0.9730263723741912,0.5221142152070434,0.10928959533540088,1.187820563117605,0.9658247406808559,0.32059684606361233
IG00185,train,in_distribution,compound,C2,0.25,none,none,0.0,simultaneous,0.09103969881580584,0.0,0.0,-0.17380913522721372,0.615379500753129,0.8806038768517426,2.4821150938689183,-0.032767569409115974,0,0.1187093894947504,0.9849266365373359,-0.07922227371389022,-0.25228325896527254,0.7381060141646575,0.24408590479664302,0.5056583098257929,0.28661276250944623,-0.41264345749890485,0.4777194925107859,0.07345845921778908,0.12274549766319773
IG00186,train,in_distribution,compound,C2,0.25,none,none,0.0,simultaneous,0.09103969881580584,0.0,0.0,-1.4603739367806923,0.2711967992020994,1.2559156427578377,-0.21770125855524453,-0.13129935712578356,1,-0.3460798910450439,-0.13228149703860462,0.026903460113201882,-0.1718701622282869,-0.05444708804052847,0.41892847032011316,0.6937877300986526,0.19253692073556583,0.11102920932772378,0.5220284389347378,0.38674402880792086,0.001858853713618526
IG00187,train,in_distribution,compound,C2,0.25,none,none,0.0,simultaneous,0.09103969881580584,0.0,0.0,1.4631655022286698,-0.8709820833021054,0.06942763154610647,0.4391427839561999,-0.03444190929888339,2,0.32215363120278284,0.0010954073342794167,-0.11802868156842496,-0.34611190598769986,0.009491551406455516,-0.26197724041003884,-0.5297513472737193,-0.0816053796431107,-0.21749539113073096,-0.5790901983781876,-0.4409501887413443,-0.21295274497851208
IG00188,train,in_distribution,compound,C2,0.25,none,none,0.0,simultaneous,0.09103969881580584,0.0,0.0,0.040819029753642454,0.15177891247965897,-0.8204207469279603,-0.9456159426072936,0.0690225267175545,3,-0.0001358332776306842,-0.20032526960741395,-0.07927423332510147,0.22745614983516338,-0.292203159895659,0.1571165058454555,-0.44344537204384316,-0.17321641697242135,0.24015253578285103,-0.14018348187215415,0.03498929121222803,0.03196847208985397
IG00189,train,in_distribution,compound,C2,0.25,none,none,0.0,simultaneous,0.09103969881580584,0.0,0.0,0.04329416156298418,0.07715578068383905,-0.6000849993478652,0.2171503497449613,0.10963272813476585,4,0.21188213837340109,0.154332137886199,0.0031671095254571374,0.2193398867513138,-0.0047128835505243424,0.06801541586810633,-0.22895109669103572,-0.0983572878642563,0.10790821000280902,0.019619881076581684,0.014485864129259722,-0.05268529776520703
IG00190,validation,in_distribution,compound,C2,0.5,none,none,0.0,simultaneous,0.18207939763161168,0.0,0.0,-0.8112391165939803,-0.0006155713181195758,1.0168919368202272,-0.6741100776689751,-0.14190275616843515,0,-0.44906670045483665,-0.2171200426920426,-0.08927386518237318,-0.2362181796533122,-0.15577854571852284,0.2767272448634773,0.23726139725206766,0.22695003140797568,0.03223205888744282,0.4494820413951286,0.2982072771330134,-0.04944796362190775
IG00191,train,in_distribution,compound,C2,0.5,none,none,0.0,simultaneous,0.18207939763161168,0.0,0.0,0.029551871522932118,0.12233383408913646,-0.7529350811293762,0.06947461782138553,0.08231618781054063,1,0.10044975037381074,0.12588015004839004,-0.12785875329592988,0.33449566109469553,-0.023361157163234437,0.17790724269577773,-0.11600603890349787,-0.06661915251974554,0.09135593482703609,0.1954663655850154,0.05754148470539276,-0.01914250648190048
IG00192,train,in_distribution,compound,C2,0.5,none,none,0.0,simultaneous,0.18207939763161168,0.0,0.0,-0.7528001627585705,0.05880147735578697,0.30490598169396477,-0.23295821943542963,-0.06697060551928775,2,-0.1836271355095517,-0.11201760254178902,-0.015255117207607097,0.04489066785164293,-0.08015002667400392,0.2799808327363546,0.38725671931522704,0.24322391539075433,0.0006858972931087642,0.4497487182239212,0.24667011992490462,-0.020978194378803036
IG00193,train,in_distribution,compound,C2,0.5,none,none,0.0,simultaneous,0.18207939763161168,0.0,0.0,-0.36015618421227946,0.1473759347170211,1.5843745721857336,-1.0231374761004908,-0.19504558874428152,3,-0.5654364629959203,-0.26777155894198507,-0.052831899661246295,-0.6379439557646351,-0.3958507198831996,0.3650206406850592,0.2915379639602598,0.11750425870512873,-0.019201420313516043,0.44870023456398583,0.3532295286663035,-0.02119623177079883
IG00194,train,in_distribution,compound,C2,0.5,none,none,0.0,simultaneous,0.18207939763161168,0.0,0.0,-0.6807713363940738,-0.5783015511733529,-0.8777082453127858,0.3395438761639172,0.08101392753562055,4,0.3963437751165462,0.00042565925803279836,-0.11377963683734468,0.33742235032708695,0.25996430551641286,0.15423092178046544,-0.1857543606324928,-0.12524462895409166,-0.0646196500877864,0.24333246015942664,0.12590011257142245,-0.22882207458022943
IG00195,train,in_distribution,compound,C2,1.0,none,none,0.0,simultaneous,0.36415879526322337,0.0,0.0,0.7458926503803229,0.396707115362619,1.7433492605276923,0.7999254270262809,-0.10434896238134984,0,-0.3847601133956894,0.6094481209913851,-0.35633364175070226,-0.4847228321907267,0.012337788633713126,0.2420472708258614,-0.10277557637474721,0.36440422255640187,-0.06468113587289423,0.3245902906600655,0.14392169263223512,0.005015568337330089
IG00196,train,in_distribution,compound,C2,1.0,none,none,0.0,simultaneous,0.36415879526322337,0.0,0.0,0.2029193920784793,-1.1876113977469571,0.1602896454751553,1.181554396629796,-0.035339693915200934,1,0.3979990927431546,0.20934756625390105,-0.2063555980919935,0.03431046687376037,0.48231200552338827,0.026147186751658114,-0.24165673816246178,0.19294626482229038,-0.32320596674923024,0.11197923361014134,-0.20151325111279586,-0.46671027299591505
IG00197,train,in_distribution,compound,C2,1.0,none,none,0.0,simultaneous,0.36415879526322337,0.0,0.0,-2.198825776028422,-0.3950470688327757,-1.1031161972669383,-1.3566771964986495,-0.025595690339362515,2,-0.11634272026941997,-0.555163813743171,-0.2509957018806714,0.5522010045640827,-0.2716817274704517,0.4674907781384121,0.06283020533961382,0.05421424001779815,0.36833812194778304,0.6641340032103733,0.2667923468886329,-0.4561379141168729
IG00198,train,in_distribution,compound,C2,1.0,none,none,0.0,simultaneous,0.36415879526322337,0.0,0.0,1.8438113499501254,-0.37010343447998467,0.7875296914728653,2.010542259362474,0.007460950896402405,3,0.4000404612728934,0.8802161622314376,-0.38081569758663525,-0.49585965789995057,0.3583746320347898,-0.10889813355904174,-0.5781019543085968,0.22677734228747204,-0.3649507577243677,-0.11799184754083909,-0.303604709911644,-0.12454361908327743
IG00199,train,in_distribution,compound,C2,1.0,none,none,0.0,simultaneous,0.36415879526322337,0.0,0.0,0.053794243942762464,0.23768451668194196,-0.8376148084762955,1.2748617856481972,0.14251629334879967,4,0.3163528961359188,0.6654354237468443,-0.27024924631497904,0.4021493594521897,0.361691306849119,0.197598077660253,-0.23158122588583346,-0.23525732800222937,-0.027773426084926264,0.2830318776540785,-0.1351069107697349,-0.16057423699273202
IG00200,test,unseen_dose,compound,C2,1.6,none,none,0.0,simultaneous,0.5826540724211574,0.0,0.0,-0.3297929650881238,-0.15541061019914795,0.31229285420774344,-0.02791466269330798,-0.003842950523146406,0,-0.3147786863148246,0.2413059301231226,-0.40233964648828685,0.1214618802748313,-0.23257366753163083,0.5125097445020897,-0.2093153018477226,0.07523947446819229,0.27073978278073096,0.6375040547835888,0.20391374342386476,-0.18986929063988034
IG00201,test,unseen_dose,compound,C2,1.6,none,none,0.0,simultaneous,0.5826540724211574,0.0,0.0,-2.194491375939263,0.7521137630382473,2.1914935043620183,-1.0054387365273945,-0.22720786988963754,1,-0.9372875738361147,-0.16374602524901066,-0.32468424444246075,-0.28503507870280076,-0.4821732951193441,0.9089154064045616,0.67176756168588,0.6992380238227284,0.355888762148996,1.5814838925614882,0.7568928802864235,-0.049088248812900116
IG00202,test,unseen_dose,compound,C2,1.6,none,none,0.0,simultaneous,0.5826540724211574,0.0,0.0,-0.016608252367772386,0.5763953449942647,-0.13224943012169207,-0.018874620226698193,0.06104432866047534,2,-0.05795151621590147,0.2876339995446849,-0.4887792820803932,0.2027943835032252,-0.16710400044858048,0.47654206260900406,-0.32013007155549644,-0.0165089231656521,0.2896737403568637,0.6512649545541204,0.18182080289128086,-0.060266231273228416
IG00203,test,unseen_dose,compound,C2,1.6,none,none,0.0,simultaneous,0.5826540724211574,0.0,0.0,-0.7487951191877813,-0.31252638484087913,0.18869463276991968,0.1280129890092343,-0.02789133435411767,3,-0.17526870185282295,0.14723997276867784,-0.31995681894195827,0.027312004506340096,-0.07613209940298094,0.48662308156094114,-0.22527981517945472,0.08824893144417942,0.1380252985087354,0.595528693434659,0.2586228343215704,-0.3501122423956094
IG00204,test,unseen_dose,compound,C2,1.6,none,none,0.0,simultaneous,0.5826540724211574,0.0,0.0,-0.49801343902161527,-0.7654612617431384,0.365922735326258,-0.8539859171284732,-0.09326407205019402,4,-0.34024198817601514,-0.24559339308020156,-0.464906281861816,0.023925404252466746,-0.38296658137476647,0.5735704452853345,-0.5386379348081806,0.05781651417040498,0.23932056420791398,0.3964987041246819,0.13812541510927687,-0.4134786461588225
IG00205,train,in_distribution,compound,C3,0.25,none,none,0.0,simultaneous,0.08302415241169259,0.0,0.0,-0.26711843662919194,0.5225454116445345,-0.3825300787611974,-1.2032744346183943,0.05378413543536655,0,-0.21100728026263293,-0.13208554784739487,0.011590451733715923,0.07351015489461676,-0.49822795105054374,0.07453915510618589,-0.1303049624744344,0.07143257087365079,0.3562625349597523,0.21391237031010374,0.02027699627349537,0.162091490119045
IG00206,train,in_distribution,compound,C3,0.25,none,none,0.0,simultaneous,0.08302415241169259,0.0,0.0,0.5615711587402961,0.6873826887554317,-0.7073379990313342,-0.39479025756829256,0.10115059651971807,1,0.01587110799601458,0.10821501460110296,-0.2069517795130527,0.34194181958473124,-0.37437757240398056,0.07376428712985633,-0.29695598284449637,-0.07109133615179862,0.22001356325602195,-0.10817206895423971,-0.16800822255990658,0.16848386872367516
IG00207,train,in_distribution,compound,C3,0.25,none,none,0.0,simultaneous,0.08302415241169259,0.0,0.0,-1.340847498148437,0.6252917425697423,1.2868226193698133,-0.7165870565543027,-0.1604724216337603,2,-0.6293844883087517,-0.17581777280628885,-0.0035803630883408308,-0.21319742062059077,-0.2449721559922185,0.45622277823741736,0.6514245837424997,0.344275435292719,0.08691701978113228,0.6814817578008567,0.4150829672630088,0.18704650542016113
IG00208,train,in_distribution,compound,C3,0.25,none,none,0.0,simultaneous,0.08302415241169259,0.0,0.0,0.2562309342718698,0.5862558334371805,0.25078906052498656,1.8077913164473804,0.06072949646083553,3,0.3049008914760293,0.84077577702655,-0.2967627684623381,0.05884461461942983,0.5053042498181601,0.025789942083506753,0.15352617368648738,0.14249815356656728,-0.18524450588358804,0.22773823684613348,-0.10405421130782681,0.1941296182839833
IG00209,train,in_distribution,compound,C3,0.25,none,none,0.0,simultaneous,0.08302415241169259,0.0,0.0,-0.19782544522715043,-1.3095606820714107,0.5337209307150731,-1.1328309635275873,-0.14722541155361343,4,-0.3151285759860949,-0.616614738881774,0.15658966644837663,-0.15307310147308395,-0.30717863222878394,0.061202118606007314,-0.03384929964580975,0.1428653993543859,0.07074011694101512,-0.15149850129096049,-0.06446713027655503,-0.36002679994752723
IG00210,validation,in_distribution,compound,C3,0.5,none,none,0.0,simultaneous,0.16604830482338517,0.0,0.0,1.2954418102665708,0.8601244522032395,-1.8790409257542655,0.022473670487155224,0.32169679557346315,0,0.3676014647293573,0.4859509258452464,-0.11313416723314612,0.7283448863238945,-0.12872198731619044,-0.14618640559394697,-0.6197702434449133,-0.5178028585573295,0.20991983198448216,-0.2074708248444645,-0.2005022244416475,0.13644901233593337
IG00211,train,in_distribution,compound,C3,0.5,none,none,0.0,simultaneous,0.16604830482338517,0.0,0.0,-0.38854453796569094,2.1252559922481824,-0.47449721289924596,0.7338366070139662,0.2333860905330493,1,0.0370422725732762,0.9664053649498753,-0.0694820069127381,0.5421484649947497,0.12908247967755498,0.3831279043362919,0.24022550679730284,0.00507122511792574,0.18780457112371096,0.6527770855246352,0.24337462827872836,0.46328011557105997
IG00212,train,in_distribution,compound,C3,0.5,none,none,0.0,simultaneous,0.16604830482338517,0.0,0.0,0.18072751502683845,-0.7562060776939089,-1.7855481086177294,-0.3445714043789785,0.15388826546635476,2,0.4319899268128773,-0.26804962691969725,-0.011850087957880496,0.5618323341372283,-0.04096137203427665,-0.04037075407872795,-0.5325994059827698,-0.4169255097211799,0.14658715884911744,-0.3631602037043339,-0.14149481420956722,-0.1935493533768373
IG00213,train,in_distribution,compound,C3,0.5,none,none,0.0,simultaneous,0.16604830482338517,0.0,0.0,1.043823169352687,-0.8332932875260549,1.1794159351679612,0.8243936314688165,-0.11658511650975249,3,0.04034466419500107,0.12060040090916689,-0.08328437413093238,-0.5394028678737034,0.10057075902419471,-0.03271564722702265,-0.15489332631550637,0.07911389040633482,-0.3141879893532245,-0.4385182692813623,-0.04161526737026394,-0.06630160272695942
IG00214,train,in_distribution,compound,C3,0.5,none,none,0.0,simultaneous,0.16604830482338517,0.0,0.0,0.11599413135347943,-2.187370219031128,1.0817654399200494,-0.8886414976676923,-0.27045301463323657,4,-0.23390090726695162,-0.9241335906856495,0.044211387324848125,-0.45827670965543443,-0.16393806072781963,0.06410453353575288,-0.20374139006166977,0.07999533983791915,-0.0623887386734952,-0.48788539438719003,-0.16120375870411652,-0.4701621461261158
IG00215,train,in_distribution,compound,C3,1.0,none,none,0.0,simultaneous,0.33209660964677035,0.0,0.0,-0.6970316470140037,-1.0244864122402952,1.248258518467444,-1.4285128806313012,-0.20030915586857245,0,-0.521645588630123,-0.5685780574403749,-0.01984831433765396,-0.31009232216171295,-0.2920614505663328,0.46101064332703795,0.09776554123551041,0.08331477544062552,0.18262069402650274,0.24535077893786303,0.1302606148878055,-0.1487758468840504
IG00216,train,in_distribution,compound,C3,1.0,none,none,0.0,simultaneous,0.33209660964677035,0.0,0.0,0.20628594964101052,-0.7398743753834661,0.3741237660380553,1.1956656544048554,0.008102911118626113,1,0.3242447149797715,0.39924530573922096,-0.12998479896523768,0.17930121509098612,0.51525486123546,0.39233979296133853,-0.10599385968344724,0.07172106252132944,-0.1665181808666747,0.08226928741151349,-0.07612566406319693,-0.1875024257935012
IG00217,train,in_distribution,compound,C3,1.0,none,none,0.0,simultaneous,0.33209660964677035,0.0,0.0,1.2931803225596306,0.17670182449245225,0.6524187522442478,-0.6539682741053153,-0.02710928524012691,2,-0.41682589583343643,0.3486545052788136,-0.07289756603928528,-0.41273828267341306,-0.35070149601913014,0.04625946226298979,-0.47686289460039843,0.0662549004309874,0.06753685489816313,-0.11843445869439101,-0.0938136565237558,-0.07173141622971184
IG00218,train,in_distribution,compound,C3,1.0,none,none,0.0,simultaneous,0.33209660964677035,0.0,0.0,0.7441001863176693,1.0052430129933878,-0.6443853332992997,0.23992975408579065,0.2431727601748781,3,0.08006589686107145,0.7395512601645056,-0.21963609155335453,0.5653866691386481,-0.18224968662602256,0.0640082483425295,-0.1260029661109445,-0.09215035911318319,0.33961144638777246,0.2044282509693541,0.04577109020587351,0.26619169018046507
IG00219,train,in_distribution,compound,C3,1.0,none,none,0.0,simultaneous,0.33209660964677035,0.0,0.0,-0.6825375301407649,-0.6159965925036528,0.7541093881668279,0.47678444706024853,-0.11708704900497136,4,0.04906350484876275,0.005001762956119066,-0.2241932804742796,-0.15630131229044003,0.2593872585401145,0.40759742057630466,0.1986861392542853,0.1953938702304507,0.09688654997922837,0.3666688387821967,0.030041726213456535,-0.16335482010116253
IG00220,test,unseen_dose,compound,C3,1.6,none,none,0.0,simultaneous,0.5313545754348327,0.0,0.0,-0.5180704600769763,-0.7705536213292661,-1.6649423265338104,-0.5978407886920012,0.18062165209167572,0,0.44196133328908266,-0.15188712144344957,-0.15200962147004354,0.8897241793422513,-0.05087065413287744,0.3868388971298227,-0.3303376591045245,-0.33237032482096734,0.4310963236178276,0.26666880884734034,-0.30404125509475743,-0.22234837458281403
IG00221,test,unseen_dose,compound,C3,1.6,none,none,0.0,simultaneous,0.5313545754348327,0.0,0.0,-1.4004556822194691,-1.0405010803497436,0.7756686394669641,0.39444791349197367,-0.05768287642219074,1,0.04234949998501039,0.2414187070712503,-0.0038293815213249344,0.08303697925017095,0.40228994917963806,0.6532846251574236,0.3612042272914589,0.21020510686149146,0.051339857634157895,0.6155064215116592,0.13215545423328845,-0.24269705477537598
IG00222,test,unseen_dose,compound,C3,1.6,none,none,0.0,simultaneous,0.5313545754348327,0.0,0.0,0.638520289348651,-1.0378564851574972,1.000047569248358,0.32890971356955695,-0.06991383913791274,2,0.04187807078164024,0.3406441855302089,-0.11548484580628943,-0.290615326904077,0.21440763374870947,0.18828386904951092,-0.2055945103844054,0.22108626820149613,-0.053892276608905124,0.04251969277821218,-0.12886031117738628,-0.341060550260351
IG00223,test,unseen_dose,compound,C3,1.6,none,none,0.0,simultaneous,0.5313545754348327,0.0,0.0,-0.16619789621471687,0.6012531462642413,-1.8497439543016916,-2.3822749167369706,0.22486648943814408,3,-0.2472235589977283,-0.18213769717732387,-0.07080392232334923,0.8603205320870471,-0.8912135435930941,0.4666166998281411,-0.6847500566059089,-0.1778550953216587,0.746576374366923,0.31604407534176704,-0.06360084713254394,0.004419656569609629
IG00224,test,unseen_dose,compound,C3,1.6,none,none,0.0,simultaneous,0.5313545754348327,0.0,0.0,-0.6589847149127916,-1.5299612037763126,-0.4184853250946341,-0.10721024227000428,0.0016563809371380536,4,0.31516402434176405,-0.09816837204567025,-0.07356662677088045,0.2817021395559041,0.2547791613612507,0.4539878738972042,-0.273692928724543,-0.1453816437179487,0.046713717512679234,0.10179411557537713,-0.18571724106790677,-0.4660076122620509
IG00225,train,in_distribution,compound,C4,0.25,none,none,0.0,simultaneous,0.09419272394346401,0.0,0.0,1.71083929258757,1.0454542984022934,0.8376519031803233,0.8919421985590746,0.0494290865181578,0,-0.09565356014793767,0.7173239797030508,-0.069424210773545,-0.348595381040427,-0.06433843929640035,-0.059884610357003355,-0.15632536679721779,0.09419122031732574,-0.08340107533734258,0.03023270933414872,-0.12380508704541879,0.2589069417220128
IG00226,train,in_distribution,compound,C4,0.25,none,none,0.0,simultaneous,0.09419272394346401,0.0,0.0,-0.4709672005262765,-0.17531110903737793,0.18513130684219606,-1.4999172643827385,-0.07366488484670478,1,-0.328994203599149,-0.5741206672378618,-0.027986853724980054,0.04640704443179536,-0.47918843892174323,0.09194266000378051,-0.06178845890192276,-0.11601691850166729,0.11594184074604816,-0.06564893452410817,-0.022007786962627285,-0.051666599370332814
IG00227,train,in_distribution,compound,C4,0.25,none,none,0.0,simultaneous,0.09419272394346401,0.0,0.0,0.009080169663574666,1.4095604734395686,0.41958910670609123,1.6538654001896709,0.15607831480657183,2,0.17944838132745616,1.127184527303895,-0.0011815767885629616,0.12955068995090652,0.3400839663222206,0.2240958106598291,0.362497681519623,0.128313646558848,-0.14020262042280185,0.5670251564591218,0.12704185770384463,0.2633717423035852
IG00228,train,in_distribution,compound,C4,0.25,none,none,0.0,simultaneous,0.09419272394346401,0.0,0.0,-0.4839694640138545,-0.5047903727818652,-0.29238546981458446,-0.8619830732276074,-0.05462611119822279,3,-0.19633082506520982,-0.5531989518588988,0.06595496797955276,0.20708363818571346,-0.2100031152323909,0.10498572115938377,-0.09429008770204057,-0.1483133076816774,0.1586042007652009,-0.19922032528332215,-0.09247534997784038,-0.17931483424556482
IG00229,train,in_distribution,compound,C4,0.25,none,none,0.0,simultaneous,0.09419272394346401,0.0,0.0,0.1979704130200544,-1.2309667139003284,2.33258585235526,0.7872557436220934,-0.2926425615035726,4,-0.24123527233384412,-0.050420443073267804,-0.04242351461618336,-0.7644356435239669,0.32707974433113146,0.16749903472431346,0.3184129790129329,0.23845002776411145,-0.4195321843677689,-0.14874377548811235,0.02670309260960222,-0.25195689484141964
IG00230,validation,in_distribution,compound,C4,0.5,none,none,0.0,simultaneous,0.18838544788692801,0.0,0.0,0.29731967378289725,-1.1186787382008407,0.2622781432456988,0.03328779047309751,-0.08461359874656191,0,0.06205720728253883,-0.27200268572275604,0.023867559747921728,-0.14359754422890253,0.20590136813327525,0.17745844764257243,-0.2412554786312106,-0.2104677276055269,0.0060346097820199035,-0.24796716940878255,-0.07892481530526688,-0.40338293323157126
IG00231,train,in_distribution,compound,C4,0.5,none,none,0.0,simultaneous,0.18838544788692801,0.0,0.0,-0.8735203200638841,-0.2396753110347373,-0.7362204820863937,0.7089633677277896,0.011619755232467216,1,0.1544848447980217,0.002737626060619898,-0.021795858358964776,0.424555586033478,0.3761534981972097,0.3769974292855862,0.11530591081544553,-0.13601125976365971,0.09263954553664891,0.07908944805106072,-0.11483590876601084,-0.07751402792674968
IG00232,train,in_distribution,compound,C4,0.5,none,none,0.0,simultaneous,0.18838544788692801,0.0,0.0,0.6330774452296811,0.9693070020431986,0.32206520484552953,0.05947223745026131,0.06313533214827602,2,-0.13638143860414667,0.3144250653997955,0.1745066828252717,0.030016883424307104,-0.12205314627246042,0.2959057397063082,-0.0797517026043309,-0.14845116351923987,0.12780500381197066,-0.07819907812956087,-0.08723013324037318,0.13005131546526683
IG00233,train,in_distribution,compound,C4,0.5,none,none,0.0,simultaneous,0.18838544788692801,0.0,0.0,1.164619207074449,-0.1767662848301024,0.818047851854454,1.374964873797139,-0.030599631785942705,3,0.1442191297206749,0.47731032659802125,0.040968400733134555,-0.2879312612543975,0.3921882440037357,0.026992218267702858,-0.16690406795904644,0.050396023926166635,-0.25588598583799516,-0.3886656244814126,-0.1718810990951728,-0.0734665243808736
IG00234,train,in_distribution,compound,C4,0.5,none,none,0.0,simultaneous,0.18838544788692801,0.0,0.0,0.16895210173098713,0.8620771032674324,-0.11625038253948204,-0.07624811615240845,0.08283355118993217,4,-0.2751641848703328,0.23977433397120637,0.10876894207626689,0.2678370484755511,-0.14247072813590542,0.44357708967425913,-0.004638024674696324,-0.3285418686094746,0.15083965509486785,0.19518026656286724,-0.0315352356957394,0.21527368139685338
IG00235,train,in_distribution,compound,C4,1.0,none,none,0.0,simultaneous,0.37677089577385603,0.0,0.0,-0.991405298700018,0.887382136099061,-1.1543697067803136,1.1031404143940258,0.18834721993042053,0,0.36290179688650676,0.36840740502552893,0.0937158586436815,0.8891459091492487,0.3203077698759343,0.8775520089554353,0.31643258016889025,-0.42061569277238725,0.05955374701047954,0.6131738150143229,0.09697533433715226,0.0038238218928704007
IG00236,train,in_distribution,compound,C4,1.0,none,none,0.0,simultaneous,0.37677089577385603,0.0,0.0,0.17689416973896743,-0.03845668919766841,-0.6895934311035227,-0.07448851684537168,0.09082950203192577,1,0.026430433450979784,-0.10187375974548081,0.10456489204098382,0.39550486504533394,-0.1676876324486316,0.648297291469784,-0.32837999784106686,-0.46121429788558826,0.3300920096788632,0.04478096775743241,-0.08263473927771875,-0.2057228447774651
IG00237,train,in_distribution,compound,C4,1.0,none,none,0.0,simultaneous,0.37677089577385603,0.0,0.0,0.7308372634137277,0.8462230369182692,-0.918343761244497,-1.7713221192034632,0.12570219281758588,2,-0.4528119928507545,-0.37562801179810534,0.1459845143074921,0.4423863373132038,-0.7450063097565605,0.37118054981165205,-0.732288430418347,-0.5680584885763943,0.5929985997815648,-0.19292515453525444,-0.06682828328328982,-0.1376996907351954
IG00238,train,in_distribution,compound,C4,1.0,none,none,0.0,simultaneous,0.37677089577385603,0.0,0.0,-0.7801402321772264,0.6315389384542826,-1.726132640148483,0.2694706431468507,0.21991757841092752,3,0.2451307971590721,0.022571696410360775,0.19080878474320206,1.088401779126628,0.24012056266015783,0.7521447073345444,-0.006108057994608075,-0.5708538312056282,0.2516029696716924,0.40554749828866,-0.06650997245343136,0.10625676581379231
IG00239,train,in_distribution,compound,C4,1.0,none,none,0.0,simultaneous,0.37677089577385603,0.0,0.0,-0.24780130926987437,-1.814491238367267,0.021933381031606358,2.2903806601855186,-0.11153772980006392,4,0.5321284892595806,0.1568884561383187,0.08679213162014478,-0.03345032566032734,0.8905741655396235,0.5706076226545482,0.08329520997360866,-0.1884954804166066,-0.35108345742723657,-0.2336042048991412,-0.30624109111671866,-0.62849005149326
IG00240,test,unseen_dose,compound,C4,1.6,none,none,0.0,simultaneous,0.6028334332381697,0.0,0.0,2.418771838635846,1.1915095689609596,1.4114788869123247,-2.0870532579092504,0.006268219415175982,0,-1.0382443828363497,-0.18206129789879383,0.225487249654022,-0.2513784103751179,-1.1917123254513409,0.7498640153020644,-0.8718793328767971,-0.5891213066343755,0.5059850707827891,-0.3735907510345856,0.014424186354511023,0.031117526219199602
IG00241,test,unseen_dose,compound,C4,1.6,none,none,0.0,simultaneous,0.6028334332381697,0.0,0.0,-0.4083200630199658,1.3016274007220574,0.05295826894537834,-0.3431283824422436,0.11192419376118029,1,-0.3411460022766728,0.29469192046044707,0.15044529272292703,0.419839549882275,-0.2792409167439287,1.0610994582687916,-0.05563054879889051,-0.5160856683839588,0.2980090828175437,0.5021792915863176,0.06575387678110672,0.06661642933698791
IG00242,test,unseen_dose,compound,C4,1.6,none,none,0.0,simultaneous,0.6028334332381697,0.0,0.0,0.21862483191698967,-1.2715062409138942,-1.5481398465675695,0.1205576780452454,0.04319971654764515,2,0.3977829028956349,-0.5001560573053474,0.24809435259162144,0.5996884126127505,0.15049710808896322,0.7700080237758814,-0.47781278799519666,-0.7821641729832783,0.09915481786268024,-0.49229978902705507,-0.4683705200027272,-0.5624507485779092
IG00243,test,unseen_dose,compound,C4,1.6,none,none,0.0,simultaneous,0.6028334332381697,0.0,0.0,0.3705601223379817,-0.5432488504184366,0.34211543038332004,0.7378554096309967,-0.01828025228280624,3,0.010554543307592187,0.011771580530982241,0.2735420530560875,0.07733132557446355,0.14639486059339166,0.8614984732278458,-0.08120423736061487,-0.5617558034111788,-0.05504479967292104,-0.012563778530287548,-0.13532931894209246,-0.3996784345424536
IG00244,test,unseen_dose,compound,C4,1.6,none,none,0.0,simultaneous,0.6028334332381697,0.0,0.0,0.25248943490660986,-0.49657614503828706,-0.40613974847192696,0.2994522318110114,0.017990298512069777,4,0.12922293410980093,-0.3137441882481511,0.15730505152848104,0.4516363584860523,0.10265006138956004,0.7494718937762879,-0.15290709269085814,-0.49241734092506195,0.3031528916763301,-0.05891898070564258,-0.25631583005388175,-0.34428111748139356
IG00245,train,in_distribution,compound,C5,0.25,none,none,0.0,simultaneous,0.07953892284785334,0.0,0.0,-1.615482311051131,1.6085590508525989,-0.6409655457320339,0.6944764190319717,0.13828560371261112,0,0.023283189399938203,0.6450067573244761,-0.14238651601097135,0.6686439334850836,0.22969873116940792,0.5023071764188254,0.5617466879624454,0.19745384577251807,0.037233430655550986,0.8135597376407483,0.3204491740337481,0.5010121336874473
IG00246,train,in_distribution,compound,C5,0.25,none,none,0.0,simultaneous,0.07953892284785334,0.0,0.0,0.22930727095204953,-0.6970477669554858,-0.29244138607382697,-0.5719814500715485,-0.03421872436110577,1,0.07339981440050763,-0.39274285086897104,0.05428094152058887,-0.04504349778320839,-0.06735422892664811,-0.1136697527479393,-0.23589880222487003,-0.10603620128611574,0.04969812215046487,-0.4321028424924951,-0.06762528690769722,-0.14737985777938487
IG00247,train,in_distribution,compound,C5,0.25,none,none,0.0,simultaneous,0.07953892284785334,0.0,0.0,-0.9673619339064137,-0.4728622019741388,0.22325745986946355,-0.26614799040044096,-0.10704714569553209,2,0.009509382769255816,-0.2612190736067139,0.006879805954062134,-0.024122464287888633,0.13069593328240547,0.32324581548037895,0.24136909996767625,0.23711215762206111,0.027005225181059342,0.19254391072401097,0.15559756665515942,-0.1908136566183864
IG00248,train,in_distribution,compound,C5,0.25,none,none,0.0,simultaneous,0.07953892284785334,0.0,0.0,0.8773380597762778,-0.31875873095844465,-0.10315423642123585,0.9039930720383654,0.008846609672941062,3,0.3474282474112106,0.29843669564538156,-0.16635587141691144,-0.11435984905022964,0.1931765560549487,-0.18824446734807634,-0.18589719224403523,0.03261497373937725,-0.24137329832625257,-0.2923261274651073,-0.22347226422749863,-0.11230102662777672
IG00249,train,in_distribution,compound,C5,0.25,none,none,0.0,simultaneous,0.07953892284785334,0.0,0.0,-1.2235148985288824,-0.3104321588191827,-0.5622343195025186,-1.5817816966916203,-0.06603545209161268,4,-0.2566246502390759,-0.7497758988272342,0.02109130482640848,0.12255363960932536,-0.3682948965230401,0.08707183796845534,0.09442681491431179,-0.03278813905318601,0.22295792210211968,0.09925925970143624,0.32704493429011317,-0.11518515514304747
IG00250,validation,in_distribution,compound,C5,0.5,none,none,0.0,simultaneous,0.15907784569570668,0.0,0.0,0.262601026266624,0.06334940413131493,-0.6589190022287756,-0.5226551069223876,-0.023905590333755417,0,0.10903500579377795,-0.06659155884132562,-0.21254309286628048,0.15391163458168322,0.044553615060635904,-0.049713093665337854,-0.22239228464094205,-0.008006201400032366,-0.1880272807207518,-0.3235446437517579,-0.14441257656818215,-0.020672469872622813
IG00251,train,in_distribution,compound,C5,0.5,none,none,0.0,simultaneous,0.15907784569570668,0.0,0.0,-1.857067265213694,-1.5389277718707783,-2.462359232114629,0.42269925464204267,0.09993179200382656,1,0.9997253806017302,-0.4554558460064384,0.017722842082306397,1.0014834199934306,0.7035823523624412,0.16973559128069074,0.04805252222547362,-0.38250461919461237,-0.365661513346333,-0.031222695845953663,-0.1380524045299114,-0.5513892815492503
IG00252,train,in_distribution,compound,C5,0.5,none,none,0.0,simultaneous,0.15907784569570668,0.0,0.0,-0.1135940336257568,1.3868655253327231,-1.762312071724806,-1.0772213756376434,0.2398827603123636,2,0.0637868888808121,0.15045182159208417,-0.012981529869309602,0.6984432107453755,-0.4525312341112635,-0.017793616971416175,-0.22265562980382697,-0.10955381054280801,0.2426585384430816,0.16846297275962602,0.06861891056587292,0.25549487426047995
IG00253,train,in_distribution,compound,C5,0.5,none,none,0.0,simultaneous,0.15907784569570668,0.0,0.0,0.7248943041440984,0.9172080888015023,0.08507477230845363,-1.329451525482835,-0.004091692237378111,3,-0.40054258573398493,-0.16799717668802883,-0.12950748001593096,-0.007374070220425007,-0.505013613415021,0.0017138598600875132,-0.2846860970044734,0.03855127702898126,0.16413422974232417,-0.001625648932894283,-0.04793781179755636,0.32268064009589464
IG00254,train,in_distribution,compound,C5,0.5,none,none,0.0,simultaneous,0.15907784569570668,0.0,0.0,0.6269261767070323,0.21953061604262109,-0.25800316135800505,-0.868162524036176,-0.034691449255378926,4,-0.30055173284633707,-0.07849981544215616,-0.3380793896051665,0.15193009143954092,-0.1701507896792771,-0.09379222764159093,-0.2551049284170408,-0.10630856547526647,0.01173954946206715,-0.31460488137911263,0.01746082648150224,0.09828406385009643
IG00255,train,in_distribution,compound,C5,1.0,none,none,0.0,simultaneous,0.31815569139141336,0.0,0.0,1.0039047179914904,-2.3483854363538015,1.2306012684777952,-0.35723050241613186,-0.3500939917336072,0,0.16286569994447023,-0.772183027067691,-0.29156646843027356,-0.8093270333732379,0.06633415695609891,-0.17876677008634684,-0.4680732374520159,0.29925740362986686,-0.6779334467717687,-1.0097003915688834,-0.297964815876257,-0.2471892156153514
IG00256,train,in_distribution,compound,C5,1.0,none,none,0.0,simultaneous,0.31815569139141336,0.0,0.0,-1.0362436913259256,-1.518070545285417,-0.6267734581893174,-0.5983211727481942,-0.147410188644171,1,0.3275509973373638,-0.5759597340807898,-0.2208658454814976,0.19719941490266069,0.2551757686557148,0.11535340945018763,0.16008073676063084,0.11554508105706915,-0.37066463479930173,-0.2124620447967527,0.0026050990009708064,-0.27485907530963033
IG00257,train,in_distribution,compound,C5,1.0,none,none,0.0,simultaneous,0.31815569139141336,0.0,0.0,0.42098707313330047,-1.413417147985977,-1.0500959881377796,-0.6462341188477644,-0.053561848917827205,2,0.4316650416238689,-0.6030472265930993,-0.16094615629482548,0.3327223081922138,0.19023303950913242,-0.14158525011560555,-0.4828192621452752,-0.06798745768687511,-0.3791425860253668,-0.6711785740271005,-0.2879282753180589,-0.22262937717072925
IG00258,train,in_distribution,compound,C5,1.0,none,none,0.0,simultaneous,0.31815569139141336,0.0,0.0,1.0169894121434109,0.731709492088654,0.8530629213776255,0.6586891946518364,-0.008198181189621404,3,0.06917552211103802,0.6907921399925152,-0.2938813407204347,-0.16520250628866734,0.16875832602296859,-0.053169977991434136,-0.05979100280299055,0.24932380434179127,-0.43315694187207815,-0.1586695696158385,-0.053731408760209536,0.2796122374048602
IG00259,train,in_distribution,compound,C5,1.0,none,none,0.0,simultaneous,0.31815569139141336,0.0,0.0,-0.11790218609201748,1.5616040334459604,0.2373323181592369,-0.6758435299898353,0.0004655749834974465,4,-0.3846645865753813,0.26466905696484316,-0.2153685811601325,0.07498155993059023,-0.23433342347065192,0.1604415605607738,0.1332173153330377,0.3050254272375445,-0.05507040270014579,0.33467884143482607,0.30618661591145,0.5045869884629914
IG00260,test,unseen_dose,compound,C5,1.6,none,none,0.0,simultaneous,0.5090491062262614,0.0,0.0,0.5725597327884115,-0.20899195198436293,0.022817285340289768,0.5115378949081163,-0.061864064185366274,0,0.3471705962242778,0.4410862700402912,-0.348139568206584,0.2343178353433837,0.44450729886669543,0.02107897880409989,0.08903678340214041,0.5137356297428113,-0.6564750171882335,-0.39304320446024676,-0.15566331080962406,0.22730137915127832
IG00261,test,unseen_dose,compound,C5,1.6,none,none,0.0,simultaneous,0.5090491062262614,0.0,0.0,1.4784493266080028,0.10844217366824915,-0.12606671573272882,0.5772666872759274,-0.07073669446614862,1,0.07607012752899958,0.5932267799212976,-0.4452763115036496,-0.14395853492382393,0.34354531704663355,-0.18005750257605233,-0.37550998597103874,0.24275057314474174,-0.7388245133660494,-0.5046701086291908,-0.36738727961798695,0.3459780182066352
IG00262,test,unseen_dose,compound,C5,1.6,none,none,0.0,simultaneous,0.5090491062262614,0.0,0.0,1.2267154576545138,0.6379844861318306,-0.7582276902987991,-0.8963693178023158,-0.03452194389248764,2,-0.07395318102062615,0.09268688355505011,-0.46649375075671523,0.2857132202500758,-0.17025630458266355,-0.15965651827208455,-0.40937740556287194,0.29439172857759094,-0.3807262521093703,-0.5405680451253075,-0.17113009711310787,0.27371841383081685
IG00263,test,unseen_dose,compound,C5,1.6,none,none,0.0,simultaneous,0.5090491062262614,0.0,0.0,-0.9464500419316192,-0.16601036607767175,-0.288267003174338,1.2794034382390005,-0.07473384463286234,3,0.4974375317800979,0.4230680642755093,-0.3893586687013198,0.44076857654445645,0.779438958404852,0.29535085325787563,0.4868585415951351,0.47375721989557035,-0.7691279168429523,0.16320880966281662,0.03425431327359816,0.08727697361830979
IG00264,test,unseen_dose,compound,C5,1.6,none,none,0.0,simultaneous,0.5090491062262614,0.0,0.0,-0.5767230753075703,0.24466115408152483,1.6625294011416403,-0.8976083841302656,-0.32758924508395637,4,-0.46471089138363253,-0.14835565234496767,-0.33218488892878767,-0.44133013489043155,-0.014050349551669786,0.591138188948322,0.45655679095428847,0.45849650342723697,-0.6867684779036357,0.025388153824969145,0.31651295564780607,0.2429164829822102
IG00265,train,in_distribution,compound,C6,0.25,none,none,0.0,simultaneous,0.09862544628488407,0.0,0.0,0.13957914293462895,1.4658431310951523,1.1449910748221488,1.7883006063467055,0.04242447441133493,0,-0.014134103100250706,1.0823715813738923,-0.0606207231546107,-0.21739608595941176,0.4620067131462595,0.286200514780867,0.45465771344209793,0.29646644364189056,-0.07193462024007277,0.5532207949627796,0.021211190254895138,0.5368726924681553
IG00266,train,in_distribution,compound,C6,0.25,none,none,0.0,simultaneous,0.09862544628488407,0.0,0.0,0.5504397593550026,-0.9790657193175428,1.722779490227036,0.033145976853742244,-0.21589041836721434,1,-0.15303309917626925,-0.1847503205615625,-0.12416705878355039,-0.711479402377739,-0.045004008962426664,0.15327583316877136,0.06546323358476747,0.17976514732846893,-0.1826398151550522,-0.14049319341342578,-0.002610895346338779,-0.05205676481513263
IG00267,train,in_distribution,compound,C6,0.25,none,none,0.0,simultaneous,0.09862544628488407,0.0,0.0,-0.3524801510171732,0.7034657922719736,-1.305823529700708,-0.38691923528316846,0.1743986322340437,2,0.19701735528942227,0.12372323909286065,-0.0831552259211749,0.5003034902948424,-0.23529969297688036,0.25642148344194005,-0.22259856276483023,-0.24937593824465482,0.28183381787380135,0.29173852236444586,-0.1554668703715471,0.11772336185271287
IG00268,train,in_distribution,compound,C6,0.25,none,none,0.0,simultaneous,0.09862544628488407,0.0,0.0,-0.2898685359751203,0.8355822473841445,0.04578794341643094,1.478763025479198,0.08538791520310868,3,0.26489101087847117,0.6558678709497212,-0.04450943111718787,0.17365195755828358,0.3871002842358979,0.24364222258962442,0.30177673011044504,0.07622825175170643,-0.186919930310657,0.4569538711298959,0.02662664852842954,0.17200943987237932
IG00269,train,in_distribution,compound,C6,0.25,none,none,0.0,simultaneous,0.09862544628488407,0.0,0.0,-1.0047519391698185,-0.23716903334503903,0.9864158634215431,0.05221372734278014,-0.15911414059942183,4,-0.3266446365494534,-0.07499698726367887,0.05792525716859617,-0.1816553479141635,0.03499882637529078,0.3946917649370142,0.6243812422229615,0.18913985280303203,-0.07723404840352752,0.39010258966234707,0.14976735035974856,-0.11214800830656009
IG00270,validation,in_distribution,compound,C6,0.5,none,none,0.0,simultaneous,0.19725089256976813,0.0,0.0,-0.6477981653504004,1.2917419858209616,-0.6124347538846915,0.8572623777565361,0.13616523405912934,0,0.1288278419235669,0.7418508772874722,-0.24988250711575738,0.4402144564733813,0.09148660157923613,0.4800460527938273,0.31579352756047896,-0.01107797558234476,0.15100970756696075,0.6434841496721962,0.019846055472514168,0.25682785027501553
IG00271,train,in_distribution,compound,C6,0.5,none,none,0.0,simultaneous,0.19725089256976813,0.0,0.0,0.34464575935497754,0.6639650604650336,-0.21503388014733954,0.049158474824903396,0.07877166044668049,1,0.1035798185117757,0.08680323808192653,-0.15326365645339352,0.11822708852050456,-0.31781756805471945,0.22792560201472695,0.005638869945044589,-0.19971539158536206,0.03859567060974032,0.20697166359402075,0.06172524334658013,0.21373583179032352
IG00272,train,in_distribution,compound,C6,0.5,none,none,0.0,simultaneous,0.19725089256976813,0.0,0.0,1.0515043691202501,1.0966688474029227,0.011036853126818345,-2.3978936998816445,0.006411151302128194,2,-0.668596110055392,-0.41340727583177755,-0.3081574973846092,0.03791539914247591,-1.191573228354642,0.08414343100366926,-0.4290983328228658,-0.2484413947544986,0.3554177923735987,-0.024075108922022186,0.009844588134498705,0.23737387943277044
IG00273,train,in_distribution,compound,C6,0.5,none,none,0.0,simultaneous,0.19725089256976813,0.0,0.0,-0.3184018809061305,1.1247606392357286,-0.8833840249238691,0.17563184202916235,0.13108811403529902,3,0.05929193256584179,0.22533083762315437,-0.2518590710207369,0.6682639374270869,-0.16002519142713467,0.39963468236259,0.14352756624118107,-0.10407362000451635,0.2492741109621447,0.3853008017835012,-0.014189943588434215,0.325452866938779
IG00274,train,in_distribution,compound,C6,0.5,none,none,0.0,simultaneous,0.19725089256976813,0.0,0.0,-0.5990313821662315,0.759866697557893,-0.2552352182512833,0.8356008407223507,0.06789677461712368,4,0.20997262893183738,0.4204736789202462,-0.2577738004957275,0.2644827245126228,0.15619529515369981,0.3995652220215776,0.21147587345658964,-0.08937481788831819,-0.14835997019058825,0.38246806233079433,0.04469450137022544,0.354810492092762
IG00275,train,in_distribution,compound,C6,1.0,none,none,0.0,simultaneous,0.39450178513953627,0.0,0.0,0.23695804721011499,-1.5645181688422287,-1.3466351000847194,-0.5553777690035611,-0.02854231037515472,0,0.3857411430061152,-0.8180079566808314,-0.32934233837289795,0.4271601647562252,-0.35167800270336974,0.5056718364243208,-0.5542157751717186,-0.4843993735511423,0.1288009659652432,-0.37476713994478117,-0.33042731659807245,-0.3829655443864831
IG00276,train,in_distribution,compound,C6,1.0,none,none,0.0,simultaneous,0.39450178513953627,0.0,0.0,-0.3531371209854718,0.504822111004711,0.4257119550981588,-0.017395072002384045,-0.09895109958643421,1,-0.1911418558241321,0.08079744309972486,-0.46992822325155026,0.12139071627603476,-0.2714760415259013,0.8421643105341036,0.24383994509511941,0.03393965510735766,0.007471014979153895,0.3850220934661125,0.012408622832369612,0.20927591557419745
IG00277,train,in_distribution,compound,C6,1.0,none,none,0.0,simultaneous,0.39450178513953627,0.0,0.0,-1.2015658542966021,1.3586428085658382,-1.035746771129089,-0.9112369829678509,0.11147475534964581,2,-0.22944256226324655,-0.08078060982763373,-0.3482152410584043,0.6949291872967127,-0.6324417255574721,0.8217155303580904,0.16259605890896378,-0.25764114541589644,0.4950197938089419,0.8231165522360343,0.23457427577425738,0.2825259662619174
IG00278,train,in_distribution,compound,C6,1.0,none,none,0.0,simultaneous,0.39450178513953627,0.0,0.0,0.564925845014049,0.11942482853682275,-0.4158807498128117,-1.1727900757449132,0.001212678453960725,3,-0.2161467388495596,-0.2669478748607345,-0.43710002973171674,0.22786980569528267,-0.7584480140759958,0.5599691707693636,-0.4740612287823227,-0.3275972104415299,0.23370556771421652,-0.01510079636792048,-0.04035036081247985,-0.035929107770321225
IG00279,train,in_distribution,compound,C6,1.0,none,none,0.0,simultaneous,0.39450178513953627,0.0,0.0,-0.5316399370325161,0.8251398968984127,0.3557804832397421,-1.4348871417771543,-0.04068282738495882,4,-0.5432697859369486,-0.2913282186816151,-0.4805287971638452,0.18284583568461532,-0.9120515505114895,0.7221276286049223,0.1251871496278883,-0.2643374357421599,0.3381073755287221,0.5461523628939434,0.221568307381186,0.27356095022277904
IG00280,test,unseen_dose,compound,C6,1.6,none,none,0.0,simultaneous,0.6312028562232581,0.0,0.0,-1.9617461631293336,-0.20826913804876374,-0.20024103045307598,0.3558037487301057,-0.07250544937484221,0,0.20773246916018911,-0.22865288909469025,-0.5123908602771923,0.4722737146591738,-0.26670391060682724,1.3409430287819155,0.4454555026936861,0.016335715366922382,-0.05166807362216788,0.8071054616726974,0.18659294801289353,0.18260758888462045
IG00281,test,unseen_dose,compound,C6,1.6,none,none,0.0,simultaneous,0.6312028562232581,0.0,0.0,-0.5338279425108342,-1.0086249048183116,-0.7374771159899988,0.30206619082224534,-0.045275941648078855,1,0.39608170223956857,-0.44439900884508843,-0.5750780615196533,0.37389868127055953,-0.09583505238146306,0.9103649279548618,-0.19848292711357057,-0.2770873151288672,0.18414181647201988,0.3501939689842479,-0.11892791444906826,-0.11638673963296606
IG00282,test,unseen_dose,compound,C6,1.6,none,none,0.0,simultaneous,0.6312028562232581,0.0,0.0,-0.5885702958549023,0.8983277017433808,-0.7686512425582971,-1.1155485604277475,0.01493830555689206,2,-0.33897983930912834,-0.2827521884835984,-0.7161158529545636,0.5829053105007854,-0.857044618116394,0.987050954505057,-0.12367213676163778,-0.336562832346356,0.35841798822981913,0.7297885238843188,0.029567074671802168,0.3197928708595802
IG00283,test,unseen_dose,compound,C6,1.6,none,none,0.0,simultaneous,0.6312028562232581,0.0,0.0,-0.7774479071506776,-0.2555190582047269,-0.28347401851622256,1.3782366412593805,-0.02581850715185456,3,0.3269004603475214,0.23819893203862505,-0.6051923931025133,0.25212520046796805,-0.009572406760115892,1.1065128090345924,0.35248860958137146,-0.36030963118023385,-0.09671103565368112,0.6017028046994451,0.06491364947152183,0.07529476054537801
IG00284,test,unseen_dose,compound,C6,1.6,none,none,0.0,simultaneous,0.6312028562232581,0.0,0.0,0.0528977754779219,-1.9708087473069862,0.09276285643531013,-0.09860675045348787,-0.19058618736118849,4,0.2722301291805924,-0.6719298515775639,-0.5449577966192302,-0.16493446618028468,-0.3017586120095071,0.8537766722289485,-0.35952878793883775,-0.414217647211359,-0.1547619375369371,-0.10760363884627804,-0.22927546775778598,-0.427055311108802
IG00285,test,unseen_perturbation,compound,C7,1.0,none,none,0.0,simultaneous,0.3307864635362843,0.0,0.0,-0.01865573484055328,1.4333139941141337,2.127743700257108,-1.294705056520731,-0.23379804072382696,0,-1.0031167859649532,-0.20887238054120275,-0.13994052233382684,-0.6177836618224155,-0.6163320921197291,0.6487146647880095,0.35645408940609313,0.38091044348079556,0.17282436804535634,0.5997138499641408,0.34840574201885693,0.549302707624928
IG00286,test,unseen_perturbation,compound,C7,1.0,none,none,0.0,simultaneous,0.3307864635362843,0.0,0.0,0.2710075533959486,0.2316814271289909,0.1189235787436509,0.4440455443927356,-0.038670202015565786,1,0.19549484830054442,0.09965975319756668,-0.177659116920864,-0.0771540395582801,0.022732026082537382,0.14643898226495247,0.018425947769137717,0.054138324384621586,-0.2081647787672844,0.10700190601043351,-0.26050209737346736,-0.007380048458713012
IG00287,test,unseen_perturbation,compound,C7,1.0,none,none,0.0,simultaneous,0.3307864635362843,0.0,0.0,0.46854414282011986,-0.49135106149100516,1.7290450672507154,0.14385764387683075,-0.2836901356848003,2,-0.3616678830188831,-0.2355304062254622,-0.10751000239080596,-0.5094406076522194,0.030421729799441844,0.24486519636057438,0.28419329410947447,0.345161043282931,-0.2686508477978074,-0.003919254639713442,-0.16255164398886782,-0.16629507712481081
IG00288,test,unseen_perturbation,compound,C7,1.0,none,none,0.0,simultaneous,0.3307864635362843,0.0,0.0,1.7448938508242793,1.2802219715908187,0.44415944263429924,0.9359537269339406,0.04361072253857304,3,0.07647024116507366,0.6186453822184361,-0.2931705168748779,-0.21394041731598112,-0.11177678262570986,-0.03695589794341182,-0.15671649544482205,0.1957667021042169,-0.02625300526186533,0.0036919387981171475,-0.3217483426894454,0.47491519007291305
IG00289,test,unseen_perturbation,compound,C7,1.0,none,none,0.0,simultaneous,0.3307864635362843,0.0,0.0,1.4522229053522404,-1.2693556882703585,-1.0108931037760944,-0.38385163837315833,-0.059966155364656853,4,0.3522547129875448,-0.4835914307730087,-0.012552775446111969,-0.2336667527755644,-0.05010025062906795,-0.08045774945885471,-0.786860424928612,-0.36446281035655725,-0.1072404642914152,-0.7430109116989122,-0.7025496374830174,-0.370667460667785
IG00290,test,unseen_combination,gene,G0,0.75,gene,G5,0.75,simultaneous,0.22982272091277733,0.22982272091277733,-0.35315908248273403,0.5990444211032757,1.4335713706425668,0.827299726208506,0.34973186913850085,-0.03160200973344895,0,-0.10109060749088528,0.31208280118340065,0.12336968036718261,-0.2846517092151103,0.045036373084178315,-0.15815384652407025,0.2938823417710866,0.22295971255311037,-0.24640286334458048,-0.15755068741102796,-0.13717975809765834,0.49135320369801777
IG00291,test,unseen_combination,gene,G0,0.75,gene,G5,0.75,simultaneous,0.22982272091277733,0.22982272091277733,-0.35315908248273403,-0.25381347183001146,-0.4965128112472458,-0.3403115875301532,0.67247410229415,0.03259724867053793,1,0.5507532055711531,-0.09594810537663241,0.2712779044932675,0.24454684331313495,0.5488393722457547,-0.30698743429314096,0.24106587072230562,-0.0061853552159569815,-0.392794666969496,-0.4353783246803024,-0.24756725737794422,0.12933599699686582
IG00292,test,unseen_combination,gene,G0,0.75,gene,G5,0.75,simultaneous,0.22982272091277733,0.22982272091277733,-0.35315908248273403,1.6103982274653001,2.1100286391087706,-0.03834525642272736,0.5913501869787965,0.17912638798949082,2,0.10937822014592416,0.8803370192170838,-0.09411998503396543,0.026555096411373713,-0.2309405810183653,-0.4048112508676404,-0.03464105129100453,-0.033248987895219566,-0.24391012736707995,-0.4169432398466988,-0.31011561216153954,0.8231617960771339
IG00293,test,unseen_combination,gene,G0,0.75,gene,G5,0.75,simultaneous,0.22982272091277733,0.22982272091277733,-0.35315908248273403,1.8423825321109166,0.48368850136362085,0.5935171402584826,-0.14723452119412653,0.028123075973858297,3,0.12747973127212997,0.07196728269836437,0.0999703653103227,-0.18853535042322567,-0.08578429830665536,-0.5204519493103421,-0.377477173444015,-0.019664462990415233,-0.24032264178785245,-0.8364175139000467,-0.39487828616949877,0.272918156280431
IG00294,test,unseen_combination,gene,G0,0.75,gene,G5,0.75,simultaneous,0.22982272091277733,0.22982272091277733,-0.35315908248273403,-0.4073956927300839,-1.0553632846518992,1.0067230221834613,-0.40671263298675336,-0.26420990907580333,4,-0.013385958133546188,-0.612241726454514,0.22447704730408374,-0.33949763866449517,0.2654463398079887,-0.1482455020187571,0.5298921842464529,0.2429943679699571,-0.5788693974236584,-0.5648279935329024,-0.14058924777159104,-0.06752335339016545
IG00295,train,in_distribution,gene,G0,0.5,compound,C2,0.5,simultaneous,0.1532151472751849,0.18207939763161168,0.26992662648438726,0.8869526927015422,-0.19507201182905023,-0.5532342238091718,-1.4857826671700571,-0.03286804347070373,0,-0.2448118677102517,-0.1874285264470008,-0.4734329278892194,-0.1466525084013283,-0.5979390448153951,0.011242211469505506,-0.836964745567593,-0.005183419979612566,0.420074678651645,-0.09186951287120122,-0.09639505787899258,-0.4429649748978831
IG00296,train,in_distribution,gene,G0,0.5,compound,C2,0.5,simultaneous,0.1532151472751849,0.18207939763161168,0.26992662648438726,-0.5848829201697028,-0.09959576998285666,-1.2851718902998837,-1.0171327850188117,0.11086450551463842,1,-0.03217769469980288,-0.035941412522713045,-0.29277667203156826,0.44447350787039025,-0.18334427293954714,0.11535927035546775,-0.4822708883187923,-0.07848416488473751,0.4958352199984553,0.38176517015546385,0.13388348648896997,-0.30175886946720043
IG00297,train,in_distribution,gene,G0,0.5,compound,C2,0.5,simultaneous,0.1532151472751849,0.18207939763161168,0.26992662648438726,0.8099972053376318,1.0391560748911994,-0.22107683615667864,0.9420288780920345,0.11064448912905919,2,0.04401785753917109,1.0413104626830791,-0.4299708855122295,-0.045064462908329266,0.15551207958986107,0.23659298005469326,-0.14249564380201088,-0.07896270716480817,0.23742510297629277,0.4712392284573218,0.030973367328495954,-0.07306501851205527
IG00298,train,in_distribution,gene,G0,0.5,compound,C2,0.5,simultaneous,0.1532151472751849,0.18207939763161168,0.26992662648438726,-1.6993222569666453,-1.216342936408572,1.5315063269452107,0.7760624643060857,-0.2649869272792881,3,-0.026047293121080756,0.21341684734409871,-0.2570150158394842,-0.515861013522632,0.5970019279980965,0.6326459263746523,0.4857084703425226,0.5063965642500173,-0.22896185092323623,0.7230612461532521,0.25424711312642867,-0.589569054967633
IG00299,train,in_distribution,gene,G0,0.5,compound,C2,0.5,simultaneous,0.1532151472751849,0.18207939763161168,0.26992662648438726,2.1039128261023894,0.3680460589873677,2.666319212709576,-0.5902089415175361,-0.181737859386451,4,-0.7719148429404638,0.6497020131601788,-0.3671469980922146,-1.0892961696770045,-0.4731544305128909,0.13990737860130242,-0.42852663269020724,0.4948436354331838,0.10528267504980796,0.1469808040745073,0.054337707985741744,-0.11506581152042059
IG00300,validation,in_distribution,gene,G0,1.0,compound,C2,1.0,simultaneous,0.3064302945503698,0.36415879526322337,0.26992662648438726,2.150904475361534,1.8329658253874912,-1.3060215344105952,-1.9620528393218948,0.28882374427428914,0,-0.3172255118360109,0.5224969464802037,-0.41874678093473944,0.24177198930127297,-1.047501138707877,0.04286575927717289,-1.2907704960382775,-0.3214976292485883,0.8298715784991574,0.1284308804571135,-0.14634398021015582,0.08330390841431531
IG00301,train,in_distribution,gene,G0,1.0,compound,C2,1.0,simultaneous,0.3064302945503698,0.36415879526322337,0.26992662648438726,-0.7584864526720735,-1.1932380202214061,0.38025424934966223,0.42244365525928457,-0.1326639872306557,1,0.16975557840147093,0.31695980157579506,-0.4353745349661551,-0.23702246268095487,0.23935945533087893,0.6360262586877186,0.04580991797945161,0.31729665044212924,0.08490552546907962,0.5023976959239492,0.18924065952382263,-0.7567789223174366
IG00302,train,in_distribution,gene,G0,1.0,compound,C2,1.0,simultaneous,0.3064302945503698,0.36415879526322337,0.26992662648438726,-0.008549899170387822,-1.4568632963855692,1.0709254160158552,1.0820693955343643,-0.20107493761067002,2,0.22019456432880286,0.5007690350760571,-0.5618290156600025,-0.5497386446140804,0.5348607259720907,0.464031544458185,-0.003715630105288456,0.4018084765284588,-0.165754289568961,0.3741250479892659,0.16210392874020946,-0.7725655914241198
IG00303,train,in_distribution,gene,G0,1.0,compound,C2,1.0,simultaneous,0.3064302945503698,0.36415879526322337,0.26992662648438726,-0.5004666228208837,0.22528357722819495,0.011383463169634966,0.014611284029083302,0.022778474294687583,3,-0.0903740900636144,0.6536033616668018,-0.46455920724717065,0.04309547155950097,-0.22030948840669318,0.5280412636250293,0.016908396553801303,0.1920225189772307,0.11636603872719947,0.8524076927193418,0.09211652354207353,-0.2849910782386371
IG00304,train,in_distribution,gene,G0,1.0,compound,C2,1.0,simultaneous,0.3064302945503698,0.36415879526322337,0.26992662648438726,1.5022601650748044,-1.0490767703519726,-1.3624298032959667,2.318678812047107,0.21812184253669042,4,1.2105181946637753,1.1421121875950704,-0.7222738269462842,0.22975041498856677,0.8173975647105746,-0.06501801878071539,-0.7578305814199299,-0.26377400141713575,-0.16104118342602636,-0.05138473016593842,-0.28078996332521744,-0.48598502882834127
IG00305,train,in_distribution,gene,G0,0.9,compound,C2,0.9,A_then_B,0.2757872650953328,0.30266626984491785,0.26992662648438726,-0.9683210176257409,-0.635193043809069,0.4057565148943662,-0.2828353221603996,-0.2636513542774629,0,0.3311592384655679,-0.606493025276506,-0.7521238781665729,-0.3388032841355424,0.187213441336318,0.34946011419439205,0.09738707814829356,0.16126034464750755,0.06814686989056715,0.6098602075650371,-0.12363150761248706,-0.6535737805766902
IG00306,test,unseen_sequence,gene,G0,0.9,compound,C2,0.9,B_then_A,0.26072725930502627,0.32774291573690106,0.26992662648438726,-0.0060936248375632746,0.37865673096586944,-1.8644291231097918,-0.16824125065539622,0.37520078007707836,0,0.016253597599834482,1.352559896659141,-0.1495215003137455,0.8033996491388786,-0.031191157687603693,0.5303789640081048,-0.7064822160591262,-0.20201561695629278,0.3917081268792805,0.3536990897931599,0.2686112250183778,-0.03376161261548877
IG00307,train,in_distribution,gene,G0,0.9,compound,C2,0.9,A_then_B,0.2757872650953328,0.30266626984491785,0.26992662648438726,0.926904019712936,-1.4952689502624297,0.41976498098403725,0.5549652396222094,-0.2343785706993364,1,0.662996019564265,-0.44826841879279333,-0.8501479006463248,-0.6340565617088152,0.1631623532644995,-0.09392665644176121,-0.3694668594873215,0.19856703453452895,-0.09506254455563806,0.06947355483136133,-0.2612951071277025,-0.8126537182354083
IG00308,test,unseen_sequence,gene,G0,0.9,compound,C2,0.9,B_then_A,0.26072725930502627,0.32774291573690106,0.26992662648438726,-0.6405306181525703,-0.28354082681681825,1.7641106804843583,-1.509936882214262,-0.061014890396600685,1,-0.912227674571756,0.6047890560432474,-0.13038623807184807,-0.3397496077782291,-0.5556428552527588,0.8271479462035994,-0.11495514777565892,0.43587666356436294,0.3712610264138022,0.7600833343710995,0.5558751695568293,-0.12339670561909075
IG00309,train,in_distribution,gene,G0,0.9,compound,C2,0.9,A_then_B,0.2757872650953328,0.30266626984491785,0.26992662648438726,-0.08996619400483538,1.147556107713854,0.5900768404658877,-0.5034065708809057,-0.11947947882337284,2,-0.06341365358395361,-0.046740350205709866,-0.954734196112148,-0.2746610000068579,-0.4482203711051916,0.3008411192336195,-0.049244111619803285,0.17350066652881863,0.46884591935097286,0.751785876393264,0.20328069289775993,-0.42094768576446817
IG00310,test,unseen_sequence,gene,G0,0.9,compound,C2,0.9,B_then_A,0.26072725930502627,0.32774291573690106,0.26992662648438726,-0.29218142921915796,-2.2120552104028968,-0.13731448781467467,-0.009054277610654325,0.11657755034797454,2,-0.03173747180481482,0.6531538011480205,0.1331746510094305,0.10277871360589204,0.18689378827595898,0.4775263416358202,-0.7440912448126091,0.13201725394979108,0.07123253259959646,0.1598705583577843,0.318451838395705,-0.4972428558257098
IG00311,train,in_distribution,gene,G0,0.9,compound,C2,0.9,A_then_B,0.2757872650953328,0.30266626984491785,0.26992662648438726,0.5516526787805583,-1.242417857019128,0.19689539555511662,-0.6725126429620308,-0.3275255249897046,3,0.24513433742884433,-0.8553168667537394,-0.7786182432331324,-0.6760386035220874,-0.05862508869618985,0.06418026223679978,-0.38220661032846587,0.2583881819504882,0.05892417530317996,0.07429348232816538,-0.2783859061922019,-0.7181620806704787
IG00312,test,unseen_sequence,gene,G0,0.9,compound,C2,0.9,B_then_A,0.26072725930502627,0.32774291573690106,0.26992662648438726,0.991897268052895,1.310382116001819,-2.3862024579839796,-1.2955878994120424,0.4354364299509964,3,-0.4754439631167854,1.3104212085447426,-0.18535746891906332,0.8989780102873691,-0.551704804062188,0.3144644747984373,-1.1608316013739908,-0.3981416465866952,0.6374586747874699,0.2830187836088816,0.14185241128927364,-0.016961129535672054
IG00313,train,in_distribution,gene,G0,0.9,compound,C2,0.9,A_then_B,0.2757872650953328,0.30266626984491785,0.26992662648438726,-1.6164487137595132,-0.22143324290053715,-0.6032046968618554,0.29006898810007214,-0.12264574733650935,4,0.43286181598197127,-0.3334495118713559,-0.7902940125818678,0.2377798892689787,0.20557424248951517,0.3197399728424996,0.2749292424041141,0.14990281353623935,0.1405582932746697,0.9017434500238207,0.06597989631581275,-0.7435848149721348
IG00314,test,unseen_sequence,gene,G0,0.9,compound,C2,0.9,B_then_A,0.26072725930502627,0.32774291573690106,0.26992662648438726,-1.06334853703123,-1.1767277119066535,-1.1510449292788547,1.6992584312070407,0.20904501990145655,4,0.32220706544585526,1.3775490734795166,0.01980550641230193,0.6081218301932823,0.8381514752968865,0.6169417305101106,-0.12514674446186663,0.021712341189766025,-0.019659425177031967,0.5313925088726147,0.01898461441184876,-0.4145787023033765
IG00315,train,in_distribution,gene,G1,0.5,gene,G2,0.5,simultaneous,0.1532151472751849,0.1532151472751849,-0.4060466585539301,0.14470166689561814,-0.20204903358462717,1.1163190201162017,-2.205891883201408,-0.1689491163690367,0,-0.6287165154794387,-0.7867941181496527,-0.016440557190687113,-0.41042255706550396,-0.8126162116262162,0.09534120831756139,-0.1526783974852507,-0.009797564025475554,0.10983711798070367,-0.1843953601173017,0.12652119807611556,0.06642207675638402
IG00316,train,in_distribution,gene,G1,0.5,gene,G2,0.5,simultaneous,0.1532151472751849,0.1532151472751849,-0.4060466585539301,0.5599039553136358,-0.34741124540919543,0.03534923018719845,1.3476190382904385,-0.0020006063729220216,1,0.34101139172349637,0.3507197335151034,-0.12252747610876474,0.06338976882605163,0.5415993190266549,0.1165893258752132,-0.13256599246211104,-0.11921716595860196,-0.2976619165780007,-0.33534777386472703,-0.2963318243171265,0.07459397436376802
IG00317,train,in_distribution,gene,G1,0.5,gene,G2,0.5,simultaneous,0.1532151472751849,0.1532151472751849,-0.4060466585539301,1.3501551218649355,0.17218453838789433,0.005982486740108603,1.0427675452740457,0.0003643963809852324,2,0.14350700071188466,0.3164784799238299,-0.140688234575629,-0.08116296471964364,0.2441497377432632,0.05590595766978791,-0.3408070537394103,-0.05068222305569091,-0.23842084397754137,-0.5071233503165844,-0.28950333483602086,0.3889754383420681
IG00318,train,in_distribution,gene,G1,0.5,gene,G2,0.5,simultaneous,0.1532151472751849,0.1532151472751849,-0.4060466585539301,1.4480940005366043,1.8196231069750353,0.37599767354175573,0.16670873608020334,0.12922647422566444,3,-0.2940650190186659,0.7366043423160094,-0.06310875031824234,0.0761330300393837,-0.2683319736276188,0.10987616234836356,-0.2334739549013634,-0.046896116950021716,0.03005475239591983,-0.012754949305470067,-0.19452122082095852,0.6282488423175764
IG00319,train,in_distribution,gene,G1,0.5,gene,G2,0.5,simultaneous,0.1532151472751849,0.1532151472751849,-0.4060466585539301,-0.5966608806209971,0.7232697627848793,-1.214376765834723,1.498756792523103,0.18927974521803942,4,0.41011439449579523,0.6332598752351976,0.010082751071836673,0.625091492698802,0.4489964309985288,0.35849412603322683,0.1732187119011161,-0.12218688609236059,-0.09101041407980108,0.3089954935843957,-0.09222561594204755,0.41184106619921057
IG00320,validation,in_distribution,gene,G1,1.0,gene,G2,1.0,simultaneous,0.3064302945503698,0.3064302945503698,-0.4060466585539301,-0.32291798153572626,-0.08925968367223497,2.5351382468746877,0.2355131419846528,-0.2505251955824932,0,-0.516775488944294,0.13595260320974162,0.09956392181130072,-0.663264725776237,-0.01954428019737757,0.4955094777728988,0.6512658502760847,0.336258288504807,-0.34288322395265114,0.1795448512141868,-0.005190910340475363,0.2869633419969023
IG00321,train,in_distribution,gene,G1,1.0,gene,G2,1.0,simultaneous,0.3064302945503698,0.3064302945503698,-0.4060466585539301,-1.3723714092576258,0.09866578860101165,-0.7305548847605956,0.5508027896549761,0.0293012782692003,1,0.2353918001592326,0.1356066304945765,0.08127663931902905,0.4873121084610499,0.29261843527783366,0.5251972043699473,0.4305143796987334,0.08191257089981897,-0.13288006640071548,0.2725310086240516,-0.012219768069660186,0.13663711194384126
IG00322,train,in_distribution,gene,G1,1.0,gene,G2,1.0,simultaneous,0.3064302945503698,0.3064302945503698,-0.4060466585539301,-0.23574668834682283,-0.25651415462833027,2.004933294805438,1.2601737550692322,-0.21646450873009476,2,-0.13874981038782225,0.3229863346881545,-0.06904807430298794,-0.46250317408604613,0.4698338241513293,0.6866456091089468,0.5402238617943208,0.3664777461735294,-0.33765690750813127,0.1584065677712967,0.0693177380387206,0.299046312731119
IG00323,train,in_distribution,gene,G1,1.0,gene,G2,1.0,simultaneous,0.3064302945503698,0.3064302945503698,-0.4060466585539301,-0.6734823956889106,1.3012893952910474,-0.7042917432574841,0.7982208003292418,0.18951684358236134,3,0.09121821809763854,0.6389212349630061,0.1148881283274783,0.7425196537061836,0.1721543543293569,0.6544106859534959,0.15730667996162284,0.15891099710143264,0.050171654667139576,0.6124190395048235,0.12839609151269088,0.3485745987099246
IG00324,train,in_distribution,gene,G1,1.0,gene,G2,1.0,simultaneous,0.3064302945503698,0.3064302945503698,-0.4060466585539301,0.47636457974227203,-0.6827135872587577,0.27361020371304845,-1.1938120290630343,-0.2384699989658097,4,-0.4093811298297952,-0.7633430613071583,-0.21618032816372784,-0.13573008283806884,-0.11159061259903003,0.32960719319471476,-0.32101764995198856,0.046895468155315714,0.06337796128704544,-0.4213373129337919,-0.04773921689649652,-0.13417313188584473
IG00325,train,in_distribution,gene,G1,0.9,gene,G2,0.9,A_then_B,0.2757872650953328,0.26072725930502627,-0.4060466585539301,-0.08403118571836042,-0.06666473517988077,-0.036364820840717564,0.7965388961384617,0.06361390562517741,0,0.04323948475403949,0.3472294386557046,0.4155720234228969,0.17884926879829932,0.5372996870123211,0.14857380479422874,0.5521617216930884,0.06370059112153378,-0.42771887344066156,0.31527192609043064,0.6843016968819704,0.1016393925526712
IG00326,test,unseen_sequence,gene,G1,0.9,gene,G2,0.9,B_then_A,0.26072725930502627,0.2757872650953328,-0.4060466585539301,-0.9512637741300163,-1.0651800178733837,0.24446313402826425,1.198200750027281,-0.17090478177194351,0,0.26128091182237556,-0.244245167193739,-0.1618590338123239,0.08097516314347258,0.548255155158685,0.4880775075275856,-0.14952826739820727,0.05406665163591608,0.027118312672286864,-0.4369430156134191,-0.835252586238849,-0.03171387618907133
IG00327,train,in_distribution,gene,G1,0.9,gene,G2,0.9,A_then_B,0.2757872650953328,0.26072725930502627,-0.4060466585539301,1.5624417717906809,-0.6629138331136649,-1.0703794693472162,2.67638335796,0.2166217345970986,1,0.9295983065717984,1.0696621645862023,0.057267091828530514,0.36943422888695365,0.9572730647941956,-0.16887475391535617,0.2119531223202183,-0.3341112086585755,-0.8829916392146703,-0.14097866790343633,0.07194227564144398,0.01359615726524789
IG00328,test,unseen_sequence,gene,G1,0.9,gene,G2,0.9,B_then_A,0.26072725930502627,0.2757872650953328,-0.4060466585539301,-0.4679978055544101,0.52577371655777,-1.2124665814633249,0.5744932371889823,0.08867919419344082,1,0.17575646049764537,0.0414550091353022,-0.21218631516506686,0.8019406258361925,0.3283885812003289,0.45507042152940086,-0.4033364469439585,-0.20547114479997025,0.38955008486792586,-0.08510711860355721,-1.0405267945845182,0.6241381941263626
IG00329,train,in_distribution,gene,G1,0.9,gene,G2,0.9,A_then_B,0.2757872650953328,0.26072725930502627,-0.4060466585539301,0.9175102572066047,-0.7784634807158073,-0.3773210387408194,1.1204653015590889,0.06750058525812025,2,0.4756473086303553,0.4504190659116464,-0.07708251058112439,0.097120434209983,0.5235102544894932,-0.007556860556149611,0.3120892620364541,-0.20950781257188952,-0.5572698195081129,-0.06477315430713916,0.45146304379147867,0.03510861893487621
IG00330,test,unseen_sequence,gene,G1,0.9,gene,G2,0.9,B_then_A,0.26072725930502627,0.2757872650953328,-0.4060466585539301,-0.970119247283854,-3.795292007389498,0.36405227545010455,-1.1588914892620796,-0.45416782293167224,2,0.02996457651153374,-1.9857457930318156,0.14559419399309897,-0.23116709568739854,0.2651009388296442,0.4211750312900261,-0.6839245754207565,0.05778359997446599,-0.08409121711269374,-1.272333385650346,-0.8103208586611057,-0.524771652867799
IG00331,train,in_distribution,gene,G1,0.9,gene,G2,0.9,A_then_B,0.2757872650953328,0.26072725930502627,-0.4060466585539301,0.48173284598755417,-0.06724129972193377,-0.5330631619356967,1.4403638108102208,0.1459566410407244,3,0.31051161543153144,0.8201755494641656,0.18460609992299595,0.38129372195852906,0.6892358122492624,0.15185879366654859,0.41188106200014546,-0.15817983909070582,-0.5410820830542342,0.1825118052038615,0.5453025942192871,-0.051203270271862396
IG00332,test,unseen_sequence,gene,G1,0.9,gene,G2,0.9,B_then_A,0.26072725930502627,0.2757872650953328,-0.4060466585539301,2.101735961249889,-0.3808307852879303,1.655722748137952,0.19396411319740464,-0.24708471552350936,3,-0.23378988062342843,-0.27037957300467325,-0.4034731022224529,-0.6252880538329568,-0.07942312980774076,0.05642273002635579,-1.0514058684634602,0.10784904140011527,-0.043868221506174726,-1.0191899203797352,-1.0722812775579804,0.20125119478884443
IG00333,train,in_distribution,gene,G1,0.9,gene,G2,0.9,A_then_B,0.2757872650953328,0.26072725930502627,-0.4060466585539301,-0.10211982820568663,-0.3009284587652645,-1.0405526012658917,0.22530082870942894,0.15066278942792194,4,0.38622393835353586,0.12664286100441577,0.128805419932265,0.5227148450271258,0.36321758780741353,0.037146518073277554,0.263120706888705,-0.13128493069092462,-0.3884733818211472,0.3623811586031347,0.6335695073973137,-0.013444359920844001
IG00334,test,unseen_sequence,gene,G1,0.9,gene,G2,0.9,B_then_A,0.26072725930502627,0.2757872650953328,-0.4060466585539301,0.825812541995603,0.8286009561758995,-0.32334466946161616,0.42299108850630057,0.058306112435723825,4,0.19027653504381714,0.08409145222667727,-0.22146263443073444,0.3072252069772405,0.07638582295412394,0.30902748693406296,-0.7554708020118326,-0.12322246970631612,0.25351915939869707,-0.41740797951795483,-0.848986180501681,0.46289362143317253
IG00335,train,in_distribution,gene,G1,0.5,compound,C4,0.5,simultaneous,0.1532151472751849,0.18838544788692801,0.24922295492516758,-1.3921902900451772,-0.749171824238364,0.299256964960182,0.8996794120428954,-0.13442812311350585,0,0.26838507357102437,-0.20871061016229864,-0.12422748391523183,0.1372587595520767,0.5210870882675973,0.5047628022917301,0.5135867349560646,-0.009159836182988622,-0.14695826729696132,0.2494735012953787,0.11352241918334105,-0.3844527438327431
IG00336,train,in_distribution,gene,G1,0.5,compound,C4,0.5,simultaneous,0.1532151472751849,0.18838544788692801,0.24922295492516758,-0.363915385322398,-0.8310085328467517,1.3087812203817226,-0.1931649764702129,-0.271335142069343,1,-0.4488190440406691,-0.4583494458244078,-0.02914487888719816,-0.29632332252544985,-0.0317406785836481,0.4279548401939737,0.3586138392621534,0.08532891281003958,-0.09575163700794859,-0.12203397866748696,0.09086865030584658,-0.32642490777337785
IG00337,train,in_distribution,gene,G1,0.5,compound,C4,0.5,simultaneous,0.1532151472751849,0.18838544788692801,0.24922295492516758,-1.0232259764238942,1.8800533200997678,-0.22867289747142694,1.6384486306171167,0.153257059852865,2,-0.02791743264621284,1.0498914659046619,-0.06760750775487963,0.5952781911523531,0.4961276284727762,0.6092947126140831,0.6632004324727824,-0.05418170007940004,0.0333531804870539,0.6613804956478018,0.2715708450571973,0.47680756268309565
IG00338,train,in_distribution,gene,G1,0.5,compound,C4,0.5,simultaneous,0.1532151472751849,0.18838544788692801,0.24922295492516758,0.9693999287246885,0.9063540298209524,-0.4456089149770415,1.1068657981543433,0.1654779894696803,3,0.16263952518102126,0.644879406268779,0.02268716511274564,0.2331312125049767,-0.05491787056315886,0.22313661191246986,-0.18853039052475978,-0.32681825046660734,-0.09533754354904614,-0.14969824983555582,-0.07566606466221146,0.14302575011426924
IG00339,train,in_distribution,gene,G1,0.5,compound,C4,0.5,simultaneous,0.1532151472751849,0.18838544788692801,0.24922295492516758,-0.5600249398041507,-0.035542088618778764,0.9089589071685977,-0.07743392061434101,-0.16591314932191348,4,-0.2817534713636356,-0.18093575794383365,0.05716565102762211,-0.2048551253057702,0.1435752542822871,0.4987887313258672,0.28478462258151044,-0.01958457536721918,-0.09948055493244409,0.1214232567167593,0.08216084714752447,-0.14529114424267286
IG00340,validation,in_distribution,gene,G1,1.0,compound,C4,1.0,simultaneous,0.3064302945503698,0.37677089577385603,0.24922295492516758,-0.5522642113575749,1.94333349999345,-0.22177526914226373,-1.4352443843974088,0.08826499116647096,0,-0.6243374962504858,-0.03271570929776434,0.10547133738976688,0.6390445135591867,-0.6687487587623733,1.0391171506005066,0.21771722788283626,-0.5325444209933234,0.4271235438600978,0.37847496761290067,0.27057179359346867,0.22140941193422567
IG00341,train,in_distribution,gene,G1,1.0,compound,C4,1.0,simultaneous,0.3064302945503698,0.37677089577385603,0.24922295492516758,-0.9757821278926286,-1.2336874671401168,0.5583695330384519,-0.0980396638287072,-0.1395142251047701,1,-0.13073080998403278,-0.5946537998612894,0.2023894649819009,0.2962780169802348,0.0870893617280603,0.9500109315177547,0.2190389566653555,-0.25376923837805165,-0.030162234477572034,-0.03466156163060925,0.049316251289627105,-0.31462435936839084
IG00342,train,in_distribution,gene,G1,1.0,compound,C4,1.0,simultaneous,0.3064302945503698,0.37677089577385603,0.24922295492516758,-0.7653562421213774,-0.5204693452270956,-1.1084888797486376,0.47104265625382974,0.041818984730082824,2,0.27081908589299497,-0.11751015539605557,-0.1628851018226157,0.7798008147593615,0.2520008570843349,0.9090876536500463,-0.1405051818169254,-0.3748484154672275,0.11155008489804918,0.04520057133484408,0.044217603643965195,-0.3223298409193213
IG00343,train,in_distribution,gene,G1,1.0,compound,C4,1.0,simultaneous,0.3064302945503698,0.37677089577385603,0.24922295492516758,0.6943681371828269,-1.1320951938333386,0.0366776557654502,1.0008237138221636,-0.08674882739324608,3,0.25432324776612386,0.02147057943123841,-0.07947431912387536,0.18032899679778222,0.370547692208392,0.7718898337793492,-0.17135399383072342,-0.4969502287541345,-0.3318710669077356,-0.5727716801637958,-0.40379443770275475,-0.2443841394704067
IG00344,train,in_distribution,gene,G1,1.0,compound,C4,1.0,simultaneous,0.3064302945503698,0.37677089577385603,0.24922295492516758,0.9117867369831063,0.6984544368369374,0.24250946567392884,1.0796795252959086,0.06177115970676782,4,-0.10826453748892034,0.5274704719875665,-0.10579874373171164,0.21405366481085514,0.2949018508905966,0.5857837747464669,-0.19992732829471302,-0.2754451404317271,0.16643832115673546,0.006977070537698513,0.055966535668216036,0.16598116534937057
IG00345,train,in_distribution,gene,G1,0.9,compound,C4,0.9,A_then_B,0.2757872650953328,0.3115459442310629,0.24922295492516758,0.7074220172642541,-1.2690721554461764,0.08381753967523407,0.5884683426059094,0.04555957922342513,0,0.27426625222690815,0.2099760898817222,-0.3348305823588008,0.3315256663024554,-0.06950793054294374,0.38192132289253,-0.31993215569887484,-0.4798970562548454,-0.1599725302890045,-0.5261771540553847,0.11129980732593805,-0.4366413401675616
IG00346,test,unseen_sequence,gene,G1,0.9,compound,C4,0.9,B_then_A,0.26072725930502627,0.3390938061964704,0.24922295492516758,-0.5219890622140162,-1.4592131741725571,-1.163174776468906,1.6653697453114,-0.1894422849983185,0,0.45829609604319904,-0.408368815647145,0.3090913884922851,0.18226600976875396,1.0619024366567902,0.7027366247449222,0.16500180876636308,-0.25836514970370567,-0.2623298853129165,-0.46968762624165783,-0.7185400153328227,-0.43155931748118614
IG00347,train,in_distribution,gene,G1,0.9,compound,C4,0.9,A_then_B,0.2757872650953328,0.3115459442310629,0.24922295492516758,-1.4249901011292974,-0.39051910795812533,-1.2067496753684028,-0.07032137242405648,0.22409631695442184,1,0.38650799635013533,0.0776993402739478,-0.2559191939454774,1.2161178022530845,0.08725469138723697,0.7080766968395438,0.004616772442386801,-0.7395509663041057,0.0925284782079399,0.1634725294950124,0.547896919249134,-0.2674938624199698
IG00348,test,unseen_sequence,gene,G1,0.9,compound,C4,0.9,B_then_A,0.26072725930502627,0.3390938061964704,0.24922295492516758,-1.0527308532266568,-0.5950669044617682,-0.21171727092889367,0.26428278973180125,-0.2499903095057042,1,-0.13907475855614923,-0.541570574995276,0.3678170773893608,-0.01138324602999033,0.31543102372211573,1.0649788352460319,0.35623953933614827,-0.10680698934102151,0.013809517119014875,-0.014659213950966803,-0.6269028495393141,-0.3770477283488965
IG00349,train,in_distribution,gene,G1,0.9,compound,C4,0.9,A_then_B,0.2757872650953328,0.3115459442310629,0.24922295492516758,0.3350567200847959,-0.6658743125865944,-0.023471382543268787,-0.9242932155086591,0.06476870933824484,2,-0.1574601573172721,-0.19097500087728891,-0.2870341964722228,0.49974430479464715,-0.4588418786235923,0.2878396570072546,-0.2773411884382345,-0.6512657463067392,0.1421099121333368,-0.5272469787672365,0.49852350929719647,-0.3179448024385146
IG00350,test,unseen_sequence,gene,G1,0.9,compound,C4,0.9,B_then_A,0.26072725930502627,0.3390938061964704,0.24922295492516758,1.350825647624297,-0.4999076950108708,-1.3639182487208397,2.10652556696199,-0.05321343466995335,2,0.5272523232142066,0.0713359663932466,0.24037755258274449,0.18472444737335175,0.7586889880157768,0.6185527313509034,-0.5618142354285349,-0.293370596473171,-0.3512101076034162,-0.767398465553472,-1.0301981913557838,-0.22384718479542598
IG00351,train,in_distribution,gene,G1,0.9,compound,C4,0.9,A_then_B,0.2757872650953328,0.3115459442310629,0.24922295492516758,1.1348454890471635,0.07559273590147207,1.0912899340803706,1.1661623073874965,0.10142181815163279,3,0.07651416278193715,0.7818387561667789,-0.4536225399734345,0.283566033864134,0.12976205202332175,0.390654684272702,-0.1436336851440514,-0.411632486338048,-0.17363689378773248,-0.3176785828495215,0.42922888262293357,0.12179436693322461
IG00352,test,unseen_sequence,gene,G1,0.9,compound,C4,0.9,B_then_A,0.26072725930502627,0.3390938061964704,0.24922295492516758,-0.7328948037018038,-1.1030221580014852,-0.4399228116234883,1.1638188116516512,-0.2557958515506378,3,0.2046387984386913,-0.48978953371521544,0.34128356547988936,0.1145669295216376,0.6872453068407344,1.0584558013416738,0.3034545106304306,-0.023716793618054205,-0.24069014653936302,-0.28457967634566145,-0.7947155694675084,-0.31267334857997986
IG00353,train,in_distribution,gene,G1,0.9,compound,C4,0.9,A_then_B,0.2757872650953328,0.3115459442310629,0.24922295492516758,-1.5679632005658164,1.287420535670879,-1.62645784212773,0.422885016563858,0.436504886217068,4,0.5266120921814961,0.8151791433638046,-0.34511695141758575,1.442220658593265,-0.1152444060209084,0.7873614134028881,0.18215154576876053,-0.7212467619668411,0.22207416240398992,0.6581892514003373,0.7389140430157202,0.18556235632434434
IG00354,test,unseen_sequence,gene,G1,0.9,compound,C4,0.9,B_then_A,0.26072725930502627,0.3390938061964704,0.24922295492516758,-0.6864405072361134,1.6607544260860312,1.1651333737384828,-0.13887236558101188,-0.1933093508550185,4,-0.8832898558822462,0.04967689098727972,0.389191036480009,-0.0631819970917065,-0.08497213539185088,1.1000423558456174,0.6888996258399525,0.16525040255450232,0.15552274549848868,0.5767942851406026,-0.1534265860951158,0.061796926277898734
IG00355,train,in_distribution,gene,G2,0.5,gene,G4,0.5,simultaneous,0.1532151472751849,0.1532151472751849,-0.5492364457024725,1.631274543492906,-0.5682118277774679,0.5343853663649182,0.42044069497493375,0.005104779181673888,0,-0.060134510001314694,0.20155111980405693,0.10720262438678259,-0.2664932642693773,0.10447203697559654,-0.3934273705039335,-0.6025190176917392,0.045664594325260155,0.01502332812382387,-0.6315603923717471,-0.24519555515476837,-0.20140170716759326
IG00356,train,in_distribution,gene,G2,0.5,gene,G4,0.5,simultaneous,0.1532151472751849,0.1532151472751849,-0.5492364457024725,0.5480618082902318,-1.2852967985539292,-0.17539353848733405,1.3046628326327936,-0.018964965773288045,1,0.32993186732861546,0.2176716889967447,0.07192719607658346,0.015927867908810886,0.6746453156519836,-0.06281497476997103,-0.11726578100048868,-0.14234880737685182,-0.18964071487589707,-0.4182821965364991,-0.21663967718061317,-0.38378377495671856
IG00357,train,in_distribution,gene,G2,0.5,gene,G4,0.5,simultaneous,0.1532151472751849,0.1532151472751849,-0.5492364457024725,0.21539232095792527,2.9037974768863597,-1.651531637028854,0.2403765084850683,0.45342601494056645,2,0.08335205026727016,1.2593450185730033,0.04182402584290286,0.8827930053607522,-0.10368102820684663,-0.0017378689751851861,-0.08468379001522358,-0.14723263413928853,0.4739645420594051,0.46580858835276945,0.035957395139178186,0.8187252435299055
IG00358,train,in_distribution,gene,G2,0.5,gene,G4,0.5,simultaneous,0.1532151472751849,0.1532151472751849,-0.5492364457024725,-0.1656189995269797,-0.3681630065733277,0.7039031631424638,-0.5408875881039827,-0.09890965880323838,3,-0.22626109914084747,-0.19575498718590234,-0.004973171188376091,-0.15748394734340174,0.09475755003900004,0.16670602925043768,0.05780038237237255,0.04497620546539916,0.07263007668694503,0.10603557657283588,0.15543588111037993,-0.12087879055512113
IG00359,train,in_distribution,gene,G2,0.5,gene,G4,0.5,simultaneous,0.1532151472751849,0.1532151472751849,-0.5492364457024725,0.6913430164384684,-0.5074360732867627,-0.1213207044583531,-0.9603552340790193,0.026729699674871866,4,-0.12074835234470177,-0.15829633684092037,0.18091381303686396,-0.056971560464089015,-0.05307521995807654,-0.16292185713785054,-0.43188413597992503,-0.07670462793130114,0.23804431453170347,-0.2920642599768083,-0.03728709752906738,-0.15421257908962868
IG00360,validation,in_distribution,gene,G2,1.0,gene,G4,1.0,simultaneous,0.3064302945503698,0.3064302945503698,-0.5492364457024725,-0.5386752369711162,-0.02832157617177638,-0.13835152918212865,-0.8387719806380468,-0.006391449163287419,0,-0.31875953101738047,-0.1517767260263862,0.19616815783398675,0.31723557344196684,0.04366031068023368,0.15501395699488624,-0.03129480947491344,0.04656394799532183,0.20595988391909684,0.10502105858046641,0.06914681623937079,-0.27717861998860444
IG00361,train,in_distribution,gene,G2,1.0,gene,G4,1.0,simultaneous,0.3064302945503698,0.3064302945503698,-0.5492364457024725,-0.9752439674677073,-0.44291591373043854,0.6261506368887431,-1.4603768563372352,-0.056923267390178625,1,-0.5001173301745976,-0.2769790501321735,0.4751220356278794,-0.020259346479276713,-0.012312285854185485,0.26770155189921513,-0.0016279607703768573,0.2012531880604363,0.20287963928529623,0.2017394373120273,0.3675399495699646,-0.3369968931930509
IG00362,train,in_distribution,gene,G2,1.0,gene,G4,1.0,simultaneous,0.3064302945503698,0.3064302945503698,-0.5492364457024725,-1.955610480816721,0.5164939609793864,0.5501516172578571,-0.7144231357987759,-0.008079451711412097,2,-0.3569727543491215,0.10995600275485541,0.4147812969549234,0.20431806208340442,0.17936569422076085,0.3273647975076909,0.7995120140529375,0.2732890283425804,0.2823635515941821,0.6437915570060577,0.368256137651667,-0.030920062237878715
IG00363,train,in_distribution,gene,G2,1.0,gene,G4,1.0,simultaneous,0.3064302945503698,0.3064302945503698,-0.5492364457024725,-1.2600263943851715,-0.7102426402814019,-2.088956771325495,-0.8106991136121744,0.07855422520035565,3,0.298049539011043,-0.4965162588402312,0.09779592364348075,0.7743714199108083,0.34688904091835443,0.04052269922723705,-0.0973401896036576,-0.29554208734504434,0.3401744961013027,-0.0726303027154289,-0.1667315436644519,-0.33374517023530775
IG00364,train,in_distribution,gene,G2,1.0,gene,G4,1.0,simultaneous,0.3064302945503698,0.3064302945503698,-0.5492364457024725,2.200339792861042,1.6864288146587858,1.1253650993999755,-0.7568141090070709,0.09738982245015904,4,-0.7182377130829313,0.7378210576051187,0.07219341889606334,-0.3363338350282591,-0.5162347399365971,-0.3791713703374439,-0.4255987597276314,-0.016083178495778616,0.25503071192653626,-0.3552856867081725,-0.04866738165048805,0.3732618052802558
IG00365,train,in_distribution,gene,G2,0.9,gene,G4,0.9,B_then_A,0.26072725930502627,0.2757872650953328,-0.5492364457024725,-0.8726073374380078,0.07912295372475794,1.0972385140396859,1.7613050629826854,-0.15237286043851866,0,0.2436252955332599,0.20298899761387257,0.08900842464159062,-0.03181355762991808,0.500799095942996,0.3219848772400998,1.3257763599205676,0.5486973497531114,-0.6091862695037784,0.7508809004585066,0.26821105059602557,-0.180090844916939
IG00366,test,unseen_sequence,gene,G2,0.9,gene,G4,0.9,A_then_B,0.2757872650953328,0.26072725930502627,-0.5492364457024725,-0.36489271230875403,0.9623993298289875,-0.8175668350871785,-2.2462672878469383,0.18678864892489577,0,-0.5865955995556869,0.2455227710992034,0.1954051065901042,0.19672263264043272,-0.17446941930266946,-0.15865484522974385,-0.833116493666599,-0.28111599638602913,0.7574802546324411,-0.1143572044439706,0.00014092886161508333,0.20673414362627188
IG00367,train,in_distribution,gene,G2,0.9,gene,G4,0.9,B_then_A,0.26072725930502627,0.2757872650953328,-0.5492364457024725,0.32873199732680486,1.2491388015542058,2.5964587308609426,-1.2739350319295641,-0.2690657215613612,1,-0.8321746993981678,-0.39018639366127644,0.06462916485140295,-0.4698678478840636,-0.5299596022874734,0.3388073621971267,1.1585777691638655,0.3283343831525672,-0.03672470310224736,0.5333541046553059,0.48951300595255487,0.10358943203175859
IG00368,test,unseen_sequence,gene,G2,0.9,gene,G4,0.9,A_then_B,0.2757872650953328,0.26072725930502627,-0.5492364457024725,1.244277373915997,-0.00035292057516490323,0.5018190866214052,-1.2069719105093697,0.09585209931588907,1,-0.5783859040897427,0.587643460287343,0.04844325986634737,-0.5894044754708537,-0.02352100261493017,-0.5243245021193754,-1.0936493121810935,-0.19340593908042378,0.5979699113970516,-0.5879882934248838,-0.18010371540145628,0.3046426787845553
IG00369,train,in_distribution,gene,G2,0.9,gene,G4,0.9,B_then_A,0.26072725930502627,0.2757872650953328,-0.5492364457024725,-1.0199584871683682,-0.8885219870977386,0.9490021003007557,-1.549825785490429,-0.2789791936816276,2,-0.4129540297663121,-1.1332417737761622,0.24723561908163957,0.14296859403686688,-0.3145627494863244,0.5413091985946691,0.876216461661,0.2858525981828573,-0.14110885879342605,0.37944110675470294,0.26988491648622837,-0.48436105188773504
IG00370,test,unseen_sequence,gene,G2,0.9,gene,G4,0.9,A_then_B,0.2757872650953328,0.26072725930502627,-0.5492364457024725,-0.012634844638159764,2.6174028602406003,-0.513999542468963,0.06665946420067591,0.3488593832310898,2,-0.6323657514287695,1.5529135322078287,0.10873146348515145,0.23735362225040363,0.290695998163459,-0.1202860000322734,-0.6389271575733224,-0.23989447515193751,0.7492954001779141,0.37577969719531934,0.017537253391763142,0.660769186168584
IG00371,train,in_distribution,gene,G2,0.9,gene,G4,0.9,B_then_A,0.26072725930502627,0.2757872650953328,-0.5492364457024725,0.841213853679124,2.001593481105223,0.8598526466966521,-0.8388098008618945,0.04442959613588965,3,-0.27944385920036513,0.1455879967502668,0.10321019820793614,0.17694362143327957,-0.5551040127718884,0.19674186843097702,0.8116506305360803,0.15250650114887804,0.07363338185432593,0.7358107644203705,0.33285880490674374,0.09482806345400174
IG00372,test,unseen_sequence,gene,G2,0.9,gene,G4,0.9,A_then_B,0.2757872650953328,0.26072725930502627,-0.5492364457024725,-1.3970430421450708,-0.3256490071096146,-1.5051892169502452,0.06913400780039836,0.2344725364495344,3,0.16306856226018013,0.7123446003465708,0.17556703502901355,0.4374797092897301,0.7632351268562865,-0.026041043547260306,-0.6406114156023934,-0.20074770305374892,0.6025742197343489,-0.0612715043338992,-0.04077489179212673,-0.16941008513782385
IG00373,train,in_distribution,gene,G2,0.9,gene,G4,0.9,B_then_A,0.26072725930502627,0.2757872650953328,-0.5492364457024725,-1.6112099663694601,0.06869978833789327,-0.3021971151139063,0.17294336187911905,-0.060540191893534503,4,0.15775747529562997,-0.37548889484004716,0.19568752427982095,0.5802084461006871,0.3356808016431078,0.5880342459797382,1.0585516128177914,0.08433700800897001,-0.14145049944136928,0.7458375109014779,0.3305418901124721,-0.23828884787908258
IG00374,test,unseen_sequence,gene,G2,0.9,gene,G4,0.9,A_then_B,0.2757872650953328,0.26072725930502627,-0.5492364457024725,-1.7336563451340903,-2.0193584336162402,-0.6359310368337245,0.14564719201622048,-0.04453676752504616,4,0.10579708857106056,0.11406362634754001,0.21972173498061962,0.015160281859182001,0.8758583619360416,0.04796206835724705,-0.37841356097190204,0.037315238773410184,0.037830035322823446,-0.3324098326157856,-0.08472356221051303,-0.5179079794330329
IG00375,test,unseen_combination,gene,G2,0.75,compound,C1,0.75,simultaneous,0.22982272091277733,0.2786615695622167,-0.4364410456541156,-0.6953588315713967,-1.9381139357295407,-1.4096279109682177,0.7021121626084134,-0.05641672644572954,0,0.6438080808400758,-0.3568845715021547,0.0665291240002387,0.3558559638358984,0.8054957254411594,0.3020031681591515,-0.16522546385604603,-0.04604062263320627,-0.2904553375048982,-0.3923312796193271,-0.07986463390527046,-0.44576935592962286
IG00376,test,unseen_combination,gene,G2,0.75,compound,C1,0.75,simultaneous,0.22982272091277733,0.2786615695622167,-0.4364410456541156,0.037689550543781564,-1.3253202369428483,1.2563829969002216,1.3611979728790384,-0.23768563444356522,1,0.17068890365988162,0.13052780830194396,-0.16586140650892506,-0.45402852061418675,0.7426928722642135,0.18655330307177975,0.19055343776014103,0.3574375502329779,-0.44316480737459385,-0.30252697958382385,-0.20044023335108968,-0.08762502877194976
IG00377,test,unseen_combination,gene,G2,0.75,compound,C1,0.75,simultaneous,0.22982272091277733,0.2786615695622167,-0.4364410456541156,-1.7179062589422684,-0.9690465425140414,-2.0714797646582888,1.0220351331388273,0.12257495633991841,2,0.7838110557669264,-0.04362736515173053,-0.04782684570516903,1.040622335694446,0.8423126875292607,0.46536517698435964,0.16308354003889292,-0.18662554179059504,0.0653255503040441,0.09281280907524997,-0.11072989742023459,-0.1009731499835207
IG00378,test,unseen_combination,gene,G2,0.75,compound,C1,0.75,simultaneous,0.22982272091277733,0.2786615695622167,-0.4364410456541156,-0.1459665083537283,-0.5012676492747484,0.5744469621146656,-1.151502564531515,-0.06917821766883404,3,-0.16788313990202647,-0.3371802059361542,0.04185067650366468,-0.1519023731175683,-0.06699469701564173,0.18109958696304818,-0.16614955005680626,-0.030685799987574237,0.12586005860431526,-0.03073390377184218,0.041538118579553564,-0.006085306854549666
IG00379,test,unseen_combination,gene,G2,0.75,compound,C1,0.75,simultaneous,0.22982272091277733,0.2786615695622167,-0.4364410456541156,-0.16983748136860743,-0.07424399880330797,0.3896191569822842,0.41317166236281655,-0.06544339176075993,4,0.03873207659416683,0.24467761924768758,-0.11339821703007828,-0.05208814120424241,0.23604550791351714,0.2784339124178409,0.2476363727065127,0.11067396090573221,-0.16366528356118618,-0.018689841473813598,-0.0486117585158587,0.14634692816316963
IG00380,validation,in_distribution,gene,G2,0.5,compound,C6,0.5,simultaneous,0.1532151472751849,0.19725089256976813,0.06246264355428952,-0.3569359891586866,-1.2478538150421055,-0.270859577309776,-0.3914210660228874,-0.031626369506617624,0,0.26162630619478894,-0.6493299280675116,0.1209116578595458,0.10055482090922922,-0.21316489301398386,0.2762797085419691,-0.18048381076344122,-0.12942346301700985,-0.04394188481589652,-0.2640189514940166,-0.12568010930730775,-0.05216869321342847
IG00381,train,in_distribution,gene,G2,0.5,compound,C6,0.5,simultaneous,0.1532151472751849,0.19725089256976813,0.06246264355428952,0.4870527735034664,-0.14082401281950707,0.6265686899420352,-0.49872706178383036,-0.060698419129160894,1,-0.19580294988253777,-0.2624927478009082,-0.04594047628147162,-0.170357358809812,-0.48232508830640447,0.21041859745944064,-0.22294889971525583,-0.018160582816619156,0.013692804240672913,-0.1780210019570974,-0.1067439406477387,0.0657808416716199
IG00382,train,in_distribution,gene,G2,0.5,compound,C6,0.5,simultaneous,0.1532151472751849,0.19725089256976813,0.06246264355428952,1.1824660871511137,0.44501412990532807,-1.2950123783379845,-0.9684158358888934,0.10880941958428386,2,0.1344426453310457,-0.35752457551629024,-0.26504688283458677,0.4143329063545904,-0.6636517802046309,-0.17276954634638927,-0.5668344260097866,-0.2132162719787552,0.2872493647351269,-0.5862051803065549,-0.45379169633752753,0.3929883855656411
IG00383,train,in_distribution,gene,G2,0.5,compound,C6,0.5,simultaneous,0.1532151472751849,0.19725089256976813,0.06246264355428952,-0.8751093735954795,-0.585453038613036,0.19413612577676215,1.3610141553483202,-0.08679399811131877,3,0.41242640527560914,0.04760089320651498,-0.12885584360371574,0.11673718428721146,0.3273093966496362,0.5244507571413216,0.4369265786664131,0.2778308652190197,-0.22094446919410474,-0.016051045214065862,-0.11334700400607561,0.16936417921572886
IG00384,train,in_distribution,gene,G2,0.5,compound,C6,0.5,simultaneous,0.1532151472751849,0.19725089256976813,0.06246264355428952,-0.1217908884880228,-1.0849143023560435,-0.4190332247185946,-1.2878972578470846,-0.12218637885854647,4,-0.07732130671576334,-0.9179791335465899,-0.08090282991508334,0.12475137780838128,-0.3558212914819441,0.11289695285542846,-0.2821204560190346,0.011142025958120166,0.07666656829814233,-0.3196684569186183,-0.228617315754167,-0.10963257031258129
IG00385,train,in_distribution,gene,G2,1.0,compound,C6,1.0,simultaneous,0.3064302945503698,0.39450178513953627,0.06246264355428952,-1.7281458472135405,-0.8716029148845289,-0.009772770142953045,0.06993913613194466,-0.18700664627534244,0,0.031207183479825318,-0.5828440132226831,-0.31335014592822863,0.380981334515502,0.03597657908367006,0.9164234439042842,0.40432769572349425,0.13456348898829287,0.04655235123660516,0.29621293689081263,0.008149615075407818,-0.19040114228638103
IG00386,train,in_distribution,gene,G2,1.0,compound,C6,1.0,simultaneous,0.3064302945503698,0.39450178513953627,0.06246264355428952,1.209727836478768,0.3318346541841358,0.06659003396991743,0.24895654306588524,-0.0022661075322100536,1,0.1462704185758682,0.09195537034642859,-0.47933610669744425,0.018176947951355948,-0.49723916197487517,0.46299497757315355,-0.3513524268252107,0.00348693227158596,0.06069882474405132,-0.1124899424943094,-0.3663644310160946,0.3373976913258484
IG00387,train,in_distribution,gene,G2,1.0,compound,C6,1.0,simultaneous,0.3064302945503698,0.39450178513953627,0.06246264355428952,-0.25758949099367573,-1.041124420769177,0.6051562020932525,-0.9071439625461358,-0.19438897844977596,2,-0.21632146107090186,-0.7124891031582741,-0.1933154997170368,-0.1570652906587932,-0.4259915721270114,0.5317016364533897,-0.17307337131403466,0.0938748414879359,0.18063991353880943,-0.20681504376403562,-0.18117208034973134,-0.051539316190053204
IG00388,train,in_distribution,gene,G2,1.0,compound,C6,1.0,simultaneous,0.3064302945503698,0.39450178513953627,0.06246264355428952,-0.9724289981316983,0.8497117314517104,-1.3723779548475137,0.8808559879475845,0.1013615572956529,3,0.37859469280836966,0.3271069911107566,-0.44693891003026986,0.7532533246962714,0.051190356403024925,0.7078932391760802,0.22968979107920662,-0.07277765730423341,-0.11521006882581684,0.5837151159781496,-0.11334542570809106,0.3225838994946331
IG00389,train,in_distribution,gene,G2,1.0,compound,C6,1.0,simultaneous,0.3064302945503698,0.39450178513953627,0.06246264355428952,-0.04920108105107908,0.3925306614064449,0.5533228272737146,0.5425101501310005,-0.08556276459685279,4,-0.005756029766240343,0.2535620757476057,-0.33417456977515275,-0.10514781664397232,-0.11889733898597514,0.5934881477113714,0.26175374238298765,0.21136320699087024,-0.047119795320270524,0.23670279678541387,-0.11888531390526047,0.30842488919249955
IG00390,validation,in_distribution,gene,G2,0.9,compound,C6,0.9,B_then_A,0.26072725930502627,0.3550516066255826,0.06246264355428952,-0.3304006358582206,-1.7605189862626154,1.0534949516312544,0.06917399088897101,-0.2873242780363306,0,0.22343130999426908,-0.7055150531737141,-0.020716199959126866,-0.6834273954157187,0.062453370802598523,0.11507800238849329,0.5889135855779863,0.21981268976330234,-0.8030412612486583,0.4820166835779171,0.06560290335334146,-0.351305921499118
IG00391,test,unseen_sequence,gene,G2,0.9,compound,C6,0.9,A_then_B,0.2757872650953328,0.32387178204984013,0.06246264355428952,0.5528415176563772,2.09947594605945,0.9679647816783398,-0.19418927544274722,0.07772821403716737,0,-0.5917248611708817,0.5308048695672933,-0.54439498794633,0.5070260639181509,-0.9381085110558219,0.9955584673938517,-0.30204291868644123,0.23085584752119118,0.8334806634545853,0.25258225859995087,-0.2807179520047952,0.6353101081767174
IG00392,train,in_distribution,gene,G2,0.9,compound,C6,0.9,B_then_A,0.26072725930502627,0.3550516066255826,0.06246264355428952,-0.49761278835572825,-0.5754723549264505,-1.0275997901167642,-1.6932715634339837,-0.03672652500772311,1,-0.0406714697691439,-0.8894181178160389,0.27980155952018654,0.12222506742394584,-0.4386877424708511,0.14716415461397514,0.16373635546839005,-0.35336693735636526,-0.380032296703953,0.2334325974366209,0.19702621166217613,-0.14992823675089406
IG00393,test,unseen_sequence,gene,G2,0.9,compound,C6,0.9,A_then_B,0.2757872650953328,0.32387178204984013,0.06246264355428952,1.0796965151005886,0.0806998705452905,-0.3940085978972976,0.7089834829851828,0.04390839851048218,1,0.16859638103501107,0.18094017396859174,-0.6650265711806618,0.5446619341334034,-0.576211231449815,0.672090248535401,-0.870132485322499,-0.04024784762138911,0.43448179477895,-0.7919374235131103,-0.8797996261221714,0.2953095693184661
IG00394,train,in_distribution,gene,G2,0.9,compound,C6,0.9,B_then_A,0.26072725930502627,0.3550516066255826,0.06246264355428952,-0.9676466609677155,0.7929919245541022,1.1306784556885945,-0.5262201803151603,-0.18333859908423616,2,-0.42361785474066393,-0.12765378430291746,0.08754983613132034,-0.4927857870775112,-0.1024544975644952,0.3689890470151663,1.018284591664646,0.3521051825639412,-0.42020779058295193,1.1353262190523,0.4335437803154127,0.3139309569959213
IG00395,test,unseen_sequence,gene,G2,0.9,compound,C6,0.9,A_then_B,0.2757872650953328,0.32387178204984013,0.06246264355428952,0.6511590461992863,-0.05578970522044885,0.3378468033054591,0.41777033230401805,-0.07039798541454598,2,-0.03594654588509936,-0.033511950944838796,-0.5581355784263303,0.2596643695763522,-0.44750456949089934,0.7193798812889309,-0.5796949319291994,0.08266290229001702,0.457434024373898,-0.5638805687415819,-0.7462584092668826,0.22056313452003581
IG00396,train,in_distribution,gene,G2,0.9,compound,C6,0.9,B_then_A,0.26072725930502627,0.3550516066255826,0.06246264355428952,0.5736402194240088,-1.6353433188212765,0.5992289359367134,-0.02808848518635603,-0.19509163773891772,3,0.27186049793062717,-0.658352450835857,0.23351627390475715,-0.6304077082451017,0.1843257151239611,-0.08912725684004058,0.32834256792605765,0.0966676105633564,-0.6263351080899507,0.09550591612098536,-0.059496780391471715,-0.07940468803931416
IG00397,test,unseen_sequence,gene,G2,0.9,compound,C6,0.9,A_then_B,0.2757872650953328,0.32387178204984013,0.06246264355428952,2.740889492200965,-0.3244069044370647,-0.36023974046815194,-0.1552459122548595,-0.004944385761180156,3,0.1430334964670122,-0.24744629599116796,-0.6994992240954889,0.43720806735507944,-0.907920016677187,0.34858106756804463,-1.29431217025142,-0.04227782828922666,0.4272554121736274,-1.540674812863538,-0.9175149212100866,0.1042723267934534
IG00398,train,in_distribution,gene,G2,0.9,compound,C6,0.9,B_then_A,0.26072725930502627,0.3550516066255826,0.06246264355428952,0.32669618723281096,-1.16279274970555,-0.23984897140008465,1.010681206472133,-0.0822516089346364,4,0.5852854270986295,-0.09840963702635346,-0.03640055533534679,-0.26768829816992384,0.5178538485207377,-0.15707854981216107,0.35285816988882857,-0.0736438905548142,-0.895957499620003,0.2940637078865282,0.020679099669508746,-0.24095690207800102
IG00399,test,unseen_sequence,gene,G2,0.9,compound,C6,0.9,A_then_B,0.2757872650953328,0.32387178204984013,0.06246264355428952,0.04879523895893153,-0.8207014733002129,0.3305863216382305,-0.27191495641672464,-0.16325676426015445,4,-0.2366155182929916,-0.47463555763170995,-0.5969805462913554,0.24631179444744356,-0.5877734913370034,0.8020894247535979,-0.4965119911646752,0.11790457719278201,0.5547595310056114,-0.4452545472384582,-0.6598319075546779,0.04443424393858519
IG00400,validation,in_distribution,gene,G3,0.5,gene,G6,0.5,simultaneous,0.1532151472751849,0.1532151472751849,0.5118865454398646,0.8173050958353112,-0.2965336905495558,-0.9425059395202702,1.1679287709951685,0.025628147278011312,0,0.4809054549347451,0.42210657644521343,-0.483422069783768,0.4003772376999098,0.42230891176326835,-0.3160501148053409,0.02157954819758988,-0.09819959821121935,-0.4297891710672367,-0.334207372067932,-0.4920766995305184,-0.09630999361553588
IG00401,train,in_distribution,gene,G3,0.5,gene,G6,0.5,simultaneous,0.1532151472751849,0.1532151472751849,0.5118865454398646,-0.5388386546936677,-0.19503656717017487,0.967003384992811,-1.0775740158856277,-0.21436434516965022,1,-0.4354509990649793,-0.31561546810399616,-0.35172463275695237,-0.19301450997423192,-0.30895911169559137,0.09011297755943368,0.36219861105289913,0.08857167701219688,-0.24946175900750212,0.02252620025215721,-0.0033182423376142394,-0.02410956434057905
IG00402,train,in_distribution,gene,G3,0.5,gene,G6,0.5,simultaneous,0.1532151472751849,0.1532151472751849,0.5118865454398646,1.0358564261384393,0.4813007489350907,-0.4364310568231307,0.1951759858481631,-0.006435934778943074,2,0.05401959897508532,0.3709117385315657,-0.5638338795890331,0.22916430446592634,0.16269213560958554,-0.3221993698949428,0.012158022321205483,-0.22940151650258114,-0.2205135052895829,-0.4746706067974136,-0.31662519599826017,0.18280745452494387
IG00403,train,in_distribution,gene,G3,0.5,gene,G6,0.5,simultaneous,0.1532151472751849,0.1532151472751849,0.5118865454398646,-0.05189085293335626,0.16556849616587607,1.4428352553626576,0.9817755391649968,-0.21445600869352838,3,-0.04238803754479005,0.41533541016540354,-0.623730777845929,-0.30459894962843576,0.28843428644601476,0.20727060552589266,0.6047276672247217,0.2761552144579714,-0.36143386497157654,0.15926294819820472,-0.18054671035543907,0.1004855518270505
IG00404,train,in_distribution,gene,G3,0.5,gene,G6,0.5,simultaneous,0.1532151472751849,0.1532151472751849,0.5118865454398646,0.32414399016259554,-0.18050470375317956,-0.6628096929352795,-1.2189084828569852,-0.02971045018543171,4,-0.17274892076759607,-0.3906488556686441,-0.5095772596916284,0.34650157069522164,-0.381523515127295,-0.27687122454036156,-0.1406389855603502,-0.3459064319287053,-0.06496403579970564,-0.28366428407019373,-0.12513423619798736,-0.006279242966594434
IG00405,train,in_distribution,gene,G3,1.0,gene,G6,1.0,simultaneous,0.3064302945503698,0.3064302945503698,0.5118865454398646,-0.5395270324667759,-0.63353437605271,-1.2120430622512417,-0.7910994453606032,-0.033428164474077524,0,0.3100456744416217,-0.30216473651822845,-0.43393784748543873,0.5171824142847984,0.04168983781658643,0.023862806253294785,-0.01799514167472646,-0.2264893149820508,-0.2921939499619587,-0.32092699917079726,-0.18248437395995118,-0.19022595650424418
IG00406,train,in_distribution,gene,G3,1.0,gene,G6,1.0,simultaneous,0.3064302945503698,0.3064302945503698,0.5118865454398646,1.5226888434861294,-1.1211811230498179,-1.0310504357025365,-1.3887750301721937,-0.10847167586190368,1,-0.06983598109366837,-0.42015683268465853,-0.6348909530350884,0.29186620137260627,-0.2168969623544152,-0.2067598303215808,-0.764203409042153,-0.419774405674694,-0.16233634636415245,-1.1714090849813827,-0.4446836233137924,-0.37516756551133085
IG00407,train,in_distribution,gene,G3,1.0,gene,G6,1.0,simultaneous,0.3064302945503698,0.3064302945503698,0.5118865454398646,0.22081878714179606,-0.30862102699851596,2.369124836743546,-1.3904326540877845,-0.36772998188591294,2,-0.8136289902183792,-0.3386455830111459,-0.677433185946186,-0.5049597262164338,-0.5118736834658728,0.06527729639950586,0.37759010908619733,0.2367721506559058,-0.41546405562562394,-0.170964844720103,0.055666050580436305,0.01822382919943298
IG00408,train,in_distribution,gene,G3,1.0,gene,G6,1.0,simultaneous,0.3064302945503698,0.3064302945503698,0.5118865454398646,0.19787246320349247,-0.894980965364019,-1.334124267085054,-0.7150514673284872,0.024127589782983766,3,0.22946549921576295,-0.1799547344114818,-0.6268044753897601,0.8451933191117995,-0.07119551722509963,-0.1683717460964923,-0.2698816771178008,-0.3900652695753094,-0.40802089668856645,-0.3798738952219558,-0.3892114893992234,-0.2855513149410022
IG00409,train,in_distribution,gene,G3,1.0,gene,G6,1.0,simultaneous,0.3064302945503698,0.3064302945503698,0.5118865454398646,1.4916847745144417,0.4118729582771421,0.0937847460136338,-0.5514762647566204,-0.03857353077694848,4,-0.16911176106185719,0.39248015054465957,-0.6977778759087585,0.21534885095514072,-0.1501342155652786,-0.024435093917149653,-0.33217711995659216,-0.1796174670185335,-0.45873163297589364,-0.5018735630691445,-0.3025152302308716,0.2549678768399527
IG00410,validation,in_distribution,gene,G3,0.9,gene,G6,0.9,A_then_B,0.2757872650953328,0.26072725930502627,0.5118865454398646,0.5110777756424771,0.32049242391666666,0.5969084985347034,0.9867829519067214,-0.06545599441312247,0,0.16704785246603363,0.5165414352659573,-0.616250115458904,0.042288859512296335,0.7120582287779795,-0.19589087250295253,-0.040303777095597876,-0.12388969262646797,-0.5286423423468047,-0.17932008963362228,-0.3953857657501693,0.30763405836693897
IG00411,test,unseen_sequence,gene,G3,0.9,gene,G6,0.9,B_then_A,0.26072725930502627,0.2757872650953328,0.5118865454398646,2.2194493684090397,1.118330816494644,-0.8215085320302982,-2.4036606581725186,0.0022448856376192095,0,-0.6650558183256108,0.15576820116946702,-0.9063800568528831,0.3831580227865915,-1.2262495931063773,-0.26253277965825794,-0.5937911871333896,-0.17378979125898514,-0.08344417146012273,-0.8300048874004576,-0.13396442303476908,0.19594419316680065
IG00412,train,in_distribution,gene,G3,0.9,gene,G6,0.9,A_then_B,0.2757872650953328,0.26072725930502627,0.5118865454398646,2.4150055580680054,-1.1278794385595459,0.5617404819402108,0.23169524219244078,-0.11410285133079665,1,0.2891928796519081,-0.008803287220051973,-0.6007336154371438,-0.27429074229420025,0.23248148307223504,-0.5286057265679273,-0.8378779007511896,-0.3125346512734582,-0.5303014867307563,-1.1826554532965479,-0.6878750573624188,-0.1417686539726257
IG00413,test,unseen_sequence,gene,G3,0.9,gene,G6,0.9,B_then_A,0.26072725930502627,0.2757872650953328,0.5118865454398646,0.5406481436049722,-0.5388803291726857,1.393043253722447,-0.8682548073009208,-0.285328247525151,1,-0.6175730833417632,0.05017709416935401,-0.8491621814804208,-0.17935321564040846,-0.39934342879183066,0.062008893056727576,0.32815414058452796,0.3334801008272425,-0.3682319261616138,-0.19133067093459058,0.1969701450505258,-0.2376348705642779
IG00414,train,in_distribution,gene,G3,0.9,gene,G6,0.9,A_then_B,0.2757872650953328,0.26072725930502627,0.5118865454398646,0.7876225629112492,0.3404450046179922,2.1306875497826385,-0.5592734577902108,-0.22116043081276293,2,-0.49295389243890225,0.0009563030048047733,-0.5440840647946809,-0.4575161255653687,-0.09337006242044676,-0.038122134500997856,-0.18216326264267452,0.10769443835161971,-0.3608335175501307,-0.15176683705608085,-0.26484086805648177,0.23644401550811073
IG00415,test,unseen_sequence,gene,G3,0.9,gene,G6,0.9,B_then_A,0.26072725930502627,0.2757872650953328,0.5118865454398646,-0.36445929827472745,-0.9092120737709151,-0.04148978515204785,0.14060883778591757,-0.17494021542916438,2,-0.03303646668109206,0.06985261886191207,-0.8328221405814069,0.5080914124604305,-0.011896280003590026,0.19542136689244158,0.4404997693053815,0.24659655866936836,-0.5262019930262772,-0.32359957205315726,0.2153153451648154,-0.3122751790746254
IG00416,train,in_distribution,gene,G3,0.9,gene,G6,0.9,A_then_B,0.2757872650953328,0.26072725930502627,0.5118865454398646,0.08251176559953952,-0.4627448661682898,-0.9931392018703259,1.0730585707630997,0.06365291230186323,3,0.5272551289289331,0.4043475137280499,-0.35104671187100966,0.5160910992893568,0.6564372846279146,-0.28781141519643033,-0.1276086222510321,-0.4832975620378724,-0.6410356587125692,-0.41041341868475767,-0.5410880258420346,-0.14083220689694154
IG00417,test,unseen_sequence,gene,G3,0.9,gene,G6,0.9,B_then_A,0.26072725930502627,0.2757872650953328,0.5118865454398646,-0.9559847410651213,1.036368515992178,-1.145486423852963,0.6033222760050899,0.06912489793202234,3,0.21511329062605605,0.7652344115383372,-0.9602604258963674,0.9722603244885141,0.03552691233979202,0.332179648955554,0.778576080304912,0.06573968878622266,-0.225789998695035,0.41695492026315234,0.21396620768470742,0.21453377853621772
IG00418,train,in_distribution,gene,G3,0.9,gene,G6,0.9,A_then_B,0.2757872650953328,0.26072725930502627,0.5118865454398646,0.8373806494228581,-1.8924381064640687,-0.3444562335559447,-0.6332454187155799,-0.11933330552039186,4,0.3101214621040602,-0.6837133050320043,-0.3355579952770404,0.1562535437448969,0.28584501258773665,-0.4257216382874786,-0.6682004143515184,-0.41367041375435165,-0.49701392072521167,-0.9086333551161989,-0.6848394720786667,-0.31292072792185643
IG00419,test,unseen_sequence,gene,G3,0.9,gene,G6,0.9,B_then_A,0.26072725930502627,0.2757872650953328,0.5118865454398646,-0.4321010620909503,-1.9628306663188189,-0.24251225450538116,-0.49575046760309993,-0.28990798252730776,4,0.19270168215726396,-0.5933784873275516,-0.7901585636299923,0.2515604706914269,-0.02690912375792697,0.16485647461327962,0.2891382113743802,0.10007331732146739,-0.5576485065617249,-0.5379317033313333,-0.0801999749029282,-0.6583203284297808
IG00420,validation,in_distribution,gene,G3,0.5,compound,C3,0.5,simultaneous,0.1532151472751849,0.16604830482338517,0.5447062927855466,1.9174085291612508,0.9652276590543083,0.2046625614324098,-0.08758087374683989,0.09445988363276636,0,-0.13170585974748597,0.6770945560834483,-0.178762429169607,0.1762980647826601,-0.3700381832870986,0.0589470725879703,-0.5168830821399439,0.30534410116282873,-0.19864037103666995,-0.5309318934449261,0.09738203060863843,0.21743271336264422
IG00421,train,in_distribution,gene,G3,0.5,compound,C3,0.5,simultaneous,0.1532151472751849,0.16604830482338517,0.5447062927855466,-0.048813967206228465,-0.5116921407725885,0.7114075340150924,0.3051647691930332,-0.1623414214966443,1,-0.03196056615595984,0.07801548375705926,-0.07503113811243374,-0.12144526544807735,0.10715171064653645,0.35776500070666756,0.005407589851214117,0.40680514394550926,-0.5306890110073487,-0.16996874203408788,-0.008690440068430755,-0.3292060585158375
IG00422,train,in_distribution,gene,G3,0.5,compound,C3,0.5,simultaneous,0.1532151472751849,0.16604830482338517,0.5447062927855466,0.40266458473870387,0.6009313260594842,-0.2668177489056568,-2.0321117004953146,0.007733243770257399,2,-0.38023254038205806,-0.3855979478544346,-0.08318608153987,0.25704321114869244,-0.9226025840601478,0.28273411032526846,-0.5089397522457373,0.19246365523013378,0.03547926792165091,-0.18745450079235987,0.17252865323548175,0.06663746988954401
IG00423,train,in_distribution,gene,G3,0.5,compound,C3,0.5,simultaneous,0.1532151472751849,0.16604830482338517,0.5447062927855466,-2.1720353451718455,0.27754495526042483,-1.6545433321181162,0.0005967339099300666,0.10332200968178354,3,0.30539865548649453,0.047253159793991494,0.10843890592124276,1.0237900737153594,0.06929203081113106,0.7810632569483578,0.31143097408843967,0.21612904485583384,-0.15327512829498513,0.4265558270377617,0.24449154981455776,-0.20227641308112498
IG00424,train,in_distribution,gene,G3,0.5,compound,C3,0.5,simultaneous,0.1532151472751849,0.16604830482338517,0.5447062927855466,0.550035354066257,-0.0005603615702367948,0.7953960384326308,0.05261199280437652,-0.10717457009398253,4,-0.12070689328533045,0.10094882428286621,-0.12474098553367782,-0.1388667644181894,-0.14390538120835306,0.2783815468355219,-0.11135578590602693,0.2595766989661217,-0.4439032055554897,-0.32693016915682926,0.10690248668896096,-0.03168152161866445
IG00425,train,in_distribution,gene,G3,1.0,compound,C3,1.0,simultaneous,0.3064302945503698,0.33209660964677035,0.5447062927855466,-0.07383720661640995,1.252024271451591,-1.7845239341785701,-0.1436679782227013,0.3261680286668607,0,0.34524875117243464,0.7162224427969633,-0.14017991828971468,1.0753055110058967,-0.03478428987254592,0.45962664658792013,-0.4927290659022343,-0.1712855797794846,-0.03497768185496197,0.23145674957353018,0.0899380114200744,0.20491724426996857
IG00426,train,in_distribution,gene,G3,1.0,compound,C3,1.0,simultaneous,0.3064302945503698,0.33209660964677035,0.5447062927855466,-0.5385032302819024,-0.01162237368335011,-0.9757116185144886,1.3191525763138994,0.12779588815834436,1,0.5390901259571894,0.702408154540204,-0.09368091254312179,0.774042015986902,0.3875698457044292,0.6253290803903785,0.06458628572873969,0.1388247451417294,-0.5303504503582982,0.012996962971270398,0.06173985652881557,-0.024908863527471847
IG00427,train,in_distribution,gene,G3,1.0,compound,C3,1.0,simultaneous,0.3064302945503698,0.33209660964677035,0.5447062927855466,-1.2780704345454657,1.1961760990990047,-1.0815804212767777,0.015437652333489869,0.22181144215521653,2,0.11384355831675208,0.5417675791739414,-0.010530791828849459,1.0903265418769794,-0.07856254914227612,0.8041711615791926,-0.07445614374741608,0.050431105529505804,-0.2854527547623664,0.5611890278672534,0.3881512045334259,0.04941744816634851
IG00428,train,in_distribution,gene,G3,1.0,compound,C3,1.0,simultaneous,0.3064302945503698,0.33209660964677035,0.5447062927855466,0.9313976141324535,-0.8694864315645965,1.6303305472808673,-0.7797821708129329,-0.2127284378743315,3,-0.4163679478397463,-0.15120810438550347,-0.13318910189470157,-0.4087925273813302,-0.4946368365131356,0.40288835926556166,-0.3185748198501044,0.46831982791778115,-0.3679199287350696,-0.3392669083983524,0.0750132874378363,-0.2492594138427545
IG00429,train,in_distribution,gene,G3,1.0,compound,C3,1.0,simultaneous,0.3064302945503698,0.33209660964677035,0.5447062927855466,-0.016173403421381335,1.212810888586598,-1.0317887518117879,-2.867206144790641,0.08769783393065697,4,-0.53444179613702,-0.33562859848773213,-0.23519369803054332,0.8127909400429517,-1.032999627284241,0.706742362691946,-0.7430983741558719,-0.0002351675621450125,0.1548249266922908,0.18623693304432745,0.28388366868879006,-0.07576637862217714
IG00430,validation,in_distribution,gene,G3,0.9,compound,C3,0.9,B_then_A,0.26072725930502627,0.2988869486820933,0.5447062927855466,1.4400992035310316,-1.265750196450041,-0.9419017379959473,0.5929087015087675,0.007554683309680829,0,0.5244171101995883,0.5306802594222207,-0.37286399363861317,0.0634399713953444,0.4214463613422132,0.16360475784579442,-1.1126343185813696,0.38992133876277973,-0.5874566965328577,-0.6065619704720397,0.002111736755806998,-0.5204261059116205
IG00431,test,unseen_sequence,gene,G3,0.9,compound,C3,0.9,A_then_B,0.2757872650953328,0.2796470283407035,0.5447062927855466,0.14008057607817925,0.4781936153704559,0.018713805793257862,0.20071982823166257,0.022964815142014497,0,0.06985179939088447,0.20556204992249272,-0.19741695655067448,0.6402512705846491,-0.17950574732909483,0.5497835775901274,0.17967250012819017,-0.10681106648216784,-0.23428863843887276,-0.1687885399008956,-0.1685398497215357,-0.020696919560761418
IG00432,train,in_distribution,gene,G3,0.9,compound,C3,0.9,B_then_A,0.26072725930502627,0.2988869486820933,0.5447062927855466,-0.21520111317364943,-0.7877607123105227,0.14814662640992152,0.10737338673432152,-0.04847565728891807,1,0.14941093517630222,0.6308198779896748,-0.15923206218880848,-0.03629851503565691,0.3394753147486368,0.5084950703370048,-0.44301765064779675,0.7395065064669025,-0.5649078105556787,0.116599990843247,0.3356600067095367,-0.34706028542447337
IG00433,test,unseen_sequence,gene,G3,0.9,compound,C3,0.9,A_then_B,0.2757872650953328,0.2796470283407035,0.5447062927855466,0.9436896366014234,1.3114742188221626,0.447056227277946,0.5257987658075353,0.12877598610946994,1,0.08771825075547174,0.511575566890686,0.03522715168705526,0.373996794499936,-0.38856689379334297,0.4533202405111725,0.24735230190957772,-0.1202734327593925,-0.18867088780350638,0.08819018139756868,-0.11765370980020268,0.32837621573995185
IG00434,train,in_distribution,gene,G3,0.9,compound,C3,0.9,B_then_A,0.26072725930502627,0.2988869486820933,0.5447062927855466,0.7045928271329442,0.15463401870631854,0.20148791169022648,-0.3004930850467443,-0.013782088044216587,2,-0.19110623068736318,0.7955610758766156,-0.16713090334419045,-0.06345389712584903,-0.18199210689647105,0.4006751710577631,-0.6399493720546903,0.7073313693545288,-0.5318003235111373,-0.12988492024336892,0.3079218273780307,-0.28877300466767564
IG00435,test,unseen_sequence,gene,G3,0.9,compound,C3,0.9,A_then_B,0.2757872650953328,0.2796470283407035,0.5447062927855466,-1.2596990161037636,1.264002729889183,-0.2411174964362948,-0.292906543275428,0.16328726477791788,2,-0.2405661817345343,0.1951127942222579,0.29207779878024187,1.2348280244439693,-0.3467487970659095,0.8795728309620869,0.6122950359911111,-0.04007863997138905,0.06909187326383233,0.5626997421206784,0.24701248706779189,0.021653377310386107
IG00436,train,in_distribution,gene,G3,0.9,compound,C3,0.9,B_then_A,0.26072725930502627,0.2988869486820933,0.5447062927855466,-2.095822639449313,-0.40511463505226986,0.6927725728750286,1.660299893771526,-0.10254097235659475,3,0.1701582082915489,0.8688761489003517,-0.06896886565056524,0.05610959017324478,0.869306829156039,0.9751674141278427,0.30865427914937243,0.8833508039469653,-0.7944097496315023,0.6800656029600386,0.6933698961883284,-0.22619543006214984
IG00437,test,unseen_sequence,gene,G3,0.9,compound,C3,0.9,A_then_B,0.2757872650953328,0.2796470283407035,0.5447062927855466,-0.8993201976652223,-0.07087031281911922,0.8979903740815183,1.3136126549434741,-0.027295425313079165,3,0.16820298349360127,0.20470997368740382,0.14707147450167582,0.444828795900757,0.1544952756562624,0.6300526563618174,0.6485248760319132,0.19473723025486922,-0.4882647670043079,0.25995370920692396,-0.051691569902955585,-0.00037922436568387646
IG00438,train,in_distribution,gene,G3,0.9,compound,C3,0.9,B_then_A,0.26072725930502627,0.2988869486820933,0.5447062927855466,-0.8525085375160859,-0.6999153140540162,-1.3431919246755673,-1.3581735048185346,0.005824444305892976,4,0.014651982283618843,0.08188105264416698,-0.20952628755888297,0.47835417802224384,-0.16517979580891412,0.7597985183208587,-0.7879647126314799,0.28441526816649637,-0.3331546360123967,-0.02419644922029518,0.3093793223958007,-0.5351341748635985
IG00439,test,unseen_sequence,gene,G3,0.9,compound,C3,0.9,A_then_B,0.2757872650953328,0.2796470283407035,0.5447062927855466,-1.0035895921507545,-0.31993986754021425,-0.8257302288945602,3.599528612375877,0.14959974330723524,4,1.2825519927148163,0.8814313633179125,-0.12670569871051482,1.0991933274519223,1.086036920746275,0.5907033986976457,0.6320159028274738,-0.041840337221704285,-0.9513727040523362,0.12377812015240094,-0.3603632027896588,-0.1450002478281763
IG00440,validation,in_distribution,gene,G4,0.5,compound,C0,0.5,simultaneous,0.1532151472751849,0.18180843839714284,-0.3932401505443376,0.7900228421655121,0.03968567934826248,-0.6005520542004151,0.34073839101879827,0.14124386881910914,0,0.21578407647888487,0.20102451413509703,0.08461428448834278,0.28192793643823033,0.1552111964433862,0.021899317213441002,-0.32907878743204144,-0.41759299814978545,0.012195936941398937,-0.0900053893813454,-0.09432250814825792,-0.08872370439026997
IG00441,train,in_distribution,gene,G4,0.5,compound,C0,0.5,simultaneous,0.1532151472751849,0.18180843839714284,-0.3932401505443376,-0.5519362901623764,-0.859026172271821,-0.0758656264910909,-1.2404692762294258,-0.15426039471914005,1,-0.4756201919082718,-0.665793735853768,0.1728531869291349,0.0894507435288797,-0.16087059666893655,0.47788954681008755,-0.17143297845711608,-0.021405202799365475,0.1018540814374332,-0.0400974253831062,0.14835571835428063,-0.5703836194074555
IG00442,train,in_distribution,gene,G4,0.5,compound,C0,0.5,simultaneous,0.1532151472751849,0.18180843839714284,-0.3932401505443376,-0.8250211083685454,1.0814391506074565,0.36729043315674514,-2.0141983331096807,0.0013526111730424728,2,-0.8405111017933089,-0.31678599457978196,0.38966374653608865,0.2292355050703775,-0.4062320784795589,0.4046676196479805,0.20107501674892314,-0.02497155022522552,0.4269692861949622,0.4180089037132806,0.4553170268231546,0.1501764312928235
IG00443,train,in_distribution,gene,G4,0.5,compound,C0,0.5,simultaneous,0.1532151472751849,0.18180843839714284,-0.3932401505443376,-1.0715449547627838,-0.8935985863590447,-0.6563447735626888,0.6564441930248547,0.01800173274446551,3,0.22734525719402285,-0.16611688947742412,0.22260340975699008,0.49171998233045067,0.6051909702486847,0.38964464294455303,0.0921307126669107,-0.14361018755809432,-0.05952008262327059,0.23932970674639584,0.19238076100624918,-0.4696779391639374
IG00444,train,in_distribution,gene,G4,0.5,compound,C0,0.5,simultaneous,0.1532151472751849,0.18180843839714284,-0.3932401505443376,-0.018072282290580617,-1.111390158751314,0.3528035418564684,1.6125260594519704,-0.035260040612198534,4,0.511779932483382,0.2492693491096732,0.03294673943308976,0.07147262694024159,0.858428053968074,0.3277350730976044,0.1339981875010774,0.015825771247334138,-0.11787550471429137,0.030673603898404303,-0.16615281331029735,-0.34445504105531666
IG00445,train,in_distribution,gene,G4,1.0,compound,C0,1.0,simultaneous,0.3064302945503698,0.36361687679428567,-0.3932401505443376,-0.13094917080845153,0.0005938379367666072,-0.9667852005896743,-0.8637102807295799,0.15979923195163206,0,-0.08475233127632142,-0.038384220284858744,0.42019535277164144,0.5831416829506583,0.03047532859151407,0.1638631969449617,-0.5092705621058191,-0.3309914603975255,0.4104506530806551,-0.21549717119783424,-0.1455172150101753,-0.33338251655461215
IG00446,train,in_distribution,gene,G4,1.0,compound,C0,1.0,simultaneous,0.3064302945503698,0.36361687679428567,-0.3932401505443376,-0.9276255737518101,-1.6563748674619772,-0.9351271132417794,0.4436062291597779,0.0509795090835872,1,0.39987450005608327,-0.3903247851361603,0.6112170191464898,0.6338816294779533,0.5207944670389056,0.3858111986847262,-0.10719328933309616,-0.2477391546806404,0.004016455085965046,-0.4103975671319493,-0.0792212460109572,-0.6866093860094158
IG00447,train,in_distribution,gene,G4,1.0,compound,C0,1.0,simultaneous,0.3064302945503698,0.36361687679428567,-0.3932401505443376,-0.22511164743107667,-0.6811667248103479,-0.33946518964124156,1.2874858433235183,0.08248328588561175,2,0.2598503238723177,0.4579502131526011,0.18136521515396714,0.4304130377851918,0.7345948362932516,0.1558087688903475,-0.003723240436940148,-0.29532953958246433,-0.11447038439895205,-0.0130983709161284,-0.16996297407218858,-0.47991787913404166
IG00448,train,in_distribution,gene,G4,1.0,compound,C0,1.0,simultaneous,0.3064302945503698,0.36361687679428567,-0.3932401505443376,-1.2942082083599162,-0.9609156831092938,0.9500331207414463,-0.7375775979146356,-0.08972910411449217,3,-0.3903699231331304,-0.3786711477465481,0.6198430251347273,0.08035439010004111,0.2313955252686869,0.4888932108063864,0.38611585365384427,-0.029771030073053,0.16429102785999128,0.24557040765711324,0.3296581856435466,-0.5164422610555132
IG00449,train,in_distribution,gene,G4,1.0,compound,C0,1.0,simultaneous,0.3064302945503698,0.36361687679428567,-0.3932401505443376,-0.1351974480660082,-0.3642787314950544,-0.2968111580586013,1.3036488802559447,0.13751455165119625,4,0.20316171108901326,0.47052380416045775,0.5120449874730721,0.35556908388454106,0.5060602937704066,0.35853519357039293,-0.04686132914196557,-0.19535975273236417,0.04370813330922442,-0.1491981535991722,0.014314284188840704,-0.22812636036228062
IG00450,validation,in_distribution,gene,G4,0.9,compound,C0,0.9,A_then_B,0.2757872650953328,0.30228257507354395,-0.3932401505443376,0.3444001973518198,0.7595588773443146,-0.006834908704551489,1.6769886317188516,0.06590373200619432,0,0.666338656282914,-0.13828705084655146,0.2701741198789821,0.8863206044813499,0.43372917907914366,0.4661733473743216,0.9600072858278011,-0.03300077544054271,-0.417263508349907,0.33384819732820525,-0.1117365257093663,0.10128227485446117
IG00451,test,unseen_sequence,gene,G4,0.9,compound,C0,0.9,B_then_A,0.26072725930502627,0.3272551891148571,-0.3932401505443376,0.3073742262497144,-0.8490166765411478,0.12229690357948445,-1.0890366839017718,0.042502569208094816,0,-0.7453842372027579,0.6575049101839974,0.6214151594891781,-0.5785223547750143,0.43345309692406153,-0.12769524730613369,-1.0698474930671025,-0.21761612949324732,0.36963116017827247,-0.4241639710277275,0.027859374172182774,-0.5687031890424884
IG00452,train,in_distribution,gene,G4,0.9,compound,C0,0.9,A_then_B,0.2757872650953328,0.30228257507354395,-0.3932401505443376,-1.3237742017942684,0.12589406788174057,0.40607085870144805,1.2841300275991865,-0.04374641878363815,1,0.5476935621335964,-0.562933502695426,0.2087081204274604,0.8412185703241633,0.34647703502917176,0.8175170332121753,1.246288525767211,0.06533223780385602,-0.34683184393500416,0.5755780679249747,0.15059117487298057,0.1102698147186707
IG00453,test,unseen_sequence,gene,G4,0.9,compound,C0,0.9,B_then_A,0.26072725930502627,0.3272551891148571,-0.3932401505443376,-1.515356017093344,-0.29215255654159084,1.2097583186835046,-1.3354172183635138,0.010295865280524105,1,-1.1885277236992264,0.6616061691566513,0.6468382909053826,-0.47752595335565046,0.1118009105319482,0.3157214829986778,-0.38134697575725324,0.16220546913189865,0.5928750815050166,0.4385114042365189,0.5455318719656845,-0.3337109941671994
IG00454,train,in_distribution,gene,G4,0.9,compound,C0,0.9,A_then_B,0.2757872650953328,0.30228257507354395,-0.3932401505443376,0.10537313527091835,-0.48451223438017643,-1.4819469157226441,-0.821408600479765,0.03144660923571436,2,0.40942419319068857,-1.2713467336575055,0.1686528291406905,1.1993533505122491,-0.4438863102179011,0.3565657594471948,0.19451859493798565,-0.3144123303129751,-0.0016873612688872797,-0.1635591503351071,-0.2813271103881766,-0.45376463704984327
IG00455,test,unseen_sequence,gene,G4,0.9,compound,C0,0.9,B_then_A,0.26072725930502627,0.3272551891148571,-0.3932401505443376,0.89199319736404,-1.437877460925663,0.1630308005324299,-0.0670807515913221,0.017776699124279705,2,-0.4675493716212212,0.7966052144305799,0.3866608519438093,-0.6257139245407876,0.5378720545362609,-0.10931236171343017,-1.0986362506952612,-0.21043633357508257,0.27504822472113655,-0.6334293729076201,-0.10750841892271541,-0.6804073893960808
IG00456,train,in_distribution,gene,G4,0.9,compound,C0,0.9,A_then_B,0.2757872650953328,0.30228257507354395,-0.3932401505443376,-0.606799444619498,-0.7928633200092291,0.30564330341145085,-0.3864857880092061,-0.13681277032051822,3,0.22955095648721505,-1.2792950680079989,0.3029928925218006,0.5954123295332757,-0.09883305868793524,0.5631764112057408,0.6145376035474845,-0.12077007804662977,-0.22390479323169651,0.08546931494505322,0.05401644418569161,-0.43028450497665927
IG00457,test,unseen_sequence,gene,G4,0.9,compound,C0,0.9,B_then_A,0.26072725930502627,0.3272551891148571,-0.3932401505443376,-0.6418660545067503,-0.0505332849174074,0.2719958816246146,0.20971238322255825,0.12297199296075184,3,-0.7185594186452968,1.1881607724359609,0.6461550352129193,-0.2767844098695588,0.6846025369525821,0.37202776021309386,-0.5661602545672464,-0.043686065301052436,0.3974530356658489,0.1873927211001505,0.3831847722613036,-0.22071942753379944
IG00458,train,in_distribution,gene,G4,0.9,compound,C0,0.9,A_then_B,0.2757872650953328,0.30228257507354395,-0.3932401505443376,1.6292119362555804,-0.32199154494477605,1.9449466659836527,0.14579616870130377,-0.22499360109843447,4,0.14504943139438603,-0.780453970132866,-0.02554181821476055,-0.16925936103636252,-0.27601556051028886,0.308794320012868,0.44870449842465376,0.0897843071810273,-0.2955210430900276,-0.31286048307649583,-0.20781446704274567,-0.1574744536369918
IG00459,test,unseen_sequence,gene,G4,0.9,compound,C0,0.9,B_then_A,0.26072725930502627,0.3272551891148571,-0.3932401505443376,0.025841747675239637,-0.6671565577102663,1.4877931346950872,-0.7910054300449186,-0.10239792738584659,4,-1.1175935794384186,0.619886475022269,0.5890310951874652,-0.9550929376419005,0.4525036437169179,0.007838130402839608,-0.6437785571131287,0.05191960716206208,0.35053026736949533,-0.04679792952133485,0.3384549270695648,-0.5643864661398165
IG00460,validation,in_distribution,gene,G4,0.5,compound,C5,0.5,simultaneous,0.1532151472751849,0.15907784569570668,-0.05452608140484493,-0.035781476593209,-0.2666598153066798,-1.326347446182052,1.513241277793766,0.17868758877959165,0,0.7388245468849468,0.6764916716274443,-0.19421803337327206,0.6456631197475847,0.7238436781890851,-0.24295670134537184,0.061267430456142774,-0.2257395125394588,-0.1264550843832945,-0.40025477430007106,-0.38654024029273204,0.10835750136337192
IG00461,train,in_distribution,gene,G4,0.5,compound,C5,0.5,simultaneous,0.1532151472751849,0.15907784569570668,-0.05452608140484493,2.9263669180093044,-0.34128289954708313,0.7115892137189217,-1.0930723943843865,-0.035542718602982915,1,-0.2086293116219723,-0.1451391826874062,-0.2549419756849943,-0.5262015708735929,-0.546937249796991,-0.8091268630478591,-0.9270615090405974,-0.18524583978506107,0.08229136946399812,-1.2973644429103144,-0.49593080669146955,0.18340682606087266
IG00462,train,in_distribution,gene,G4,0.5,compound,C5,0.5,simultaneous,0.1532151472751849,0.15907784569570668,-0.05452608140484493,-0.46043486162216485,-0.7103837485353542,0.7481048107112132,0.7756419423791094,-0.07362900023939443,2,0.2309134652481099,0.25522961001140626,-0.08407377852953068,-0.14521086237503045,0.4807759519489314,-0.22252069724288798,0.5711998580716378,0.15282541036128514,-0.1681142202415987,-0.21989022629051908,-0.07272716458785597,0.09277178410331462
IG00463,train,in_distribution,gene,G4,0.5,compound,C5,0.5,simultaneous,0.1532151472751849,0.15907784569570668,-0.05452608140484493,-0.12013078148355309,0.07872170352318233,0.16833551897342044,-0.5242088750460575,-0.04517306272446748,3,-0.36933335795178834,0.05054688499604723,-0.08792504528330436,-0.04787095386932763,-0.08772252801746439,-0.22626084899823648,0.18664736247537872,0.11306133507863739,0.2292242802022908,-0.1079445353122167,-0.06176939922481516,0.19781753813532363
IG00464,train,in_distribution,gene,G4,0.5,compound,C5,0.5,simultaneous,0.1532151472751849,0.15907784569570668,-0.05452608140484493,0.864079072561474,-0.29591914337295605,0.8506566355073765,-0.23338661960547435,-0.07448962052122587,4,-0.06278898072773845,0.0021082607673778217,-0.16823136051381077,-0.38812843895503774,-0.1391592950340818,-0.5125298272611678,-0.03546066304998396,0.12403972536083951,-0.005000863564190702,-0.4863398559085293,-0.28284438521938177,0.15148623511859607
IG00465,train,in_distribution,gene,G4,1.0,compound,C5,1.0,simultaneous,0.3064302945503698,0.31815569139141336,-0.05452608140484493,0.5238195697647452,0.36577913000445494,0.5868100656240849,-0.021726829676059878,-0.048270123249613744,0,-0.24927421074770367,0.3490896468515955,-0.3226842357896221,0.0643824011748029,0.17905289477288777,-0.3759232577074216,0.08590944947581144,0.31807315716624573,-0.24325174652681136,-0.3070142699542859,0.050201964673847826,0.36636929772800236
IG00466,train,in_distribution,gene,G4,1.0,compound,C5,1.0,simultaneous,0.3064302945503698,0.31815569139141336,-0.05452608140484493,0.6635481824553249,0.913942013808637,1.013373742171821,-1.664752593395754,0.016143594510579434,1,-0.5368573495218676,0.09566539556291202,-0.2162981018408754,-0.09168230731256234,-0.5960782660560279,-0.4635306058022093,-0.07912709944483581,0.08523141005195559,0.1456190847936143,-0.14587749888199658,-0.05329845751982509,0.4851271968731792
IG00467,train,in_distribution,gene,G4,1.0,compound,C5,1.0,simultaneous,0.3064302945503698,0.31815569139141336,-0.05452608140484493,0.7851896624060518,-0.8182324091755282,0.22158290857777446,-0.7269184351185377,-0.014756824882755898,2,-0.07109493471363958,-0.04432139739059056,-0.056091336367139324,0.03519136367949723,-0.00669704342863385,-0.7697628316757225,-0.3236300837090259,0.020049597497843016,-0.08411265563184936,-0.8924869713560301,-0.4174915470201222,-0.05417865941572883
IG00468,train,in_distribution,gene,G4,1.0,compound,C5,1.0,simultaneous,0.3064302945503698,0.31815569139141336,-0.05452608140484493,0.3422588396999294,1.2958244558763286,0.250513440474907,-1.2784480228060504,0.12865077648825285,3,-0.5006759682029456,0.3192364005702372,-0.17555816167362104,0.3844421925538874,-0.5662367754424725,-0.5411516392529643,-0.029012358212439814,0.03664499912167897,-0.012116720578495,-0.2154492477921832,0.12504440381528945,0.56089808592213
IG00469,train,in_distribution,gene,G4,1.0,compound,C5,1.0,simultaneous,0.3064302945503698,0.31815569139141336,-0.05452608140484493,-1.3777135121271002,-0.8421729009791478,-0.12732211508542363,0.7731979163359214,-0.03145866112336631,4,0.31107776662446485,0.17026995823043792,-0.11290082171682772,0.3263170120541931,0.5304160844980705,-0.12696660809667668,0.5201581608637392,0.2841206227906331,-0.2637951378729443,-0.20461416454611447,0.1998141201285526,-0.0724044450282725
IG00470,validation,in_distribution,gene,G4,0.9,compound,C5,0.9,B_then_A,0.26072725930502627,0.28634012225227207,-0.05452608140484493,-0.4308524648543653,0.7946970421331536,-0.422472700909737,-0.7488750575918243,0.17364883800340022,0,-0.0875728693106102,0.5277852768056631,-0.436211490636823,0.3676117094320617,0.12177663739874783,-0.7802681518257364,0.07850242508134755,-0.11887378033019208,0.3185756275988402,-0.03796978845962344,0.5059710131803502,0.19584876035002896
IG00471,test,unseen_sequence,gene,G4,0.9,compound,C5,0.9,A_then_B,0.2757872650953328,0.2694272528685977,-0.05452608140484493,0.8133955910247588,-0.01712783188470575,-0.27181660445953926,-1.2185913049755046,-0.03137654691649207,0,-0.36045723428087956,-0.460483079053858,0.2240451836617539,0.1966306844486644,-0.5451639632560572,-0.05692037618802855,-0.30863623866875267,-0.1105477757792249,0.01295540112681813,-0.5775745019776005,-0.7889036627535284,0.3023040969850517
IG00472,train,in_distribution,gene,G4,0.9,compound,C5,0.9,B_then_A,0.26072725930502627,0.28634012225227207,-0.05452608140484493,0.14976441339224794,-1.7511192880747406,0.7094836233445645,0.39699513919332885,-0.08976410734780829,1,0.28349772305856197,0.19921928260355173,-0.4793635653024734,-0.22377458854367882,0.6125545874203916,-0.9922666048874661,0.1445047667844325,-0.03000279939631063,-0.12436364434593442,-0.7921472256152766,0.04510293782041139,-0.45118532952978185
IG00473,test,unseen_sequence,gene,G4,0.9,compound,C5,0.9,A_then_B,0.2757872650953328,0.2694272528685977,-0.05452608140484493,1.0166120597297754,-0.8826558445380168,0.21995992925219593,-0.6978133787960102,-0.15503593328764717,1,-0.10241706382951339,-0.383267806096934,0.11658523641576189,-0.01579911724741331,-0.15671102718229005,0.004542439884306124,-0.29604067483183183,0.26495177873112996,-0.2308322580161679,-0.7668668128112129,-0.8308052126743025,-0.061853874191014215
IG00474,train,in_distribution,gene,G4,0.9,compound,C5,0.9,B_then_A,0.26072725930502627,0.28634012225227207,-0.05452608140484493,-0.6907345634298059,-0.24828682941965077,-0.020225634187798287,0.2874153055161729,0.09865240477965508,2,0.1287740187785649,0.752590714502967,-0.5110195617286798,0.08776095407420204,0.5862162622093591,-0.7225152291199763,0.04251869053245219,0.020124665430126518,0.124561744733868,-0.12100022202241094,0.4189125239036403,0.04501309815261072
IG00475,test,unseen_sequence,gene,G4,0.9,compound,C5,0.9,A_then_B,0.2757872650953328,0.2694272528685977,-0.05452608140484493,0.6789972041945435,0.14620792124369558,0.15049979344961573,-1.2880477307701168,-0.06987062881925847,2,-0.35151494632601005,-0.373248226231178,0.15641464725851129,0.20409915483826557,-0.7122878741288405,0.008175458110246739,-0.1656767360730167,0.2796253116909514,0.038060284081806894,-0.5374400624683826,-0.7581144034802361,0.11468335921065821
IG00476,train,in_distribution,gene,G4,0.9,compound,C5,0.9,B_then_A,0.26072725930502627,0.28634012225227207,-0.05452608140484493,1.3127080747990665,0.534994088846664,0.7431253470004603,-0.2953894125964505,0.10919373794374593,3,-0.20222221991854514,0.9050860151809127,-0.5822359653863731,-0.2062733783028793,0.0947486387668211,-0.937616434154766,-0.3002185473717565,0.0052944562798048905,0.14443927200824339,-0.48000104293505375,0.33741830016695057,0.3407548433270864
IG00477,test,unseen_sequence,gene,G4,0.9,compound,C5,0.9,A_then_B,0.2757872650953328,0.2694272528685977,-0.05452608140484493,-0.851847230560433,0.5583146177861908,2.7662781393179743,0.46300351479924196,-0.2913056806145505,3,-0.6161333569815743,0.15284594268985252,0.22765909606190154,-0.4534058790687978,0.1819847314915039,0.5905651249591658,1.0992303966146169,0.7905414094893647,-0.3815798142874854,0.5193532066641302,-0.15726826092781238,0.6017295403518312
IG00478,train,in_distribution,gene,G4,0.9,compound,C5,0.9,B_then_A,0.26072725930502627,0.28634012225227207,-0.05452608140484493,0.42909346534418114,-0.32237236678963,0.7501081839961625,1.1686945352931792,0.022873409092608557,4,0.25739938081817343,0.9748455595456201,-0.6342223037568537,-0.3508519787261538,0.7646384964484445,-0.9787537172870068,0.10981845370956801,-0.05682256210855168,-0.3288808041967694,-0.43547130608911777,0.40065129819554085,-0.03966715069821039
IG00479,test,unseen_sequence,gene,G4,0.9,compound,C5,0.9,A_then_B,0.2757872650953328,0.2694272528685977,-0.05452608140484493,-0.27729799163656066,0.3448671030520153,2.603607472672526,-1.0400940421508316,-0.3158096258018388,4,-0.9051100112892483,-0.3792700008183671,0.27580500461456575,-0.513512580973533,-0.4619360491260511,0.43414945406879557,0.6052860258980394,0.709787761557652,-0.0986738293876743,0.1695253581692129,-0.27937721490844336,0.30636643728177704
IG00480,validation,in_distribution,gene,G5,0.5,compound,C2,0.5,simultaneous,0.1532151472751849,0.18207939763161168,-0.6517340227556445,-0.2696728523557807,-0.5747378557263897,-1.5767723782350411,-1.3748044398478987,0.07779923786813099,0,0.15965785055960907,-0.6408793311752037,0.11553503491199381,0.5830550309724801,-0.1928409932399881,-0.15316252521300575,-0.5324559988463731,-0.12286984590277195,0.0600282054251384,-0.2849536260770443,-0.11269003390596197,-0.29766873562656504
IG00481,train,in_distribution,gene,G5,0.5,compound,C2,0.5,simultaneous,0.1532151472751849,0.18207939763161168,-0.6517340227556445,0.8641221687033744,0.5282441125603499,0.5637443393054858,0.1424968600736465,0.027262579868094862,1,-0.17116547986487327,0.2565335906669857,0.09779432557639751,-0.03856228356161298,0.05575567708514968,-0.20405659918080243,-0.236996971704981,0.1282244557638874,-0.12755410465794592,-0.1855974557804847,-0.12077640208813668,0.19210609096746686
IG00482,train,in_distribution,gene,G5,0.5,compound,C2,0.5,simultaneous,0.1532151472751849,0.18207939763161168,-0.6517340227556445,0.13644604583479616,2.3163396823360296,1.0582705608530651,-0.21478974961593492,0.05104128589217808,2,-0.47619301221110033,0.5531345164151731,-0.03665559962541646,-0.1075367207493218,-0.3151405823188532,0.20800874577089098,0.32975139562939404,0.31938421449127796,0.1656205806403898,0.6711931552001331,0.22031394669892634,0.6662899703126576
IG00483,train,in_distribution,gene,G5,0.5,compound,C2,0.5,simultaneous,0.1532151472751849,0.18207939763161168,-0.6517340227556445,0.6930047054671346,0.7892088757661373,0.2801603912094513,-0.6736017739931991,0.03910906650138949,3,-0.19918905256384348,0.08192655578929928,0.06908980812230939,-0.06446139517719156,-0.20086832230370577,-0.09164526027745505,-0.24301047739579448,-0.04283524449890511,0.09940412762354046,-0.07120836161779173,-0.0865088601642843,0.12215011633930098
IG00484,train,in_distribution,gene,G5,0.5,compound,C2,0.5,simultaneous,0.1532151472751849,0.18207939763161168,-0.6517340227556445,-0.9813398468830925,0.525546405216921,-0.0192491755118036,0.0853840622058135,0.03678648203416676,4,-0.03316468254147034,0.2515400283520218,0.077578773908608,0.2546099036121441,0.2026573910248618,0.3478280094038174,0.26247439235060993,0.06449322340584211,-0.022456227153737365,0.4595436086531117,-0.014474093216114259,0.1831637955937237
IG00485,train,in_distribution,gene,G5,1.0,compound,C2,1.0,simultaneous,0.3064302945503698,0.36415879526322337,-0.6517340227556445,0.770466994259229,0.9544947281163342,-1.9648140349362984,-0.2649625150848615,0.2938835864548377,0,0.32948816288738636,0.370638696102678,-0.1329932882284051,0.8425771886476787,-0.12781481315692342,-0.13825263151824532,-0.6324303941813971,-0.46353816577543994,0.03264048501270064,-0.31728625552848744,-0.27411017829452433,0.2526792549023624
IG00486,train,in_distribution,gene,G5,1.0,compound,C2,1.0,simultaneous,0.3064302945503698,0.36415879526322337,-0.6517340227556445,-0.736571986933108,-1.3489903415708897,1.6298385496303027,-0.596599679969645,-0.33002501227366343,1,-0.4546473162309853,-0.6408824854020528,0.020549290477545997,-0.504872085769472,0.1969013424527232,0.165501519059842,0.21965791099113155,0.4232929006809575,-0.2746646879649724,0.1153887676737686,0.017881809102241603,-0.25583522949621457
IG00487,train,in_distribution,gene,G5,1.0,compound,C2,1.0,simultaneous,0.3064302945503698,0.36415879526322337,-0.6517340227556445,-0.2518040550372916,-0.3107609438230648,0.5293279598566322,-0.29311992198883585,-0.1519303772602089,2,-0.13237235104865566,-0.3087530339756746,-0.16515839802127236,0.028794007524288907,0.15349743157122755,0.16458885646925003,0.14485832415872751,0.15971770601995097,-0.14147565788969402,0.02356287739450462,-0.1181250141025516,-0.052643489911892535
IG00488,train,in_distribution,gene,G5,1.0,compound,C2,1.0,simultaneous,0.3064302945503698,0.36415879526322337,-0.6517340227556445,0.8554090343755161,-0.7372965796511938,0.5971611934575772,-1.7620410511880924,-0.14521491256045588,3,-0.21182239986853657,-1.0236423618188635,-0.1294931120348073,-0.2511702306812508,-0.46772367705619605,-0.08973438473142129,-0.6609278396375202,-0.13053648442310667,-0.04993287601943007,-0.47566404509050997,-0.04467983986037727,-0.08617135049691027
IG00489,train,in_distribution,gene,G5,1.0,compound,C2,1.0,simultaneous,0.3064302945503698,0.36415879526322337,-0.6517340227556445,-0.20135660209710812,0.09169829218204281,0.3723866563258026,0.8425042393935231,0.01856342912728253,4,0.09091181169183768,0.3323609408373458,0.005549981334957765,0.03958431000948816,0.34980379337983236,0.2376042978980727,0.13381591778391927,0.05445955897713828,-0.2091956498714924,0.35280570375275544,0.11287306815202232,0.09599324273579793
IG00490,validation,in_distribution,gene,G5,0.9,compound,C2,0.9,A_then_B,0.2757872650953328,0.30266626984491785,-0.6517340227556445,1.129798978050646,-0.8753351561678762,-0.7690468361874792,-0.2868347237028772,-0.045328494163488026,0,0.12217389749543583,0.04648286595759069,-0.7425576596718122,-0.005598823006422449,-0.07203970127798551,-0.29660588796373644,-0.8821300669053891,-0.2668442129616911,0.41170743285016587,-0.8343144740419403,-0.2603838604735126,-0.8920334394073863
IG00491,test,unseen_sequence,gene,G5,0.9,compound,C2,0.9,B_then_A,0.26072725930502627,0.32774291573690106,-0.6517340227556445,-0.1965194554820131,0.6068871001075543,0.45041056104494825,-1.0636663641444277,-0.005694699433473734,0,-0.2261307073020046,-0.5288961954593987,0.6971748326443803,0.10443159761718454,-0.08214749486886902,0.5118083173689165,0.018158698431770356,0.2936986841623179,-0.5257038338954332,0.7614591243620915,-0.3099922517675002,0.9187722969966967
IG00492,train,in_distribution,gene,G5,0.9,compound,C2,0.9,A_then_B,0.2757872650953328,0.30266626984491785,-0.6517340227556445,0.35967536633445135,0.8561819660939757,0.5839803653879045,-2.116130968501762,-0.2002798435718681,1,-0.9910478562770112,-0.16073098381039638,-0.8686583313146639,-0.41156221427762396,-0.7113390938209804,-0.07524919755652847,-0.43821705673027744,-0.1071729919516866,1.0375243681995432,-0.45953784743836135,0.3144536986913438,-0.6112887441903466
IG00493,test,unseen_sequence,gene,G5,0.9,compound,C2,0.9,B_then_A,0.26072725930502627,0.32774291573690106,-0.6517340227556445,0.5084839511254224,-0.27691548118090875,0.36619367039885514,-0.5726128477906148,0.002020768784809071,1,-0.07062610984480569,-0.4242166461286456,0.6693446021709916,0.1811179348606512,0.20719858446773476,0.2756339809785242,-0.1954386745631202,0.13369616616019592,-0.7343421598253786,0.22834997692210537,-0.34792708097651487,0.6934141259693805
IG00494,train,in_distribution,gene,G5,0.9,compound,C2,0.9,A_then_B,0.2757872650953328,0.30266626984491785,-0.6517340227556445,-0.07018511027700818,-0.2209531117555333,-0.6999673740268781,0.16423774968351412,-0.05052267665709506,2,0.054286708718841045,0.2067179741164745,-0.7734082051225379,0.14274515785797162,0.09261230070977962,-0.16441722968161804,-0.15110027568138065,-0.08585154346400774,0.626881722799388,-0.48694305513843456,0.15375624063309495,-0.721068780427335
IG00495,test,unseen_sequence,gene,G5,0.9,compound,C2,0.9,B_then_A,0.26072725930502627,0.32774291573690106,-0.6517340227556445,0.5321068793897548,-0.7065356412948073,2.008316341953272,0.1310821110714276,-0.21289524569819773,2,-0.19482208263259873,-0.3800681056911334,0.6397265481683463,-0.4257335352082011,0.37413001900748855,0.4132529588485433,0.28255221261412866,0.4239580342757189,-1.0179526020470906,0.25936200377399243,-0.3471884120050054,0.5848793795510628
IG00496,train,in_distribution,gene,G5,0.9,compound,C2,0.9,A_then_B,0.2757872650953328,0.30266626984491785,-0.6517340227556445,1.245753146256413,1.2960144557892617,0.4678362138568649,0.7656804827052319,-0.0006399294247362922,3,-0.23421473776546148,1.1426139600229712,-0.9589370308091018,-0.31250251144860836,-0.10952866514850562,-0.24954846863524427,-0.21724513114920385,0.04503284513620383,0.47013705753155804,-0.23906131697771826,0.07213541769741888,-0.25856651276204823
IG00497,test,unseen_sequence,gene,G5,0.9,compound,C2,0.9,B_then_A,0.26072725930502627,0.32774291573690106,-0.6517340227556445,-0.2898397332454267,0.7529669458788419,1.5452872301590124,-0.9246399992916561,-0.12732768039052655,3,-0.4852472497754382,-0.4222387724103913,0.5865536988960833,-0.18145103491652587,-0.03664110858560414,0.46854444744862783,0.506070190547316,0.36813912800197823,-0.7246200899948759,0.8876080701839555,-0.11017797480074837,0.8437482167942877
IG00498,train,in_distribution,gene,G5,0.9,compound,C2,0.9,A_then_B,0.2757872650953328,0.30266626984491785,-0.6517340227556445,-1.1925857093305043,-0.6601189283075352,0.6387890963474122,0.2893134870525567,-0.2166882166254933,4,-0.12694014398395248,-0.056870899817637086,-0.668495463162711,-0.2727387274460694,0.07428832914972872,0.042888616935347235,0.24188534302040235,0.20658258217031647,0.4994441136426948,-0.1953811738474729,0.3260115760810251,-0.8300836463952133
IG00499,test,unseen_sequence,gene,G5,0.9,compound,C2,0.9,B_then_A,0.26072725930502627,0.32774291573690106,-0.6517340227556445,1.334595829689238,0.7145279492435044,1.4560625941917156,-1.130819689301609,-0.032559651055948914,4,-0.5771518444612271,-0.15890416383008613,0.5112491278868208,-0.34008932523794483,-0.4564014739058198,0.141901899250703,-0.15889414230151214,0.24251564771162887,-0.61383485922999,0.24224993063228512,-0.19000201001076078,0.9601748771836455
IG00500,validation,in_distribution,gene,G6,0.5,compound,C4,0.5,simultaneous,0.1532151472751849,0.18838544788692801,-0.558790008980407,1.2917407380045858,2.556386117173665,1.4167214867146765,1.0155431733132942,0.10631651653754065,0,-0.44031985254164346,1.254968081743956,-0.105082950987953,-0.09131589008545185,-0.12491707344097693,0.5238686017147467,0.06986335251007952,0.08858498133089286,-0.2802994591813103,0.6179799655582032,0.22744904768922783,0.5561458636115713
IG00501,train,in_distribution,gene,G6,0.5,compound,C4,0.5,simultaneous,0.1532151472751849,0.18838544788692801,-0.558790008980407,0.5043937343505401,0.2756079572826861,-0.19358512602954747,-0.3625341040281889,0.025599058939163262,1,0.041229050583143134,-0.22202072399930378,0.06223112631431777,0.30409967897458196,-0.10684797325070211,0.4082493580521694,-0.2719670202816738,-0.26839500895013624,-0.18544391992874365,-0.06879845316888598,-0.109996267930258,0.031092591731994024
IG00502,train,in_distribution,gene,G6,0.5,compound,C4,0.5,simultaneous,0.1532151472751849,0.18838544788692801,-0.558790008980407,-0.06608379202604188,1.10360900400945,-0.3862846785342666,2.004875961277094,0.16541118972492277,2,0.33501543236975373,0.9691984863740561,0.12157875647743556,0.5805452622292664,0.6628305978098298,0.5316973235398514,0.3391494815987476,0.009428760751747603,-0.43004141177120586,0.42168665710961956,-0.010608376038056394,0.41194733308752796
IG00503,train,in_distribution,gene,G6,0.5,compound,C4,0.5,simultaneous,0.1532151472751849,0.18838544788692801,-0.558790008980407,-0.2517616151332569,0.3761430959685597,-2.603952582917211,-0.2530157491830321,0.25223021333199935,3,0.45761990612426096,-0.053133283040931394,0.05197383037212317,1.2218553858733516,0.11898892786739497,0.3572607432928249,-0.4917248414592192,-0.4329286114188493,-0.0898795308664942,0.10470056841809684,-0.16188232850093476,-0.137315436667036
IG00504,train,in_distribution,gene,G6,0.5,compound,C4,0.5,simultaneous,0.1532151472751849,0.18838544788692801,-0.558790008980407,-0.42587682845185404,-0.4924801313252414,-1.0846329007537492,0.8159323007640936,0.06816093457136704,4,0.4811027934331127,0.07066755365003478,0.10013345329508608,0.5759198700976507,0.5104443534949386,0.5817668842475183,-0.14440387839944435,-0.25139145555593156,-0.4011987019432337,0.016524088922111164,-0.08423688851158809,-0.16674335507044857
IG00505,train,in_distribution,gene,G6,1.0,compound,C4,1.0,simultaneous,0.3064302945503698,0.37677089577385603,-0.558790008980407,-0.45952762972683125,1.455509596362725,0.09598164651848297,-0.6361998514022952,0.056973173510175265,0,-0.35659907218839204,0.2429178065122182,0.16267012281463586,0.5468198593132568,-0.2337363636165265,0.9775567641779238,0.24068624164189695,-0.17698616352483781,-0.14736365565745668,0.3768577544868197,0.3047143105057685,0.19711186078373016
IG00506,train,in_distribution,gene,G6,1.0,compound,C4,1.0,simultaneous,0.3064302945503698,0.37677089577385603,-0.558790008980407,0.29431189434707106,0.13166340311065108,1.8356403456054595,1.115735896354162,-0.11983278988791582,1,-0.13027308582893124,0.4735089131912603,0.0015112768086931773,-0.005590715090468018,0.4672619906288141,0.8522346527803442,0.2557922675055037,0.19303317333515044,-0.5372950733288968,0.3627523288321929,0.06828784266037212,-0.08156287439780377
IG00507,train,in_distribution,gene,G6,1.0,compound,C4,1.0,simultaneous,0.3064302945503698,0.37677089577385603,-0.558790008980407,-1.1929999150758903,-0.8666145037852785,-1.8099127769052603,-1.5965685055896073,0.03999889061325362,2,0.06357176998112055,-0.8943773744646022,0.11919535851565594,1.0126807920697938,-0.19764858295670099,0.6493251669146343,-0.31840858556302293,-0.5632311877364056,-0.1580148571122046,0.08589630234414902,0.10168838499209512,-0.6538912469144047
IG00508,train,in_distribution,gene,G6,1.0,compound,C4,1.0,simultaneous,0.3064302945503698,0.37677089577385603,-0.558790008980407,-0.4373668215383153,1.3902993104784271,-0.701358904785017,-0.26410880484881105,0.09653320915457894,3,-0.34869430239230825,0.30777691646823635,-0.07061066446892313,0.7956533556631673,-0.11704769048416433,0.7531251632577963,0.04642392113088022,-0.26806819451714975,-0.20618120917717128,0.4506796338783771,0.2514273648073554,0.12373636451263045
IG00509,train,in_distribution,gene,G6,1.0,compound,C4,1.0,simultaneous,0.3064302945503698,0.37677089577385603,-0.558790008980407,1.53377485202063,-1.1187910848026874,1.5885873294428787,-1.6978609979804424,-0.2844035808007932,4,-0.7638756384321133,-0.8790274880241439,0.04950065924681828,-0.4577045972873636,-0.6461300235303529,0.5024659537405168,-0.8777893148573417,0.052003521623935095,-0.32440840908335383,-0.6413833014118948,0.09062874352310338,-0.5200885921801208
IG00510,validation,in_distribution,gene,G6,0.9,compound,C4,0.9,B_then_A,0.26072725930502627,0.3390938061964704,-0.558790008980407,2.3833886237475106,0.9286483955521827,1.0603985832955933,-0.8241246525735527,-0.1959511953144903,0,-0.7976259571152219,0.34518010920008657,0.48095189154073625,-1.0071711524739284,-0.15103181905835522,0.4511015723160305,-0.5881338754245884,0.20699074181853364,-0.4558547214793282,-0.07731892739401079,-0.42912117720101245,-0.1333637919789044
IG00511,test,unseen_sequence,gene,G6,0.9,compound,C4,0.9,A_then_B,0.2757872650953328,0.3115459442310629,-0.558790008980407,0.9576414660752925,-0.11075485850477361,-1.058071967310184,0.7656155031522585,0.2618224644982835,0,0.5275826798328799,0.08604783804582516,-0.7108610093040393,1.500198847630023,-0.11457784793342402,0.4087978915758904,-0.5544599052231477,-0.8351639360473149,-0.027245456141964886,-0.3831157131146229,0.13050023300809402,-0.15107533210848145
IG00512,train,in_distribution,gene,G6,0.9,compound,C4,0.9,B_then_A,0.26072725930502627,0.3390938061964704,-0.558790008980407,0.9080978831465267,-1.0153890393304652,-0.9008993479477044,-0.9480379975620451,-0.19790158879019054,1,-0.16678332050610098,-0.5735568122976556,0.596167582903406,-0.527305931660859,0.33983920442413873,0.3853734373083227,-0.629969377405592,-0.17297522519500313,-0.5631091174068394,-0.3180467909275739,-0.41014717020606545,-0.5066944278832954
IG00513,test,unseen_sequence,gene,G6,0.9,compound,C4,0.9,A_then_B,0.2757872650953328,0.3115459442310629,-0.558790008980407,0.00608914759344565,0.981475418336213,-0.1747446656896604,0.5120372957720224,0.256400169571211,1,0.22556260929785163,0.4736486912618434,-0.705201790558807,1.4084187756191555,-0.28492399423224246,0.5924621745205376,0.1541112203971528,-0.581696075044803,-0.11698698329255455,0.29166855980364137,0.39633268629260215,0.2779808778684931
IG00514,train,in_distribution,gene,G6,0.9,compound,C4,0.9,B_then_A,0.26072725930502627,0.3390938061964704,-0.558790008980407,0.02764644675666574,0.008029143202557324,-0.7689071495170631,0.2625497076445299,-0.10882345168147146,2,-0.20216624480288464,-0.04239820004274411,0.7986905378886338,-0.2172833873401525,0.5907687708264495,0.7454500265128537,-0.29490247237775047,0.05961622034620854,-0.4998810600777791,0.12224931865723142,-0.34985170325965853,-0.21344017133874704
IG00515,test,unseen_sequence,gene,G6,0.9,compound,C4,0.9,A_then_B,0.2757872650953328,0.3115459442310629,-0.558790008980407,-0.7682372569292875,-1.5350159539515589,-0.38124309270059953,-1.041544334931035,0.006998180085508322,2,0.17359876796636456,-1.0777493694676021,-0.3281928148310986,1.0484913765671349,-0.462535501401436,0.658210889509717,-0.3575491963711518,-0.6848003996254746,-0.03480857191469281,-0.257533959222087,0.23193854099837147,-0.6084945320536991
IG00516,train,in_distribution,gene,G6,0.9,compound,C4,0.9,B_then_A,0.26072725930502627,0.3390938061964704,-0.558790008980407,-0.5967878387699135,-0.7228386809522932,1.0137879187395242,-0.7181696747883215,-0.34106736022078,3,-0.6816724637457944,-0.6042387999063246,0.8421324270615868,-0.7549602214403018,0.4948404624994932,0.8125572225685317,0.0390033497806461,0.22177769883460638,-0.5253715693134248,0.371213265882256,-0.020960443341381543,-0.44928286193550676
IG00517,test,unseen_sequence,gene,G6,0.9,compound,C4,0.9,A_then_B,0.2757872650953328,0.3115459442310629,-0.558790008980407,-0.1707072257796171,0.9274716575878432,0.5126776190797514,-0.13039395151165825,0.12010655839539364,3,-0.149633086775862,0.13747096539455522,-0.5669621732171538,1.117671458006188,-0.26441634899939315,0.6415300037134865,0.10714928756704442,-0.32363443153758187,0.009999752118293723,0.316042218588833,0.5037720955123072,0.1319670236508424
IG00518,train,in_distribution,gene,G6,0.9,compound,C4,0.9,B_then_A,0.26072725930502627,0.3390938061964704,-0.558790008980407,0.01610618597134083,0.4089849398071427,-1.9894142901396834,-1.0080216547686682,-0.003074449431655857,4,-0.23257254222752471,-0.14642130338962867,0.5195458709831143,0.3046505068825095,0.3096774798404297,0.7315199856889374,-0.5104285665332043,-0.18597772041814756,-0.09345615579913844,0.16103670637326684,-0.34435000746377614,-0.26915965495426
IG00519,test,unseen_sequence,gene,G6,0.9,compound,C4,0.9,A_then_B,0.2757872650953328,0.3115459442310629,-0.558790008980407,-0.6862531593138,0.08229257234651602,0.5735535456133519,-0.6232048796339336,0.052779350207394354,4,-0.24633164479639613,-0.3373046343225299,-0.5133950920436552,0.8446255263334728,-0.6104947413219299,0.7490610694569084,0.12587044477933534,-0.5848323556618539,-0.09880905867010724,0.16425939466134673,0.7561178114074811,0.12964049869707175
IG00520,validation,in_distribution,compound,C0,0.5,compound,C3,0.5,simultaneous,0.18180843839714284,0.16604830482338517,0.5775784226083285,1.4994893706874375,-0.857116258675888,-0.7754751792530377,0.01091694036634552,0.009675938042976825,0,0.33187772862915677,0.26814058431007265,-0.3109375022700364,-0.13086453410609905,-0.029904293632052763,0.21240653405556142,-0.8195924254773999,-0.17569938629466125,0.1516994667958952,-0.5704850290462906,-0.49743584782023786,-0.4149447895685175
IG00521,train,in_distribution,compound,C0,0.5,compound,C3,0.5,simultaneous,0.18180843839714284,0.16604830482338517,0.5775784226083285,0.36363164215884924,1.1028310475701046,-1.2948057511224076,0.2035096549775984,0.20165150095465129,1,0.15865701447165453,0.8566368945597856,-0.40505172029810577,0.5156462154110849,0.05042628914961669,0.42494690361239484,-0.3258854128123397,-0.22970540237856177,0.39145665541137503,0.26238781502746333,-0.17008140186834333,0.15340178618575712
IG00522,train,in_distribution,compound,C0,0.5,compound,C3,0.5,simultaneous,0.18180843839714284,0.16604830482338517,0.5775784226083285,0.11632384093506229,1.7074892766134602,-1.0291901728744524,-1.2034419153721791,0.17356377927879446,2,-0.36708562302059,0.5090435078841958,-0.20080447611653102,0.44644126805363593,-0.6076628083592761,0.5890215658094536,-0.4036127045935451,-0.13731224524585156,0.6354774015905921,0.29498628837596763,-0.01706363879347164,0.22751945898115294
IG00523,train,in_distribution,compound,C0,0.5,compound,C3,0.5,simultaneous,0.18180843839714284,0.16604830482338517,0.5775784226083285,-0.6916479110692566,2.1143445242601078,-1.0543922710275724,-0.19854082871252304,0.15850649081720944,3,-0.2073301415904836,0.8766650533199636,-0.47075814692774454,0.584786155663254,-0.3049678869526704,0.7624812021977129,0.13043121171004457,-0.03578378202014799,0.610273060143442,0.680380525958271,-0.05849237862545677,0.35356926348503237
IG00524,train,in_distribution,compound,C0,0.5,compound,C3,0.5,simultaneous,0.18180843839714284,0.16604830482338517,0.5775784226083285,0.15932356274906445,-0.5206021783691253,0.11044296375255426,-0.7576843918998954,-0.08240178738426829,4,-0.265507488600459,0.05286491424188004,-0.19947040735286994,-0.21432968985413547,-0.22902954742405074,0.4884030668712108,-0.3970760057045227,-0.014612439178732426,0.4675245432345572,-0.11657214338035116,-0.2411028686046564,-0.26334514756409
IG00525,train,in_distribution,compound,C0,1.0,compound,C3,1.0,simultaneous,0.36361687679428567,0.33209660964677035,0.5775784226083285,-1.035326247785742,-0.5522921795392934,1.2280996881232376,-0.5783308640625768,-0.2062598712718458,0,-0.44749164112217976,-0.0528494144108423,-0.21049862585744683,-0.18618675522322164,0.047271022213112815,1.0101654769966508,0.3314367211561621,0.25933269916114887,0.4016627258532852,0.5349253859209572,0.1648745653093169,-0.12067416954506882
IG00526,train,in_distribution,compound,C0,1.0,compound,C3,1.0,simultaneous,0.36361687679428567,0.33209660964677035,0.5775784226083285,-2.1098360753723444,0.2470267056847931,-0.422182668019297,0.4987316941972021,0.012679774689145024,1,-0.13014820171611755,0.6175610876154821,-0.11234001326186567,0.39175294734341426,0.35334435667696723,1.1346899792179097,0.5326851898518958,-0.010448026772096261,0.5415858213544497,0.8701285433558239,0.23377831845965047,-0.31525299353706593
IG00527,train,in_distribution,compound,C0,1.0,compound,C3,1.0,simultaneous,0.36361687679428567,0.33209660964677035,0.5775784226083285,-0.23773758535035733,-0.17329341915410396,1.2820739649197652,-1.732643865538175,-0.19104568402946853,2,-0.714066493410607,-0.2482687595065745,-0.05217416827278998,-0.482701438711154,-0.4068151023161186,0.8489361755843705,0.08962675823066188,0.1484786426688253,0.669512900223038,0.3428642157651763,0.23162288715841087,-0.05454999200080929
IG00528,train,in_distribution,compound,C0,1.0,compound,C3,1.0,simultaneous,0.36361687679428567,0.33209660964677035,0.5775784226083285,0.9436692441960363,-0.49680019877960085,-1.3458949614473608,-1.7394914554842966,0.056637665156051606,3,-0.21186045651617802,-0.20532500683164054,-0.2824425675929467,0.24081117743249142,-0.6411258742957947,0.3881820450673723,-0.9336293741156367,-0.3098329843920539,0.8576457884364189,-0.3252003592374186,-0.45303219826106034,-0.25878217355346983
IG00529,train,in_distribution,compound,C0,1.0,compound,C3,1.0,simultaneous,0.36361687679428567,0.33209660964677035,0.5775784226083285,-0.4876426085204982,0.4656030482812107,-0.184796602716401,-1.7497554783131575,-0.025772735234277422,4,-0.6373770850198301,-0.02885211033935919,-0.17119495730999656,0.1765076500794115,-0.6774145739844529,0.9614742078444759,-0.3568722379810375,0.050730392665504706,0.7270697809718585,0.1995141965924265,0.06403997843750722,0.02011348990955905
IG00530,validation,in_distribution,compound,C0,0.9,compound,C3,0.9,A_then_B,0.3272551891148571,0.2796470283407035,0.5775784226083285,-0.180317259222309,-0.7415849126609048,0.5751341770475886,-0.3875903058405056,-0.1526149461911242,0,-0.38050279941462617,0.3689086645093798,0.11634008389637585,-0.4202409428661266,-0.08737504248201199,0.7361581698749613,-0.13030987250554157,0.28769365341663805,0.43821280015341163,-0.08202421764030729,-0.40124432358011575,-0.5740607398403184
IG00531,test,unseen_sequence,compound,C0,0.9,compound,C3,0.9,B_then_A,0.30228257507354395,0.2988869486820933,0.5775784226083285,-0.2480292940749863,0.44540473158981775,-0.4487044706315137,-0.5688672962591724,0.119807871154787,0,0.1883186742460772,0.1771818661320127,-0.5149620510545211,0.4339837461730478,-0.19414069898725245,0.49938275604569493,-0.029162485585233683,-0.3247203813441122,0.49485248285625955,0.47506519076138864,0.12636824966643043,0.12659396328069214
IG00532,train,in_distribution,compound,C0,0.9,compound,C3,0.9,A_then_B,0.3272551891148571,0.2796470283407035,0.5775784226083285,-0.32993856530276766,-0.4448781984448843,1.259560820483694,0.1781700220268369,-0.23493482169630978,1,-0.6108182902166989,0.6850111743131283,0.06141357189974403,-0.6874948276205928,0.04157111120453711,1.2084996230526082,0.09790035228687191,0.4598907876313721,0.5518178492666828,0.22865886368091345,-0.44468521742203737,-0.34958760124724786
IG00533,test,unseen_sequence,compound,C0,0.9,compound,C3,0.9,B_then_A,0.30228257507354395,0.2988869486820933,0.5775784226083285,-0.09871451217615532,-0.8554122628373627,-0.20748086940164334,1.4458600597981777,0.03392458280275785,1,0.8247414932471587,0.5174674711241896,-0.5733485635429,0.2933481564882502,0.5532689660757255,0.5420710239640627,-0.008844411626677005,0.09769305022950114,-0.14216045940207225,0.250209375225682,-0.00835202663310984,-0.2358983103434541
IG00534,train,in_distribution,compound,C0,0.9,compound,C3,0.9,A_then_B,0.3272551891148571,0.2796470283407035,0.5775784226083285,-0.3595659535091241,0.826577659871981,0.6198304931281241,-0.05525293991323471,-0.12353768759859506,2,-0.7216072310134554,0.9189028167582917,-0.03994539432678165,-0.37832026642355066,-0.2245306634922985,1.2793287919921,0.11376743272749582,0.36529015725628255,0.5813249183366145,0.4175001263566267,-0.2555089692277389,-0.08638690615392056
IG00535,test,unseen_sequence,compound,C0,0.9,compound,C3,0.9,B_then_A,0.30228257507354395,0.2988869486820933,0.5775784226083285,0.6642776195329114,-1.0864584958348373,-1.957346712399306,-1.4588739971540852,0.12632852464990718,2,0.4140120948524349,-0.7766843674883039,-0.2840731095877931,0.7095845858886521,-0.4128314182757408,0.26949150822528983,-0.9826718762758035,-0.7168113323233505,0.4568309020527652,-0.40447897568902347,-0.312248477414603,-0.43704566872304856
IG00536,train,in_distribution,compound,C0,0.9,compound,C3,0.9,A_then_B,0.3272551891148571,0.2796470283407035,0.5775784226083285,-0.25801496843965743,-0.9210835578205303,-1.0244328417725757,0.7563662721686991,-0.031033949569406263,3,-0.07633228156219536,0.5571429317650549,0.15450218845107097,0.21477099551074316,0.2721238576732234,0.842174616072733,-0.09191356066050324,0.01889978090208555,0.4067801041977887,-0.24782163244375058,-0.5847176871507468,-0.4831698412935197
IG00537,test,unseen_sequence,compound,C0,0.9,compound,C3,0.9,B_then_A,0.30228257507354395,0.2988869486820933,0.5775784226083285,0.7783454911350413,-0.1650239305257429,0.507057238471045,0.1473268529777804,0.02548420703995825,3,0.20510151585039754,0.14551521907849307,-0.44917251660581514,0.11453316965401963,-0.11549634304351893,0.4577063259120194,-0.23771844359935043,-0.2031700928401215,0.20776694405732302,0.15352096760663214,-0.1324878775971529,0.005647050023560486
IG00538,train,in_distribution,compound,C0,0.9,compound,C3,0.9,A_then_B,0.3272551891148571,0.2796470283407035,0.5775784226083285,-0.08417374541027935,-2.5390383001076846,-0.6508824818590943,0.007289932860992748,-0.25805999194945006,4,-0.12783241640072338,-0.2700846367120844,0.1511472473812519,-0.41775739634140086,0.22116286634721674,0.7683787399459442,-0.42194108497348987,0.050369924857778345,0.3625062747726195,-0.5679456442877423,-0.6750994111435399,-0.9213026213236042
IG00539,test,unseen_sequence,compound,C0,0.9,compound,C3,0.9,B_then_A,0.30228257507354395,0.2988869486820933,0.5775784226083285,-0.10300252751483295,-1.3091751874021034,0.6887299304514138,0.3609639453979471,-0.06507862773677334,4,0.3047190611096453,0.0005798475104557832,-0.4645650863034679,0.15454241392116452,0.3457246284880905,0.39515581013832946,0.02757479428080619,-0.2249196433879223,0.1335917326047519,0.035761498956006804,-0.01816262995022313,-0.4211065397950384
IG00540,validation,in_distribution,compound,C1,0.5,compound,C5,0.5,simultaneous,0.18577437970814448,0.15907784569570668,0.48550725417303703,1.8220080956488198,0.3686772451361587,0.14850032888814116,0.4794516710385351,0.06558912665368505,0,0.06097156263059127,0.5978904481688638,-0.246464897703893,0.12368955360881886,-0.0510753904171701,-0.2617497374949319,-0.3314641642412567,0.14987992602039793,-0.30896568036165295,-0.5782466927167852,-0.12429106671568245,0.18936568691729816
IG00541,train,in_distribution,compound,C1,0.5,compound,C5,0.5,simultaneous,0.18577437970814448,0.15907784569570668,0.48550725417303703,-0.7210328378686052,-0.10626159397341196,0.10714339836088033,-0.16543423614340647,0.003429999644870004,1,-0.06712219045313755,0.13346744229741514,-0.17613777334153735,0.4877055484947637,-0.09375743928089833,0.05827687686243696,0.4530852149446285,0.22959575721112083,-0.21739267000089027,0.047332506193995386,0.304249309097963,-0.004637236735453798
IG00542,train,in_distribution,compound,C1,0.5,compound,C5,0.5,simultaneous,0.18577437970814448,0.15907784569570668,0.48550725417303703,0.5454815622748761,0.11705836687832222,1.4391768202896056,-0.46939023722757284,-0.13433187798761898,2,-0.41360555873363714,0.10370740903116367,-0.23906592302286261,-0.21415126447069985,-0.4486468577656756,-0.04962032736990138,0.33477226724654574,0.43881420442817665,-0.43244212635303464,-0.0654368871792956,0.15647600926561317,0.2563936994508962
IG00543,train,in_distribution,compound,C1,0.5,compound,C5,0.5,simultaneous,0.18577437970814448,0.15907784569570668,0.48550725417303703,-1.13472057941187,-0.7384393484350822,0.5348610802571547,-0.23556284707948982,-0.1931157899176212,3,-0.22163037218703635,-0.12432224473375653,-0.17507792416651158,0.18766458502085404,0.06063425482329281,0.34761684051640257,0.5464012307714876,0.486281175493842,-0.28270311585344643,-0.08883898390667677,0.18144551014575658,-0.14904404347434685
IG00544,train,in_distribution,compound,C1,0.5,compound,C5,0.5,simultaneous,0.18577437970814448,0.15907784569570668,0.48550725417303703,-0.3731360016296135,0.3447960511048151,-0.2582637489390262,-0.9452053775018775,-0.0006422983937789881,4,-0.36887352671884294,0.023973155150456445,-0.2672009109922926,0.4995553744387119,-0.40886446985480707,0.1931216614497479,0.06828163910082587,0.1261714086311929,-0.15226405956276187,-0.10470933241068829,0.1834117640232433,0.2810801865758143
IG00545,train,in_distribution,compound,C1,1.0,compound,C5,1.0,simultaneous,0.37154875941628895,0.31815569139141336,0.48550725417303703,0.6244060294047312,-0.12599661115481517,-2.239406117536258,-0.34701842190967974,0.143880689102595,0,0.3796630545992134,0.26319276279871984,-0.40884746528441956,0.9111539148425631,-0.211718611969884,0.0023544251016469064,-0.3569113812334728,0.01720384004990297,-0.3569847098766821,-0.5153860173024719,-0.05733059661776941,-0.056265057137455526
IG00546,train,in_distribution,compound,C1,1.0,compound,C5,1.0,simultaneous,0.37154875941628895,0.31815569139141336,0.48550725417303703,-1.015075957040472,-0.511218888545861,-0.600747031554486,0.7845705608696372,-0.02355135253624946,1,0.3123008439758689,0.44718284384804147,-0.5789170625542714,0.8373148353410186,0.31083237436413025,0.3717387749519336,0.5030902099153076,0.44409306561104334,-0.5411945674764558,-0.08159183896814458,0.2200699038040322,0.06821184349651019
IG00547,train,in_distribution,compound,C1,1.0,compound,C5,1.0,simultaneous,0.37154875941628895,0.31815569139141336,0.48550725417303703,-1.990985839570505,-1.353651634176222,1.2250492544951852,0.022355246977456514,-0.33635449925480265,2,-0.30503508790280287,-0.33375897612218797,-0.4015698485146588,0.13592599400211586,0.3570734535395794,0.5944804608725499,0.794824952495671,0.8295200818797296,-0.5176075285319128,0.32557391519164225,0.49542504741620913,-0.0890414730676641
IG00548,train,in_distribution,compound,C1,1.0,compound,C5,1.0,simultaneous,0.37154875941628895,0.31815569139141336,0.48550725417303703,-0.3391707629864114,0.4314460265117555,1.688011678436419,-1.126592581527861,-0.15184444875934164,3,-0.7828269807877244,0.26277537261979755,-0.464344727017289,-0.029758197957352933,-0.5216303978177346,0.23093143890719525,0.20879497313540207,0.608556351530416,-0.4301096704524459,0.2173172469736514,0.3957787321262844,0.3559557961740856
IG00549,train,in_distribution,compound,C1,1.0,compound,C5,1.0,simultaneous,0.37154875941628895,0.31815569139141336,0.48550725417303703,-1.1422967580887429,0.25744631845391464,-0.3849376957728213,-0.11250431278421638,-0.03370447400162359,4,-0.04322853463319949,0.2453857482635004,-0.5886978106262728,0.7000709319222733,-0.12993367639731948,0.4428638356179588,0.4708970293254802,0.3749545791228351,-0.486170778031065,0.18666936883287044,0.34371967723516894,0.3490378858357211
IG00550,validation,in_distribution,compound,C1,0.9,compound,C5,0.9,B_then_A,0.30788080932374723,0.28634012225227207,0.48550725417303703,0.5003050452589061,0.25390472584667734,-1.460349436290356,0.2607705544177832,0.09231627387387206,0,0.47009637184264486,0.23917003617745827,-0.9152033803506819,0.9003078461061816,-0.12403276289343178,-0.19432922944216327,-0.16899879109120833,-0.15358110571687889,-0.09657700929520191,-0.785318161125833,-0.13083161613541863,0.06485260143092533
IG00551,test,unseen_sequence,compound,C1,0.9,compound,C5,0.9,A_then_B,0.33439388347466004,0.2694272528685977,0.48550725417303703,0.8018149820109483,-0.2194021353180886,-0.8695282194521999,0.04811564697063883,0.12160078656957915,0,-0.08406866629298372,0.6893682627155506,-0.06760600645180923,0.5802052289126409,-0.010877732856715651,0.17208923757273126,-0.49227775570014226,0.11056656259812062,-0.6285195590680414,-0.3833440059680301,0.08466272225475105,0.10473646261070085
IG00552,train,in_distribution,compound,C1,0.9,compound,C5,0.9,B_then_A,0.30788080932374723,0.28634012225227207,0.48550725417303703,1.084416569470178,-0.9004283577304839,-0.30922029446735944,-0.8955679025723224,-0.12183321539539162,1,-0.03048391020813893,-0.3713058053570879,-0.8641507004576977,0.314739195305757,-0.44609401750645666,-0.427351986778295,-0.300504678029678,2.875124860298589e-06,-0.19986089426077955,-1.0383293016217212,-0.15272606956885007,-0.10929942536254324
IG00553,test,unseen_sequence,compound,C1,0.9,compound,C5,0.9,A_then_B,0.33439388347466004,0.2694272528685977,0.48550725417303703,0.6574746735594565,0.06719885013774464,1.0906354605853823,-0.32835761875484304,-0.10124182997861945,1,-0.4101271502955441,0.6282185189440267,-0.128028358747871,-0.20781628863086943,-0.0679853901784511,0.3036500181199819,0.046695314157910554,0.5333675762698066,-0.783201441456049,-0.07000730099537038,0.2938947819581209,0.3405204197589012
IG00554,train,in_distribution,compound,C1,0.9,compound,C5,0.9,B_then_A,0.30788080932374723,0.28634012225227207,0.48550725417303703,-0.8841748139047735,-0.02887404940867835,0.022705375324012594,0.5168411637094545,-0.06506036830880256,2,0.31037735102535585,0.198648747452461,-0.8010153045528924,0.6058447078490414,0.11748368933498654,0.1459803134996831,0.48928783261061803,0.12171133545290966,-0.2789613659532806,-0.3365391069900932,0.0846693248079394,0.02363159054934441
IG00555,test,unseen_sequence,compound,C1,0.9,compound,C5,0.9,A_then_B,0.33439388347466004,0.2694272528685977,0.48550725417303703,-2.696737503891833,-0.08422689380890473,-0.27052382971890737,0.30778045056458103,-0.009199370052281566,2,0.014169138568429662,0.5190123660384487,-0.022008782168570724,0.8254751128253636,0.5424791451951939,0.7541030001559389,0.8266975790505884,0.5950801864091967,-0.7053440577794305,0.9181917747910397,0.5108844700702416,-0.005843470363148612
IG00556,train,in_distribution,compound,C1,0.9,compound,C5,0.9,B_then_A,0.30788080932374723,0.28634012225227207,0.48550725417303703,0.34124344896432035,0.9244195142475722,0.823671833739596,-0.356052576075154,-0.15476581256848038,3,-0.4158033296197604,0.2857935848888819,-0.8939493142444626,0.1279385052783996,-0.3829822467767422,-0.022147584654857375,0.40252164776368876,0.24474285934063075,-0.12246464655677135,-0.3968846649446318,0.025153116033989953,0.3281769584468064
IG00557,test,unseen_sequence,compound,C1,0.9,compound,C5,0.9,A_then_B,0.33439388347466004,0.2694272528685977,0.48550725417303703,-0.0012613285313411153,0.7532195399837918,1.2221959225280339,0.16460699601589346,-0.015117472211060516,3,-0.4961925676044458,0.9706261981787587,-0.17708847679334824,0.008457777682473397,-0.06485004400206651,0.376447688201263,0.29664437605456495,0.5611275877718783,-0.8047978967737849,0.6331642129672108,0.5210783216224628,0.3730268088234745
IG00558,train,in_distribution,compound,C1,0.9,compound,C5,0.9,B_then_A,0.30788080932374723,0.28634012225227207,0.48550725417303703,0.3618465206640559,-1.5961124539626839,-1.4344059786998131,-1.2911371107387541,-0.1371143500095044,4,0.29223184411998876,-0.9443992260109083,-0.910938789213753,0.6447509553115524,-0.41047208319320216,-0.24011221172603964,-0.4033962641846654,-0.1606234665466061,0.024481823904311556,-1.3428133938125484,-0.2195240635873709,-0.3360381278223161
IG00559,test,unseen_sequence,compound,C1,0.9,compound,C5,0.9,A_then_B,0.33439388347466004,0.2694272528685977,0.48550725417303703,-0.30354020632536854,0.1861420259823189,-0.7302472031642023,0.4233011633192985,0.08251556064945259,4,-0.0020262135178429064,0.7802954850116866,-0.21506856142287115,0.7496384588983089,0.2808897598916985,0.4484861133213171,0.258534129917838,0.2280832951886222,-0.6162693936613068,0.2581688571373233,0.32109382708976586,0.17140012574030555
IG00560,validation,in_distribution,compound,C3,0.5,compound,C4,0.5,simultaneous,0.16604830482338517,0.18838544788692801,0.13781137973471647,1.0325906033102348,-0.6379815071833563,-0.019307173864339056,1.7415385347854773,0.01641760944747929,0,0.44782676519001235,0.47757287539873433,-0.10457541044757615,0.0036942038253449383,0.4121874673623133,0.2023245324524491,-0.2956782517608139,0.027552231268694785,-0.3265972534298014,-0.32250326387322165,-0.26765047040262474,-0.14956744480931694
IG00561,train,in_distribution,compound,C3,0.5,compound,C4,0.5,simultaneous,0.16604830482338517,0.18838544788692801,0.13781137973471647,-0.8885298000225317,0.49946119466780425,0.5778013188912453,0.07056133676076186,0.013276318684559217,1,-0.04478906483887907,0.1448556115945217,0.1113003852335233,0.11870154468043134,-0.09292219238408858,0.6493414029063298,0.3595740142231944,-0.11020666303878499,0.002323086194085805,0.45120170454784736,0.19102673538838877,-0.030179889461177667
IG00562,train,in_distribution,compound,C3,0.5,compound,C4,0.5,simultaneous,0.16604830482338517,0.18838544788692801,0.13781137973471647,-0.3712699600574826,-1.7437763656916114,0.2228117462588849,0.24735642461316543,-0.1508244788758884,2,0.15396455541102394,-0.5067067843149337,0.08508667630156375,-0.027005904208120848,0.19620413901075376,0.3607687791260534,0.048724353386981605,-0.11020322773539755,-0.18573262003653362,-0.28125463073682416,-0.09736464475424304,-0.5068929001998392
IG00563,train,in_distribution,compound,C3,0.5,compound,C4,0.5,simultaneous,0.16604830482338517,0.18838544788692801,0.13781137973471647,-1.3825032346922463,0.7873632689262456,-0.21656188323387923,2.3394568464208114,0.10576602881475179,3,0.5236343333968075,1.0316957559185445,-0.039488663008949,0.5701088245460539,0.7666409206278384,0.8174580467773015,0.8575234073353253,0.20618993250207213,-0.195493193569588,0.7549071987986002,0.10066365250575117,0.15002548156541165
IG00564,train,in_distribution,compound,C3,0.5,compound,C4,0.5,simultaneous,0.16604830482338517,0.18838544788692801,0.13781137973471647,0.4103994966441073,-0.9764293743008144,-1.0675939967761683,0.7855802082214125,0.07921318895984536,4,0.5683424982809021,-0.05802458155535429,-0.0965941629713202,0.41709493440468554,0.2628020779635269,0.3069051691045942,-0.37140932311926045,-0.38366408464642326,-0.04608213466664124,-0.32270991098997653,-0.25806113616828597,-0.19304953374376774
IG00565,train,in_distribution,compound,C3,1.0,compound,C4,1.0,simultaneous,0.33209660964677035,0.37677089577385603,0.13781137973471647,0.09563989221810179,-0.3986554457778681,-1.4176212648506221,-1.143591263983998,0.1175352004774254,0,0.049987749018853965,-0.20804943531239067,0.12679763904654415,0.744845119981105,-0.23465124983677318,0.9834902097398889,-0.6082572579236424,-0.49294143191353623,0.38099412642094016,-0.16631349768601855,-0.04656217580214493,-0.3507372272167061
IG00566,train,in_distribution,compound,C3,1.0,compound,C4,1.0,simultaneous,0.33209660964677035,0.37677089577385603,0.13781137973471647,2.409675820689923,-0.39025724468590683,-0.02911776136013099,1.0179686850306346,0.0924029904411158,1,0.23869971793260714,0.38665515929065736,0.03730637850329402,0.07636425066103263,0.08305515549159916,0.4230615098673433,-0.6475089764087394,-0.5276536227853587,-0.07011054709960826,-0.4312725622709286,-0.35628176118343746,-0.22640770381009073
IG00567,train,in_distribution,compound,C3,1.0,compound,C4,1.0,simultaneous,0.33209660964677035,0.37677089577385603,0.13781137973471647,-0.8588606592959155,-0.8964763884563355,1.9558779342327348,0.6549418423570721,-0.207246824392232,2,-0.31285967346752613,-0.05065789751960727,0.09037841840752413,-0.19373843745218108,0.19497191394066804,1.0353052047545572,0.4919684605642457,0.13548968970118344,-0.1258917913695498,0.3681568112565483,0.3480472914281808,-0.2783014269760362
IG00568,train,in_distribution,compound,C3,1.0,compound,C4,1.0,simultaneous,0.33209660964677035,0.37677089577385603,0.13781137973471647,-1.358166740467818,0.45148430492161207,-0.8615633716387578,0.2745201683753022,0.1583309755727944,3,0.18349781055845185,0.2619949913518731,-0.020757106992388676,0.8996991084330048,0.010048255352397964,1.0945477761980713,0.2237099109836991,-0.34484194666974755,0.2012602447927427,0.8259558372345985,0.14544055937396363,-0.17626800539847565
IG00569,train,in_distribution,compound,C3,1.0,compound,C4,1.0,simultaneous,0.33209660964677035,0.37677089577385603,0.13781137973471647,1.493622547577949,-0.10243494541883093,-1.2795634557528113,-0.3094555182030767,0.2039925200179779,4,0.29444179650877456,0.11563472811834591,0.12072522105370398,0.6741887430764381,-0.27234662349920746,0.4975036874260113,-0.8392470088094369,-0.5448276640705303,0.08408172902415853,-0.4404840571119415,-0.3640654183657711,-0.2891156610592056
IG00570,validation,in_distribution,compound,C3,0.9,compound,C4,0.9,B_then_A,0.2796470283407035,0.3390938061964704,0.13781137973471647,1.1722319413659967,0.10865224288930657,0.8217058545434601,1.5553917185777437,-0.18209031161149547,0,-0.1467099461937937,0.2935464713072795,0.542506767380264,-0.302359785308121,0.2821707418203456,0.8064776482807683,0.559550968144758,0.2765040255864385,-0.5031943714043502,0.02804850460225849,-0.47189523681836965,-0.12318286060661499
IG00571,test,unseen_sequence,compound,C3,0.9,compound,C4,0.9,A_then_B,0.2988869486820933,0.3115459442310629,0.13781137973471647,-1.4376578003362066,-0.3443842078180936,-0.4618163595280622,0.8131876263801259,0.19936648089635278,0,0.5544846123131021,0.5529898196720312,-0.6291193798743819,1.0646288143490252,0.3009240709618127,0.9500226546951498,-0.1967893122666063,-0.36630571672385676,0.12337863072302141,0.45337532860994356,0.28477962529714546,-0.10324202116687518
IG00572,train,in_distribution,compound,C3,0.9,compound,C4,0.9,B_then_A,0.2796470283407035,0.3390938061964704,0.13781137973471647,-0.7710308957006886,1.2048252441496472,-0.5909086248474101,0.3021339407651698,-0.0512296915856065,1,-0.3453871908120534,0.25986826791542783,0.5630343524591216,0.3250901060151934,-0.00264030016736899,1.137825643980844,0.777644572292278,0.1950302617861352,0.04888626445124963,0.5476014758714056,-0.2395634073520248,0.008672672437392157
IG00573,test,unseen_sequence,compound,C3,0.9,compound,C4,0.9,A_then_B,0.2988869486820933,0.3115459442310629,0.13781137973471647,-1.7351610074631068,0.5940255541320876,0.33014573510721723,0.033927980112967014,0.16322584566921264,1,-0.09760281183180748,0.36731079846790404,-0.4389016269987194,0.8365969686228952,-0.06832283917293035,0.9399676453903029,-0.1611395188103995,-0.26201060401458176,0.236520699354835,0.7895371708311336,0.6411882441744777,0.10397265092370392
IG00574,train,in_distribution,compound,C3,0.9,compound,C4,0.9,B_then_A,0.2796470283407035,0.3390938061964704,0.13781137973471647,0.6248849861791504,1.1322917148159746,0.032732699456423764,-1.017032364056045,-0.1153717205628766,2,-0.8585616996920225,-0.13703110997195206,0.5488679181190921,-0.08931128614684146,-0.457518821885744,0.7272752734505915,0.2989427408309046,-0.03370653846660507,0.05623700793371034,0.24780947579560775,-0.2148947218422084,-0.0068299844705366555
IG00575,test,unseen_sequence,compound,C3,0.9,compound,C4,0.9,A_then_B,0.2988869486820933,0.3115459442310629,0.13781137973471647,-1.020735054380375,1.511753837317261,-1.5022686981480728,-0.5651264391028229,0.4782740251830612,2,0.28651649996935613,0.5617233860841568,-0.5280214329070073,1.5464504444375313,-0.3369051178150245,0.6699463760593629,-0.6402480842044165,-0.7553143666795143,0.6874339875339034,0.5242438919235443,0.6001971534327781,0.24630812565844246
IG00576,train,in_distribution,compound,C3,0.9,compound,C4,0.9,B_then_A,0.2796470283407035,0.3390938061964704,0.13781137973471647,0.7675442101256181,0.5090727312101596,0.8844394241996069,0.9569617106692383,-0.15384258940563417,3,-0.3724436781012034,0.3554642415031347,0.643282517592328,-0.3244713817935858,0.034771733111738534,0.9314604150560274,0.656467935030547,0.20733807722068598,-0.24142321187127455,0.1856988672430393,-0.420212232986243,-0.08752116653055192
IG00577,test,unseen_sequence,compound,C3,0.9,compound,C4,0.9,A_then_B,0.2988869486820933,0.3115459442310629,0.13781137973471647,-0.0880881409861635,-1.946741979968322,-0.5196412136169207,-0.20814128615247737,0.11968248093315884,3,0.6610722240968154,-0.2613587797882877,-0.5160784009958339,0.6759025042053923,0.058712631125783496,0.4261626999283976,-0.9158360689850379,-0.5925734261002839,0.2372180628539031,-0.4379822265106221,-0.07671249578599933,-0.47153407981012657
IG00578,train,in_distribution,compound,C3,0.9,compound,C4,0.9,B_then_A,0.2796470283407035,0.3390938061964704,0.13781137973471647,0.7148130158501753,0.4117176866602677,1.2485018959179288,0.10215740316353161,-0.25168896369481425,4,-0.6729908712893273,-0.023477293514133107,0.6413453635843065,-0.5282984700970165,-0.16979399721028515,0.8814608532842044,0.7031772726477533,0.17235224271563931,-0.23056538739494642,0.13743799346690694,-0.35001471077714336,-0.07827959750403407
IG00579,test,unseen_sequence,compound,C3,0.9,compound,C4,0.9,A_then_B,0.2988869486820933,0.3115459442310629,0.13781137973471647,0.28937002536214607,-1.4408142545057228,0.21667547706972515,-0.5929041104857952,0.06757368859368537,4,0.1997859262254616,-0.3402600488991732,-0.47678440319175697,0.5221682938334523,-0.318378778160473,0.39555618770987444,-0.9160068501487308,-0.40336168505318704,0.20757382465830138,-0.4773458107334212,0.1001422239832836,-0.27906028585228504
IG00580,validation,in_distribution,compound,C4,0.5,compound,C6,0.5,simultaneous,0.18838544788692801,0.19725089256976813,0.5916198196415927,0.601640915979639,2.199790722769182,0.06839869795707211,0.11661128879584047,0.13390600878714304,0,-0.2305859278885619,0.6752617201310505,-0.18282270097410067,0.09424722440701179,-0.5840089491567005,0.30846224761877383,0.16095748181525033,-0.12253280622623325,0.4972900955975479,0.1911148067893076,-0.10454401116060259,0.44324371855368305
IG00581,train,in_distribution,compound,C4,0.5,compound,C6,0.5,simultaneous,0.18838544788692801,0.19725089256976813,0.5916198196415927,-0.009853525604037657,-1.619792214194194,1.268308356930848,-0.30856738357579194,-0.28495984827920245,1,-0.09498387518333803,-0.8393981799971698,-0.08394952260955049,-0.5940491768829925,-0.1437000296823328,0.15601356238425257,0.012536907389833582,0.05097762301511741,0.12950372053857967,-0.5907231324331446,-0.11920729010838121,-0.3255339218339614
IG00582,train,in_distribution,compound,C4,0.5,compound,C6,0.5,simultaneous,0.18838544788692801,0.19725089256976813,0.5916198196415927,0.8770685299754745,-0.8094135517700736,0.6325462428098936,-1.0110472116468876,-0.19234238919920005,2,-0.2726769233186901,-0.7510594263225301,-0.12912068686429834,-0.3037776032786164,-0.5198978425489368,0.10480908539418449,-0.29648014931019595,-0.1711661047833901,0.08618329761358753,-0.6819222049076432,-0.3043029283246069,-0.20866919979111478
IG00583,train,in_distribution,compound,C4,0.5,compound,C6,0.5,simultaneous,0.18838544788692801,0.19725089256976813,0.5916198196415927,-0.7789283783262467,2.391575900254459,0.43192136789232155,-0.14715424051765172,0.11042005114106085,3,-0.44177824028759627,0.4850164040069794,-0.10154347007481226,0.2743567199462896,-0.5423464350037783,0.5602878316550547,0.6138347554028108,-0.2534026096064491,0.3948102943217042,0.6070964500271312,0.2656828733898513,0.5535410500450872
IG00584,train,in_distribution,compound,C4,0.5,compound,C6,0.5,simultaneous,0.18838544788692801,0.19725089256976813,0.5916198196415927,0.12802600185438934,0.5738793204790528,0.3044320152579961,1.1453598093244475,-0.0014012845413283147,4,0.047645304137981945,0.5037105456154266,-0.274021333359507,0.0038885447583138152,0.13104486446639185,0.3182329639352135,0.26390987174072694,-0.14727571461110478,-0.023319611128486423,0.06578057374466445,-0.07388085404926306,0.1825853839806768
IG00585,train,in_distribution,compound,C4,1.0,compound,C6,1.0,simultaneous,0.37677089577385603,0.39450178513953627,0.5916198196415927,0.5620885165126874,0.9173902544919106,-0.7365847903160883,1.2925535337988026,0.1574982731379984,0,0.22643356112132113,0.556169216069647,-0.21610234739368764,0.6030167157981089,-0.13891887951757867,0.7007063718920249,-0.10804654916668471,-0.502760832287492,0.3313460502100387,-0.12669611758100138,-0.3911535089652519,0.06491038152270939
IG00586,train,in_distribution,compound,C4,1.0,compound,C6,1.0,simultaneous,0.37677089577385603,0.39450178513953627,0.5916198196415927,-0.5451726384358714,0.20521103257205064,-0.458479105065691,1.1177805467747544,0.0670916165656889,1,0.3078001849854021,0.2323085055064048,-0.20193824310024233,0.5187432506395825,-0.14349410861481468,0.952916956930299,0.3000175682237566,-0.5897704083736077,0.08417070723598832,0.036608839708766716,-0.23475213338896433,0.029766327258594447
IG00587,train,in_distribution,compound,C4,1.0,compound,C6,1.0,simultaneous,0.37677089577385603,0.39450178513953627,0.5916198196415927,0.18840251150760012,-0.6235013227144095,-0.5408168507720723,0.344467558336067,-0.015307422172440424,2,0.2444502725944679,-0.29664569434901594,-0.44943188451332183,0.3530114606534063,-0.3048702870688614,0.7785948803271233,-0.21386738221605228,-0.6570177694787818,0.20494502411333365,-0.24207006560503494,-0.3425914343288107,-0.09427220039791584
IG00588,train,in_distribution,compound,C4,1.0,compound,C6,1.0,simultaneous,0.37677089577385603,0.39450178513953627,0.5916198196415927,-1.1481984774778569,-1.134760035847176,-0.7329012665990633,0.3044547581638925,-0.0813453889444519,3,0.2167128299380393,-0.6106052529474899,-0.2840221753798119,0.43983546915488814,-0.1598827775251097,0.8599652207143355,-0.0037267519613016775,-0.542081645521243,0.06235175948120655,-0.12031396879028133,-0.17795580651145607,-0.3258504589857225
IG00589,train,in_distribution,compound,C4,1.0,compound,C6,1.0,simultaneous,0.37677089577385603,0.39450178513953627,0.5916198196415927,-1.5275199028273487,0.4086402881421788,-0.10029472775902717,0.18925561231610152,0.007000774058290887,4,0.037625311729753176,-0.16315423697099232,-0.22469541980073376,0.46815527705252796,-0.28254885713190286,1.1356115268630185,0.31000974141948395,-0.5263990996317588,0.2779678303164481,0.3953178303689693,-0.010133830254386977,0.08075514020477992
IG00590,validation,in_distribution,compound,C4,0.9,compound,C6,0.9,A_then_B,0.3390938061964704,0.32387178204984013,0.5916198196415927,-0.9331828957131273,-0.33911655073754643,-0.8405147890089365,0.021419300977500392,-0.08244494078501208,0,-0.015296207251705343,-0.465049978756482,0.10511016096748682,0.5300778752647064,-0.34363502253221245,1.199008527870829,0.28608443083943835,-0.26962488313912997,0.5572073330520064,-0.16118366496870595,-0.44974767602411964,-0.3854808408576922
IG00591,test,unseen_sequence,compound,C4,0.9,compound,C6,0.9,B_then_A,0.3115459442310629,0.3550516066255826,0.5916198196415927,0.5322671985331761,1.6326288182618307,0.9603460627770228,0.29574762143111544,0.11007606785849391,0,-0.13645698012796115,0.4692366292860508,-0.44857932755502533,-0.05313894287993763,-0.4287545883093864,0.26765953676589055,0.067248216300596,-0.5308594540340819,0.1309360274975366,0.4924506497574249,0.21444427921488618,0.42046229108740185
IG00592,train,in_distribution,compound,C4,0.9,compound,C6,0.9,A_then_B,0.3390938061964704,0.32387178204984013,0.5916198196415927,-1.436012643954107,-1.5493222161391862,-1.0517219302408254,0.3116231886917957,-0.17064756718157664,1,0.3416593962692268,-0.7710722602009092,0.12223775596528949,0.5133680765172983,-0.0892130354833784,1.315492603580077,0.1924204504138354,-0.25523343162965684,0.16418996496039978,-0.4893289312963477,-0.5210688765155281,-0.7089245412325147
IG00593,test,unseen_sequence,compound,C4,0.9,compound,C6,0.9,B_then_A,0.3115459442310629,0.3550516066255826,0.5916198196415927,-1.3473121609203524,0.9592850883152121,-0.5854203491506593,-1.2233075147110768,0.19983513978364992,1,0.0027638452162058597,-0.23361229711430886,-0.3523018421575754,0.7129194975162463,-0.7557198160739244,0.413132842322629,0.20021748162534142,-0.84616140599923,0.3910453958580752,0.6062981875034203,0.31296231388499157,0.21762083430340426
IG00594,train,in_distribution,compound,C4,0.9,compound,C6,0.9,A_then_B,0.3390938061964704,0.32387178204984013,0.5916198196415927,-2.246931887383584,0.8952967117495311,0.021841443201110568,-0.07437385962419624,-0.1597937961267089,2,-0.5127366186189802,-0.0116402719999939,-0.11232139679308274,0.48500702219391123,-0.450507080010121,1.441490628328652,0.9590818136218899,0.09468878158418279,0.38729473327242425,0.6419953293332128,-0.1984677366427411,-0.19114647957587377
IG00595,test,unseen_sequence,compound,C4,0.9,compound,C6,0.9,B_then_A,0.3115459442310629,0.3550516066255826,0.5916198196415927,-0.48831878661137607,0.07850752794930774,1.2609611032626014,0.8839034953056221,-0.05471202982513068,2,0.0329870006242197,0.22905032137150563,-0.5381458630569442,-0.06174886509882101,0.1468114472638426,0.4525984104635747,0.5533267704694993,-0.5013475634157771,-0.03786609645100973,0.34958709889229256,0.17651657739574994,0.29160092720655945
IG00596,train,in_distribution,compound,C4,0.9,compound,C6,0.9,A_then_B,0.3390938061964704,0.32387178204984013,0.5916198196415927,1.0262940678091712,0.17145556179063,-1.457369828230434,-0.11620239877313882,0.04870243878724985,3,-0.15235271986787463,-0.253114925556389,-0.08991383071150082,0.5874946434733127,-0.659481877993789,0.7082148428726889,-0.5072364485954695,-0.5404740543428581,0.6079209046559007,-0.6111325407455739,-0.6297725067888407,-0.18899435795129332
IG00597,test,unseen_sequence,compound,C4,0.9,compound,C6,0.9,B_then_A,0.3115459442310629,0.3550516066255826,0.5916198196415927,1.4788312431866661,0.4173505617554854,-0.7833220202149114,0.5668381904740357,0.23162826688292207,3,0.45948257672471327,0.3488657785087473,-0.42957809004058256,0.27457996636833437,-0.3838405124526135,-0.036372699440279606,-0.5703728027676938,-0.6978764753836526,0.16838465429906463,-0.1848309863223177,-0.41181056695777385,0.33309117361117707
IG00598,train,in_distribution,compound,C4,0.9,compound,C6,0.9,A_then_B,0.3390938061964704,0.32387178204984013,0.5916198196415927,0.9249676125339507,-1.3303366123016203,0.19394209586952646,-0.5641764993992184,-0.30407488147169504,4,-0.16171681747527106,-0.8954603828482668,-0.0030327955222836725,-0.2508942968650133,-0.5951484512705125,0.9045484746203227,-0.23473315615400775,-0.18024311008670907,0.189184004294359,-1.1170352521214568,-0.5107373356108635,-0.6899868161925913
IG00599,test,unseen_sequence,compound,C4,0.9,compound,C6,0.9,B_then_A,0.3115459442310629,0.3550516066255826,0.5916198196415927,-1.1544206461682385,0.2215994773781312,-1.8100317302625193,1.1785905539579957,0.26319296849754453,4,0.7691025334935293,0.2880160961612845,-0.494104688937103,0.8954466894607813,0.281016478476554,0.309195031571912,-0.00838336503334959,-0.846227117994639,0.26696836325979634,0.4023861759824821,-0.141285897221385,0.10424690537580475
