module,time_hours,scenario_id,proteostasis_capacity,mitochondrial_reserve,inflammatory_dysfunction,commitment_risk,recovery_potential
dynamic_state,0.0,stress_only,0.78,0.8,0.12,0.1,0.82
dynamic_state,2.0,stress_only,0.7504241333333334,0.7840533333333334,0.1349211111111111,0.09713277777777779,0.8108855555555555
dynamic_state,4.0,stress_only,0.7207818096074075,0.7679822743209876,0.1499240201,0.09504074470172841,0.8010704914414815
dynamic_state,6.0,stress_only,0.6910682589158622,0.751782515217846,0.165018333159634,0.09372435460056648,0.7905263469791808
dynamic_state,8.0,stress_only,0.6612784760540599,0.7354495161413889,0.18021365492541727,0.09318430252014562,0.7792243855493817
dynamic_state,10.0,stress_only,0.6314072196590523,0.7189785043291433,0.19551959280192716,0.09342152922100054,0.7671355834851925
dynamic_state,12.0,stress_only,0.6014490112495984,0.7023644732971414,0.2109457613342146,0.09443722574021467,0.7542306187045141
dynamic_state,14.0,stress_only,0.5713981341646175,0.6856021818978535,0.22650178662487602,0.09623283802031167,0.7404798590775739
dynamic_state,16.0,stress_only,0.5412486323984376,0.6686861532760328,0.24219731079814,0.09881007160791348,0.7258533505252063
dynamic_state,18.0,stress_only,0.5109943093311616,0.6516106737208756,0.2580419965122529,0.10217089642495235,0.710320804843362
dynamic_state,20.0,stress_only,0.48062872635244835,0.6343697914128723,0.274045531521485,0.10631755161527037,0.6938515872491808
dynamic_state,22.0,stress_only,0.4501452013769652,0.6169573150636904,0.29021763328911965,0.11125255046948751,0.6764147036438148
dynamic_state,24.0,stress_only,0.41953680724974174,0.5993668124473968,0.3065680536528285,0.11697868543106714,0.657978787587038
dynamic_state,26.0,stress_only,0.38879637003961315,0.5815916088212929,0.3231065835438762,0.12349903318655787,0.6385120869785217
dynamic_state,28.0,stress_only,0.3579164672189072,0.5636247852346006,0.33984305776164053,0.13081695984304142,0.6179824504405008
dynamic_state,30.0,stress_only,0.3268894257274913,0.5454591767231977,0.35678735980497606,0.13893612619586782,0.5963573133963926
dynamic_state,32.0,stress_only,0.2957073199192567,0.5270873703885666,0.37394942676199294,0.14786049308981314,0.5736036838397672
dynamic_state,34.0,stress_only,0.26436196938907597,0.5085017033590782,0.3913392542598661,0.15759432687684924,0.5496881277879024
dynamic_state,36.0,stress_only,0.23284493667822942,0.4896942606316928,0.40896690147633435,0.16814220497377103,0.5245767544139861
dynamic_state,38.0,stress_only,0.20114752485625256,0.4706568727921198,0.4268424962145958,0.1795090215229842,0.49823520085185297
dynamic_state,40.0,stress_only,0.16926077497711337,0.45138111361143246,0.4449762400433503,0.1916999931598153,0.4706286166669701
dynamic_state,42.0,stress_only,0.137175463407582,0.4318582975170913,0.46337841350378817,0.20472066488976598,0.4417216479872009
dynamic_state,44.0,stress_only,0.10488209902560965,0.41207947693628394,0.4820593813853717,0.2185769160791951,0.411478421286697
dynamic_state,46.0,stress_only,0.0723709202864847,0.3920354395094417,0.5010295980723044,0.23327496656297594,0.3798625268160764
dynamic_state,48.0,stress_only,0.039631892154485183,0.3717167051717461,0.5202996129626335,0.24882138287274,0.3468370016718587
dynamic_state,50.0,stress_only,0.006654702897695625,0.3511135231003871,0.5398800759619801,0.2652230845893859,0.3123643124979289
dynamic_state,52.0,stress_only,0.0,0.3302158685252866,0.5597817430539448,0.28248735082359966,0.2764063378116057
dynamic_state,54.0,stress_only,0.0,0.30901343940094483,0.5798619592335842,0.3002629674802448,0.23917766242759544
dynamic_state,56.0,stress_only,0.0,0.28749844705044314,0.600087908592637,0.3184636713257618,0.20072111474001625
dynamic_state,58.0,stress_only,0.0,0.26566366278012266,0.620464283998441,0.33709299107696816,0.16101988353763078
dynamic_state,60.0,stress_only,0.0,0.24350174619698092,0.6409958046966694,0.35615457872964185,0.12005690735328181
dynamic_state,62.0,stress_only,0.0,0.2210052439374952,0.6616872177296675,0.37565221055542486,0.07781486955206574
dynamic_state,64.0,stress_only,0.0,0.19816658836036463,0.6825432993619076,0.39558978812752704,0.03427619335149854
dynamic_state,66.0,stress_only,0.0,0.17497809620284654,0.7035688565128887,0.415971339375573,0.0
dynamic_state,68.0,stress_only,0.0,0.1514930785434468,0.7247687281978145,0.4368010196699395,0.0
dynamic_state,70.0,stress_only,0.0,0.12790913567099216,0.7461477869763811,0.45808253034113483,0.0
dynamic_state,72.0,stress_only,0.0,0.10422507186060717,0.7677109332570436,0.4798177452419351,0.0
multimodal_fusion,0.0,stress_only,0.78,0.8,0.12,0.1,0.82
multimodal_fusion,2.0,stress_only,0.7525988888888889,0.7821570666666667,0.1362510111111111,0.0974,0.8116944444444444
multimodal_fusion,4.0,stress_only,0.7251313701666667,0.7641670768274569,0.15258110890185184,0.09551171554197531,0.8027149346234568
multimodal_fusion,6.0,stress_only,0.6975932184990425,0.7460254326187804,0.16899995073275142,0.0943356944964691,0.7930376918400127
multimodal_fusion,8.0,stress_only,0.6699800166742462,0.7277273051650736,0.18551719303278333,0.09387270002715661,0.7826386776286041
multimodal_fusion,10.0,stress_only,0.6422871548017621,0.7092676337410604,0.20214249539235102,0.09412371415922029,0.7714935848796464
multimodal_fusion,12.0,stress_only,0.6145098294331156,0.6906411248398748,0.21888552469429456,0.09508994140514618,0.7595778287584282
multimodal_fusion,14.0,stress_only,0.5866430426035304,0.6718422511456861,0.23575595928404003,0.09677281245000126,0.7468665374152554
multimodal_fusion,16.0,stress_only,0.5586816007932544,0.652865250409439,0.2527634931800446,0.09917398789828503,0.733334542483344
multimodal_fusion,18.0,stress_only,0.5306201138073267,0.6337041242262962,0.2699178403257219,0.10229536208448282,0.7189563693609079
multimodal_fusion,20.0,stress_only,0.502452993572533,0.6143526367133373,0.2872287388840642,0.10613906694948316,0.703706227273785
multimodal_fusion,22.0,stress_only,0.4741744528502736,0.5948043130860406,0.30470595557620944,0.11070747598505784,0.6875579991148335
multimodal_fusion,24.0,stress_only,0.4457785038640385,0.5750524381320422,0.3223592900652361,0.11600320824863959,0.6704852310562238
multimodal_fusion,26.0,stress_only,0.41725895684016095,0.5550900545806338,0.34019857938649983,0.12202913245067029,0.652461121930636
multimodal_fusion,28.0,stress_only,0.38860941846049046,0.5349099613664299,0.358233702425862,0.128788371116831,0.6334585123772607
multimodal_fusion,30.0,stress_only,0.35982329022559834,0.5145047117855986,0.3764745844471937,0.13628430482750467,0.613449873748384
multimodal_fusion,32.0,stress_only,0.33089376672710014,0.4938666115430172,0.3949312016705746,0.14452057653686273,0.5924072967722176
multimodal_fusion,34.0,stress_only,0.3018138338276487,0.47298771668867545,0.4136135859026409,0.1535010959740082,0.5703024799675153
multimodal_fusion,36.0,stress_only,0.2725762667471199,0.45185983144161673,0.43253182922057454,0.16323004412865064,0.5471067178053935
multimodal_fusion,38.0,stress_only,0.2431736280534823,0.43047450589966385,0.4516960887112612,0.173711877823831,0.5227908886136478
multimodal_fusion,40.0,stress_only,0.21359826555680891,0.4088230336331421,0.47111659126718386,0.18495133437825984,0.49732544221872704
multimodal_fusion,42.0,stress_only,0.18384231010485452,0.3868964491607688,0.49080363844065567,0.196953436360877,0.4706803873204014
multimodal_fusion,44.0,stress_only,0.15389767327858903,0.36468552530583986,0.5107676113580358,0.20972349644028832,0.4428252785940206
multimodal_fusion,46.0,stress_only,0.12375604498604043,0.34218077043079964,0.5310189756956119,0.22326712233178178,0.41372920351512843
multimodal_fusion,48.0,stress_only,0.0934088909527655,0.3193724255482387,0.5515682867188714,0.23759022184467554,0.3833607689010579
multimodal_fusion,50.0,stress_only,0.06284745010722811,0.2962504613063186,0.5724261943869287,0.2526990080327992,0.3516880871639914
multimodal_fusion,52.0,stress_only,0.03206273185932726,0.2728045748465779,0.5936034485239129,0.26860000445096177,0.31867876226982594
multimodal_fusion,54.0,stress_only,0.0010455132702770938,0.24902418653202588,0.6151109040591665,0.2853000505203121,0.28429987539703694
multimodal_fusion,56.0,stress_only,0.0,0.22489843654338407,0.6369595263381483,0.30280630700555083,0.2485179702895836
multimodal_fusion,58.0,stress_only,0.0,0.20041618134128458,0.6589701175649587,0.3207553049559396,0.211560890051443
multimodal_fusion,60.0,stress_only,0.0,0.1755695314382323,0.6811414335521317,0.3391378043114298,0.17342136519001317
multimodal_fusion,62.0,stress_only,0.0,0.15035059087176672,0.7034786953576702,0.35795748715957376,0.13408337353953173
multimodal_fusion,64.0,stress_only,0.0,0.12475133783234049,0.7259871544623158,0.37721815859692526,0.09353064487334445
multimodal_fusion,66.0,stress_only,0.0,0.09876362321723434,0.7486720943058914,0.39692374777101064,0.05174665632867616
multimodal_fusion,68.0,stress_only,0.0,0.07237916914517425,0.7715388318320401,0.41707830895104253,0.008714627764292819
multimodal_fusion,70.0,stress_only,0.0,0.045589567431277275,0.7945927190417142,0.4376860226277221,0.0
multimodal_fusion,72.0,stress_only,0.0,0.018616536222721646,0.8178391445557742,0.4587511966424821,0.0
intervention_generalization,0.0,stress_only,0.78,0.8,0.12,0.1,0.82
intervention_generalization,2.0,stress_only,0.7525988888888889,0.7840533333333334,0.1349211111111111,0.0974,0.8116944444444444
intervention_generalization,4.0,stress_only,0.7251409750000001,0.7679869479012346,0.14991473574074074,0.0954779925308642,0.8027623891975308
intervention_generalization,6.0,stress_only,0.697622319969736,0.7517970277949795,0.16498926446997256,0.09423420693648835,0.7931813774308814
intervention_generalization,8.0,stress_only,0.6700388093071628,0.7354795684165807,0.18015308315139272,0.09366906223569799,0.7829287396673875
intervention_generalization,10.0,stress_only,0.6423861518355384,0.7190303759725092,0.19541457627257627,0.09378317017359998,0.7719815860347905
intervention_generalization,12.0,stress_only,0.6146598790668091,0.702445066895336,0.21078213034811805,0.09457733831688517,0.7603167983501945
intervention_generalization,14.0,stress_only,0.5868553445081326,0.6857190671923314,0.22626413734103226,0.0960525731947421,0.747911022032947
intervention_generalization,16.0,stress_only,0.5589677228994695,0.6688476117200384,0.241868998114367,0.09821008348706667,0.7347406578432396
intervention_generalization,18.0,stress_only,0.5309920093812674,0.651825743383819,0.25760512591390383,0.10105128326167744,0.7207818534437003
intervention_generalization,20.0,stress_only,0.5029230185912428,0.6346483122613539,0.2734809498828358,0.10457779526227236,0.7060104947811673
intervention_generalization,22.0,stress_only,0.47475538368924514,0.61730997464905,0.2895049186093407,0.10879145424888903,0.6904021972857505
intervention_generalization,24.0,stress_only,0.44648355530917305,0.5998051920302985,0.3056855037079916,0.11369431039265752,0.6739322968841989
intervention_generalization,26.0,stress_only,0.4181018004368854,0.5821282299644952,0.3220312034359696,0.11928863272666272,0.6565758408245078
intervention_generalization,28.0,stress_only,0.389604201213034,0.56427315689572,0.3385505463450706,0.1255769126547611,0.6383075783086105
intervention_generalization,30.0,stress_only,0.3609846536597223,0.5462338428799446,0.3552520949705215,0.13256186752022633,0.6191019509299072
intervention_generalization,32.0,stress_only,0.33223686632987015,0.5280039582296175,0.3721444495576479,0.1402464442361273,0.598933082912295
intervention_generalization,34.0,stress_only,0.30335435887814477,0.5095769720744486,0.38923625182746074,0.14863382297937286,0.577774771147267
intervention_generalization,36.0,stress_only,0.27433046055229293,0.4909461508371927,0.40653618878225684,0.15772742095038855,0.5556004750255557
intervention_generalization,38.0,stress_only,0.24515830860368545,0.4721045566232042,0.42405299655235407,0.16753089620042266,0.532383306059695
intervention_generalization,40.0,stress_only,0.21583084661586116,0.45304504552251157,0.44179546428511,0.17804815152851095,0.5080960172937841
intervention_generalization,42.0,stress_only,0.18634082274983108,0.433760265823129,0.4597724380774,0.18928333845016346,0.4827109924966267
intervention_generalization,44.0,stress_only,0.1566807879048782,0.4142426561342996,0.4779928249527596,0.2012408612398707,0.456200235134325
intervention_generalization,46.0,stress_only,0.12684309379356118,0.3944844434183335,0.4964655968844248,0.213925381049561,0.42853535711829877
intervention_generalization,48.0,stress_only,0.09681989092960265,0.37447764092967467,0.5151997948655324,0.22734182010517748,0.3996875673245964
intervention_generalization,50.0,stress_only,0.06660312652731458,0.3542140460598028,0.5342045330277716,0.24149536598357896,0.3696276598802559
intervention_generalization,52.0,stress_only,0.036184542311184634,0.33368523808654316,0.5534890028098118,0.25639147597200673,0.3383260022123636
intervention_generalization,54.0,stress_only,0.005555672234217039,0.31288257582632817,0.573062477176857,0.272035881512398,0.30575252285534726
intervention_generalization,56.0,stress_only,0.0,0.29179719518792013,0.5929343148927118,0.2884345927328652,0.2718766990119261
intervention_generalization,58.0,stress_only,0.0,0.27042000662607363,0.612967832366375,0.30528337154997315,0.23688674258212447
intervention_generalization,60.0,stress_only,0.0,0.2487442254565565,0.6331358721446377,0.32251701224937956,0.20081440062133
intervention_generalization,62.0,stress_only,0.0,0.22676351028741087,0.6534426737011773,0.3401384616446247,0.16364593459694107
intervention_generalization,64.0,stress_only,0.0,0.20447142650585623,0.673892497380782,0.3581507659798657,0.12536740895538456
intervention_generalization,66.0,stress_only,0.0,0.18186144529569387,0.6944896255447709,0.3765570716500601,0.0859646875624912
intervention_generalization,68.0,stress_only,0.0,0.1589269426277658,0.7152383637211183,0.3953606259419542,0.04542343009672672
intervention_generalization,70.0,stress_only,0.0,0.13566119822325248,0.7361430417595238,0.41456477779609774,0.0037290883945028455
intervention_generalization,72.0,stress_only,0.0,0.11205739448958754,0.7572080149916666,0.43417297859010634,0.0
spatiotemporal_context,0.0,stress_only,0.78,0.8,0.12,0.1,0.82
spatiotemporal_context,2.0,stress_only,0.7525988888888889,0.7840533333333334,0.13781,0.0974,0.8114777777777777
spatiotemporal_context,4.0,stress_only,0.7251188589506173,0.7679606590123458,0.15568208141975307,0.09551554808641975,0.8022183973765432
spatiotemporal_context,6.0,stress_only,0.6975554876678841,0.7517177071117833,0.17362526139219475,0.09434710174156379,0.7921984387838306
spatiotemporal_context,8.0,stress_only,0.6699041680542241,0.7353200096614538,0.1916485556575799,0.09389532532314886,0.7813942252713695
spatiotemporal_context,10.0,stress_only,0.6421601078469582,0.7187628998902119,0.209760982174304,0.09416109328040989,0.7697818150458169
spatiotemporal_context,12.0,stress_only,0.6143183286287389,0.7020415113931402,0.22797156476083497,0.09514549342199376,0.7573369927104593
spatiotemporal_context,14.0,stress_only,0.586373664876634,0.6851507772208426,0.2462893367696915,0.09684983023740068,0.7440352605349498
spatiotemporal_context,16.0,stress_only,0.558320762937667,0.6680854288897431,0.2647233447944285,0.09927562827376119,0.7298518295300562
spatiotemporal_context,18.0,stress_only,0.5301540799297171,0.6508399953122632,0.2832826524106144,0.10242463556976548,0.7147616103243061
spatiotemporal_context,20.0,stress_only,0.5018678825666569,0.6334088016457284,0.30197634395181094,0.10629882714859151,0.6987392038393248
spatiotemporal_context,22.0,stress_only,0.4734562459065859,0.6157859680588303,0.3208135283215909,0.11090040857170821,0.6817588917605678
spatiotemporal_context,24.0,stress_only,0.44491305202199505,0.5979654084144475,0.3398033428426553,0.11623181955546144,0.6637946268000553
spatiotemporal_context,26.0,stress_only,0.41623198859067456,0.5799408288676037,0.35895495714413844,0.12229573765238153,0.6448200227476191
spatiotemporal_context,28.0,stress_only,0.3874065474061535,0.5617057263773189,0.37827757708821497,0.12909508199918365,0.6248083443070763
spatiotemporal_context,30.0,stress_only,0.35843002280643504,0.5432533871310771,0.39778044873715085,0.13663301713346554,0.6037324967136409
spatiotemporal_context,32.0,stress_only,0.32929551001976676,0.5245768848806162,0.4174728623619682,0.14491295688114042,0.5815650151287852
spatiotemporal_context,34.0,stress_only,0.2999959034261586,0.5056690791877099,0.43736415649392085,0.1539385683166783,0.5582780538086579
spatiotemporal_context,36.0,stress_only,0.2705238947333359,0.4865226135785903,0.45746372202000757,0.16371377579826327,0.5338433750420607
spatiotemporal_context,38.0,stress_only,0.24087197106578623,0.4671299136056261,0.47778100632377696,0.17424276508001146,0.5082323378538773
spatiotemporal_context,40.0,stress_only,0.21103241296553268,0.44748318481484434,0.49832551747271003,0.18552998750343072,0.48141588646973904
spatiotemporal_context,42.0,stress_only,0.18099729230323497,0.4275744106178524,0.5191068284534943,0.19758016427034142,0.45336453853759956
spatiotemporal_context,44.0,stress_only,0.15075847009819307,0.407395350066686,0.540134581456535,0.21039829079951616,0.4240483731017783
spatiotemporal_context,46.0,stress_only,0.12030759424579601,0.3869375355300766,0.5614184922110799,0.223989641169336,0.39343701832491434
spatiotemporal_context,48.0,stress_only,0.08963609715092791,0.3661922702695992,0.5829683543723654,0.23835977264880118,0.3614996389531565
spatiotemporal_context,50.0,stress_only,0.05873519326581182,0.3451506259141279,0.6047940439622257,0.2535145303192761,0.32820492351979336
spatiotemporal_context,52.0,stress_only,0.027595876530739128,0.3238034398309908,0.6269055238646352,0.26946005178939053,0.2935210712824051
spatiotemporal_context,54.0,stress_only,0.0,0.3021413123921837,0.6493128483776939,0.286202772005562,0.25741577888849404
spatiotemporal_context,56.0,stress_only,0.0,0.28015460413396104,0.6720042637926205,0.30370288209483076,0.21988908281088282
spatiotemporal_context,58.0,stress_only,0.0,0.25783381247795967,0.6948286004479781,0.3216253372140758,0.18115102697766985
spatiotemporal_context,60.0,stress_only,0.0,0.23517199288488888,0.7177905638088221,0.33997323559403975,0.14118674635110584
spatiotemporal_context,62.0,stress_only,0.0,0.21216209922537893,0.7408948803876393,0.35874978563446247,0.09998115335899868
spatiotemporal_context,64.0,stress_only,0.0,0.18879698267866862,0.7641462990209738,0.37795830666031294,0.05751893399478201
spatiotemporal_context,66.0,stress_only,0.0,0.1650693906016726,0.7875495921507274,0.39760222970143044,0.013784543863930847
spatiotemporal_context,68.0,stress_only,0.0,0.1409719653681852,0.8111095571104062,0.41768509829580913,0.0
spatiotemporal_context,70.0,stress_only,0.0,0.11667772822050991,0.8348310174165838,0.43821056931676305,0.0
spatiotemporal_context,72.0,stress_only,0.0,0.09226563427321434,0.8587188240658575,0.4591808496205126,0.0
foundation_representation,0.0,stress_only,0.78,0.8,0.12,0.1,0.82
foundation_representation,2.0,stress_only,0.7531425777777778,0.7837372888888889,0.1349211111111111,0.0974,0.8113708888888889
foundation_representation,4.0,stress_only,0.7262276724380248,0.7673505473841976,0.14991159442716048,0.09547405629135802,0.8020931881757036
foundation_representation,6.0,stress_only,0.6992513280991568,0.7508357877684452,0.16497980747544216,0.09422241731559575,0.7921437197418424
foundation_representation,8.0,stress_only,0.6722094127723386,0.7341888262473215,0.18013410350980497,0.0936455223945929,0.7814990827969167
foundation_representation,10.0,stress_only,0.6450976177668558,0.7174052823832404,0.19538283488717967,0.0937440048472805,0.7701356457309169
foundation_representation,12.0,stress_only,0.6179114570276015,0.7004805784530724,0.21073435647361463,0.09451869515118418,0.7580295377876596
foundation_representation,14.0,stress_only,0.5906462664037008,0.683409938729016,0.22619702908065664,0.0959706241505297,0.745156640556772
foundation_representation,16.0,stress_only,0.5632972028472802,0.6661883886815473,0.2417792229329366,0.09810102631264886,0.7314925792813793
foundation_representation,18.0,stress_only,0.5358592435413707,0.6488107541033683,0.25748932116784423,0.10091134303444968,0.7170127139785768
foundation_representation,20.0,stress_only,0.5083271849559109,0.6312716601532516,0.27333572336819983,0.10440322600074234,0.701692130369679
foundation_representation,22.0,stress_only,0.4806956418308017,0.6135655303186576,0.2893268491288563,0.10857854059623939,0.6855056306171471
foundation_representation,24.0,stress_only,0.45295904608493953,0.5956865852959782,0.30547114165818906,0.11343936937307711,0.6684277238650054
foundation_representation,26.0,stress_only,0.4251116456501366,0.5776288417872398,0.32177707141545764,0.11898801557573388,0.6504326165794632
foundation_representation,28.0,stress_only,0.39714750322881387,0.5593861112120705,0.33825313978504756,0.1252270067252508,0.6314942026863645
foundation_representation,30.0,stress_only,0.3690604949743309,0.5409519983337143,0.35490788278862845,0.1321590982646902,0.6115860535019891
foundation_representation,32.0,stress_only,0.3408443090927931,0.5223198997978518,0.37174987483628985,0.13978727726779838,0.5906814074536334
foundation_representation,34.0,stress_only,0.3124924443651542,0.5034830025829556,0.38878773251774396,0.1481147662128713,0.5687531595862947
foundation_representation,36.0,stress_only,0.2839982085884064,0.4844342823608889,0.4060301184347115,0.15714502682385328,0.5457738508516856
foundation_representation,38.0,stress_only,0.25535471693462725,0.46516650176641994,0.42348574507563486,0.16688176398073304,0.5217156571756959
foundation_representation,40.0,stress_only,0.22655489022662503,0.4456722085743058,0.4411633787338918,0.17732892970133507,0.49655037830031773
foundation_representation,42.0,stress_only,0.19759145312889947,0.42594373378256306,0.45907184347070973,0.18849072719663884,0.47024942639593936
foundation_representation,44.0,stress_only,0.16845693225260655,0.40597318960051615,0.4772200251240128,0.2003716150017943,0.44278381443980436
foundation_representation,46.0,stress_only,0.13914365417318914,0.38575246734018326,0.4956168753644608,0.2129763111850385,0.41412414435632033
foundation_representation,48.0,stress_only,0.10964374335930617,0.3652732352095285,0.5142714157999715,0.2263097976367559,0.38424059491478757
foundation_representation,50.0,stress_only,0.07994912001166417,0.3445269360060757,0.5331927421300469,0.24037732444096208,0.3531029093800025
foundation_representation,52.0,stress_only,0.05005149781032438,0.32350478470934807,0.5523900283512572,0.2551844143315311,0.3206803829110712
foundation_representation,54.0,stress_only,0.019942381569028552,0.3021977659705618,0.5718725310152662,0.2707368672355258,0.2869418497036494
foundation_representation,56.0,stress_only,0.0,0.2805966314979689,0.5916495935408151,0.28704076490603136,0.2518556698707008
foundation_representation,58.0,stress_only,0.0,0.25869189733620784,0.6116706371777085,0.3039749471646967,0.2154833369660561
foundation_representation,60.0,stress_only,0.0,0.2364749232956961,0.6318272967280889,0.3212980928063317,0.1779796244986859
foundation_representation,62.0,stress_only,0.0,0.21393897046776428,0.6521238580738041,0.33901326632676687,0.13933001620399668
foundation_representation,64.0,stress_only,0.0,0.19107720084230936,0.6725646292451052,0.3571236352759368,0.09951978413711163
foundation_representation,66.0,stress_only,0.0,0.16788267622236677,0.6931539416059413,0.375632471032549,0.05853398480379371
foundation_representation,68.0,stress_only,0.0,0.14434835710932206,0.7138961510444862,0.3945431496007704,0.016357455239385567
foundation_representation,70.0,stress_only,0.0,0.12046710155851592,0.7347956391691461,0.41385915242917626,0.0
foundation_representation,72.0,stress_only,0.0,0.0963909324637438,0.7558568145103046,0.4335840672522071,0.0
prospective_calibration,0.0,stress_only,0.78,0.8,0.12,0.1,0.82
prospective_calibration,2.0,stress_only,0.7525988888888889,0.7840533333333334,0.1349211111111111,0.09750688888888889,0.8118562222222222
prospective_calibration,4.0,stress_only,0.7251419097160494,0.767987882617284,0.1499160480987654,0.09566464017530865,0.8030951616375308
prospective_calibration,6.0,stress_only,0.6976251645174895,0.7517998704471047,0.1649928583066462,0.09447347165127477,0.7936956453455896
prospective_calibration,8.0,stress_only,0.6700445889531806,0.7354853409827182,0.18015958521415623,0.0939337781251905,0.7836362991882388
prospective_calibration,10.0,stress_only,0.6423959517729462,0.7190401594637345,0.1954242715850238,0.09404613417999562,0.7728955406440806
prospective_calibration,12.0,stress_only,0.6146748542204845,0.7024600116578776,0.21079496264148856,0.09481129697098023,0.761451571570861
prospective_calibration,14.0,stress_only,0.586876729374687,0.685740403241963,0.22627970926481963,0.09623020906472293,0.7492823707933745
prospective_calibration,16.0,stress_only,0.5589968414273943,0.6688766591145447,0.24188657122293758,0.0983040013206336,0.7363656865345438
prospective_calibration,18.0,stress_only,0.5310302848967181,0.651863922639343,0.2576236204259331,0.10103399581660301,0.7226790286872598
prospective_calibration,20.0,stress_only,0.5029719837750413,0.634697154818536,0.27349894421029564,0.10442170882028338,0.7081996609244922
prospective_calibration,22.0,stress_only,0.47481669061078746,0.617371133394988,0.289520648652685,0.10846885380754703,0.6929045926451118
prospective_calibration,24.0,stress_only,0.44655898552303974,0.5998804518824656,0.3056968619141029,0.11317734452969318,0.6767705707527877
prospective_calibration,26.0,stress_only,0.41819327514806526,0.5822195185228728,0.322035737615339,0.11854929813099695,0.6597740712652472
prospective_calibration,28.0,stress_only,0.38971379151678565,0.5643825551695176,0.33854545824459203,0.12458703831821895,0.6418912907511137
prospective_calibration,30.0,stress_only,0.361114590862215,0.5463635960954032,0.3552342385981855,0.13129309858371854,0.623098137591453
prospective_calibration,32.0,stress_only,0.33238955235586515,0.528156486725514,0.37211032925532156,0.13867022548383962,0.6033702230630849
prospective_calibration,34.0,stress_only,0.3035323767721006,0.5097548822920458,0.3891820200878395,0.14672138197426365,0.5826828522406304
prospective_calibration,36.0,stress_only,0.2745365850794017,0.4911522464115091,0.4064576438059675,0.1554497508040514,0.5610110147141896
prospective_calibration,38.0,stress_only,0.24539551695747608,0.47234184958260894,0.42394557954108136,0.1648587379701223,0.5383293751194514
prospective_calibration,40.0,stress_only,0.21610232923913422,0.45331676760378364,0.4416542564665063,0.1749519762339479,0.5146122634769622
prospective_calibration,42.0,stress_only,0.18664999427582393,0.4340698799092605,0.4595921574574235,0.18573332870226522,0.4898336653371837
prospective_calibration,44.0,stress_only,0.15703129822569467,0.4145938678224609,0.47776782279096697,0.19720689247364404,0.46396721172788885
prospective_calibration,46.0,stress_only,0.12723883926303936,0.39488121272556365,0.496189853887622,0.20937700235277296,0.4369861689003504
prospective_calibration,48.0,stress_only,0.09726502570793648,0.3749241941440084,0.5148669170950615,0.22224823463435953,0.40886342787068675
prospective_calibration,50.0,stress_only,0.06710207407489079,0.3547148877446952,0.5338077475155831,0.23582541095857057,0.37957149375263644
prospective_calibration,52.0,stress_only,0.03674200703924526,0.3342451632466084,0.5530211528783355,0.25011360223997164,0.3490824748779368
prospective_calibration,54.0,stress_only,0.0061766513201103115,0.31350668224256706,0.57251601745755,0.2651181326719568,0.3173680717003863
prospective_calibration,56.0,stress_only,0.0,0.2924908959307724,0.5923013060380206,0.28084458380869376,0.28439956547957046
prospective_calibration,58.0,stress_only,0.0,0.27118904275479705,0.61224392093409,0.2970088188568173,0.25035676282280184
prospective_calibration,60.0,stress_only,0.0,0.24959458519306324,0.6323129817177923,0.31354079830848297,0.2152765187757517
prospective_calibration,62.0,stress_only,0.0,0.22770148990234954,0.6525125468630433,0.33044320671095634,0.17914606965316462
prospective_calibration,64.0,stress_only,0.0,0.20550363640732963,0.6728466931484335,0.34771881976447444,0.1419524709410625
prospective_calibration,66.0,stress_only,0.0,0.18299481621178731,0.6933195167102835,0.36537050494646395,0.10368259412535544
prospective_calibration,68.0,stress_only,0.0,0.160168731885591,0.7139351340995612,0.38340122215404177,0.06432312347911016
prospective_calibration,70.0,stress_only,0.0,0.1370189961272428,0.7346976833428708,0.40181402436498215,0.023860552807815072
prospective_calibration,72.0,stress_only,0.0,0.11353913080181248,0.7556113250077249,0.42061205831733783,0.0
dynamic_state,0.0,ire1_timed,0.78,0.8,0.12,0.1,0.82
dynamic_state,2.0,ire1_timed,0.7504241333333334,0.7840533333333334,0.1349211111111111,0.09713277777777779,0.8108855555555555
dynamic_state,4.0,ire1_timed,0.7207818096074075,0.7679822743209876,0.1499240201,0.09504074470172841,0.8010704914414815
dynamic_state,6.0,ire1_timed,0.6910682589158622,0.751782515217846,0.165018333159634,0.09372435460056648,0.7905263469791808
dynamic_state,8.0,ire1_timed,0.6612784760540599,0.7354495161413889,0.18021365492541727,0.09318430252014562,0.7792243855493817
dynamic_state,10.0,ire1_timed,0.6314072196590523,0.7189785043291433,0.19551959280192716,0.09342152922100054,0.7671355834851925
dynamic_state,12.0,ire1_timed,0.6014490112495984,0.7023644732971414,0.2109457613342146,0.09443722574021467,0.7542306187045141
dynamic_state,14.0,ire1_timed,0.5713981341646175,0.6856021818978535,0.22650178662487602,0.09623283802031167,0.7404798590775739
dynamic_state,16.0,ire1_timed,0.5599686323984375,0.6686861532760328,0.23082231079814,0.09881007160791348,0.7330033505252063
dynamic_state,18.0,ire1_timed,0.5485000503311617,0.65175056816532,0.23522491290114178,0.10175540992495234,0.7251168480100286
dynamic_state,20.0,ire1_timed,0.5369893305159195,0.6347924169903043,0.23971404184671952,0.10506941165844999,0.7168059900610857
dynamic_state,22.0,ire1_timed,0.5254333022295221,0.617808579508854,0.24429415500687646,0.108752767081205,0.708056264956155
dynamic_state,24.0,ire1_timed,0.5138286808779661,0.6007958242703147,0.24896972045230029,0.11280630028247031,0.6988530046260449
dynamic_state,26.0,ire1_timed,0.5021720673485787,0.5837508080210358,0.25374521921461796,0.11723097143579486,0.6891813784262105
dynamic_state,28.0,ire1_timed,0.4904599473079921,0.5666700750564513,0.2586251475720684,0.12202787910544302,0.6790263867733379
dynamic_state,30.0,ire1_timed,0.4786886904451167,0.5495500565189243,0.26361401935929546,0.1271982625928284,0.6683728546444733
dynamic_state,32.0,ire1_timed,0.4668545496582661,0.532387069640549,0.2687163683019826,0.1327435043244225,0.6572054249361959
dynamic_state,34.0,ire1_timed,0.45495366018556876,0.5151773169300835,0.273936750377072,0.1386651322826225,0.6455085516812604
dynamic_state,36.0,ire1_timed,0.4429820386777819,0.49791688530317085,0.2792797461993304,0.14496482248108772,0.6332664931200513
dynamic_state,38.0,ire1_timed,0.43093558221260425,0.4806017451549866,0.28474996343504566,0.15164440148607905,0.6204633046241164
dynamic_state,40.0,ire1_timed,0.4188100672495643,0.46322774937442923,0.2903520392436587,0.15870584898536272,0.6070828314689609
dynamic_state,42.0,ire1_timed,0.40660114852454,0.44579063229895277,0.2960906427481572,0.16615130040626538,0.5931087014532044
dynamic_state,44.0,ire1_timed,0.3943043578829449,0.4282860086091188,0.30197047753507955,0.17398304958449606,0.5785243173611145
dynamic_state,46.0,ire1_timed,0.381915103050594,0.4107093721619238,0.30799628418499997,0.18220355148537765,0.5633128492654477
dynamic_state,48.0,ire1_timed,0.3694286663412403,0.39305609476193615,0.31417284283438784,0.1908154249791601,0.5474572266674379
dynamic_state,50.0,ire1_timed,0.356840203299749,0.3753214248692541,0.3205049757697584,0.1998214556721169,0.5309401304706849
dynamic_state,52.0,ire1_timed,0.3441447412798551,0.3575004862432745,0.3269975500550545,0.20922459879515665,0.5137439847856017
dynamic_state,54.0,ire1_timed,0.3313371779554217,0.3395882765212357,0.3336554801932237,0.2190279821517126,0.4958509485609884
dynamic_state,56.0,ire1_timed,0.31841227976409614,0.32157966573047564,0.34048373082297956,0.22923490912670524,0.47724290703920286
dynamic_state,58.0,ire1_timed,0.3053646802822312,0.30346939473332074,0.3474873194517597,0.2398488617584051,0.45790146303130325
dynamic_state,60.0,ire1_timed,0.2921888785299147,0.2852520736034938,0.3546713192259203,0.25087350387505725,0.4378079280084373
dynamic_state,62.0,ire1_timed,0.2788792372049227,0.2669221799329053,0.36204086173923095,0.26231268429816235,0.4169433130056525
dynamic_state,64.0,ire1_timed,0.2654299808443831,0.24847405706766246,0.3696011398807605,0.2741704401143454,0.39528831933419806
dynamic_state,66.0,ire1_timed,0.25183519391290937,0.22990191227210466,0.3773574107232719,0.28645100001777846,0.37282332909828486
dynamic_state,68.0,ire1_timed,0.2380888188159334,0.21119981481964378,0.38531499845327044,0.2991587877251614,0.3495283955121617
dynamic_state,70.0,ire1_timed,0.22418465383693625,0.1923616940091592,0.39347929734387826,0.31229842546530207,0.32538323301325683
dynamic_state,72.0,ire1_timed,0.21011635099724557,0.1733813371056669,0.40185577477173595,0.32587473754537644,0.300367207167022
multimodal_fusion,0.0,ire1_timed,0.78,0.8,0.12,0.1,0.82
multimodal_fusion,2.0,ire1_timed,0.7525988888888889,0.7821570666666667,0.1362510111111111,0.0974,0.8116944444444444
multimodal_fusion,4.0,ire1_timed,0.7251313701666667,0.7641670768274569,0.15258110890185184,0.09551171554197531,0.8027149346234568
multimodal_fusion,6.0,ire1_timed,0.6975932184990425,0.7460254326187804,0.16899995073275142,0.0943356944964691,0.7930376918400127
multimodal_fusion,8.0,ire1_timed,0.6699800166742462,0.7277273051650736,0.18551719303278333,0.09387270002715661,0.7826386776286041
multimodal_fusion,10.0,ire1_timed,0.6422871548017621,0.7092676337410604,0.20214249539235102,0.09412371415922029,0.7714935848796464
multimodal_fusion,12.0,ire1_timed,0.6145098294331156,0.6906411248398748,0.21888552469429456,0.09508994140514618,0.7595778287584282
multimodal_fusion,14.0,ire1_timed,0.5866430426035304,0.6718422511456861,0.23575595928404003,0.09677281245000126,0.7468665374152554
multimodal_fusion,16.0,ire1_timed,0.5760149341265878,0.652865250409439,0.24036474318004458,0.09917398789828503,0.739834542483344
multimodal_fusion,18.0,ire1_timed,0.565351289964734,0.6338665369818517,0.2450559521081293,0.101921363519668,0.7324233961664635
multimodal_fusion,20.0,ire1_timed,0.5546494524969311,0.6148429356668137,0.24983414533817497,0.10501538514817627,0.7246207706139705
multimodal_fusion,22.0,ire1_timed,0.5439066695434639,0.5957911587039962,0.2547038883796367,0.10845661642643498,0.716414201819923
multimodal_fusion,24.0,ire1_timed,0.5331200938756636,0.5767078052336926,0.25966975513112783,0.11224574059788985,0.7077910847299363
multimodal_fusion,26.0,ire1_timed,0.5222867826836052,0.5575893607110616,0.26473633004931435,0.11638356233115893,0.6987386682424193
multimodal_fusion,28.0,ire1_timed,0.511403697001181,0.5384321962690861,0.26990821033774404,0.12087100957760404,0.6892440501023666
multimodal_fusion,30.0,ire1_timed,0.50046770108794,0.5192325680295429,0.2751900081562519,0.125709135463229,0.6792941716858266
multimodal_fusion,32.0,ire1_timed,0.48947556176706764,0.49998661636126424,0.2805863528515992,0.13089912021602954,0.6688758126731076
multimodal_fusion,34.0,ire1_timed,0.47842394771886965,0.4806903650849559,0.28610189321001983,0.13644227312993804,0.657975585608731
multimodal_fusion,36.0,ire1_timed,0.46730942872910736,0.46133972062381856,0.29174129973236473,0.14234003456652555,0.6465799303460831
multimodal_fusion,38.0,ire1_timed,0.4561284748915181,0.44193047109920325,0.29750926693255336,0.14859397799564225,0.6346751083746542
multimodal_fusion,40.0,ire1_timed,0.4448774557638394,0.422458285370513,0.3034105156600562,0.15520581207619777,0.6222471970277016
multimodal_fusion,42.0,ire1_timed,0.43355263947664074,0.4029187120185451,0.30944979544715306,0.16217738277830288,0.6092820835681038
multimodal_fusion,44.0,ire1_timed,0.4221501917942503,0.3833071782714496,0.3156318868817269,0.16951067554801474,0.595765459150119
multimodal_fusion,46.0,ire1_timed,0.41066617512704817,0.36361898887245997,0.32196160400637425,0.1772078175159496,0.5816828126546933
multimodal_fusion,48.0,ire1_timed,0.39909654749438156,0.34384932488853304,0.3284437967446298,0.18527107975104812,0.5670194243959005
multimodal_fusion,50.0,ire1_timed,0.3874371614373392,0.32399324245901406,0.33508335335512235,0.1937028795608012,0.5517603596960311
multimodal_fusion,52.0,ire1_timed,0.37568376288060557,0.30404567148342243,0.3418852029144991,0.20250578283926723,0.5358904623267817
multimodal_fusion,54.0,ire1_timed,0.36383198994259786,0.2840014142474324,0.34885431782997484,0.21168250646423462,0.5193943478139254
multimodal_fusion,56.0,ire1_timed,0.3518773716930691,0.2638551439861007,0.355995716382382,0.22123592074490825,0.5022563966027767
multimodal_fusion,58.0,ire1_timed,0.33981532685734295,0.243601403383371,0.3633144653006186,0.2311690519215226,0.4844607470816938
multimodal_fusion,60.0,ire1_timed,0.32764116246632563,0.22323460300686168,0.37081568236841234,0.24148508471830965,0.46599128846078763
multimodal_fusion,62.0,ire1_timed,0.31535007245142105,0.20274901967692044,0.3785045390643381,0.25218736495127575,0.4468316535029343
multimodal_fusion,64.0,ire1_timed,0.3029371361834543,0.18213879476890382,0.38638626323605135,0.26327940219226786,0.42696521110411306
multimodal_fusion,66.0,ire1_timed,0.29039731695468857,0.16139793244761635,0.3944661418097178,0.2747648724908371,0.4063750587200148
multimodal_fusion,68.0,ire1_timed,0.27772546040299767,0.1405202978328174,0.4027495235356457,0.2866476211554346,0.3850440146357883
multimodal_fusion,70.0,ire1_timed,0.26491629287723617,0.11949961509467824,0.4112418217711475,0.2989316655955043,0.36295461007571256
multimodal_fusion,72.0,ire1_timed,0.2519644197428253,0.09832946547804547,0.41994851730168153,0.31162119822606554,0.34008908114950137
intervention_generalization,0.0,ire1_timed,0.78,0.8,0.12,0.1,0.82
intervention_generalization,2.0,ire1_timed,0.7525988888888889,0.7840533333333334,0.1349211111111111,0.0974,0.8116944444444444
intervention_generalization,4.0,ire1_timed,0.7251409750000001,0.7679869479012346,0.14991473574074074,0.0954779925308642,0.8027623891975308
intervention_generalization,6.0,ire1_timed,0.697622319969736,0.7517970277949795,0.16498926446997256,0.09423420693648835,0.7931813774308814
intervention_generalization,8.0,ire1_timed,0.6700388093071628,0.7354795684165807,0.18015308315139272,0.09366906223569799,0.7829287396673875
intervention_generalization,10.0,ire1_timed,0.6423861518355384,0.7190303759725092,0.19541457627257627,0.09378317017359998,0.7719815860347905
intervention_generalization,12.0,ire1_timed,0.6146598790668091,0.702445066895336,0.21078213034811805,0.09457733831688517,0.7603167983501945
intervention_generalization,14.0,ire1_timed,0.5868553445081326,0.6857190671923314,0.22626413734103226,0.0960525731947421,0.747911022032947
intervention_generalization,16.0,ire1_timed,0.5806343895661361,0.6688476117200384,0.230493998114367,0.09821008348706667,0.7412406578432397
intervention_generalization,18.0,ire1_timed,0.5743668103071934,0.651961882272708,0.23477101711760753,0.10063738974315892,0.7342583395548115
intervention_generalization,20.0,ire1_timed,0.568050632108218,0.6350597192891317,0.23909860593697674,0.10333482690759128,0.7269548393717024
intervention_generalization,22.0,ire1_timed,0.5616838095213189,0.6181388881232814,0.24348017936038893,0.10630281602621564,0.7193208289568014
intervention_generalization,24.0,ire1_timed,0.5552642259255284,0.6011970787067966,0.24791915683223067,0.10954186549717028,0.7113468759232974
intervention_generalization,26.0,ire1_timed,0.5487896931490103,0.5842319051798107,0.2524189639202598,0.11305257234348272,0.7030234402541513
intervention_generalization,28.0,ire1_timed,0.5422579510613499,0.5672409054897098,0.25698303379501514,0.11683562350798453,0.6943408706483928
intervention_generalization,30.0,ire1_timed,0.5356666671355217,0.5502215409574087,0.2616148087221378,0.12089179717126572,0.6852894007930067
intervention_generalization,32.0,ire1_timed,0.5290134359791209,0.5331711958107191,0.2663177415680165,0.12522196409340694,0.6758591455591437
intervention_generalization,34.0,ire1_timed,0.5222957788344357,0.5160871766843771,0.27109529731917725,0.12982708898023954,0.6660400971213484
intervention_generalization,36.0,ire1_timed,0.5155111430469295,0.49896671208628507,0.27595095461584973,0.13470823187489503,0.6558221209984644
intervention_generalization,38.0,ire1_timed,0.5086569015016922,0.48180695182951616,0.280888207300152,0.13986654957541775,0.645194952014838
intervention_generalization,40.0,ire1_timed,0.5017303520274096,0.46460496642961624,0.28591056597934544,0.14530329707922635,0.6341481901804021
intervention_generalization,42.0,ire1_timed,0.494728716767391,0.4473577464667306,0.2910215596046233,0.151019829055223,0.6226712964881863
intervention_generalization,44.0,ire1_timed,0.48764914151718486,0.4300622019120702,0.29622473706590635,0.15701760134436127,0.6107535886277558
intervention_generalization,46.0,ire1_timed,0.4804886950283016,0.41271516141822134,0.3015236688031304,0.16329817248949782,0.5983842366130446
intervention_generalization,48.0,ire1_timed,0.4732443682775522,0.39531337157279267,0.3069219484345211,0.1698632052953655,0.5855522583230071
intervention_generalization,50.0,ire1_timed,0.4659130737015002,0.3778534961148802,0.31242319440236366,0.17671446841952018,0.5722465149534666
intervention_generalization,52.0,ire1_timed,0.45849164439551443,0.36033211511382046,0.31803105163678613,0.18385383799512747,0.558455706378504
intervention_generalization,54.0,ire1_timed,0.4509768332768963,0.3427457241096887,0.32374919323808604,0.1912832992864697,0.5441683664196789
intervention_generalization,56.0,ire1_timed,0.4433653122115461,0.3250907332149873,0.3295813221781437,0.19900494837806892,0.5293728580213372
intervention_generalization,58.0,ire1_timed,0.4356536711036189,0.30736346617695703,0.3355311730214755,0.20702099389833678,0.5140573683302102
intervention_generalization,60.0,ire1_timed,0.4278384169476086,0.2895601593999287,0.3416025136664955,0.21533375877867725,0.49820990367746837
intervention_generalization,62.0,ire1_timed,0.4199159728422874,0.27167696092712246,0.347799147107563,0.22394568204898477,0.48181828446134234
intervention_generalization,64.0,ire1_timed,0.41188267696591224,0.2537099293812856,0.35412491321840944,0.2328593206704964,0.46487013992837983
intervention_generalization,66.0,ire1_timed,0.4037347815120997,0.2356550328635465,0.3605836905575499,0.24207735140697295,0.4473529028513561
intervention_generalization,68.0,ire1_timed,0.3954684515857537,0.2175081478098483,0.3671793981962967,0.2516025727352022,0.4292538041018083
intervention_generalization,70.0,ire1_timed,0.38707976405842015,0.19926505780431086,0.37391599757000793,0.2614379067958332,0.4105598671151126
intervention_generalization,72.0,ire1_timed,0.37856470638242423,0.18092145234885365,0.3807974943532164,0.2715864013855704,0.39125790224597257
spatiotemporal_context,0.0,ire1_timed,0.78,0.8,0.12,0.1,0.82
spatiotemporal_context,2.0,ire1_timed,0.7525988888888889,0.7840533333333334,0.13781,0.0974,0.8114777777777777
spatiotemporal_context,4.0,ire1_timed,0.7251188589506173,0.7679606590123458,0.15568208141975307,0.09551554808641975,0.8022183973765432
spatiotemporal_context,6.0,ire1_timed,0.6975554876678841,0.7517177071117833,0.17362526139219475,0.09434710174156379,0.7921984387838306
spatiotemporal_context,8.0,ire1_timed,0.6699041680542241,0.7353200096614538,0.1916485556575799,0.09389532532314886,0.7813942252713695
spatiotemporal_context,10.0,ire1_timed,0.6421601078469582,0.7187628998902119,0.209760982174304,0.09416109328040989,0.7697818150458169
spatiotemporal_context,12.0,ire1_timed,0.6143183286287389,0.7020415113931402,0.22797156476083497,0.09514549342199376,0.7573369927104593
spatiotemporal_context,14.0,ire1_timed,0.586373664876634,0.6851507772208426,0.2462893367696915,0.09684983023740068,0.7440352605349498
spatiotemporal_context,16.0,ire1_timed,0.5756540962710003,0.6680854288897431,0.25334834479442847,0.09927562827376119,0.7363518295300562
spatiotemporal_context,18.0,ire1_timed,0.5648778623371244,0.6509761342011521,0.2604735806513551,0.10206394575495067,0.728221079074306
spatiotemporal_context,20.0,ire1_timed,0.5540421048752988,0.633819893363321,0.2676695835172687,0.10521541113753184,0.71963042224969
spatiotemporal_context,22.0,ire1_timed,0.5431438704997337,0.6166136053531354,0.2749409004075877,0.1087307707084753,0.7105671227458895
spatiotemporal_context,24.0,ire1_timed,0.5321801100625172,0.5993540673505817,0.28229208814470474,0.11261089030757498,0.7010182900162428
spatiotemporal_context,26.0,ire1_timed,0.5211476780374513,0.5820379741302111,0.28972771534370845,0.11685675708120617,0.6909708743306338
spatiotemporal_context,28.0,ire1_timed,0.5100433318631885,0.5646619174090057,0.2972523644160257,0.12146948126840393,0.6804116617235771
spatiotemporal_context,30.0,ire1_timed,0.4988637312450808,0.5472223851500483,0.3048706335915537,0.12645029802025584,0.6693272688357215
spatiotemporal_context,32.0,ire1_timed,0.48760543741514095,0.529715760821375,0.3125871389598613,0.131800569253619,0.6577041376469424
spatiotemporal_context,34.0,ire1_timed,0.47626491234950297,0.5121383226093835,0.32040651653105484,0.13752178554018799,0.6455285300991477
spatiotemporal_context,36.0,ire1_timed,0.4648385179427561,0.49448624258615337,0.32833342431691676,0.14361556803195746,0.6327865226068624
spatiotemporal_context,38.0,ire1_timed,0.4533225151385136,0.47675558583001865,0.3363725444329399,0.15008367042414036,0.6194640004536095
spatiotemporal_context,40.0,ire1_timed,0.44171306301556307,0.4589423094987234,0.34452858522189483,0.1569279809566206,0.605546652072048
spatiotemporal_context,42.0,ire1_timed,0.43000621782893167,0.4410422618544712,0.35280628339958214,0.16415052445503744,0.5910199632057757
spatiotemporal_context,44.0,ire1_timed,0.4181979320051858,0.42305118124016705,0.3612104062234367,0.17175346441261707,0.5758692109506446
spatiotemporal_context,46.0,ire1_timed,0.4062840530912682,0.40496469500613375,0.3697457536846659,0.17973910511388663,0.5600794576733856
spatiotemporal_context,48.0,ire1_timed,0.39426032265616223,0.3867783183865685,0.37841716072462,0.1881098938014245,0.5436355448052738
spatiotemporal_context,50.0,ire1_timed,0.3821223751446565,0.36848745332498967,0.3872294994761074,0.19686842288682183,0.5265220865085123
spatiotemporal_context,52.0,ire1_timed,0.36986573668246703,0.35008738724790567,0.39618768153038497,0.2060174322070495,0.50872346321295
spatiotemporal_context,54.0,ire1_timed,0.3574858238319579,0.33157329178592193,0.40529666023056865,0.2155598113274469,0.4902238150206848
spatiotemporal_context,56.0,ire1_timed,0.3449779422976857,0.3129402214414829,0.41456143299222725,0.22549860189256926,0.47100703497604496
spatiotemporal_context,58.0,ire1_timed,0.3323372855809729,0.29418311220242876,0.42398704365193857,0.23583700002615282,0.4510567621983757
spatiotemporal_context,60.0,ire1_timed,0.3195589335827016,0.27529678010052716,0.43357858484460426,0.24657835878147946,0.4303563748749915
spatiotemporal_context,62.0,ire1_timed,0.30663785115349745,0.25627591971412195,0.443341200410338,0.25772619064344515,0.40888898311159105
spatiotemporal_context,64.0,ire1_timed,0.2935688865904577,0.23711510261402055,0.45328008783175827,0.2692841700836601,0.3866374216373615
spatiotemporal_context,66.0,ire1_timed,0.28034677007955644,0.21780877575172167,0.463400500702537,0.28125613616993317,0.3635842423619319
spatiotemporal_context,68.0,ire1_timed,0.266966112082842,0.19835125978906518,0.4737077512280713,0.29364609523151636,0.33971170678126394
spatiotemporal_context,70.0,ire1_timed,0.25342140166952076,0.17873674736836423,0.4842072127591671,0.3064582235815118,0.3150017782294971
spatiotemporal_context,72.0,ire1_timed,0.2397070047900017,0.15895930132205835,0.49490432235964144,0.31969687029786836,0.2894361139736922
foundation_representation,0.0,ire1_timed,0.78,0.8,0.12,0.1,0.82
foundation_representation,2.0,ire1_timed,0.7531425777777778,0.7837372888888889,0.1349211111111111,0.0974,0.8113708888888889
foundation_representation,4.0,ire1_timed,0.7262276724380248,0.7673505473841976,0.14991159442716048,0.09547405629135802,0.8020931881757036
foundation_representation,6.0,ire1_timed,0.6992513280991568,0.7508357877684452,0.16497980747544216,0.09422241731559575,0.7921437197418424
foundation_representation,8.0,ire1_timed,0.6722094127723386,0.7341888262473215,0.18013410350980497,0.0936455223945929,0.7814990827969167
foundation_representation,10.0,ire1_timed,0.6450976177668558,0.7174052823832404,0.19538283488717967,0.0937440048472805,0.7701356457309169
foundation_representation,12.0,ire1_timed,0.6179114570276015,0.7004805784530724,0.21073435647361463,0.09451869515118418,0.7580295377876596
foundation_representation,14.0,ire1_timed,0.5906462664037008,0.683409938729016,0.22619702908065664,0.0959706241505297,0.745156640556772
foundation_representation,16.0,ire1_timed,0.5802838695139468,0.6661883886815473,0.2304042229329366,0.09810102631264886,0.7382525792813793
foundation_representation,18.0,ire1_timed,0.5698900224784077,0.6489511480367017,0.23468225237154794,0.10055490951593116,0.7309860771341324
foundation_representation,20.0,ire1_timed,0.5594622852877565,0.6316955112835152,0.23903501494160992,0.10333254862009522,0.7233453526815538
foundation_representation,22.0,ire1_timed,0.5489981324487587,0.6144186787947109,0.24346641158627158,0.10643432156605122,0.7153185084560919
foundation_representation,24.0,ire1_timed,0.5384949526119023,0.5971177564526975,0.24798034839395597,0.10986071091306475,0.7068935265353975
foundation_representation,26.0,ire1_timed,0.5279500481629759,0.5797897552354199,0.2525807383603194,0.11361230540089726,0.6980582640312883
foundation_representation,28.0,ire1_timed,0.5173606347781076,0.5624315907615445,0.25727150316538766,0.11768980153781466,0.6888004484869165
foundation_representation,30.0,ire1_timed,0.5067238409417708,0.5450400827944508,0.2620565749663423,0.12209400521536912,0.6791076731806084
foundation_representation,32.0,ire1_timed,0.4960367074272508,0.5276119547044905,0.26693989820644454,0.1268258333508724,0.6689673923348014
foundation_representation,34.0,ire1_timed,0.48529618673905583,0.5101438328889614,0.27192543144059395,0.13188631555849342,0.6583669162284549
foundation_representation,36.0,ire1_timed,0.47449914251674663,0.49263224614923384,0.2770171491780343,0.13727659584992608,0.6472934062112665
foundation_representation,38.0,ire1_timed,0.4636423488996456,0.47507362502445505,0.2822190437427299,0.14299793436558905,0.6357338696179763
foundation_representation,40.0,ire1_timed,0.4527224898518769,0.4574643010812407,0.28753512715194957,0.14905170913733343,0.6236751545809923
foundation_representation,42.0,ire1_timed,0.44173615844717495,0.43980050615875477,0.2929694330136095,0.1554394178836496,0.6111039447395228
foundation_representation,44.0,ire1_timed,0.43067985611288895,0.42207837156856165,0.298526018442937,0.16216267983838048,0.5980067538433469
foundation_representation,46.0,ire1_timed,0.41954999183259706,0.40429392724862306,0.3042089659990343,0.1692232376139643,0.5843699202493077
foundation_representation,48.0,ire1_timed,0.40834288130673113,0.38644310087079636,0.310022385641932,0.17662295910024636,0.5701796013085558
foundation_representation,50.0,ire1_timed,0.3970547460706005,0.3685217169011778,0.31597041671073917,0.1843638393999166,0.5554217676425214
foundation_representation,52.0,ire1_timed,0.38568171256918876,0.3505254956126183,0.3220572299235081,0.19244800280164615,0.5400821973055342
foundation_representation,54.0,ire1_timed,0.3742198111880848,0.33245005204872513,0.3282870293994492,0.20087770479201475,0.5241464698319609
foundation_representation,56.0,ire1_timed,0.36266497523989355,0.31429089493864554,0.33466405470414423,0.20965533410733822,0.5075999601656682
foundation_representation,58.0,ire1_timed,0.3510130399054593,0.2960434255619144,0.3411925829184222,0.2187834148265242,0.49042783246956495
foundation_representation,60.0,ire1_timed,0.33925974112921686,0.27770293656262923,0.34787693073157755,0.22826460850610317,0.4726150338129175
foundation_representation,62.0,ire1_timed,0.327400714467973,0.25926461071220114,0.3547214565596252,0.23810171635860125,0.45414628773407373
foundation_representation,64.0,ire1_timed,0.3154314938924031,0.24072351961991056,0.3617305626893033,0.24829768147544112,0.43500608767616944
foundation_representation,66.0,ire1_timed,0.30334751054053266,0.22207462239048123,0.368908697448551,0.25885559109557815,0.41517869029332916
foundation_representation,68.0,ire1_timed,0.2911440914224558,0.20331276422786576,0.3762603574042038,0.269778678921099,0.3946481086248113
foundation_representation,70.0,ire1_timed,0.2788164580755272,0.18443267498441865,0.38379008958766797,0.2810703274810325,0.37339810513448274
foundation_representation,72.0,ire1_timed,0.26635972516924544,0.16542896765461249,0.3915024937493488,0.29273407054464284,0.35141218461294216
prospective_calibration,0.0,ire1_timed,0.78,0.8,0.12,0.1,0.82
prospective_calibration,2.0,ire1_timed,0.7525988888888889,0.7840533333333334,0.1349211111111111,0.09750688888888889,0.8118562222222222
prospective_calibration,4.0,ire1_timed,0.7251419097160494,0.767987882617284,0.1499160480987654,0.09566464017530865,0.8030951616375308
prospective_calibration,6.0,ire1_timed,0.6976251645174895,0.7517998704471047,0.1649928583066462,0.09447347165127477,0.7936956453455896
prospective_calibration,8.0,ire1_timed,0.6700445889531806,0.7354853409827182,0.18015958521415623,0.0939337781251905,0.7836362991882388
prospective_calibration,10.0,ire1_timed,0.6423959517729462,0.7190401594637345,0.1954242715850238,0.09404613417999562,0.7728955406440806
prospective_calibration,12.0,ire1_timed,0.6146748542204845,0.7024600116578776,0.21079496264148856,0.09481129697098023,0.761451571570861
prospective_calibration,14.0,ire1_timed,0.586876729374687,0.685740403241963,0.22627970926481963,0.09623020906472293,0.7492823707933745
prospective_calibration,16.0,ire1_timed,0.5763301747607276,0.6688766591145447,0.23051157122293758,0.0983040013206336,0.7427356865345438
prospective_calibration,18.0,ire1_timed,0.5657533161930144,0.6519993104171208,0.2348145486666739,0.1006877335943808,0.7358491806317041
prospective_calibration,20.0,ire1_timed,0.5551437860767079,0.6351058265291532,0.23919236525428228,0.10338164455200685,0.7286121808934855
prospective_calibration,22.0,ire1_timed,0.544499136811979,0.6181935920352009,0.24364874780719825,0.10638606742977359,0.7210139116468303
prospective_calibration,24.0,ire1_timed,0.5338168404621766,0.6012599064058153,0.2481874279219797,0.10970143138062095,0.7130434899208383
prospective_calibration,26.0,ire1_timed,0.5230942883895026,0.5843019836435687,0.25281214359487536,0.11332826284244667,0.7046899215544813
prospective_calibration,28.0,ire1_timed,0.5123287908577812,0.5673169518937927,0.2575266408594312,0.11726718692895867,0.6959420972269694
prospective_calibration,30.0,ire1_timed,0.5015175766018991,0.5503018530195948,0.26233467543755495,0.12151892884386306,0.6867887884095158
prospective_calibration,32.0,ire1_timed,0.4906577923634871,0.533253642140709,0.26724001440446915,0.12608431531916128,0.6772186432372098
prospective_calibration,34.0,ire1_timed,0.4797465023924017,0.5161691871357327,0.2722464378679937,0.13096427607834155,0.6672201822996705
prospective_calibration,36.0,ire1_timed,0.46878068791355837,0.49904526810728467,0.2773577406626095,0.13615984532526124,0.6567817943491159
prospective_calibration,38.0,ire1_timed,0.4577572465586577,0.4818785768096162,0.2825777340587652,0.14167216325952897,0.6458917319244445
prospective_calibration,40.0,ire1_timed,0.4466729917623349,0.4646657160381912,0.2879102474879005,0.14750247761920668,0.6345381068898858
prospective_calibration,42.0,ire1_timed,0.4355246521222554,0.44740319898074415,0.29335913028366983,0.1536521452516654,0.6227088858867375
prospective_calibration,44.0,ire1_timed,0.4243088707226663,0.4300874485293119,0.29892825343986235,0.1601226337134405,0.6103918856966667
prospective_calibration,46.0,ire1_timed,0.4130222044209051,0.4127147965527247,0.3046215113855247,0.1669155228999453,0.5975747685150108
prospective_calibration,48.0,ire1_timed,0.4016611230963542,0.39528148312902983,0.3104428237778055,0.174032506705916,0.5842450371324714
prospective_calibration,50.0,ire1_timed,0.39022200886132086,0.37778365573731054,0.3163961373130516,0.18147539471747354,0.5703900300235543
prospective_calibration,52.0,ire1_timed,0.37870115523330794,0.3602173684083488,0.32248542755669807,0.18924611393670301,0.5559969163400605
prospective_calibration,54.0,ire1_timed,0.36709476626813187,0.34257858083356985,0.3287147007925071,0.19734671053966513,0.5410526908078959
prospective_calibration,56.0,ire1_timed,0.35539895565333,0.32486315743169253,0.33508799589172195,0.20577935166876893,0.5255441685254144
prospective_calibration,58.0,ire1_timed,0.3436097457612885,0.3070668663724967,0.3416093862027158,0.21454632726045036,0.5094579796614712
prospective_calibration,60.0,ire1_timed,0.3317230666615083,0.2891853785571054,0.3482829814617274,0.2236500519091164,0.49278056405131
prospective_calibration,62.0,ire1_timed,0.31973475509141464,0.27121426655416625,0.35511292972528885,0.23309306676833041,0.475498165688365
prospective_calibration,64.0,ire1_timed,0.3076405533851013,0.25314900349130093,0.36210341932496387,0.24287804149023046,0.4575968271100078
prospective_calibration,66.0,ire1_timed,0.2954361083593882,0.23498496190117937,0.3692586808450287,0.253007776204189,0.4390623836752207
prospective_calibration,68.0,ire1_timed,0.2831169701565554,0.21671741252155835,0.3765829891237411,0.2634852035357394,0.41988045773212884
prospective_calibration,70.0,ire1_timed,0.2706785910431042,0.19834152304861039,0.3840806652788563,0.2743133906668111,0.40003645267327126
prospective_calibration,72.0,ire1_timed,0.25811632416388014,0.17985235684285256,0.391756078758065,0.2854955414383352,0.3795155468764398
dynamic_state,0.0,perk_relief,0.78,0.8,0.12,0.1,0.82
dynamic_state,2.0,perk_relief,0.7504241333333334,0.7840533333333334,0.1349211111111111,0.09713277777777779,0.8108855555555555
dynamic_state,4.0,perk_relief,0.7207818096074075,0.7679822743209876,0.1499240201,0.09504074470172841,0.8010704914414815
dynamic_state,6.0,perk_relief,0.6910682589158622,0.751782515217846,0.165018333159634,0.09372435460056648,0.7905263469791808
dynamic_state,8.0,perk_relief,0.6612784760540599,0.7354495161413889,0.18021365492541727,0.09318430252014562,0.7792243855493817
dynamic_state,10.0,perk_relief,0.6314072196590523,0.7189785043291433,0.19551959280192716,0.09342152922100054,0.7671355834851925
dynamic_state,12.0,perk_relief,0.6014490112495984,0.7023644732971414,0.20288576133421463,0.088526559073548,0.7542306187045141
dynamic_state,14.0,perk_relief,0.5714610021646175,0.6856720352311868,0.21033832232857974,0.08431759076105241,0.7409297921590553
dynamic_state,16.0,perk_relief,0.5414401559790437,0.6688984373318122,0.21788555857200834,0.0807945324219423,0.7272071632619083
dynamic_state,18.0,perk_relief,0.5113832207576787,0.6520407150771143,0.22553573935735546,0.07795747822218475,0.7130365918206207
dynamic_state,20.0,perk_relief,0.4812867286931382,0.63509569195098,0.23329712406124858,0.07580671241955791,0.698391729262527
dynamic_state,22.0,perk_relief,0.45114699566244454,0.6180599790905875,0.24117796576106273,0.07434271347189148,0.683246009636505
dynamic_state,24.0,perk_relief,0.420960120700859,0.6009299748518421,0.24918651489183632,0.07356615819154368,0.6675726403879599
dynamic_state,26.0,perk_relief,0.39072198539152597,0.5837018642913894,0.25733102294402926,0.07347792594841887,0.6513445929037243
dynamic_state,28.0,perk_relief,0.3604282531694791,0.5663716185638215,0.26561974620305817,0.07407910292386685,0.634534592823438
dynamic_state,30.0,perk_relief,0.3300743685385348,0.5489349942326721,0.2740609495315776,0.07537098641784261,0.6171151101138614
dynamic_state,32.0,perk_relief,0.2996555561995765,0.5313875324937717,0.28266291019551,0.07735508921174394,0.5990583489024427
dynamic_state,34.0,perk_relief,0.2691668200887043,0.5137245583095084,0.2914339217348617,0.08003314398938353,0.5803362370663431
dynamic_state,36.0,perk_relief,0.23860294232370158,0.4959411794525163,0.3003822978803985,0.08340710781859285,0.5609204155729915
dynamic_state,38.0,perk_relief,0.20795848205724102,0.47803228545728493,0.3095163765172884,0.08747916669599633,0.540782227568114
dynamic_state,40.0,perk_relief,0.17722777423522448,0.45999254647815513,0.31884452369685723,0.09225174015753661,0.519892707207047
dynamic_state,42.0,perk_relief,0.14640492825862267,0.44181641205214084,0.32837513769763815,0.0977274859573753,0.4982225682250143
dynamic_state,44.0,perk_relief,0.11548382654714905,0.4234981097649842,0.3381166531369346,0.10390930481783776,0.4757421922419055
dynamic_state,46.0,perk_relief,0.08445812300307241,0.40503164381882156,0.3480775451341534,0.11080034525311577,0.4524216167969548
dynamic_state,48.0,perk_relief,0.053321241373439035,0.38641079349980667,0.35826633352720333,0.11840400846948922,0.4282305231085792
dynamic_state,50.0,perk_relief,0.02206637350894252,0.3676291115440045,0.3686915871432951,0.12672395334487452,0.4031382235544857
dynamic_state,52.0,perk_relief,0.0,0.3486799223998352,0.37936192812551583,0.13576410149055743,0.37711364886701154
dynamic_state,54.0,perk_relief,0.0,0.32955632038531296,0.39023222485336334,0.14540285810271353,0.3502141239528405
dynamic_state,56.0,perk_relief,0.0,0.31025214710691995,0.40118161024365395,0.15534456500951685,0.32262510482459605
dynamic_state,58.0,perk_relief,0.0,0.29076338544813096,0.4122135182548354,0.1655909806377141,0.29433495629709844
dynamic_state,60.0,perk_relief,0.0,0.2710859358121874,0.42333139203452264,0.17614394446629433,0.2653318945359333
dynamic_state,62.0,perk_relief,0.0,0.25121561548144067,0.43453868488145636,0.18700537765151687,0.23560398395939589
dynamic_state,64.0,perk_relief,0.0,0.2311481579527727,0.4458388612116614,0.19817728366954593,0.20513913409666246
dynamic_state,66.0,perk_relief,0.0,0.21087921224888956,0.4572353975290065,0.20966174897691622,0.1739250964014524
dynamic_state,68.0,perk_relief,0.0,0.19040434220528113,0.4687317834003683,0.2214609436890583,0.14194946102043243
dynamic_state,70.0,perk_relief,0.0,0.16971902573263248,0.48033152243560484,0.23357712227711608,0.10919965351560135
dynamic_state,72.0,perk_relief,0.0,0.14881865405446842,0.4920381332725453,0.24601262428329343,0.0756629315398808
multimodal_fusion,0.0,perk_relief,0.78,0.8,0.12,0.1,0.82
multimodal_fusion,2.0,perk_relief,0.7525988888888889,0.7821570666666667,0.1362510111111111,0.0974,0.8116944444444444
multimodal_fusion,4.0,perk_relief,0.7251313701666667,0.7641670768274569,0.15258110890185184,0.09551171554197531,0.8027149346234568
multimodal_fusion,6.0,perk_relief,0.6975932184990425,0.7460254326187804,0.16899995073275142,0.0943356944964691,0.7930376918400127
multimodal_fusion,8.0,perk_relief,0.6699800166742462,0.7277273051650736,0.18551719303278333,0.09387270002715661,0.7826386776286041
multimodal_fusion,10.0,perk_relief,0.6422871548017621,0.7092676337410604,0.20214249539235102,0.09412371415922029,0.7714935848796464
multimodal_fusion,12.0,perk_relief,0.6145098294331156,0.6906411248398748,0.21010012469429457,0.08971660807181284,0.7595778287584282
multimodal_fusion,14.0,perk_relief,0.5867064927146415,0.6719275280950194,0.21814497421366968,0.08593133928703829,0.7472784004300702
multimodal_fusion,16.0,perk_relief,0.5588743918796691,0.6531238285873142,0.22628521471271604,0.0827678702670151,0.7345738024536076
multimodal_fusion,18.0,perk_relief,0.5310106008835771,0.6342268038615928,0.23452900428209467,0.08022632975648131,0.7214423506917192
multimodal_fusion,20.0,perk_relief,0.5031120200423457,0.615233023591004,0.24288449170323578,0.07830701594371241,0.7078621673477425
multimodal_fusion,22.0,perk_relief,0.4751753756079008,0.5961388491648295,0.251359819843123,0.07701039966108246,0.6938111738300351
multimodal_fusion,24.0,perk_relief,0.4471972192792455,0.5769404331986638,0.25996312908232544,0.07633712762698584,0.6792670834411674
multimodal_fusion,26.0,perk_relief,0.41917392764835815,0.5576337189657777,0.26870256077711535,0.07628802573086392,0.6642073938893476
multimodal_fusion,28.0,perk_relief,0.3911017015798206,0.5382144397484709,0.2775862607565363,0.07686410236310783,0.6486093796193936
multimodal_fusion,30.0,perk_relief,0.3629765655231194,0.5186781181081951,0.2866223828553133,0.07806655179163703,0.6324500839604827
multimodal_fusion,32.0,perk_relief,0.334794366756547,0.4990200650732064,0.2958190924835239,0.07989675758698142,0.6157063110878209
multimodal_fusion,34.0,perk_relief,0.3065507745616081,0.4792353792424858,0.30518457023397816,0.08235629609772441,0.5983546177952828
multimodal_fusion,36.0,perk_relief,0.2782412793268185,0.4593189458046387,0.314727015528282,0.08544693997819416,0.5803713050759857
multimodal_fusion,38.0,perk_relief,0.249861191579762,0.4392654354704636,0.3244546503025887,0.0891706617703211,0.561732409507665
multimodal_fusion,40.0,perk_relief,0.22140564094624957,0.41906930331785275,0.3343757227340722,0.09352963754161082,0.5424136944396245
multimodal_fusion,42.0,perk_relief,0.1928695750354043,0.39872478754766216,0.3444985110091842,0.09852625058121427,0.5223906409779391
multimodal_fusion,44.0,perk_relief,0.16424775824947155,0.37822590814916146,0.35483132713478965,0.1041630951561093,0.5016384387654903
multimodal_fusion,46.0,perk_relief,0.13553477051713114,0.3575664654736458,0.36538252079330263,0.11044298032944215,0.48013197655331213
multimodal_fusion,48.0,perk_relief,0.10672500594906456,0.3367400387147645,0.3761604832429789,0.11736893384311128,0.45784583255962513
multimodal_fusion,50.0,perk_relief,0.07781267141450482,0.3157399842940907,0.38717365126455044,0.12494420606671175,0.43475426461283195
multimodal_fusion,52.0,perk_relief,0.048791785037471495,0.2945594341504265,0.3984305111554208,0.13317227401499424,0.41083120007464125
multimodal_fusion,54.0,perk_relief,0.019656174611367185,0.2731912939313066,0.409939602772672,0.14205684543603014,0.38605022553937923
multimodal_fusion,56.0,perk_relief,0.0,0.2516282410851316,0.42170952362616737,0.15160186297231165,0.36038457630543813
multimodal_fusion,58.0,perk_relief,0.0,0.22986272285232937,0.43368847105592845,0.1616936352959807,0.3338903301566332
multimodal_fusion,60.0,perk_relief,0.0,0.20788807946390445,0.44575921712191807,0.17209332591641874,0.30671655169138495
multimodal_fusion,62.0,perk_relief,0.0,0.1856997777061443,0.45792555113120037,0.18280282870672943,0.2788521821759342
multimodal_fusion,64.0,perk_relief,0.0,0.1632931923914393,0.4701912740525135,0.19382411924987414,0.2502860124404309
multimodal_fusion,66.0,perk_relief,0.0,0.14066360560372612,0.4825601995676629,0.20515925549231756,0.22100667997416493
multimodal_fusion,68.0,perk_relief,0.0,0.11780620591765315,0.4950361551278655,0.2168103784155204,0.19100266597730026
multimodal_fusion,70.0,perk_relief,0.0,0.09471608759123358,0.5076229830152656,0.22877971272550693,0.16026229236841516
multimodal_fusion,72.0,perk_relief,0.0,0.07138824973174555,0.5203245414098465,0.24106956756073925,0.12877371874713794
intervention_generalization,0.0,perk_relief,0.78,0.8,0.12,0.1,0.82
intervention_generalization,2.0,perk_relief,0.7525988888888889,0.7840533333333334,0.1349211111111111,0.0974,0.8116944444444444
intervention_generalization,4.0,perk_relief,0.7251409750000001,0.7679869479012346,0.14991473574074074,0.0954779925308642,0.8027623891975308
intervention_generalization,6.0,perk_relief,0.697622319969736,0.7517970277949795,0.16498926446997256,0.09423420693648835,0.7931813774308814
intervention_generalization,8.0,perk_relief,0.6700388093071628,0.7354795684165807,0.18015308315139272,0.09366906223569799,0.7829287396673875
intervention_generalization,10.0,perk_relief,0.6423861518355384,0.7190303759725092,0.19541457627257627,0.09378317017359998,0.7719815860347905
intervention_generalization,12.0,perk_relief,0.6146598790668091,0.702445066895336,0.2000354636814514,0.08920400498355184,0.7603167983501945
intervention_generalization,14.0,perk_relief,0.5869329593229473,0.6858122049701092,0.20474363882251376,0.08518560356511248,0.7483767109218359
intervention_generalization,16.0,perk_relief,0.5592031739081114,0.669129614801026,0.20954567516111597,0.08172749574661402,0.736141822140935
intervention_generalization,18.0,perk_relief,0.5314681519874273,0.6523949592018846,0.21444812947156516,0.07882934460336505,0.7235925035594437
intervention_generalization,20.0,perk_relief,0.5037253705240771,0.6356057391921344,0.21945754441239848,0.07649094902961016,0.7107089943185322
intervention_generalization,22.0,perk_relief,0.47597215416582433,0.6187592939384291,0.22458045112430036,0.07471224633548698,0.6974713954442195
intervention_generalization,24.0,perk_relief,0.44820567508022774,0.6018528006409185,0.2298233718511791,0.07349331487027795,0.6838596640084578
intervention_generalization,26.0,perk_relief,0.42042295273778396,0.5848832743634983,0.23519282258493804,0.07283437667327207,0.6698536071539211
intervention_generalization,28.0,perk_relief,0.392620853642229,0.5678475678072278,0.24069531573449596,0.07273580015356967,0.655432875980689
intervention_generalization,30.0,perk_relief,0.3647960910072158,0.5507423710261133,0.24633736281962956,0.07319810280018245,0.6405769592929508
intervention_generalization,32.0,perk_relief,0.3369452243785739,0.5335642110844415,0.2521254771902303,0.07422195392379985,0.6252651772037952
intervention_generalization,34.0,perk_relief,0.30906465920134374,0.5163094516548321,0.25806617677158716,0.07580817743161258,0.6094766745960843
intervention_generalization,36.0,perk_relief,0.2811506463307659,0.4989742925561688,0.2641659868363257,0.07795775463660402,0.5931904144373465
intervention_generalization,38.0,perk_relief,0.2531992814863916,0.4815547692305503,0.27043144280365505,0.08067182710274065,0.5763851709465538
intervention_generalization,40.0,perk_relief,0.22520650464846664,0.46404675215838836,0.276869093066593,0.08395169952751391,0.5590395226105846
intervention_generalization,42.0,perk_relief,0.19716809939572738,0.4464459462107671,0.2834855018478603,0.08779884266330695,0.5411318450481019
intervention_generalization,44.0,perk_relief,0.16907969218373065,0.42874788993815804,0.2902872520851561,0.09221489627908189,0.5226403037185059
intervention_generalization,46.0,perk_relief,0.14093675156282576,0.41094795479457247,0.2972809483465469,0.09720167216390573,0.5035428464735517
intervention_generalization,48.0,perk_relief,0.1127345873348599,0.3930413442962136,0.30447321977672265,0.10276115717385574,0.4838171959491466
intervention_generalization,50.0,perk_relief,0.08446834964769165,0.3750230931136741,0.3118707230748954,0.10889551632386903,0.46344084179476897
intervention_generalization,52.0,perk_relief,0.05613302802657052,0.35688806609670654,0.31948014550513687,0.11560709592612464,0.44239103273787733
intervention_generalization,54.0,perk_relief,0.027723450341422987,0.33863095723057607,0.32730820793997445,0.12289842677657162,0.4206447684805973
intervention_generalization,56.0,perk_relief,0.0,0.32024628852298487,0.33536166793808647,0.1307722273912412,0.39817879142590046
intervention_generalization,58.0,perk_relief,0.0,0.3017284088205381,0.34364289870683584,0.13922200597499096,0.37497621445559504
intervention_generalization,60.0,perk_relief,0.0,0.2830715692389703,0.35199796953486523,0.1479094157601588,0.35125464341108675
intervention_generalization,62.0,perk_relief,0.0,0.26427263299823595,0.3604295313606002,0.15683576287379597,0.32700557166742555
intervention_generalization,64.0,perk_relief,0.0,0.24532840252136223,0.3689402415859707,0.16600241037401037,0.3022203909350637
intervention_generalization,66.0,perk_relief,0.0,0.22623561901058148,0.3775327647520578,0.1754107786553145,0.276890389289177
intervention_generalization,68.0,perk_relief,0.0,0.2069909620077518,0.38620977321727673,0.18506234586496645,0.2510067491722296
intervention_generalization,70.0,perk_relief,0.0,0.18759104893894696,0.3949739478382231,0.19495864833043372,0.22456054536936937
intervention_generalization,72.0,perk_relief,0.0,0.16803243464309253,0.4038279786533087,0.20510128099811095,0.19754274295623334
spatiotemporal_context,0.0,perk_relief,0.78,0.8,0.12,0.1,0.82
spatiotemporal_context,2.0,perk_relief,0.7525988888888889,0.7840533333333334,0.13781,0.0974,0.8114777777777777
spatiotemporal_context,4.0,perk_relief,0.7251188589506173,0.7679606590123458,0.15568208141975307,0.09551554808641975,0.8022183973765432
spatiotemporal_context,6.0,perk_relief,0.6975554876678841,0.7517177071117833,0.17362526139219475,0.09434710174156379,0.7921984387838306
spatiotemporal_context,8.0,perk_relief,0.6699041680542241,0.7353200096614538,0.1916485556575799,0.09389532532314886,0.7813942252713695
spatiotemporal_context,10.0,perk_relief,0.6421601078469582,0.7187628998902119,0.209760982174304,0.09416109328040989,0.7697818150458169
spatiotemporal_context,12.0,perk_relief,0.6143183286287389,0.7020415113931402,0.21991156476083495,0.08977216008866043,0.7573369927104593
spatiotemporal_context,14.0,perk_relief,0.586431875987745,0.6852206305541759,0.23013246973265444,0.08601778727443772,0.7444417681275425
spatiotemporal_context,16.0,perk_relief,0.5584978010366792,0.6682974048664508,0.24043149225222682,0.08289800831804103,0.7310745838868875
spatiotemporal_context,18.0,perk_relief,0.5305129846846827,0.6512688000118159,0.2508164167818978,0.0804130188434897,0.7172136893139135
spatiotemporal_context,20.0,perk_relief,0.5024741372125991,0.6341315994934771,0.26129502009669675,0.07856317955932188,0.7028371338023851
spatiotemporal_context,22.0,perk_relief,0.4743777977894913,0.6168824042053264,0.2718750743248198,0.07734901923633879,0.6879227599838568
spatiotemporal_context,24.0,perk_relief,0.44622033392947896,0.5995176319370099,0.28256435001648705,0.07677123772379087,0.6724481967315434
spatiotemporal_context,26.0,perk_relief,0.41799794088795234,0.5820335168137656,0.2933706192418882,0.07683070900552548,0.6563908519962772
spatiotemporal_context,28.0,perk_relief,0.38970664099619956,0.5644261086700424,0.30430165871895215,0.0775284842976398,0.6397279054721317
spatiotemporal_context,30.0,perk_relief,0.3613422829334709,0.5466912723558975,0.31536525297169893,0.07886579518920654,0.6224363010892219
spatiotemporal_context,32.0,perk_relief,0.33290054093548666,0.528824686975151,0.326569197519953,0.08084405682766554,0.6044927393311114
spatiotemporal_context,34.0,perk_relief,0.3043769139383775,0.5108218450542586,0.3379213021012211,0.08346487115049914,0.5858736693741752
spatiotemporal_context,36.0,perk_relief,0.2757667246570309,0.4926780516408474,0.34942939392555944,0.08673003016483566,0.5665552810461935
spatiotemporal_context,38.0,perk_relief,0.24706511859679614,0.47438842333083414,0.3611013209642781,0.0906415192766518,0.5465134966013628
spatiotemporal_context,40.0,perk_relief,0.2182670629974847,0.4559478872230347,0.37294495527335564,0.09520152067127162,0.525723962308834
spatiotemporal_context,42.0,perk_relief,0.18936734570858169,0.4373511798001446,0.3849681963524581,0.10041241674688801,0.5041620398517973
spatiotemporal_context,44.0,perk_relief,0.16036057399456555,0.41859284573495537,0.3971789745404837,0.1062767936028607,0.48180279753405275
spatiotemporal_context,46.0,perk_relief,0.13124117326921175,0.39966723662064724,0.40958525444857624,0.11279744458457377,0.4586210012909124
spatiotemporal_context,48.0,perk_relief,0.10200338575773626,0.380568509623977,0.4221950384315782,0.1199773738866656,0.4345911055011948
spatiotemporal_context,50.0,perk_relief,0.07264126908561216,0.36129062606015694,0.43501637009891686,0.12781980021647427,0.40968724359697944
spatiotemporal_context,52.0,perk_relief,0.04314869479287116,0.3418273498881983,0.44805733786594504,0.13632816051957264,0.3838832184676964
spatiotemporal_context,54.0,perk_relief,0.013519346772678433,0.3221722461254661,0.46132607854678287,0.14550611376929906,0.35715249265503224
spatiotemporal_context,56.0,perk_relief,0.0,0.30231867918016997,0.47483078098973375,0.15535754482222175,0.32946817833503717
spatiotemporal_context,58.0,perk_relief,0.0,0.28225981110048853,0.4884857819142548,0.16568701417700213,0.3009438888469013
spatiotemporal_context,60.0,perk_relief,0.0,0.26199022747492867,0.5022182960425154,0.1763305412055996,0.27167905169647366
spatiotemporal_context,62.0,perk_relief,0.0,0.2415057387198137,0.5160318993960529,0.18728982568390493,0.24166287629987002
spatiotemporal_context,64.0,perk_relief,0.0,0.22080207704273674,0.5299301759524639,0.19856664404773447,0.21088442821898967
spatiotemporal_context,66.0,perk_relief,0.0,0.19987489582487078,0.5439167185578884,0.2101628498972404,0.17933262656031934
spatiotemporal_context,68.0,perk_relief,0.0,0.17871976898257222,0.5579951298423899,0.22208037451671514,0.14699624133684247
spatiotemporal_context,70.0,perk_relief,0.0,0.157332190308114,0.5721690231384142,0.23432122740995134,0.11386389079249322
spatiotemporal_context,72.0,perk_relief,0.0,0.13570757278938061,0.5864420234025033,0.24688749685132225,0.07992403868858569
foundation_representation,0.0,perk_relief,0.78,0.8,0.12,0.1,0.82
foundation_representation,2.0,perk_relief,0.7531425777777778,0.7837372888888889,0.1349211111111111,0.0974,0.8113708888888889
foundation_representation,4.0,perk_relief,0.7262276724380248,0.7673505473841976,0.14991159442716048,0.09547405629135802,0.8020931881757036
foundation_representation,6.0,perk_relief,0.6992513280991568,0.7508357877684452,0.16497980747544216,0.09422241731559575,0.7921437197418424
foundation_representation,8.0,perk_relief,0.6722094127723386,0.7341888262473215,0.18013410350980497,0.0936455223945929,0.7814990827969167
foundation_representation,10.0,perk_relief,0.6450976177668558,0.7174052823832404,0.19538283488717967,0.0937440048472805,0.7701356457309169
foundation_representation,12.0,perk_relief,0.6179114570276015,0.7004805784530724,0.20267435647361462,0.08914536181785085,0.7580295377876596
foundation_representation,14.0,perk_relief,0.5907033132925896,0.683481189129016,0.21004016204361958,0.08513858118756676,0.7455642735641794
foundation_representation,16.0,perk_relief,0.5634707065566611,0.6664046108102338,0.21748737711735222,0.08172340854307933,0.7327188224727751
foundation_representation,18.0,perk_relief,0.5362109962575218,0.6492481620068079,0.22502311268921332,0.07889973516834276,0.7194719975024606
foundation_representation,20.0,perk_relief,0.5089213810726387,0.6320089831886696,0.23265446799680348,0.0766676008426405,0.7058024488672197
foundation_representation,22.0,perk_relief,0.48159889866130723,0.6146840365731652,0.24038853331540774,0.07502719666830687,0.6916886575029549
foundation_representation,24.0,perk_relief,0.45424042535104797,0.5972701058503602,0.24823239277859765,0.0739788679295737,0.6771089284111053
foundation_representation,26.0,perk_relief,0.42684267576748397,0.5797637958451739,0.25619312722555976,0.07352311698399214,0.6620413838468348
foundation_representation,28.0,perk_relief,0.399402202406831,0.5621615321154186,0.264277817075781,0.07366060618790105,0.6464639563496262
foundation_representation,30.0,perk_relief,0.37191539515012295,0.5444595604848057,0.2724935452317416,0.07439216085743462,0.6303543816140401
foundation_representation,32.0,perk_relief,0.3443784807182797,0.5266539465099629,0.28084740001028696,0.07571877226658393,0.6136901911983262
foundation_representation,34.0,perk_relief,0.3167875220671094,0.5087405748804925,0.28934647810337283,0.07764160068384977,0.5964487050685001
foundation_representation,36.0,perk_relief,0.2891384177213233,0.49071514875108285,0.29799788756889684,0.08016197844904706,0.5786070239754219
foundation_representation,38.0,perk_relief,0.26142690104662397,0.4725731890046678,0.3068087508523548,0.08328141309184442,0.5601420216623361
foundation_representation,40.0,perk_relief,0.23364853945891312,0.4543100334456128,0.3157862078400796,0.08700159049364714,0.5410303369002536
foundation_representation,42.0,perk_relief,0.20579873356964748,0.4359208359218851,0.32493741894484424,0.09132437809445582,0.5212483653484755
foundation_representation,44.0,perk_relief,0.17787271626635395,0.4174005653751484,0.33426956822463405,0.09625182814635846,0.5007722512374793
foundation_representation,46.0,perk_relief,0.14986555172729799,0.39874400481770306,0.3437898665354142,0.10178618101533977,0.47957787887130143
foundation_representation,48.0,perk_relief,0.12177213436928004,0.3799457502351698,0.35350555471874473,0.1079298685331173,0.45764086394647063
foundation_representation,50.0,perk_relief,0.09358718772751633,0.36100020941379807,0.3634239068251167,0.11468551740074154,0.4349365446844542
foundation_representation,52.0,perk_relief,0.06530526326654029,0.3419016006912546,0.37355223337390947,0.12205595264572462,0.4114399727744983
foundation_representation,54.0,perk_relief,0.03692073912104117,0.32264395162972853,0.38389788465089175,0.13004420113449028,0.38712590412364933
foundation_representation,56.0,perk_relief,0.008427818765535122,0.3032210976101649,0.3944682540442154,0.1386534951419669,0.36196878941065513
foundation_representation,58.0,perk_relief,0.0,0.28362668034641525,0.4052707814198757,0.1478872759801752,0.3359427644403515
foundation_representation,60.0,perk_relief,0.0,0.26385414631806997,0.41619636404206056,0.15750143863459182,0.30920352458814504
foundation_representation,62.0,perk_relief,0.0,0.24389884770314013,0.4272005337240334,0.1673942780150904,0.2818124543416083
foundation_representation,64.0,perk_relief,0.0,0.223756908321456,0.4382864282101041,0.1775673933805767,0.2537593563151467
foundation_representation,66.0,perk_relief,0.0,0.2034243781559129,0.4494571935491847,0.18802245259909223,0.22503390424359687
foundation_representation,68.0,perk_relief,0.0,0.18289723278616182,0.46071598490716814,0.1987611926479392,0.1956256404994598
foundation_representation,70.0,perk_relief,0.0,0.16217137280253147,0.47206596738251416,0.2097854201274681,0.16552397357598056
foundation_representation,72.0,perk_relief,0.0,0.14124262320002423,0.4835103168251979,0.22109701178869187,0.13471817553553692
prospective_calibration,0.0,perk_relief,0.78,0.8,0.12,0.1,0.82
prospective_calibration,2.0,perk_relief,0.7525988888888889,0.7840533333333334,0.1349211111111111,0.09750688888888889,0.8118562222222222
prospective_calibration,4.0,perk_relief,0.7251419097160494,0.767987882617284,0.1499160480987654,0.09566464017530865,0.8030951616375308
prospective_calibration,6.0,perk_relief,0.6976251645174895,0.7517998704471047,0.1649928583066462,0.09447347165127477,0.7936956453455896
prospective_calibration,8.0,perk_relief,0.6700445889531806,0.7354853409827182,0.18015958521415623,0.0939337781251905,0.7836362991882388
prospective_calibration,10.0,perk_relief,0.6423959517729462,0.7190401594637345,0.1954242715850238,0.09404613417999562,0.7728955406440806
prospective_calibration,12.0,perk_relief,0.6146748542204845,0.7024600116578776,0.20273496264148858,0.08965289697098022,0.761451571570861
prospective_calibration,14.0,perk_relief,0.5869349404857981,0.6858102565752963,0.21012548113148632,0.08583144782027848,0.7496597930102633
prospective_calibration,16.0,perk_relief,0.5591736924188202,0.6690884441719164,0.21760266779172033,0.08258151909666046,0.7375009532430659
prospective_calibration,18.0,perk_relief,0.5313884403253275,0.652291962732505,0.22517334991962826,0.07990297957269858,0.7249556591591791
prospective_calibration,20.0,perk_relief,0.5035763627943195,0.6354180387540317,0.23284434397223694,0.07779583689578072,0.7120043706792305
prospective_calibration,22.0,perk_relief,0.47573448647502053,0.6184637367746961,0.2406224581869682,0.07626024008563911,0.6986273950473149
prospective_calibration,24.0,perk_relief,0.4478596858027838,0.6014259591478849,0.24851449522493327,0.07529648205961885,0.6848048809932272
prospective_calibration,26.0,perk_relief,0.41994868267316565,0.5843014457603067,0.25652725483727024,0.07490500218692707,0.6705168127624321
prospective_calibration,28.0,perk_relief,0.3919980460634263,0.5670867736935433,0.26466753655509684,0.07508638887312105,0.65574300401197
prospective_calibration,30.0,perk_relief,0.36400419160070185,0.5497783568282416,0.27294214240366804,0.0758413821761112,0.6404630915704409
prospective_calibration,32.0,perk_relief,0.3359633810760798,0.5323724453901593,0.28135787964134634,0.07717087645497288,0.6246565290601446
prospective_calibration,34.0,perk_relief,0.3078717219037984,0.5148651254372617,0.28992156352401016,0.07907592305287996,0.6083025803794
prospective_calibration,36.0,perk_relief,0.2797251665247756,0.4972523182870556,0.2986400200955452,0.0815577330154912,0.5913803130429995
prospective_calibration,38.0,perk_relief,0.25151951175366116,0.47952977988332823,0.30752008900508054,0.08461767984614067,0.5738685913786945
prospective_calibration,40.0,perk_relief,0.22325039806859093,0.4616931001014491,0.316568626351652,0.0882573022992028,0.5557460695775446
prospective_calibration,42.0,perk_relief,0.1949133088428071,0.443737701991372,0.32579250755699274,0.09247830721302289,0.5369911845958958
prospective_calibration,44.0,perk_relief,0.16650356951729497,0.4256588409574633,0.3351986302671717,0.09728257238382503,0.5175821489066899
prospective_calibration,46.0,perk_relief,0.13801634671356938,0.4074516038742623,0.34479391728381953,0.10267214948203002,0.4974969430977362
prospective_calibration,48.0,perk_relief,0.10944664728572973,0.38911090813726573,0.35458531952570116,0.10864926701243806,0.4767133083145136
prospective_calibration,50.0,perk_relief,0.08078931731088505,0.3706315006478089,0.36457981902141573,0.11521633331975294,0.4552087385449955
prospective_calibration,52.0,perk_relief,0.05203904101703439,0.3520079567310995,0.37478443193402355,0.12237593964094703,0.43296047274392435
prospective_calibration,54.0,perk_relief,0.023190339647469825,0.3332346789864406,0.38520621161842167,0.13013086320599004,0.40994548679388737
prospective_calibration,56.0,perk_relief,0.0,0.3143058960686613,0.39585225171231,0.13848407038848762,0.38614048530047296
prospective_calibration,58.0,perk_relief,0.0,0.2952156613997538,0.4066963952231186,0.14737080006927422,0.3615708354552981
prospective_calibration,60.0,perk_relief,0.0,0.27595842313539604,0.4176104886189968,0.1565196044452293,0.33641340441991036
prospective_calibration,62.0,perk_relief,0.0,0.25653078204269086,0.42859749699800576,0.165931799579989,0.3106593261966114
prospective_calibration,64.0,perk_relief,0.0,0.23692927424046775,0.439660390909245,0.17560876207077897,0.28429962682348797
prospective_calibration,66.0,perk_relief,0.0,0.21715037076169943,0.4508021470763862,0.1855519294357234,0.2573252223664703
prospective_calibration,68.0,perk_relief,0.0,0.19719047709962645,0.462025749123349,0.19576280051242592,0.2297269168846427
prospective_calibration,70.0,perk_relief,0.0,0.1770459327374756,0.47333418830225055,0.2062429358679438,0.20149540036840108
prospective_calibration,72.0,perk_relief,0.0,0.15671301066165486,0.4847304642237599,0.21699395822027917,0.1726212466500476
dynamic_state,0.0,atf6_support,0.78,0.8,0.12,0.1,0.82
dynamic_state,2.0,atf6_support,0.7652753333333333,0.7840533333333334,0.1349211111111111,0.09713277777777779,0.8179084444444444
dynamic_state,4.0,atf6_support,0.7504744031007408,0.7680228510123457,0.14983821316666665,0.09484017099506174,0.8152324902271605
dynamic_state,6.0,atf6_support,0.7355938693214167,0.7519055139242247,0.16475881627842212,0.09312187634655687,0.8119530229626202
dynamic_state,8.0,atf6_support,0.7206302262229599,0.7356981184044249,0.1796904190120368,0.09197777309800723,0.8080507300133406
dynamic_state,10.0,atf6_support,0.705579801693033,0.7193972957854928,0.19464051162824178,0.0914079260696365,0.8035060925461213
dynamic_state,12.0,atf6_support,0.6904387566581512,0.7029995118735336,0.2096165793521017,0.09141258866687074,0.7982993774067371
dynamic_state,14.0,atf6_support,0.675203084388513,0.6865010663512888,0.2246261056712708,0.09199220596024793,0.7924106288100874
dynamic_state,16.0,atf6_support,0.6598686097277602,0.669898092106772,0.23967657566416953,0.09314741781645017,0.785819659842701
dynamic_state,18.0,atf6_support,0.6444309882465368,0.6531865544863881,0.25477547935903494,0.09487906208242503,0.7785060437743956
dynamic_state,20.0,atf6_support,0.6288857053186871,0.6363622504714388,0.269930315124826,0.09718817782459506,0.7704491051757874
dynamic_state,22.0,atf6_support,0.6132280751189152,0.6194208077768925,0.28514859309499146,0.10007600862518727,0.7616279108382389
dynamic_state,24.0,atf6_support,0.5974532395406977,0.6023576838712735,0.3004378386251373,0.10354400593774786,0.7520212604927283
dynamic_state,26.0,atf6_support,0.5815561670332215,0.5851681649165007,0.31580559578565814,0.10759383250394244,0.7416076773240117
dynamic_state,28.0,atf6_support,0.5655316513560864,0.5678473646264763,0.3312594308904275,0.11222736583377714,0.7303653982763384
dynamic_state,30.0,atf6_support,0.5493743102504884,0.5503902230432047,0.3468069360626694,0.11744670175141228,0.7182723641468685
dynamic_state,32.0,atf6_support,0.5330785840255715,0.5327915052291875,0.36245573283916593,0.12325415800877793,0.7053062094628205
dynamic_state,34.0,atf6_support,0.5166387340586039,0.5150457998748167,0.3782134758139845,0.12965227796923826,0.6914442521382649
dynamic_state,36.0,atf6_support,0.5000488412076083,0.49714751781945754,0.39408785632293997,0.13664383436359126,0.6766634829063529
dynamic_state,38.0,atf6_support,0.48330280413504195,0.47909089048488074,0.4100866061700384,0.14423183312073032,0.660940554522653
dynamic_state,40.0,atf6_support,0.46639433754109383,0.4608699682196759,0.42621750139718195,0.1524195172753351,0.6442517707351368
dynamic_state,42.0,atf6_support,0.4493169703051291,0.4424786185532434,0.44248836609844633,0.16121037095500185,0.6265730750162329
dynamic_state,44.0,atf6_support,0.4320640435337829,0.4239105243579306,0.4589070762802754,0.17060812344926582,0.6078800390522336
dynamic_state,46.0,atf6_support,0.4146287085141663,0.4051591819178441,0.47548156376897294,0.18061675336301344,0.5881478509852097
dynamic_state,48.0,atf6_support,0.39700392457061484,0.38621789890283537,0.4922198201669046,0.19124049285682687,0.56735130340245
dynamic_state,50.0,atf6_support,0.3791824568233726,0.36707979224612053,0.5091299008588582,0.20248383197685046,0.5454647810683073
dynamic_state,52.0,atf6_support,0.36115687384756645,0.34773778592396076,0.5262199290700487,0.21435152307681593,0.5224622483931889
dynamic_state,54.0,atf6_support,0.3429195452307885,0.3281846086357889,0.5434980999772863,0.22684858533491273,0.4983172366342883
dynamic_state,56.0,atf6_support,0.32446263902756356,0.30841279138313243,0.5609726848748691,0.23998030936823928,0.4730028308225063
dynamic_state,58.0,atf6_support,0.30577811910893915,0.28841466494564116,0.5786520353967939,0.2537522619476231,0.4464916564098617
dynamic_state,60.0,atf6_support,0.28685774240539275,0.2681823572524889,0.5965445877969219,0.26817029081565,0.41875586563153794
dynamic_state,62.0,atf6_support,0.2676930560412092,0.24770779064737491,0.6146588672887717,0.28324052961079627,0.38976712357655713
dynamic_state,64.0,atf6_support,0.2482753943584368,0.22698267904531014,0.6330034924466568,0.2989694029006141,0.359496593960914
dynamic_state,66.0,atf6_support,0.22859587582848573,0.20599852497932744,0.6515871796699193,0.3153636313269762,0.32791492459683913
dynamic_state,68.0,atf6_support,0.2086453998493862,0.18474661653521118,0.6704187477120612,0.33243023686644435,0.294992232551697
dynamic_state,70.0,atf6_support,0.18841464342667638,0.16321802417229486,0.6895071222766093,0.35017654820888533,0.26069808898985375
dynamic_state,72.0,atf6_support,0.1678940577358414,0.1414035974283279,0.7088613406815987,0.3686102062575204,0.22500150369067862
multimodal_fusion,0.0,atf6_support,0.78,0.8,0.12,0.1,0.82
multimodal_fusion,2.0,atf6_support,0.76635,0.7821570666666667,0.1362510111111111,0.0974,0.8180788888888888
multimodal_fusion,4.0,atf6_support,0.7526208234999999,0.7642083912768396,0.15249450745987653,0.09534288245555556,0.8155799448703703
multimodal_fusion,6.0,atf6_support,0.7388094720982907,0.7461506893991794,0.16873828009420247,0.09382847780851739,0.8124869120532848
multimodal_fusion,8.0,atf6_support,0.7249128080291188,0.7279805076440106,0.18499010854176404,0.0928567836754338,0.8087833398526391
multimodal_fusion,10.0,atf6_support,0.7109275536242495,0.709694223125386,0.2012577639665518,0.09242796726948763,0.8044525765123679
multimodal_fusion,12.0,atf6_support,0.6968502907162528,0.6912880428525401,0.21754901234982268,0.09254236786599525,0.7994777624801177
multimodal_fusion,14.0,atf6_support,0.6826774599826917,0.6727580030497905,0.2338716176963175,0.09320049931295529,0.7938418236316194
multimodal_fusion,16.0,atf6_support,0.6684053602303746,0.6540999684039279,0.25023334526662855,0.0944030525881583,0.7875274643421434
multimodal_fusion,18.0,atf6_support,0.6540301476188161,0.635309631238113,0.26664196483662383,0.09615089840439359,0.7805171604024527
multimodal_fusion,20.0,atf6_support,0.6395478348220311,0.6163825106112767,0.2831052539848563,0.09844508986431472,0.7727931517765935
multimodal_fusion,22.0,atf6_support,0.6249542901277702,0.5973139513419973,0.2996310014089104,0.10128686516655071,0.7643374351987837
multimodal_fusion,24.0,atf6_support,0.6102452364732819,0.5780991229558061,0.31622701027166084,0.10467765036467684,0.7551317566065787
multimodal_fusion,26.0,atf6_support,0.595416250416671,0.5587330185548474,0.33290110157844294,0.10861906218068593,0.7451576034074128
multimodal_fusion,28.0,atf6_support,0.5804627610428982,0.5392104536087943,0.3496611175861581,0.11311291087462874,0.7343961965755306
multimodal_fusion,30.0,atf6_support,0.5653800488034463,0.5195260646658995,0.3665149252453618,0.11816120317212084,0.7228284825762388
multimodal_fusion,32.0,atf6_support,0.5501632442886578,0.49967430798302875,0.3834704196764076,0.12376614525144222,0.7104351251143206
multimodal_fusion,34.0,atf6_support,0.5348073269317242,0.4796494580735042,0.400535527680746,0.12993014579198608,0.6971964967033686
multimodal_fusion,36.0,atf6_support,0.5193071236432848,0.45944560617155145,0.41771821128850173,0.13665581908584373,0.6830926700527002
multimodal_fusion,38.0,atf6_support,0.5036573073755716,0.4390566586121215,0.4350264713434814,0.14394598821434382,0.6681034092684306
multimodal_fusion,40.0,atf6_support,0.4878523956150078,0.4184763351248252,0.45246835112678874,0.1518036882913966,0.6522081608651815
multimodal_fusion,42.0,atf6_support,0.47188674880214787,0.3976981670406913,0.47005194002025297,0.1602321697755265,0.6353860445848134
multimodal_fusion,44.0,atf6_support,0.4557545686778172,0.3767154954104277,0.48778537721090287,0.16923490185251025,0.617615844018466
multimodal_fusion,46.0,atf6_support,0.4394498965542864,0.3555214690328335,0.5056768554377488,0.17881557589057212,0.5988759970280995
multimodal_fusion,48.0,atf6_support,0.42296661151028564,0.3341090423919788,0.5237346247821617,0.1889781089701236,0.5791445859636217
multimodal_fusion,50.0,atf6_support,0.4062984285086394,0.31247097350173575,0.5419669965031709,0.1997266474900706,0.5583993276715904
multimodal_fusion,52.0,atf6_support,0.3894388964352712,0.2905998216562102,0.5603823469190286,0.2110655708527488,0.5366175632913676
multimodal_fusion,54.0,atf6_support,0.37238139605830095,0.26848794508458973,0.5789891213364219,0.22299949522958548,0.5137762478345029
multimodal_fusion,56.0,atf6_support,0.35511913790592675,0.24612749850888777,0.5977958380287451,0.23553327740962543,0.4898519395430104
multimodal_fusion,58.0,atf6_support,0.3376451600617518,0.2235104306030272,0.6168110922648741,0.24867201873309788,0.4648207890220908
multimodal_fusion,60.0,atf6_support,0.31995232587618794,0.20062848135167038,0.6360435603899185,0.2624210691122429,0.4386585281427426
multimodal_fusion,62.0,atf6_support,0.3020333215925326,0.1774731793071638,0.6555020039594618,0.2767860311416566,0.4113404587095847
multimodal_fusion,64.0,atf6_support,0.28388065388628553,0.15403583874292656,0.6751952739288295,0.2917727643004588,0.3828414408890989
multimodal_fusion,66.0,atf6_support,0.26548664731623606,0.1303075567015725,0.6951323148989637,0.30738738924862824,0.35313588139337826
multimodal_fusion,68.0,atf6_support,0.24684344168581887,0.10627920993601427,0.7153221694205137,0.3236362922198984,0.3221977214143462
multimodal_fusion,70.0,atf6_support,0.22794298931319926,0.08194145174175592,0.7357739823577922,0.3405261295136497,0.29000042430328427
multimodal_fusion,72.0,atf6_support,0.2087770522085143,0.05728470867853809,0.7564970053142779,0.3580638320882833,0.25651696299038046
intervention_generalization,0.0,atf6_support,0.78,0.8,0.12,0.1,0.82
intervention_generalization,2.0,atf6_support,0.76635,0.7840533333333334,0.1349211111111111,0.0974,0.8180788888888888
intervention_generalization,4.0,atf6_support,0.7526304283333333,0.7680238358024691,0.1498352848765432,0.09530915944444444,0.8156273994444444
intervention_generalization,6.0,atf6_support,0.7388385219259225,0.7519088022343758,0.16474919966396434,0.09372712156946503,0.8126303758249074
intervention_generalization,8.0,atf6_support,0.7249713918817163,0.7357053917784302,0.17966952130887534,0.09265367508752953,0.8090725053944889
intervention_generalization,10.0,atf6_support,0.7110260231216364,0.7194106275990548,0.19460290567296248,0.09208875621987914,0.8049383131362229
intervention_generalization,12.0,atf6_support,0.6969992739730684,0.7030213965150129,0.2095560012202514,0.09203245076198174,0.80021215594529
intervention_generalization,14.0,atf6_support,0.6828878757092588,0.686534448584706,0.2245354516116893,0.09248499618318284,0.794878216800971
intervention_generalization,16.0,atf6_support,0.6686884320379632,0.66994639663681,0.23954789831879825,0.09344678376175329,0.7889204988153286
intervention_generalization,18.0,atf6_support,0.6543974185386789,0.6532537157455693,0.2545999832570581,0.09491836075655066,0.7823228191566588
intervention_generalization,20.0,atf6_support,0.6400111820477823,0.6364527426500544,0.2696983514396951,0.09690043261652949,0.7750688028456952
intervention_generalization,22.0,atf6_support,0.625525939990876,0.6195396751166714,0.28484965365256754,0.09939386522935426,0.7671418764224855
intervention_generalization,24.0,atf6_support,0.610937779661637,0.6025105712442022,0.3000605491508575,0.10239968721038806,0.7585252614818017
intervention_generalization,26.0,atf6_support,0.596242657446442,0.58536134871063,0.3153377083782953,0.10591909223334962,0.749201968074881
intervention_generalization,28.0,atf6_support,0.5814363979940304,0.5680877839609957,0.3306878157096592,0.10995344140395137,0.7391547879752327
intervention_generalization,30.0,atf6_support,0.5665146933294501,0.5506855113355097,0.3461175722173129,0.11450426567785178,0.7283662878061766
intervention_generalization,32.0,atf6_support,0.5514731019115156,0.5331500221371283,0.3616336984625583,0.11957326832427638,0.7168188020277212
intervention_generalization,34.0,atf6_support,0.5363070476329879,0.5154766636377844,0.3772429373126028,0.12516232743668326,0.7044944257803137
intervention_generalization,36.0,atf6_support,0.5210118187626751,0.49766063802244725,0.39295205678395595,0.13127349849187103,0.691375007582933
intervention_generalization,38.0,atf6_support,0.5055825668286271,0.4796970012701622,0.40876785291309087,0.13790901695894997,0.6774421418829217
intervention_generalization,40.0,atf6_support,0.4900143054415861,0.4615806619712078,0.4246971526552242,0.14507130095961995,0.6626771614548876
intervention_generalization,42.0,atf6_support,0.474301909057832,0.4433063800794836,0.4407468168120887,0.15276295398122264,0.6470611296459289
intervention_generalization,44.0,atf6_support,0.45844011168054566,0.4248687655992238,0.4569237429895915,0.1609867676440598,0.6305748324643662
intervention_generalization,46.0,atf6_support,0.4424235054987908,0.40626227720511093,0.47323486858627134,0.1697457245244943,0.6131987705090907
intervention_generalization,48.0,atf6_support,0.42624653946319685,0.38748122079484176,0.48968717381348975,0.1790430010353757,0.5949131507365586
intervention_generalization,50.0,atf6_support,0.4099035177974047,0.36851974797317694,0.5062876847483102,0.18888197036535878,0.575697878062389
intervention_generalization,52.0,atf6_support,0.3933885984443145,0.3493718544664822,0.5230434764200421,0.19926620547870957,0.555532546794439
intervention_generalization,54.0,atf6_support,0.3766957914461554,0.33003137846674746,0.5399616759314467,0.21019948217722118,0.5343964318941538
intervention_generalization,56.0,atf6_support,0.3598189572573723,0.31049199890404455,0.5570494656156257,0.2216857822258893,0.5122684800629047
intervention_generalization,58.0,atf6_support,0.3427518049893046,0.2907472336463635,0.5743140862296334,0.23372929654402616,0.4891273006499466
intervention_generalization,60.0,atf6_support,0.3254878905856067,0.27079043762573896,0.5917628401858788,0.2463344284635208,0.4649511563785402
intervention_generalization,62.0,atf6_support,0.3080206149273367,0.2506148008895555,0.609403094822404,0.2595057970559837,0.43971795388669954
intervention_generalization,64.0,atf6_support,0.290343221866616,0.23021334657589443,0.6272422857131524,0.27324824053054436,0.4134052340789358
intervention_generalization,66.0,atf6_support,0.27244879618773654,0.20957892881175688,0.6452879200193617,0.28756681970410164,0.38599016228527944
intervention_generalization,68.0,atf6_support,0.25433026149456706,0.1887042305329727,0.6635475798832409,0.3024668215458594,0.3574495182237714
intervention_generalization,70.0,atf6_support,0.23598037802308394,0.1675817612245751,0.6820289258651181,0.3179537627980124,0.3277596857625205
intervention_generalization,72.0,atf6_support,0.21739174037782485,0.14620385458039434,0.7007397004252696,0.3340333936744808,0.2968966424773295
spatiotemporal_context,0.0,atf6_support,0.78,0.8,0.12,0.1,0.82
spatiotemporal_context,2.0,atf6_support,0.76635,0.7840533333333334,0.13781,0.0974,0.8178622222222222
spatiotemporal_context,4.0,atf6_support,0.7526083122839506,0.7679975469135802,0.15560263055555554,0.095346715,0.8150834076234568
spatiotemporal_context,6.0,atf6_support,0.7387716896240707,0.7518294815511797,0.17338519658618654,0.09384001637454047,0.8116475806308059
spatiotemporal_context,8.0,atf6_support,0.7248367514576171,0.7355458338521426,0.19116499381506252,0.0928799381749804,0.8075385673837399
spatiotemporal_context,10.0,atf6_support,0.7107999832891285,0.7191431556728298,0.20894931156990137,0.09246667930932947,0.8027399895608703
spatiotemporal_context,12.0,atf6_support,0.6966577360389313,0.7026178535167572,0.22674543560397076,0.09260060576268457,0.7972352580694888
spatiotemporal_context,14.0,atf6_support,0.6824062253371636,0.6859661878726693,0.2445606509379289,0.09328225285954772,0.7910075665956862
spatiotemporal_context,16.0,atf6_support,0.6680415307625582,0.6691842724931087,0.2624022447232583,0.09451232756932301,0.7840398850128059
spatiotemporal_context,18.0,atf6_support,0.6535595950252105,0.6522680736126893,0.280277509128064,0.09629171085631114,0.7763149526459149
spatiotemporal_context,20.0,atf6_support,0.6389562230925376,0.6352134091052656,0.298193744246025,0.09862146007554201,0.7678152713899111
spatiotemporal_context,22.0,atf6_support,0.6242270812576239,0.6180159475791728,0.3161582610293072,0.10150281141580798,0.7585230986788165
spatiotemporal_context,24.0,atf6_support,0.6093676961491262,0.6006712074096938,0.33417838424626256,0.10493718239128268,0.7484204403037347
spatiotemporal_context,26.0,atf6_support,0.5943734536818974,0.5831745557078906,0.3522614554647602,0.10892617438313396,0.7374890430768823
spatiotemporal_context,28.0,atf6_support,0.579239597947467,0.5655212072249173,0.3704148360620127,0.11347157523256284,0.7257103873390296
spatiotemporal_context,30.0,atf6_support,0.5639612300435011,0.5477062231909153,0.38864591026178097,0.11857536188672489,0.713065679307612
spatiotemporal_context,32.0,atf6_support,0.5485333068413418,0.5297245100875678,0.4069620881998602,0.12423970309901507,0.6995358432627016
spatiotemporal_context,34.0,atf6_support,0.5329506396907114,0.5115708183533707,0.42537080901877083,0.13046696218522252,0.685101513567947
spatiotemporal_context,36.0,atf6_support,0.5172078930606409,0.4932397410206579,0.4438795439925975,0.13725969983708808,0.6697430265235167
spatiotemporal_context,38.0,atf6_support,0.5012995831156668,0.47472571228339444,0.4624957996829403,0.14462067699482323,0.653440412047998
spatiotemporal_context,40.0,atf6_support,0.4852200762263163,0.45602300599472956,0.4812271211269645,0.15255285778017727,0.6361733851861252
spatiotemporal_context,42.0,atf6_support,0.4689635874128797,0.43712573409327915,0.500081095058555,0.16105941249166641,0.617921337439128
spatiotemporal_context,44.0,atf6_support,0.45252417872144746,0.4180278449570831,0.5190653531636057,0.17014372066360783,0.598663327914406
spatiotemporal_context,46.0,atf6_support,0.4358957575311661,0.39872312168415897,0.5381875753704941,0.17980937419063028,0.5783780742911518
spatiotemporal_context,48.0,atf6_support,0.4190720747916433,0.37920518029854855,0.5574554931768166,0.19006018051936296,0.5570439435984565
spatiotemporal_context,50.0,atf6_support,0.4020467231894098,0.35946746788072914,0.5768768930134808,0.20090016590903462,0.5346389428023441
spatiotemporal_context,52.0,atf6_support,0.3848131352423198,0.3395032606212343,0.5964596196472765,0.2123335787627465,0.5111407091980901
spatiotemporal_context,54.0,atf6_support,0.36736458132074784,0.31930566179630354,0.6162115796230705,0.2243648930312142,0.4865265006040874
spatiotemporal_context,56.0,atf6_support,0.34969416759441324,0.29886759966435167,0.6361407447467949,0.23699881169080647,0.46077318535343104
spatiotemporal_context,58.0,atf6_support,0.3317948339036375,0.27818182528202245,0.6562551556104231,0.2502402702977422,0.4338572320792932
spatiotemporal_context,60.0,atf6_support,0.3136593515538128,0.2572409102385607,0.6765629251601534,0.26409444062034143,0.4057546992900681
spatiotemporal_context,62.0,atf6_support,0.2952803210318322,0.23603724430720943,0.6970722423090472,0.2785667343512606,0.3764412247301622
spatiotemporal_context,64.0,atf6_support,0.276650169643204,0.21456303301230703,0.7177913755953933,0.2936628069016787,0.3458920145222078
spatiotemporal_context,66.0,atf6_support,0.2577611490685429,0.19281029511073083,0.7387286768880976,0.3093885612794367,0.3140818320863712
spatiotemporal_context,68.0,atf6_support,0.23860533283810262,0.17077085998629982,0.7598925851404255,0.3257501520531717,0.28098498683232526
spatiotemporal_context,70.0,atf6_support,0.21917461372298205,0.14843636495571905,0.781291630193451,0.3427539894045228,0.2465753226193458
spatiotemporal_context,72.0,atf6_support,0.19946070104160812,0.12579825248461415,0.8029344366305975,0.36040674327052846,0.21082620597988377
foundation_representation,0.0,atf6_support,0.78,0.8,0.12,0.1,0.82
foundation_representation,2.0,atf6_support,0.7666186666666667,0.7837372888888889,0.1349211111111111,0.0974,0.818010711111111
foundation_representation,4.0,atf6_support,0.7531687827104198,0.7673896780698272,0.1498337325802469,0.09530859986666666,0.8154703199655308
foundation_representation,6.0,atf6_support,0.7396475352995301,0.7509543013442291,0.16474453561085434,0.09372543007080826,0.8123631222849809
foundation_representation,8.0,atf6_support,0.7260519856213075,0.7344281513396856,0.17966017903084278,0.09265026851899945,0.8086732497269759
foundation_representation,10.0,atf6_support,0.7123790684956552,0.7178080791622728,0.1945873118753471,0.09208304263056513,0.804384663974108
foundation_representation,12.0,atf6_support,0.6986255919382721,0.7010907939924518,0.20953257598789762,0.09202383144839792,0.7994811506967447
foundation_representation,14.0,atf6_support,0.684788236672837,0.6842728626238521,0.22450260864063665,0.09247286778483356,0.7939463133871578
foundation_representation,16.0,atf6_support,0.6708635555914962,0.6673507089442222,0.2395040451742384,0.09343054040382671,0.7877635670630454
foundation_representation,18.0,atf6_support,0.6568479731629641,0.6503206133578082,0.2545435216582053,0.09489739624068803,0.7809161318383414
foundation_representation,20.0,atf6_support,0.6427377847875261,0.6331787121484138,0.2696276775722309,0.0968741426606626,0.7733870263591451
foundation_representation,22.0,atf6_support,0.6285291560982279,0.6159209967823714,0.2847631585093369,0.09936164975764944,0.7651590611025381
foundation_representation,24.0,atf6_support,0.614218122207511,0.5985433131506436,0.29995661890151015,0.10236095269438163,0.7562148315359883
foundation_representation,26.0,atf6_support,0.5998005868985448,0.5810413607492512,0.3152147247685812,0.10587325408540708,0.7465367111349777
foundation_representation,28.0,atf6_support,0.5852723217604867,0.5634106917972134,0.33054415649110724,0.10989992642423124,0.7361068442564139
foundation_representation,30.0,atf6_support,0.5706289652668876,0.5456467102911599,0.3459516116080374,0.11444251455600409,0.7249071388653263
foundation_representation,32.0,atf6_support,0.55586602179644,0.5277446709957619,0.36144380763995954,0.11950273819715616,0.7129192591122666
foundation_representation,34.0,atf6_support,0.5409788605952524,0.5096996783691083,0.3770274849387453,0.1250824945034108,0.7001246177587682
foundation_representation,36.0,atf6_support,0.5259627146798127,0.49150668542213083,0.3927094095644303,0.13118386068762264,0.6865043684481426
foundation_representation,38.0,atf6_support,0.510812679679787,0.4731604925111668,0.40849637619018453,0.13780909668891653,0.6720393978188152
foundation_representation,40.0,atf6_support,0.4955237126197803,0.454655746062723,0.42439521103625066,0.1449606478946248,0.6567103174573297
foundation_representation,42.0,atf6_support,0.48009063063916624,0.4359869372294846,0.440412774833745,0.15264114791654568,0.6404974556880693
foundation_representation,44.0,atf6_support,0.4645081096490753,0.41714840047659174,0.4565559658192389,0.16085342142307155,0.6233808491966657
foundation_representation,46.0,atf6_support,0.44877068292560657,0.3981343120971832,0.47283172276105806,0.1696004870287609,0.6053402344839869
foundation_representation,48.0,atf6_support,0.4328727396383113,0.37893868865618346,0.4892470280182594,0.17888556024295527,0.5863550391475109
foundation_representation,50.0,atf6_support,0.4168085233129723,0.3595553853612863,0.5058089106332662,0.1887120564790691,0.5664043729868106
foundation_representation,52.0,atf6_support,0.4005721302276831,0.3399780943600636,0.5225244494591641,0.19908359412620896,0.5454670189297892
foundation_representation,54.0,atf6_support,0.3841575077412069,0.3202003429621039,0.5394007763226845,0.21000399768480635,0.5235214237762197
foundation_representation,56.0,atf6_support,0.3675584525525727,0.3002154917850583,0.5564450792239224,0.2214773009679786,0.5005456887550519
foundation_representation,58.0,atf6_support,0.35076860889084327,0.280016732823447,0.5736646055738613,0.23350775037036148,0.4765175598918635
foundation_representation,60.0,atf6_support,0.3337814666339635,0.25959708743905213,0.5910666654708003,0.24609980820618793,0.4514144181827366
foundation_representation,62.0,atf6_support,0.31659035935557445,0.23894940427169506,0.6086586350168022,0.2592581561184194,0.4252132695707504
foundation_representation,64.0,atf6_support,0.2991884622986521,0.21806635706916905,0.6264479596753076,0.27298769856076766,0.39789073472118475
foundation_representation,66.0,atf6_support,0.28156879027480414,0.1969404424350686,0.644442157671084,0.2872935663544776,0.36942303859143155
foundation_representation,68.0,atf6_support,0.26372419548803083,0.17556397749322844,0.6626488234337029,0.3021811203217771,0.33978599979151325
foundation_representation,70.0,atf6_support,0.24564736528172948,0.15392909746745362,0.6810756310857677,0.3176559549979311,0.30895501973100653
foundation_representation,72.0,atf6_support,0.2273308198076931,0.13202775317519325,0.6997303379771382,0.3337239024238766,0.2769050715480665
prospective_calibration,0.0,atf6_support,0.78,0.8,0.12,0.1,0.82
prospective_calibration,2.0,atf6_support,0.76635,0.7840533333333334,0.1349211111111111,0.09750688888888889,0.8181129777777777
prospective_calibration,4.0,atf6_support,0.752630625291358,0.7680240327604939,0.14983659723456788,0.09550256041234569,0.8157028716795061
prospective_calibration,6.0,atf6_support,0.7388391447563711,0.7519094231691964,0.16475288067904456,0.09398668453278707,0.8127554430148606
prospective_calibration,8.0,atf6_support,0.724972708488377,0.7357067011792863,0.17967637228920819,0.09295906700255256,0.8092563037141802
prospective_calibration,10.0,atf6_support,0.7110283474404289,0.7194129348422031,0.1946134738406512,0.09241965119779577,0.8051909112122286
prospective_calibration,12.0,atf6_support,0.6970029730283822,0.7030250632912135,0.20957058045072152,0.0923685199822834,0.8005445632242199
prospective_calibration,14.0,atf6_support,0.68289337668782,0.6865398963418289,0.22455408300582352,0.0928058976021394,0.7953023924124739
prospective_calibration,16.0,atf6_support,0.6686962293842329,0.6699541140418162,0.2395703706057769,0.09373215161258656,0.7894493609420155
prospective_calibration,18.0,atf6_support,0.6544080810758576,0.6532642661701912,0.254625833025835,0.09514779483775336,0.7829702549233795
prospective_calibration,20.0,atf6_support,0.6400253601285655,0.6364667716845767,0.2697268631969781,0.09705348736462935,0.7758496787408353
prospective_calibration,22.0,atf6_support,0.6255443726821812,0.6195579181162889,0.28487985970511187,0.09945003857226876,0.7680720492641884
prospective_calibration,24.0,atf6_support,0.6109613019675961,0.6025338609125066,0.300091229309817,0.10233840919735832,0.7596215899422651
prospective_calibration,26.0,atf6_support,0.5962722075740309,0.5853906227248594,0.31536738948330856,0.10571971343728202,0.750482324776133
prospective_calibration,28.0,atf6_support,0.5814730246657851,0.5681240926437597,0.3307147709702822,0.10959522109183345,0.740638072170051
prospective_calibration,30.0,atf6_support,0.5665595631478002,0.5507300253777863,0.3461398203693369,0.11396635974474303,0.7300724386580917
prospective_calibration,32.0,atf6_support,0.5515275067793458,0.5332040403774123,0.3616490027366819,0.11883471698620665,0.7187688125043166
prospective_calibration,34.0,atf6_support,0.5363724122351249,0.5155416209023564,0.3772488042128494,0.12420204267761985,0.70671035717433
prospective_calibration,36.0,atf6_support,0.5210897081130792,0.49773811303181603,0.3929457346731531,0.13007025125974142,0.6938800046759772
prospective_calibration,38.0,atf6_support,0.5056746938881593,0.47978872461682837,0.40874633040264685,0.1364414241055291,0.6802604487668918
prospective_calibration,40.0,atf6_support,0.49012253881130835,0.4616885241739867,0.4246571567963569,0.14331781191891038,0.6658341380265361
prospective_calibration,42.0,atf6_support,0.4744282807528916,0.44343243971972107,0.4406848110855758,0.15070183718077154,0.6505832687903164
prospective_calibration,44.0,atf6_support,0.45858682498978776,0.42501525754433556,0.45683592509102505,0.15859609664346902,0.6344897779432921
prospective_calibration,46.0,atf6_support,0.4425929429353396,0.4064316209249756,0.4731171680037113,0.16700336387518844,0.6175353355709318
prospective_calibration,48.0,atf6_support,0.426441270811345,0.3876760287766797,0.48953524919431685,0.17592659185549847,0.5997013374643032
prospective_calibration,50.0,atf6_support,0.4101263082612499,0.3687428342406514,0.5060969210519866,0.18536891562346922,0.5809688974770203
prospective_calibration,52.0,atf6_support,0.3936424169036872,0.34962624320886576,0.5228089818533886,0.19533365497974733,0.5613188397311981
prospective_calibration,54.0,atf6_support,0.3769838188254852,0.33032031278410684,0.5396782786629482,0.20582431724400377,0.5407316906696007
prospective_calibration,56.0,atf6_support,0.3601445950132518,0.31081894967450974,0.5567117102651694,0.21684460006919387,0.5191876709510933
prospective_calibration,58.0,atf6_support,0.3431186837226174,0.29111590852165997,0.5739162301299848,0.2283983943140941,0.49666668718644164
prospective_calibration,60.0,atf6_support,0.32589987878420196,0.27120479016128246,0.5912988494120855,0.2404897869756046,0.47314832351142416
prospective_calibration,62.0,atf6_support,0.30848182784534883,0.251079039815528,0.6088666399852114,0.25312306418233277,0.44861183299415197
prospective_calibration,64.0,atf6_support,0.290858030546647,0.23073194521584406,0.626626737512397,0.2663027142509985,0.42303612887341235
prospective_calibration,66.0,atf6_support,0.27302183663224094,0.21015663465539244,0.6445863445531922,0.2800334308072301,0.39639977562477663
prospective_calibration,68.0,atf6_support,0.25496644399290574,0.18934607496995234,0.6627527337088971,0.29432011597234514,0.36868097985113285
prospective_calibration,70.0,atf6_support,0.23668489664084033,0.16829306944622363,0.6811332508068719,0.3091678836177412,0.339857580994224
prospective_calibration,72.0,atf6_support,0.21817008261510984,0.14699025565641932,0.6997353181250068,0.3245820626885476,0.3099070418636908
dynamic_state,0.0,mito_support,0.78,0.8,0.12,0.1,0.82
dynamic_state,2.0,mito_support,0.7504241333333334,0.8022244444444445,0.1349211111111111,0.09713277777777779,0.8167644444444444
dynamic_state,4.0,mito_support,0.7208184938740742,0.8042928455555556,0.1499240201,0.09486751344246915,0.8129225274044444
dynamic_state,6.0,mito_support,0.6911787674159748,0.8062015544862973,0.16501599431118788,0.09320509267812796,0.808451651783262
dynamic_state,8.0,mito_support,0.6615004576406952,0.8079467420213697,0.18020431064676443,0.09214659494495848,0.8033289874129355
dynamic_state,10.0,mito_support,0.6317788852465158,0.8095243977990731,0.19549625896321798,0.09169329709527708,0.7975314619513648
dynamic_state,12.0,mito_support,0.6020091869969002,0.8109303294539476,0.21089914550542962,0.09184667704417655,0.7910357515700713
dynamic_state,14.0,mito_support,0.5721863146875996,0.8121601616789439,0.22642029637883143,0.09260841749706446,0.7838182714290879
dynamic_state,16.0,mito_support,0.5423050340309681,0.8132093352058548,0.24206706106076015,0.09398040973628334,0.7758551659353191
dynamic_state,18.0,mito_support,0.5123599234561298,0.8140731057027112,0.2578468159520684,0.09596475746905714,0.7671222987805959
dynamic_state,20.0,mito_support,0.4823453728236141,0.8147465425868213,0.27376696797008726,0.09856378073904622,0.7575952427555314
dynamic_state,22.0,mito_support,0.45225558205304556,0.8152245277521045,0.289834958184066,0.10178001990383195,0.7472492693351648
dynamic_state,24.0,mito_support,0.4220845596624475,0.815501754209341,0.3060582654942475,0.10561623968069156,0.7360593380322562
dynamic_state,26.0,mito_support,0.3918261212176882,0.8155727246379324,0.3224444103557704,0.11007543326306436,0.7240000855139708
dynamic_state,28.0,mito_support,0.3614738876905676,0.8154317498477373,0.3390009585486244,0.11516082651015253,0.7110458144775642
dynamic_state,30.0,mito_support,0.3310212837240124,0.8150729471495138,0.35573552499491684,0.12087588221214182,0.6971704822805492
dynamic_state,32.0,mito_support,0.30046153580281265,0.8144902386324723,0.37265577762474555,0.12722430443357174,0.6823476893206932
dynamic_state,34.0,mito_support,0.2697876703283017,0.8136773493474045,0.3897694412920077,0.13421004293742905,0.6665506671610589
dynamic_state,36.0,mito_support,0.23899251159534574,0.8126278053938276,0.40708430174151033,0.1418372976925849,0.6497522663951647
dynamic_state,38.0,mito_support,0.20806867966997347,0.81133493190954,0.42460820962878515,0.15011052346724255,0.631924944247199
dynamic_state,40.0,mito_support,0.177008588165941,0.8097918509609565,0.4423490845940469,0.15903443451111093,0.6130407519020813
dynamic_state,42.0,mito_support,0.1458044419184883,0.80799147933255,0.4603149193917738,0.168614009329069,0.5930713215600134
dynamic_state,44.0,mito_support,0.11444823455350572,0.8059265262136894,0.47851378407742584,0.17885449554913585,0.5719878532100198
dynamic_state,46.0,mito_support,0.0829317459502891,0.8035894907811268,0.49695383025285705,0.18976141488761414,0.5497611011168191
dynamic_state,48.0,mito_support,0.05124653959602083,0.8009726596753451,0.515643295372018,0.20134056821432714,0.5263613600152162
dynamic_state,50.0,mito_support,0.019383959830072857,0.7980681043689368,0.5345905071085847,0.21359804072092403,0.5017584510060461
dynamic_state,52.0,mito_support,0.0,0.7948676784251428,0.5538038877871924,0.22654020719528456,0.4759217071475374
dynamic_state,54.0,mito_support,0.0,0.7913630146446377,0.5732187840696362,0.2400026912858943,0.4489406971728937
dynamic_state,56.0,mito_support,0.0,0.7875468538801497,0.5927288603923949,0.25372760499550107,0.4209781417805928
dynamic_state,58.0,mito_support,0.0,0.783413824936914,0.6123369951023115,0.2677183313407489,0.39202355895102353
dynamic_state,60.0,mito_support,0.0,0.7789584905076944,0.6320460976881257,0.2819783334875829,0.36206626523006635
dynamic_state,62.0,mito_support,0.0,0.7741753459777821,0.6518591096520717,0.29651115553742236,0.3310953722945114
dynamic_state,64.0,mito_support,0.0,0.7690588182069127,0.6717790053879821,0.31132042333435145,0.29909978346849103
dynamic_state,66.0,mito_support,0.0,0.7636032642878432,0.6918087930661305,0.3264098452935641,0.26606819019002526
dynamic_state,68.0,mito_support,0.0,0.7578029702813286,0.7119515155250515,0.34178321325130556,0.23198906842676592
dynamic_state,70.0,mito_support,0.0,0.751652149927228,0.7322102511705744,0.35744440333655764,0.19685067504001091
dynamic_state,72.0,mito_support,0.0,0.7451449433314659,0.7525881148823128,0.3733973768647197,0.16064104409604546
multimodal_fusion,0.0,mito_support,0.78,0.8,0.12,0.1,0.82
multimodal_fusion,2.0,mito_support,0.7525988888888889,0.8025087111111111,0.1362510111111111,0.0974,0.8170388888888889
multimodal_fusion,4.0,mito_support,0.7251622491790124,0.8048314581607902,0.15258110890185184,0.0953353346234568,0.8135021114086419
multimodal_fusion,6.0,mito_support,0.6976863119141581,0.8069644198168511,0.1689973957969569,0.09380714674517145,0.8093711817462504
multimodal_fusion,8.0,mito_support,0.6701671636460239,0.8089035999817435,0.18550698760440432,0.09281674683703778,0.8046273948598127
multimodal_fusion,10.0,mito_support,0.6426007455926827,0.8106448268750889,0.20211701661998066,0.09236561582548777,0.7992518193150145
multimodal_fusion,12.0,mito_support,0.6149828527362737,0.8121837520430383,0.21883463476417603,0.09245540799726122,0.793225289958878
multimodal_fusion,14.0,mito_support,0.5873091328589695,0.8135158492933503,0.23566701675232074,0.09308795395512592,0.7865284004279931
multimodal_fusion,16.0,mito_support,0.5595750855162404,0.8146364135550624,0.25262136329890167,0.09426526362520175,0.7791414954883659
multimodal_fusion,18.0,mito_support,0.5317760609464279,0.8155405596616081,0.2697049043570197,0.09598952931756986,0.7710446632039349
multimodal_fusion,20.0,mito_support,0.5039072589156101,0.8162232210562043,0.28692490239397617,0.09826312884187705,0.7622177269307225
multimodal_fusion,22.0,mito_support,0.4759637274967247,0.8166791484183132,0.3042886557040005,0.1010886286796743,0.7526402371335006
multimodal_fusion,24.0,mito_support,0.44794036178189567,0.816902908209953,0.3218035017591593,0.10446878721525898,0.7422914630217654
multimodal_fusion,26.0,mito_support,0.41983190252688174,0.8168888811406068,0.3394768205995117,0.10840655802682009,0.7311503840017234
multimodal_fusion,28.0,mito_support,0.39163293472654814,0.8166312605494531,0.3573160382636042,0.11290509323971824,0.7191956809409015
multimodal_fusion,30.0,mito_support,0.36333788612023477,0.8161240507036123,0.3753286302604253,0.1179677469437638,0.7064057272419008
multimodal_fusion,32.0,mito_support,0.33494102562587297,0.8153610650110734,0.39352212508396783,0.12359807867638932,0.6927585797217188
multimodal_fusion,34.0,mito_support,0.3064364617016764,0.8143359241469398,0.4119041077715761,0.129799856973647,0.6782319692929689
multimodal_fusion,36.0,mito_support,0.2778181406342072,0.8130420540915978,0.43048222350728316,0.13657706299099526,0.6628032914432254
multimodal_fusion,38.0,mito_support,0.2490798447515919,0.8114726840793844,0.4492641812713739,0.1439338941958753,0.6464495965086257
multimodal_fusion,40.0,mito_support,0.2202151905606344,0.8096208444562972,0.4682577575374386,0.15187476813411327,0.6291475797377559
multimodal_fusion,42.0,mito_support,0.19121762680654653,0.8074793644452557,0.487470800018213,0.1604043262722222,0.6108735711417421
multimodal_fusion,44.0,mito_support,0.1620804324539881,0.8050408698173928,0.506911231461532,0.16952743791771446,0.5916035251263647
multimodal_fusion,46.0,mito_support,0.13279671458807885,0.8022977804678166,0.526587053497755,0.17924920421957571,0.5713130099019029
multimodal_fusion,48.0,mito_support,0.10335940623401577,0.7992423078942521,0.5465063505400547,0.18957496225109002,0.5499771966663074
multimodal_fusion,50.0,mito_support,0.07376126409389788,0.7958664525769302,0.5666772937389921,0.2005102891772473,0.5275708485571845
multimodal_fusion,52.0,mito_support,0.043994866199329824,0.7921620012580616,0.5871081449928359,0.21206100650900567,0.5040683093679614
multimodal_fusion,54.0,mito_support,0.01405260947834332,0.788120524119187,0.6078072610151173,0.22423318444672394,0.4794434920234839
multimodal_fusion,56.0,mito_support,0.0,0.7837333718546641,0.6287830974609464,0.23703314631512357,0.4536698668101782
multimodal_fusion,58.0,mito_support,0.0,0.7789916726395041,0.6499429870876624,0.25027012877545973,0.4268597512264151
multimodal_fusion,60.0,mito_support,0.0,0.7738882129949113,0.6712036135965526,0.2637754843130345,0.3991176901621886
multimodal_fusion,62.0,mito_support,0.0,0.768417290735902,0.6925682047927965,0.27755268863937005,0.37043366583703174
multimodal_fusion,64.0,mito_support,0.0,0.7625731281113168,0.7140400233402857,0.291605296295212,0.34079746466412986
multimodal_fusion,66.0,mito_support,0.0,0.7563498704712517,0.7356223676906988,0.30593694147393824,0.31019867405909907
multimodal_fusion,68.0,mito_support,0.0,0.7497415849096324,0.7573185730202411,0.3205513388656217,0.2786266792009252
multimodal_fusion,70.0,mito_support,0.0,0.742742258881638,0.779132012174298,0.3354522845219866,0.2460706597442256
multimodal_fusion,72.0,mito_support,0.0,0.7353457987956717,0.801066096620252,0.3506436567425044,0.21251958648198316
intervention_generalization,0.0,mito_support,0.78,0.8,0.12,0.1,0.82
intervention_generalization,2.0,mito_support,0.7525988888888889,0.8065,0.1349211111111111,0.0974,0.8170388888888889
intervention_generalization,4.0,mito_support,0.7251718540123457,0.8128301028395062,0.14991473574074074,0.09528345475308642,0.8135616705555555
intervention_generalization,6.0,mito_support,0.6977154833223834,0.8189873116327092,0.1649866975662963,0.09365135185445816,0.8095516492089129
intervention_generalization,8.0,mito_support,0.6702262385678364,0.8249684933794458,0.18014283107476842,0.09250481890618173,0.8049919512506358
intervention_generalization,10.0,mito_support,0.6427004546446939,0.830770378335709,0.19538898397184348,0.09184512588128776,0.7998655192912737
intervention_generalization,12.0,mito_support,0.6151343388968077,0.8363895593309792,0.21073101961509608,0.09167368752408109,0.7941551060374606
intervention_generalization,14.0,mito_support,0.5875239703662322,0.8418224910316141,0.22617481947190568,0.09199206578791665,0.7878432680481416
intervention_generalization,16.0,mito_support,0.5598652989924463,0.8470654891495216,0.24172628560275944,0.09280197231171344,0.7809123593576683
intervention_generalization,18.0,mito_support,0.5321541447596868,0.8521147295953243,0.2573913431706203,0.09410527093649836,0.7733445249635605
intervention_generalization,20.0,mito_support,0.5043861967916118,0.8569662475752075,0.27317594297705744,0.09590398026329232,0.7651216941766622
intervention_generalization,22.0,mito_support,0.47655701239249515,0.8616159366306276,0.28908606402585474,0.09820027625367225,0.75622557383136
intervention_generalization,24.0,mito_support,0.4486620160341389,0.8660595476200408,0.30512771611483036,0.10099649487436348,0.7466376413534658
intervention_generalization,26.0,mito_support,0.42069649828767297,0.8702926876417932,0.32130694245662034,0.10429513478723934,0.7363391376832976
intervention_generalization,28.0,mito_support,0.3926556146993954,0.8743108188972996,0.3376298223291971,0.10809886008612729,0.7253110600514275
intervention_generalization,30.0,mito_support,0.36453438460978943,0.8781092574936146,0.3541024737569137,0.11241050308184333,0.7135341546044939
intervention_generalization,32.0,mito_support,0.3363276899148357,0.881683172184487,0.37073105622288427,0.1172330671369006,0.7009889088784073
intervention_generalization,34.0,mito_support,0.3080302737687199,0.8850275830489643,0.38752177341353006,0.12256972955136158,0.6876555441162069
intervention_generalization,36.0,mito_support,0.27963673922701765,0.8881373601065973,0.4044808759961425,0.12842384450132835,0.6735140074277511
intervention_generalization,38.0,mito_support,0.2511415478294194,0.8910072218682727,0.4216146644303333,0.13479894603159007,0.6585439637883536
intervention_generalization,40.0,mito_support,0.2225390181210379,0.8936317338216849,0.4389294918142639,0.14169875110397298,0.6427247878733976
intervention_generalization,42.0,mito_support,0.1938233241113219,0.8960053068504293,0.4564317667665674,0.1491271627029645,0.6260355557258891
intervention_generalization,44.0,mito_support,0.1649884936695776,0.8981221955856865,0.47412795634489796,0.15708827300020978,0.6084550362538251
intervention_generalization,46.0,mito_support,0.13602840685607975,0.8999764966894378,0.4920245890020642,0.16558636657950693,0.5899616825541789
intervention_generalization,48.0,mito_support,0.10693679418773093,0.9015621470681322,0.5101282575807256,0.17462592372395522,0.5705336230602195
intervention_generalization,50.0,mito_support,0.07770723483720682,0.9028729220157011,0.5284456223476546,0.18421162376693942,0.5501486525088015
intervention_generalization,52.0,mito_support,0.04833315476450137,0.9039024332847934,0.5469834140685894,0.1943483485086632,0.5287842227241757
intervention_generalization,54.0,mito_support,0.018807824779762762,0.9046441270850768,0.5657484371247254,0.20504118569997454,0.5064174332147852
intervention_generalization,56.0,mito_support,0.0,0.9050912820074296,0.5847475726719195,0.2162954325952572,0.48302502157942573
intervention_generalization,58.0,mito_support,0.0,0.9052370068728162,0.6039249448041348,0.22798307086711156,0.4586776092784088
intervention_generalization,60.0,mito_support,0.0,0.9050753276799705,0.6231765635402106,0.23987654666742522,0.4335212406585447
intervention_generalization,62.0,mito_support,0.0,0.9046020370586937,0.6425046879948432,0.25197874606836695,0.40754848212261585
intervention_generalization,64.0,mito_support,0.0,0.9038128803034016,0.6619116045593678,0.2642926105525444,0.3807517488945923
intervention_generalization,66.0,mito_support,0.0,0.9027035544341824,0.6813996274835763,0.27682113757774696,0.3531233027826491
intervention_generalization,68.0,mito_support,0.0,0.9012697072432788,0.7009710994623679,0.2895673811553509,0.3246552499109227
intervention_generalization,70.0,mito_support,0.0,0.8995069363268229,0.7206283922273834,0.30253445244252564,0.2953395384194683
intervention_generalization,72.0,mito_support,0.0,0.8974107881016512,0.7403739071437733,0.31572552034838447,0.26516795613187233
spatiotemporal_context,0.0,mito_support,0.78,0.8,0.12,0.1,0.82
spatiotemporal_context,2.0,mito_support,0.7525988888888889,0.8022244444444445,0.13781,0.0974,0.8168222222222222
spatiotemporal_context,4.0,mito_support,0.725149737962963,0.8042681423456791,0.15568208141975307,0.09535806512345679,0.8129929755246914
spatiotemporal_context,6.0,mito_support,0.6976485082908745,0.8061274443179356,0.1736231494393004,0.09387514348587106,0.8084936018246331
spatiotemporal_context,8.0,mito_support,0.6700910178533048,0.8077985465066336,0.19164011928010996,0.09295235076344514,0.8033052222207515
spatiotemporal_context,10.0,mito_support,0.6424729407113092,0.8092774897833186,0.20973991905281944,0.09259097281407329,0.7974087300396286
spatiotemporal_context,12.0,mito_support,0.6147898061169215,0.8105601588786501,0.2279294926316806,0.09279246834307596,0.7907847837287895
spatiotemporal_context,14.0,mito_support,0.5870369975651479,0.8116422814525467,0.24621580255649175,0.09355847161510952,0.7834137995939244
spatiotemporal_context,16.0,mito_support,0.559209751786464,0.8125194271005767,0.26460583296282464,0.0948907952137063,0.7752759443776904
spatiotemporal_context,18.0,mito_support,0.531303157678908,0.8131870062956623,0.28310659254137205,0.09679143284992361,0.7663511276774366
spatiotemporal_context,20.0,mito_support,0.5033121551788494,0.8136402692641501,0.301725117527263,0.09926256222160551,0.7566189941991276
spatiotemporal_context,22.0,mito_support,0.47523153406949054,0.8138743047952771,0.3204684747202131,0.10230654792478562,0.7460589158446591
spatiotemporal_context,24.0,mito_support,0.4470559327261405,0.8138840389830437,0.3393437645363985,0.10592594441878551,0.7346499836296856
spatiotemporal_context,26.0,mito_support,0.41877983679728253,0.8136642338994833,0.3583581240929633,0.1101234990465891,0.7223709994289982
spatiotemporal_context,28.0,mito_support,0.39039757782043294,0.813209486198297,0.37751873032609307,0.11490215511210056,0.7092004675464118
spatiotemporal_context,30.0,mito_support,0.3619033317717722,0.8125142256478007,0.39683280314360714,0.12026505501592107,0.6951165861060387
spatiotemporal_context,32.0,mito_support,0.3332911175485052,0.8115727135921073,0.4163076086130471,0.1262155434513072,0.680097238261742
spatiotemporal_context,34.0,mito_support,0.304554795382887,0.810379041339446,0.43595046218626077,0.1327571706620033,0.6641199832214761
spatiotemporal_context,36.0,mito_support,0.27568806518682765,0.8089271284764967,0.45576873196150386,0.13989369576366903,0.6471620470831375
spatiotemporal_context,38.0,mito_support,0.24668446482596693,0.8072107211075901,0.47576984198410627,0.1476290901306541,0.6292003134784567
spatiotemporal_context,40.0,mito_support,0.2175373683220857,0.8052233900176037,0.49596127558677333,0.1559675408499022,0.6102113140213775
spatiotemporal_context,42.0,mito_support,0.1882399839826972,0.8029585287573561,0.5163505787706173,0.16491345424379852,0.5901712185572723
spatiotemporal_context,44.0,mito_support,0.15878535245663614,0.8004093516502734,0.5369453636280389,0.17447145946380707,0.5690558252092535
spatiotemporal_context,46.0,mito_support,0.12916634471443814,0.7975688917190801,0.557753311808605,0.18464641215677677,0.5468405502177425
spatiotemporal_context,48.0,mito_support,0.09937565995227637,0.7944299985312335,0.5787821780290932,0.19544339820582987,0.5235004175693634
spatiotemporal_context,50.0,mito_support,0.06940582341819493,0.7909853359617971,0.600039793628902,0.20686773754778007,0.49901004841112684
spatiotemporal_context,52.0,mito_support,0.03924918415935144,0.7872273798724155,0.6215340701720514,0.2189249880690632,0.473343650245771
spatiotemporal_context,54.0,mito_support,0.008897912688953426,0.7831484157050274,0.6432730030970241,0.2316209495821997,0.44647500590402245
spatiotemporal_context,56.0,mito_support,0.0,0.7787405359889193,0.6652646754157301,0.24496166788484514,0.4183774622894356
spatiotemporal_context,58.0,mito_support,0.0,0.7739956377596954,0.6873921378990928,0.25868755133042814,0.3892116042370757
spatiotemporal_context,60.0,mito_support,0.0,0.7689075886971408,0.7096082190035696,0.2726926485493947,0.3590402460196713
spatiotemporal_context,62.0,mito_support,0.0,0.7634710503724839,0.7319160268421354,0.2869800772857486,0.32785357107287083
spatiotemporal_context,64.0,mito_support,0.0,0.7576806199797057,0.7543186965829916,0.30155303069682515,0.2956415774494913
spatiotemporal_context,66.0,mito_support,0.0,0.7515308292624345,0.7768193912777751,0.3164147779906192,0.26239407492916594
spatiotemporal_context,68.0,mito_support,0.0,0.7450161434208369,0.7994213026946013,0.33156866508087857,0.2281006820877501
spatiotemporal_context,70.0,mito_support,0.0,0.7381309599983044,0.8221276521561416,0.3470181152601357,0.19275082332581084
spatiotemporal_context,72.0,mito_support,0.0,0.7308696077477286,0.8449416913829383,0.36276662989085195,0.15633372585551306
foundation_representation,0.0,mito_support,0.78,0.8,0.12,0.1,0.82
foundation_representation,2.0,mito_support,0.7531425777777778,0.8022718222222223,0.1349211111111111,0.0974,0.8169291111111111
foundation_representation,4.0,mito_support,0.7262591443274075,0.8043854402479013,0.14991159442716048,0.0953134236691358,0.8133009332135308
foundation_representation,6.0,mito_support,0.6993461470830642,0.8063375278297862,0.16497765342621956,0.09374100927927091,0.8090973455417985
foundation_representation,8.0,mito_support,0.6723998997969931,0.8081246091016172,0.18012549877518488,0.09268364552659196,0.8043000392989264
foundation_representation,10.0,mito_support,0.6454165819066922,0.8097430579467348,0.19536135092307946,0.09214237401987957,0.7988905110548967
foundation_representation,12.0,mito_support,0.6183922378486466,0.8111890973071396,0.21069144271919596,0.0921183918067484,0.792850056003247
foundation_representation,14.0,mito_support,0.5913227763178279,0.8124587984321608,0.22612202205676732,0.09261305393921443,0.7861597610734515
foundation_representation,16.0,mito_support,0.5642039694721566,0.813548080065878,0.24165935454286858,0.09362787607996874,0.7788004978967409
foundation_representation,18.0,mito_support,0.5370314520811112,0.8144527075724193,0.25730972619527315,0.09516453715075816,0.77075291562293
foundation_representation,20.0,mito_support,0.5098007206176524,0.815168291998246,0.27307944616700586,0.09722488202429548,0.7619974335857553
foundation_representation,22.0,mito_support,0.48250713229260994,0.8156902890705126,0.28897484949935465,0.09981092426114396,0.7525142338141493
foundation_representation,24.0,mito_support,0.45514590403067107,0.8160139981305727,0.3050022999041226,0.1029248488930444,0.7422832533868072
foundation_representation,26.0,mito_support,0.4277121113870824,0.8161345610016861,0.3211681925759229,0.10656901525417602,0.7312841766273273
foundation_representation,28.0,mito_support,0.40020068740416714,0.8160469607899549,0.33747895703533853,0.11074595986186692,0.719496427137127
foundation_representation,30.0,mito_support,0.3726064214067362,0.8157460206175047,0.3539410600037909,0.11545839934829435,0.7068991596632647
foundation_representation,32.0,mito_support,0.3449239577354562,0.8152264022869012,0.3705610083109812,0.12070923344474038,0.6934712517982116
foundation_representation,34.0,mito_support,0.3171477944172145,0.8144826048757714,0.38734535183579155,0.12650154801999422,0.6791912955085455
foundation_representation,36.0,mito_support,0.2892722817715052,0.8135089632605775,0.40430068648155276,0.13283861817451928,0.6640375884894492
foundation_representation,38.0,mito_support,0.2612916209518356,0.8122996465684708,0.4214336571866101,0.13972391139202966,0.6479881253418179
foundation_representation,40.0,mito_support,0.23319986242113533,0.810848656556125,0.43875096097113886,0.147161090750149,0.631020588568694
foundation_representation,42.0,mito_support,0.20499090436012557,0.8091498259144301,0.45625935002118667,0.15515401819185234,0.613112339387659
foundation_representation,44.0,mito_support,0.17665849100758574,0.8071968164978987,0.4739656348109405,0.1637067578594217,0.5942404083557279
foundation_representation,46.0,mito_support,0.14819621093143068,0.8049831174776151,0.4918766872642423,0.17282357949267443,0.574381485803199
foundation_representation,48.0,mito_support,0.11959749522948927,0.8025020434165302,0.5099994439563998,0.18250896189325524,0.5535119120728217
foundation_representation,50.0,mito_support,0.09085561565885038,0.7997467322658784,0.5283409093573652,0.19276759645681302,0.5316076675605512
foundation_representation,52.0,mito_support,0.06196368269261803,0.7967101432814672,0.5469081591173767,0.20360439077491566,0.508644362554066
foundation_representation,54.0,mito_support,0.03291464350289228,0.7933850548585607,0.5657083433961875,0.21502447230858895,0.4845972268651234
foundation_representation,56.0,mito_support,0.0037012798687662343,0.789764062284052,0.5847486902370289,0.22703319213539866,0.4594410992517356
foundation_representation,58.0,mito_support,0.0,0.7858395754045878,0.6040365089864825,0.23963612877202947,0.43315041662604153
foundation_representation,60.0,mito_support,0.0,0.7816038162092802,0.6234307985072879,0.2525237521592261,0.4059306996401675
foundation_representation,62.0,mito_support,0.0,0.7770514924262661,0.6429132844697443,0.2656536725832099,0.3778043461156675
foundation_representation,64.0,mito_support,0.0,0.7721776244375671,0.6624866232558752,0.27902890519596063,0.34876220284610254
foundation_representation,66.0,mito_support,0.0,0.7669771731818448,0.6821534986745793,0.2926525319510649,0.3187949442898392
foundation_representation,68.0,mito_support,0.0,0.7614450391109752,0.7019166226827648,0.30652770223421294,0.2878930698446396
foundation_representation,70.0,mito_support,0.0,0.7555760611279543,0.7217787361116192,0.3206576335098369,0.2560469010844038
foundation_representation,72.0,mito_support,0.0,0.749365015505934,0.741742609398198,0.33504561198406013,0.22324657895740804
prospective_calibration,0.0,mito_support,0.78,0.8,0.12,0.1,0.82
prospective_calibration,2.0,mito_support,0.7525988888888889,0.8022244444444445,0.1349211111111111,0.09750688888888889,0.8170937777777777
prospective_calibration,4.0,mito_support,0.7251721711481482,0.8042947483703704,0.1499160480987654,0.0955134565308642,0.8136542482227159
prospective_calibration,6.0,mito_support,0.6977163247280201,0.8062077472407971,0.16499082726362618,0.0940204041432899,0.8096647002086073
prospective_calibration,8.0,mito_support,0.6702277002930258,0.8079601392517926,0.18015147213983826,0.0930285733369626,0.805108251473508
prospective_calibration,10.0,mito_support,0.6427025206405824,0.809548484776685,0.19540401592805517,0.09253894834174448,0.7999678428127
prospective_calibration,12.0,mito_support,0.6151368800705955,0.8109692057576439,0.21075450395036524,0.09255265826600018,0.7942262321497893
prospective_calibration,14.0,mito_support,0.5875267437053423,0.8122185850439257,0.22620899612773582,0.09307097939100449,0.7878659884840246
prospective_calibration,16.0,mito_support,0.559867946758947,0.8132927656760678,0.24177356948061102,0.09409533750150535,0.7808694857118639
prospective_calibration,18.0,mito_support,0.5321561937557372,0.8141877501152963,0.2574543206533145,0.09562731025364427,0.7732188963207608
prospective_calibration,20.0,mito_support,0.5043870576967542,0.8148993994174045,0.2732573684629252,0.09766862958145481,0.7648961849530838
prospective_calibration,22.0,mito_support,0.47655597917367926,0.8154234323503363,0.2891888564733113,0.10022118414317831,0.7558831018380227
prospective_calibration,24.0,mito_support,0.44865826542942006,0.8157554244547,0.3052549555950232,0.10328702180865519,0.7461611760892775
prospective_calibration,26.0,mito_support,0.4206890893645878,0.8158908070464169,0.32146186671176635,0.10686835218906973,0.7357117088662635
prospective_calibration,28.0,mito_support,0.39264348848908026,0.8158248661606968,0.3378158233341887,0.11096754921034636,0.7245157663965033
prospective_calibration,30.0,mito_support,0.36451636381796926,0.8155527414365111,0.3543230942817387,0.11558715373151583,0.7125541728568164
prospective_calibration,32.0,mito_support,0.33630247871087565,0.8150694249407213,0.37098998639336556,0.12072987620939078,0.6998075031108494
prospective_calibration,34.0,mito_support,0.30799645765399697,0.814369759931,0.3878228472678531,0.12639859941091153,0.686256075300426
prospective_calibration,36.0,mito_support,0.27959278498393664,0.8134484395566636,0.4048280680345967,0.132596381174545,0.6718799432881309
prospective_calibration,38.0,mito_support,0.25108580355246507,0.8123000054965183,0.42201208615565206,0.13932645722214212,0.6566588889484709
prospective_calibration,40.0,mito_support,0.22246971333132595,0.8109188465328008,0.43938138825990314,0.14659224402268195,0.6405724143048896
prospective_calibration,42.0,mito_support,0.19373856995618066,0.8092991970602748,0.45694251301021765,0.1543973417093544,0.623599733509843
prospective_calibration,44.0,mito_support,0.16488628320876642,0.8074351355295254,0.47470205400447657,0.16274553705145758,0.6057197646650676
prospective_calibration,46.0,mito_support,0.13590661543632282,0.8053205828234726,0.492666662711386,0.1716408064826102,0.5869111214791056
prospective_calibration,48.0,mito_support,0.10679317990732204,0.8029493005661018,0.5108430514419993,0.1810873191868048,0.5671521047590725
prospective_calibration,50.0,mito_support,0.07753943910251691,0.8003148893623904,0.5292379963578988,0.19108944024385321,0.5464206937335799
prospective_calibration,52.0,mito_support,0.04813870294030036,0.7974107869683851,0.5478583405170081,0.20165173383580245,0.5246945372036491
prospective_calibration,54.0,mito_support,0.018584126935347525,0.7942302663903618,0.5667109969580256,0.21277896651592546,0.5019509445183715
prospective_calibration,56.0,mito_support,0.0,0.7907664339119777,0.5858029518244963,0.22447611054191943,0.4781668763719938
prospective_calibration,58.0,mito_support,0.0,0.7870122270482992,0.605076953411228,0.23661714647358456,0.45341347717296465
prospective_calibration,60.0,mito_support,0.0,0.782961516055838,0.6244304193778354,0.24898611431640466,0.42783172427584487
prospective_calibration,62.0,mito_support,0.0,0.7786098969090667,0.6438658612669669,0.2615856496127351,0.40141369454073816
prospective_calibration,64.0,mito_support,0.0,0.7739529139410389,0.6633858139104147,0.27441844637323964,0.37415131887653513
prospective_calibration,66.0,mito_support,0.0,0.7689860589847594,0.6829928360628763,0.2874872575860599,0.3460363800283464
prospective_calibration,68.0,mito_support,0.0,0.7637047704993777,0.7026895110396781,0.30079489573919954,0.31706051033516214
prospective_calibration,70.0,mito_support,0.0,0.7581044326810559,0.7224784473586106,0.31434423335625056,0.28721518945724084
prospective_calibration,72.0,mito_support,0.0,0.7521803745583526,0.7423622793860228,0.3281382035455932,0.2564917420727243
dynamic_state,0.0,combo_recovery,0.78,0.8,0.12,0.1,0.82
dynamic_state,2.0,combo_recovery,0.7504241333333334,0.7840533333333334,0.1349211111111111,0.09713277777777779,0.8108855555555555
dynamic_state,4.0,combo_recovery,0.7207818096074075,0.7679822743209876,0.1499240201,0.09504074470172841,0.8010704914414815
dynamic_state,6.0,combo_recovery,0.6910682589158622,0.751782515217846,0.165018333159634,0.09372435460056648,0.7905263469791808
dynamic_state,8.0,combo_recovery,0.6612784760540599,0.7354495161413889,0.18021365492541727,0.09318430252014562,0.7792243855493817
dynamic_state,10.0,combo_recovery,0.6526232196590523,0.7317473932180322,0.18186959280192716,0.09342152922100054,0.783501139040748
dynamic_state,12.0,combo_recovery,0.6440129889829317,0.7280689977415857,0.18357247166754795,0.09383376679947393,0.7875981228921685
dynamic_state,14.0,combo_recovery,0.6354461335305558,0.724412798538666,0.1853240106092184,0.09442022022897695,0.7915090316193208
dynamic_state,16.0,combo_recovery,0.6269209560118036,0.7207772186346859,0.18712592228109767,0.0951801588248334,0.7952275329347813
dynamic_state,18.0,combo_recovery,0.6184357123934815,0.7171606353201365,0.1889799139881415,0.09611291698857555,0.7987472650527002
dynamic_state,20.0,combo_recovery,0.6099886119257708,0.7135613801916655,0.19088768877460396,0.0972178949637144,0.8020618339453975
dynamic_state,22.0,combo_recovery,0.6015778171429718,0.7099777391677224,0.1928509465177346,0.09849455960359756,0.8051648105511002
dynamic_state,24.0,combo_recovery,0.5932014438382893,0.706407952478536,0.19487138502694978,0.09994244515197497,0.8080497279320102
dynamic_state,26.0,combo_recovery,0.5848575610124033,0.7028502146301816,0.1969507011487638,0.10156115403690016,0.8107100783818628
dynamic_state,28.0,combo_recovery,0.5765441907955565,0.6993026743424896,0.19909059187777467,0.10335035767860233,0.8131393104821042
dynamic_state,30.0,combo_recovery,0.5682593083428898,0.695763434460542,0.20129275547400677,0.10530979731197228,0.8153308261057821
dynamic_state,32.0,combo_recovery,0.5600008417027433,0.6922305518394932,0.20355889258692203,0.1074392848243137,0.8172779773682144
dynamic_state,34.0,combo_recovery,0.5517666716576386,0.6887020372024469,0.2058907073864186,0.10973870360901922,0.8189740635234646
dynamic_state,36.0,combo_recovery,0.5435546315376473,0.6851758549711136,0.20828990870114536,0.11220800943583956,0.8204123278056207
dynamic_state,38.0,combo_recovery,0.5353625070058439,0.6816499230689627,0.2107582111644693,0.1148472313384229,0.8215859542138405
dynamic_state,40.0,combo_recovery,0.5271880358155343,0.6781221126965793,0.21329733636844114,0.1176564725198108,0.8224880642400896
dynamic_state,42.0,combo_recovery,0.5190289075389403,0.6745902480789245,0.21590901402611415,0.12063591127658634,0.8231117135384647
dynamic_state,44.0,combo_recovery,0.5108827632670149,0.671052106184191,0.2185949831425796,0.12378580194237988,0.8234498885349587
dynamic_state,46.0,combo_recovery,0.5027471952800522,0.6675054164139366,0.2213569931950923,0.12710647585144805,0.8234955029764862
dynamic_state,48.0,combo_recovery,0.494619746688748,0.6639478602641707,0.22419680532266806,0.1305983423230514,0.8232413944179526
dynamic_state,50.0,combo_recovery,0.4864979110453565,0.6603770709570574,0.22711619352554535,0.13426188966736752,0.8226803206461105
dynamic_state,52.0,combo_recovery,0.47837913192458076,0.6567906330428909,0.2301169458749126,0.13809768621368637,0.8218049560389097
dynamic_state,54.0,combo_recovery,0.4702608024738227,0.6531860819719894,0.23320086573331256,0.14210638136164677,0.8206078878590073
dynamic_state,56.0,combo_recovery,0.4621402649324098,0.6495609036361427,0.23636977298614484,0.14628870665628388,0.819081612480065
dynamic_state,58.0,combo_recovery,0.4540148101194042,0.6459125338792393,0.23962550528469864,0.1506454768876697,0.8172185315444187
dynamic_state,60.0,combo_recovery,0.4458816768895895,0.6422383579766868,0.24296991930115708,0.1551775912159407,0.8150109480506665
dynamic_state,62.0,combo_recovery,0.4377380515572198,0.6385357100832315,0.24640489199602544,0.15988603432251977,0.8124510623696762
dynamic_state,64.0,combo_recovery,0.42958106728710316,0.634801872648768,0.2499323218984468,0.16477187758835146,0.809530968187473
dynamic_state,66.0,combo_recovery,0.42140780345258166,0.6310340758017219,0.25355413039987834,0.16983628029998446,0.8062426483734227
dynamic_state,68.0,combo_recovery,0.41321528495995624,0.6272294966995743,0.25727226306161366,0.17508049088434732,0.8025779707720818
dynamic_state,70.0,combo_recovery,0.4050004815388936,0.6233852588460861,0.261088690936647,0.1805058481730787,0.7985286839170408
dynamic_state,72.0,combo_recovery,0.39676030699833964,0.6194984313747672,0.26500541190638716,0.18611378269728698,0.7940864126650399
multimodal_fusion,0.0,combo_recovery,0.78,0.8,0.12,0.1,0.82
multimodal_fusion,2.0,combo_recovery,0.7525988888888889,0.7821570666666667,0.1362510111111111,0.0974,0.8116944444444444
multimodal_fusion,4.0,combo_recovery,0.7251313701666667,0.7641670768274569,0.15258110890185184,0.09551171554197531,0.8027149346234568
multimodal_fusion,6.0,combo_recovery,0.6975932184990425,0.7460254326187804,0.16899995073275142,0.0943356944964691,0.7930376918400127
multimodal_fusion,8.0,combo_recovery,0.6699800166742462,0.7277273051650736,0.18551719303278333,0.09387270002715661,0.7826386776286041
multimodal_fusion,10.0,combo_recovery,0.6619315992462066,0.7235687892966159,0.187263995392351,0.09412371415922029,0.7863713626574241
multimodal_fusion,12.0,combo_recovery,0.6539211963775601,0.719432489282344,0.1890585362652822,0.09453138743354124,0.7899408719226257
multimodal_fusion,14.0,combo_recovery,0.6459473832220559,0.7153168055880066,0.19090250038974121,0.09509511546550843,0.7933419640514178
multimodal_fusion,16.0,combo_recovery,0.6380086976276808,0.7112200941847506,0.1927975673051357,0.09581434931118277,0.7965693679770649
multimodal_fusion,18.0,combo_recovery,0.6301036401373556,0.7071406665681066,0.19474541234778364,0.09668859604316256,0.7996177808466143
multimodal_fusion,20.0,combo_recovery,0.6222306739703505,0.7030767897537,0.19674770765068703,0.0977174193371401,0.802481865890669
multimodal_fusion,22.0,combo_recovery,0.6143882249842375,0.6990266862494904,0.19880612314766202,0.09890044006960243,0.8051562502545903
multimodal_fusion,24.0,combo_recovery,0.606574681617199,0.694988534004328,0.20092232758208176,0.1002373369271353,0.8076355227904892
multimodal_fusion,26.0,combo_recovery,0.5987883948105002,0.6909604663326177,0.2030979895204938,0.10172784702779458,0.8099142318093493
multimodal_fusion,28.0,combo_recovery,0.5910276779109349,0.6869405718148683,0.20533477837138128,0.10337176655501569,0.8119868827925938
multimodal_fusion,30.0,combo_recovery,0.5832908065530427,0.6829268941739054,0.20763436540934319,0.10516895140453741,0.8138479360623939
multimodal_fusion,32.0,combo_recovery,0.5755760185208941,0.6789174321265122,0.20999842480497535,0.10711931784482295,0.815491804409988
multimodal_fusion,34.0,combo_recovery,0.5678815135892349,0.6749101392102638,0.21242863466074133,0.10922284319146724,0.8169128506812586
multimodal_fusion,36.0,combo_recovery,0.5602054533437713,0.670902923585306,0.21492667805312848,0.11147956649608647,0.8181053853187908
multimodal_fusion,38.0,combo_recovery,0.5525459609803769,0.6668936478108307,0.21749424408139176,0.11388958925019231,0.8190636638596115
multimodal_fusion,40.0,combo_recovery,0.5449011210829933,0.6628801285959842,0.2201330289231947,0.11645307610456065,0.8197818843877822
multimodal_fusion,42.0,combo_recovery,0.5372689793799887,0.6588601365249447,0.22284473689746426,0.11917025560461154,0.8202541849409964
multimodal_fusion,44.0,combo_recovery,0.5296475424787385,0.6548313957558937,0.22563108153478337,0.12204142094232477,0.8204746408703033
multimodal_fusion,46.0,combo_recovery,0.5220347775781757,0.6507915836935982,0.2284937866556526,0.12506693072522296,0.8204372621520551
multimodal_fusion,48.0,combo_recovery,0.5144286121590644,0.6467383306353156,0.23143458745695925,0.12824720976296214,0.8201359906511511
multimodal_fusion,50.0,combo_recovery,0.5068269336517297,0.6426692193897195,0.23445523160700069,0.13158274987207733,0.8195646973346182
multimodal_fusion,52.0,combo_recovery,0.49922758908098125,0.6385817848685434,0.23755748034941565,0.1350741106994398,0.8187171794345496
multimodal_fusion,54.0,combo_recovery,0.4916283846879538,0.634473513650623,0.24074310961638543,0.13872192056499036,0.8175871575593843
multimodal_fusion,56.0,combo_recovery,0.48402708552858315,0.6303418435180147,0.2440139111514748,0.1425268773243223,0.8161682727524929
multimodal_fusion,58.0,combo_recovery,0.4764214150484281,0.6261841629638566,0.24737169364249093,0.14648974925169655,0.8144540834969973
multimodal_fusion,60.0,combo_recovery,0.4688090546335401,0.6219978106716267,0.2508182838647459,0.15061137594408092,0.8124380626657268
multimodal_fusion,62.0,combo_recovery,0.4611876431370756,0.617780074965449,0.25435552783511833,0.1548926692468142,0.8101135944151829
multimodal_fusion,64.0,combo_recovery,0.45355477638133695,0.6135281932310809,0.2579852919773163,0.15933461420150702,0.8074739710223539
multimodal_fusion,66.0,combo_recovery,0.44590800663491953,0.6092393513072135,0.26170946429875447,0.1639382700167998,0.8045123896631878
multimodal_fusion,68.0,combo_recovery,0.4382448420646342,0.604910682846698,0.26552995557946524,0.16870477106260948,0.8012219491315042
multimodal_fusion,70.0,combo_recovery,0.43056274616186446,0.6005392686473068,0.26944870057347414,0.17363532788850705,0.7975956464970889
multimodal_fusion,72.0,combo_recovery,0.42285913714301027,0.5961221359516239,0.2734676592230785,0.17873122826687862,0.7936263737016854
intervention_generalization,0.0,combo_recovery,0.78,0.8,0.12,0.1,0.82
intervention_generalization,2.0,combo_recovery,0.7525988888888889,0.7840533333333334,0.1349211111111111,0.0974,0.8116944444444444
intervention_generalization,4.0,combo_recovery,0.7251409750000001,0.7679869479012346,0.14991473574074074,0.0954779925308642,0.8027623891975308
intervention_generalization,6.0,combo_recovery,0.697622319969736,0.7517970277949795,0.16498926446997256,0.09423420693648835,0.7931813774308814
intervention_generalization,8.0,combo_recovery,0.6700388093071628,0.7354795684165807,0.18015308315139272,0.09366906223569799,0.7829287396673875
intervention_generalization,10.0,combo_recovery,0.6649194851688718,0.7348037093058425,0.1802479096059096,0.09378317017359998,0.7868593638125683
intervention_generalization,12.0,combo_recovery,0.6598406728939696,0.7341521792410151,0.18037337294071065,0.09396681016873702,0.7907212930415525
intervention_generalization,14.0,combo_recovery,0.6548016080192985,0.7335242279436208,0.1805299821532202,0.09421942116518106,0.79451221670353
intervention_generalization,16.0,combo_recovery,0.6498015118157426,0.7329190900827836,0.18071824193119457,0.09454046663832812,0.7982298253913769
intervention_generalization,18.0,combo_recovery,0.6448395913780551,0.73233598537412,0.18093865305190043,0.0949294347558956,0.801871810065282
intervention_generalization,20.0,combo_recovery,0.6399150397064145,0.731774118669752,0.1811917127813094,0.09538583854156775,0.805435861164817
intervention_generalization,22.0,combo_recovery,0.635027035779673,0.7312326800394032,0.1814779152733891,0.09590921604145806,0.8089196677092836
intervention_generalization,24.0,combo_recovery,0.6301747446202589,0.7307108448425452,0.18179775196957276,0.09649913049355938,0.8123209163861644
intervention_generalization,26.0,combo_recovery,0.6253573173506922,0.7302077737915531,0.18215171199849206,0.09715517050035295,0.8156372906274978
intervention_generalization,28.0,combo_recovery,0.6205738912416734,0.7297226130058333,0.18254028257605895,0.09787695020474955,0.8188664696739859
intervention_generalization,30.0,combo_recovery,0.615823589751701,0.7292544940568805,0.18296394940598515,0.09866410946953673,0.8220061276266419
intervention_generalization,32.0,combo_recovery,0.6111055225581751,0.7288025340042216,0.1834231970808297,0.09951631406050791,0.8250539324857706
intervention_generalization,34.0,combo_recovery,0.6064187855799379,0.7283658354222013,0.1839185094836668,0.10043325583345046,0.8280075451770705
intervention_generalization,36.0,combo_recovery,0.6017624609912069,0.7279434864175636,0.18445037019046906,0.10141465292517124,0.8308646185646374
intervention_generalization,38.0,combo_recovery,0.5971356172268476,0.7275345606377784,0.18501926287330223,0.10246024994873996,0.833622796450641
intervention_generalization,40.0,combo_recovery,0.5925373089789361,0.7271381172700659,0.18562567170443084,0.10356981819313207,0.8362797125614374
intervention_generalization,42.0,combo_recovery,0.5879665771845574,0.7267532010310628,0.18627008176143556,0.10474315582745475,0.8388329895198734
intervention_generalization,44.0,combo_recovery,0.5834224490047842,0.7263788421470775,0.18695297943344558,0.10598008810994132,0.8412802378035277
intervention_generalization,46.0,combo_recovery,0.5789039377947791,0.7260140563248769,0.18767485282859145,0.10728046760190124,0.843619054688628
intervention_generalization,48.0,combo_recovery,0.5744100430649591,0.7256578447129458,0.18843619218278615,0.10864417438681456,0.8458470231793724
intervention_generalization,50.0,combo_recovery,0.569939750433163,0.7253091938531568,0.18923749026994444,0.11007111629476198,0.8479617109223762
intervention_generalization,52.0,combo_recovery,0.5654920315677563,0.724967075622788,0.1900792428137526,0.11156122913238342,0.8499606691059535
intervention_generalization,54.0,combo_recovery,0.5610658441216078,0.7246304471668209,0.19096194890110352,0.11311447691856032,0.8518414313439387
intervention_generalization,56.0,combo_recovery,0.5566601316568701,0.7242982508204517,0.19188611139731368,0.11473085212601879,0.8536015125437388
intervention_generalization,58.0,combo_recovery,0.5522738235604924,0.7239694140217428,0.19285223736324203,0.11641037592905332,0.8552384077583
intervention_generalization,60.0,combo_recovery,0.5479058349503929,0.7236428492143419,0.19386083847443197,0.11815309845757273,0.8567495910216638
intervention_generalization,62.0,combo_recovery,0.5435550665722152,0.7233174537401924,0.1949124314424011,0.11995909905767277,0.8581325141677774
intervention_generalization,64.0,combo_recovery,0.5392204046865898,0.7229921097221548,0.1960075384382055,0.12182848655894185,0.859384605632211
intervention_generalization,66.0,combo_recovery,0.5349007209468206,0.7226656839364576,0.19714668751840758,0.12376139954870943,0.8605032692364293
intervention_generalization,68.0,combo_recovery,0.5305948722669124,0.7223370276748935,0.19833041305357973,0.1257580066534487,0.86148588295425
intervention_generalization,70.0,combo_recovery,0.5263017006798528,0.7220049765966722,0.19955925615947812,0.12781850682754828,0.8623297976601144
intervention_generalization,72.0,combo_recovery,0.52202003318606,0.7216683505698382,0.20083376513102352,0.12994312964967045,0.8630323358587846
spatiotemporal_context,0.0,combo_recovery,0.78,0.8,0.12,0.1,0.82
spatiotemporal_context,2.0,combo_recovery,0.7525988888888889,0.7840533333333334,0.13781,0.0974,0.8114777777777777
spatiotemporal_context,4.0,combo_recovery,0.7251188589506173,0.7679606590123458,0.15568208141975307,0.09551554808641975,0.8022183973765432
spatiotemporal_context,6.0,combo_recovery,0.6975554876678841,0.7517177071117833,0.17362526139219475,0.09434710174156379,0.7921984387838306
spatiotemporal_context,8.0,combo_recovery,0.6699041680542241,0.7353200096614538,0.1916485556575799,0.09389532532314886,0.7813942252713695
spatiotemporal_context,10.0,combo_recovery,0.6618045522914027,0.7315317887791009,0.1950998710631929,0.09416109328040989,0.7846595928235948
spatiotemporal_context,12.0,combo_recovery,0.6537281255423192,0.727746202751165,0.19858878420527942,0.09460304515038882,0.787711688111694
spatiotemporal_context,14.0,combo_recovery,0.6456733002899124,0.7239616839760965,0.20211718848019564,0.09522072593901248,0.7905447990135474
spatiotemporal_context,16.0,combo_recovery,0.6376384480719202,0.7201766211003217,0.20568697403303776,0.09601373998645628,0.7931531702952652
spatiotemporal_context,18.0,combo_recovery,0.6296218994031278,0.7163893589553235,0.20930002873444775,0.09698175159251554,0.7955310013688104
spatiotemporal_context,20.0,combo_recovery,0.6216219436778876,0.7125981984735283,0.21295823916201895,0.09812448565391696,0.7976724440082361
spatiotemporal_context,22.0,combo_recovery,0.613636829052706,0.7088013965827952,0.21666349158654585,0.09944172831401275,0.7995716000238816
spatiotemporal_context,24.0,combo_recovery,0.6056647623086953,0.7049971660793007,0.2204176729633675,0.10093332762530591,0.8012225188938454
spatiotemporal_context,26.0,combo_recovery,0.5977039086936762,0.7011836754786074,0.22422267192906026,0.10259919422526094,0.8026191953520352
spatiotemporal_context,28.0,combo_recovery,0.5897523917437175,0.6973590488446946,0.2280803798037409,0.10443930202586055,0.803755566932069
spatiotemporal_context,30.0,combo_recovery,0.5818082930838901,0.6935213655967305,0.23199269159924787,0.10645368891737503,0.8046255114662813
spatiotemporal_context,32.0,combo_recovery,0.5738696522080089,0.689668660293354,0.23596150703347366,0.10864245748681753,0.8052228445390643
spatiotemporal_context,34.0,combo_recovery,0.5659344662371306,0.6857989223942303,0.239988731551128,0.11100577575156512,0.8055413168937496
spatiotemporal_context,36.0,combo_recovery,0.5580006896565689,0.6819100959986386,0.24407627735121748,0.11354387790863214,0.8055746117922127
spatiotemporal_context,38.0,combo_recovery,0.550066234031183,0.6780000795608435,0.2482260644215339,0.11625706510008961,0.8053163423263591
spatiotemporal_context,40.0,combo_recovery,0.5421289676986895,0.674066725581995,0.25244002158044926,0.11914570619513128,0.8047600486806252
spatiotemporal_context,42.0,combo_recovery,0.5341867154407401,0.6701078402782953,0.2567200875263232,0.12221023858929461,0.8038991953446009
spatiotemporal_context,44.0,combo_recovery,0.526237258131505,0.6661211832251643,0.26106821189483354,0.12545116902135228,0.8027271682748571
spatiotemporal_context,46.0,combo_recovery,0.5182783323634889,0.6621044669771285,0.265486356324549,0.12886907440839757,0.8012372720050361
spatiotemporal_context,48.0,combo_recovery,0.5103076300503059,0.6580553566631497,0.26997649553106884,0.1324646026996551,0.7994227267032317
spatiotemporal_context,50.0,combo_recovery,0.5023227980061297,0.6539714695571044,0.2745406183900618,0.13623847374955642,0.7972766651756648
spatiotemporal_context,52.0,combo_recovery,0.49432143750152757,0.6498503746231159,0.27918072902954294,0.1401914802106281,0.7947921298156294
spatiotemporal_context,54.0,combo_recovery,0.48630110379538233,0.6456895920354334,0.2838988479317357,0.14432448844674914,0.7919620694966568
spatiotemporal_context,56.0,combo_recovery,0.47825930564259495,0.6414865926725445,0.2886970130448718,0.14863843946734248,0.7887793364088169
spatiotemporal_context,58.0,combo_recovery,0.4701935047772569,0.6372387975852001,0.29357728090529045,0.1531343498830754,0.7852366828370486
spatiotemporal_context,60.0,combo_recovery,0.46210111537097043,0.6329435774380218,0.29854172777020604,0.15781331288365166,0.7813267578803792
spatiotemporal_context,62.0,combo_recovery,0.4539795034659882,0.6285982519243516,0.30359245076151953,0.16267649923828917,0.7770421041108647
spatiotemporal_context,64.0,combo_recovery,0.44582598638283505,0.6242000891539988,0.3087315690210584,0.16772515831948498,0.7723751541710524
spatiotemporal_context,66.0,combo_recovery,0.4376378321020666,0.6197463050135263,0.31396122487763745,0.17296061915068114,0.767318227308735
spatiotemporal_context,68.0,combo_recovery,0.42941225861981,0.6152340624987107,0.31928358502633963,0.1783842914784537,0.7618635258477348
spatiotemporal_context,70.0,combo_recovery,0.421146433276724,0.6106604710188018,0.3247008417204266,0.18399766686985852,0.7560031315934242
spatiotemporal_context,72.0,combo_recovery,0.4128374720600059,0.6060225856721967,0.33021521397629505,0.18980231983557797,0.7497290021716569
foundation_representation,0.0,combo_recovery,0.78,0.8,0.12,0.1,0.82
foundation_representation,2.0,combo_recovery,0.7531425777777778,0.7837372888888889,0.1349211111111111,0.0974,0.8113708888888889
foundation_representation,4.0,combo_recovery,0.7262276724380248,0.7673505473841976,0.14991159442716048,0.09547405629135802,0.8020931881757036
foundation_representation,6.0,combo_recovery,0.6992513280991568,0.7508357877684452,0.16497980747544216,0.09422241731559575,0.7921437197418424
foundation_representation,8.0,combo_recovery,0.6722094127723386,0.7341888262473215,0.18013410350980497,0.0936455223945929,0.7814990827969167
foundation_representation,10.0,combo_recovery,0.6643491733224114,0.7304295490499071,0.18173283488717967,0.0937440048472805,0.7856085346198057
foundation_representation,12.0,combo_recovery,0.6565292712345151,0.7266939326041836,0.18337241693040476,0.09399200185241874,0.7895608246364497
foundation_representation,14.0,combo_recovery,0.6487483818289468,0.72298060414175,0.18505430476932247,0.09438880424198691,0.7933509188658973
foundation_representation,16.0,combo_recovery,0.6410051464069645,0.7192881533211493,0.18677994722583707,0.09493375248698592,0.7969737632214449
foundation_representation,18.0,combo_recovery,0.633298172304437,0.7156151323008204,0.18855078764270486,0.09562623717949444,0.8004242815903717
foundation_representation,20.0,combo_recovery,0.6256260329285604,0.7119600557931451,0.19036826471493992,0.09646569952246761,0.803697373881944
foundation_representation,22.0,combo_recovery,0.6179872677775053,0.7083214010994452,0.19223381332401904,0.09745163182765612,0.806787914043206
foundation_representation,24.0,combo_recovery,0.6103803824428534,0.7046976081257853,0.19414886537507406,0.09858357802202727,0.8096907480420587
foundation_representation,26.0,combo_recovery,0.60280384859468,0.7010870793794322,0.1961148506372647,0.09986113416307407,0.8124006918171052
foundation_representation,28.0,combo_recovery,0.5952561039491332,0.6974881799458151,0.19813319758752973,0.10128394896340209,0.8149125291937295
foundation_representation,30.0,combo_recovery,0.5877355522183598,0.6938992374458298,0.2002053342579193,0.1028517243249885,0.8172210097658482
foundation_representation,32.0,combo_recovery,0.58024056304262,0.6903185419733222,0.20233268908671645,0.10456421588351193,0.8193208467427632
foundation_representation,34.0,combo_recovery,0.5727694719044313,0.6867443460125848,0.2045166917735602,0.10642123356315672,0.8212067147605195
foundation_representation,36.0,combo_recovery,0.5653205800245786,0.6831748643356942,0.20675877413878882,0.10842264214229924,0.8228732476571544
foundation_representation,38.0,combo_recovery,0.5578921542398196,0.6796082738795102,0.20906037098722607,0.11056836183048963,0.8243150362112025
foundation_representation,40.0,combo_recovery,0.5504824268621132,0.6760427136021562,0.2114229209766387,0.11285836885714659,0.8255266258428041
foundation_representation,42.0,combo_recovery,0.5430895955191931,0.6724762843187929,0.21384786749109916,0.11529269607238857,0.8265025142767396
foundation_representation,44.0,combo_recovery,0.5357118229763027,0.6689070485164913,0.21633665951949252,0.1178714335604296,0.827237149166695
foundation_representation,46.0,combo_recovery,0.5283472369389042,0.6653330301480074,0.2188907525394121,0.12059472926597392,0.8277249256800406
foundation_representation,48.0,combo_recovery,0.5209939298361687,0.6617522144042545,0.2215116094066939,0.12346278963404876,0.8279601840423841
foundation_representation,50.0,combo_recovery,0.5136499585850485,0.6581625474652626,0.22420070125084546,0.12647588026372078,0.8279372070411365
foundation_representation,52.0,combo_recovery,0.5063133443347289,0.6545619362294096,0.2269595083766306,0.1296343265761474,0.8276502174873082
foundation_representation,54.0,combo_recovery,0.4989820721912492,0.6509482480207014,0.22978952117207702,0.13293851449742067,0.8270933756347286
foundation_representation,56.0,combo_recovery,0.49165409092207907,0.6473193102738728,0.23269224102318006,0.13638889115666725,0.8262607765558607
foundation_representation,58.0,combo_recovery,0.4843273126404282,0.6436729101970747,0.2356691812355812,0.13998596559987486,0.8251464474733575
foundation_representation,60.0,combo_recovery,0.47699961246906397,0.6400067944119058,0.23872186796350647,0.1437303095199224,0.8237443450464844
foundation_representation,62.0,combo_recovery,0.4696688281834027,0.6363186685705393,0.24185184114625605,0.14762255800329713,0.8220483526115071
foundation_representation,64.0,combo_recovery,0.46233275983363664,0.6326061969496921,0.24506065545254205,0.1516634102939901,0.8200522773751191
foundation_representation,66.0,combo_recovery,0.45498916934564954,0.6288670020211706,0.24834988123297863,0.15585363057506788,0.817749847559959
foundation_representation,68.0,combo_recovery,0.44763578010046967,0.6250986639987258,0.2517211054810341,0.160194048768426,0.8151347095012423
foundation_representation,70.0,combo_recovery,0.44027027649200035,0.6212987203609387,0.25517593280276224,0.16468556135323761,0.8122004246935048
foundation_representation,72.0,combo_recovery,0.432890303462762,0.6174646653498526,0.2587159863956355,0.16932913220361803,0.8089404667864305
prospective_calibration,0.0,combo_recovery,0.78,0.8,0.12,0.1,0.82
prospective_calibration,2.0,combo_recovery,0.7525988888888889,0.7840533333333334,0.1349211111111111,0.09750688888888889,0.8118562222222222
prospective_calibration,4.0,combo_recovery,0.7251419097160494,0.767987882617284,0.1499160480987654,0.09566464017530865,0.8030951616375308
prospective_calibration,6.0,combo_recovery,0.6976251645174895,0.7517998704471047,0.1649928583066462,0.09447347165127477,0.7936956453455896
prospective_calibration,8.0,combo_recovery,0.6700445889531806,0.7354853409827182,0.18015958521415623,0.0939337781251905,0.7836362991882388
prospective_calibration,10.0,combo_recovery,0.6620403962173906,0.7318090483526233,0.1817742715850238,0.09404613417999562,0.7874757628663028
prospective_calibration,12.0,combo_recovery,0.6540756294550524,0.7281542208430628,0.18343075307358733,0.09430316529690615,0.7911656366474041
prospective_calibration,14.0,combo_recovery,0.6461489801437849,0.7245195544195656,0.1851304272467822,0.09470422735065674,0.7947012875096549
prospective_calibration,16.0,combo_recovery,0.6382591076243169,0.7209037108758564,0.1868746862766989,0.09524872225630925,0.7980780631352271
prospective_calibration,18.0,combo_recovery,0.630404639144012,0.7173053178925213,0.18866491771101723,0.09593609839876448,0.8012912902248944
prospective_calibration,20.0,combo_recovery,0.622584169884934,0.7137229690790466,0.19050250524568021,0.09676585106933701,0.8043362727852642
prospective_calibration,22.0,combo_recovery,0.6147962629763345,0.7101552239991135,0.19238882949997582,0.09773752290971573,0.807208290388294
prospective_calibration,24.0,combo_recovery,0.6070394494914414,0.706600608179027,0.1943252687941986,0.09885070436363666,0.8099025964026704
prospective_calibration,26.0,combo_recovery,0.599312228428424,0.7030576130991574,0.196313199930067,0.1001050341365976,0.8124144161966124
prospective_calibration,28.0,combo_recovery,0.5916130666754069,0.6995246961682636,0.19835399897407685,0.10150019966394801,0.8147389453116495
prospective_calibration,30.0,combo_recovery,0.5839403989594003,0.6960002806805702,0.20044904204397548,0.10303593758769058,0.8168713476069048
prospective_calibration,32.0,combo_recovery,0.5762926277790137,0.6924827557554603,0.20259970609854458,0.10471203424233559,0.8188067533734017
prospective_calibration,34.0,combo_recovery,0.568668123320813,0.6889704762596467,0.2048073697308853,0.10652832615015181,0.8205402574178945
prospective_calibration,36.0,combo_recovery,0.5610652233591792,0.6854617627116781,0.20707341396540263,0.10848470052616281,0.822066917115709
prospective_calibration,38.0,combo_recovery,0.5534822331395228,0.6819549011686321,0.2093992230586902,0.11058109579324076,0.8233817504320605
prospective_calibration,40.0,combo_recovery,0.5459174252447025,0.6784481430948442,0.21178618530452248,0.11281750210765454,0.8244797339113028
prospective_calibration,42.0,combo_recovery,0.538369039444496,0.6749397052125168,0.21423569384316407,0.11519396189543289,0.8253558006335422
prospective_calibration,44.0,combo_recovery,0.5308352825279619,0.6714277693340468,0.2167491474752117,0.11771057039990813,0.8260048381380365
prospective_calibration,46.0,combo_recovery,0.523314328118532,0.6679104821759084,0.21932795148018852,0.12036747624081026,0.8264216863127786
prospective_calibration,48.0,combo_recovery,0.5158043164716652,0.6643859551539187,0.22197351844011515,0.1231648819852861,0.8266011352496486
prospective_calibration,50.0,combo_recovery,0.5083033542548925,0.6608522641597132,0.22468726906828668,0.12610304473122302,0.8265379230645012
prospective_calibration,52.0,combo_recovery,0.5008095143100737,0.6573074493182507,0.2274706330434896,0.12918227670326157,0.8262267336815334
prospective_calibration,54.0,combo_recovery,0.4933208353976888,0.6537495147261623,0.23032504984989774,0.13240294586188664,0.8256621945812638
prospective_calibration,56.0,combo_recovery,0.48583532192297296,0.6501764281707548,0.23325196962289074,0.1357654765259919,0.8248388745114325
prospective_calibration,58.0,combo_recovery,0.4783509436437074,0.6465861208294725,0.23625285400104448,0.13927035000931784,0.8237512811601135
prospective_calibration,60.0,combo_recovery,0.4708656353594671,0.6429764869496155,0.23932917698454703,0.14291810527116885,0.822393858790312
prospective_calibration,62.0,combo_recovery,0.4633772965821247,0.6393453835081088,0.24248242580029972,0.14670933958182128,0.8207609858352967
prospective_calibration,64.0,combo_recovery,0.45588379118740213,0.6356906298511086,0.2457141017739676,0.1506447092030392,0.8188469724539023
prospective_calibration,66.0,combo_recovery,0.4483829470472582,0.6320100073132278,0.24902572120924948,0.15472493008412172,0.8166460580450124
prospective_calibration,68.0,combo_recovery,0.4408725556428919,0.6283012588161544,0.2524188162746425,0.15895077857391077,0.814152408720415
prospective_calibration,70.0,combo_recovery,0.4333503716581381,0.6245620884464338,0.2558949358979826,0.16332309214919566,0.8113601147352
prospective_calibration,72.0,combo_recovery,0.4258141125530239,0.6207901610121759,0.2594556466690469,0.16784277015995658,0.8082631878748491
dynamic_state,0.0,pulsed_stress,0.78,0.8,0.12,0.1,0.82
dynamic_state,2.0,pulsed_stress,0.7537781333333333,0.7860033333333334,0.13311555555555554,0.09578222222222223,0.8123155555555555
dynamic_state,4.0,pulsed_stress,0.7275007044740741,0.7718991430246914,0.14628346856296295,0.09225480351901236,0.8040714128217283
dynamic_state,6.0,pulsed_stress,0.7011640131580231,0.757684129776971,0.15951234705495215,0.08941777509560604,0.7952426673675665
dynamic_state,8.0,pulsed_stress,0.6747641499367419,0.7433547877119794,0.17281078974212563,0.0872713725668442,0.7858041874923274
dynamic_state,10.0,pulsed_stress,0.6482969955874894,0.7289074038840989,0.18618738976493748,0.08581603988027646,0.7757306048751865
dynamic_state,12.0,pulsed_stress,0.6519442204376782,0.7318880577091669,0.18340073848369978,0.07289743329135684,0.7778663049995937
dynamic_state,14.0,pulsed_stress,0.6556133374024556,0.7348944386405782,0.18044446547427928,0.05990795474860537,0.780583709770988
dynamic_state,16.0,pulsed_stress,0.6593092203134406,0.7379312847900537,0.17731818662171028,0.0468448936575587,0.7838886888641593
dynamic_state,18.0,pulsed_stress,0.6630367650251717,0.7410033544021388,0.17402145775811648,0.033705432725365164,0.7877872736813829
dynamic_state,20.0,pulsed_stress,0.6366148908131727,0.7265654272363865,0.18680377344230592,0.032641646997963174,0.7794156626489426
dynamic_state,22.0,pulsed_stress,0.6101364880095379,0.7120204876523935,0.19967952955720758,0.032258973495670716,0.7703819341649167
dynamic_state,24.0,pulsed_stress,0.5835969002970353,0.6973642866993279,0.21265707783322607,0.03255807247981168,0.7606606306607105
dynamic_state,26.0,pulsed_stress,0.5569912641741863,0.6825923712999543,0.22574477485144756,0.03353982464999338,0.7502260398939081
dynamic_state,28.0,pulsed_stress,0.5303145080764318,0.6677000834742679,0.23895098592968028,0.035205335161587616,0.7390521847434552
dynamic_state,30.0,pulsed_stress,0.5337473514064812,0.6702325594732935,0.23603408904886544,0.025400937703544926,0.7399828127706324
dynamic_state,32.0,pulsed_stress,0.5371963572723988,0.6727865471550023,0.23298751498764506,0.015519727994540192,0.7413896779641203
dynamic_state,34.0,pulsed_stress,0.5406654505113965,0.6753658442997312,0.22981069555743766,0.00555970566639887,0.7432779512050289
dynamic_state,36.0,pulsed_stress,0.5441585784858323,0.6779742697741135,0.22650301738454073,0.0,0.7456529333325905
dynamic_state,38.0,pulsed_stress,0.5174937121652516,0.663065664597407,0.23936884025717842,0.0020148078639798395,0.7354934160113099
dynamic_state,40.0,pulsed_stress,0.4907613868332261,0.648040692818864,0.25236700424918046,0.004708573836132691,0.7245627946831431
dynamic_state,42.0,pulsed_stress,0.46395600214200755,0.63289417242725,0.2655057573220101,0.00808275903432803,0.712834742617474
dynamic_state,44.0,pulsed_stress,0.4370717493544272,0.6176207165318174,0.27879336794967047,0.012139062283673363,0.7002826417569146
dynamic_state,46.0,pulsed_stress,0.4101026101185364,0.6022147322411509,0.2922381291671762,0.016879424319055883,0.6868795715521102
dynamic_state,48.0,pulsed_stress,0.41322835514542283,0.6042204194464655,0.2895983626630827,0.01015103205763893,0.6854682975489351
dynamic_state,50.0,pulsed_stress,0.41635459658866436,0.6062335878412226,0.28686745908400013,0.0033478522994647734,0.6844195521458887
dynamic_state,52.0,pulsed_stress,0.419484305703296,0.6082570948743553,0.2840448264435835,0.0,0.6837374440570608
dynamic_state,54.0,pulsed_stress,0.4226204732706902,0.6102938165460166,0.28117319969291815,0.0,0.6833027343881253
dynamic_state,56.0,pulsed_stress,0.39557900188885653,0.5947955591653932,0.29454382262624085,0.005083251423864217,0.6701291283535561
dynamic_state,58.0,pulsed_stress,0.36844868610425496,0.5791612748139112,0.3080848133983257,0.010852306717724258,0.656065466150149
dynamic_state,60.0,pulsed_stress,0.3412229639242596,0.5633848356320541,0.32180449026270813,0.017309622311172335,0.6410841344883157
dynamic_state,62.0,pulsed_stress,0.3138950598630244,0.5474599042537052,0.3357112095080176,0.024457911756669386,0.625157181304817
dynamic_state,64.0,pulsed_stress,0.28645798330180966,0.5313799322757029,0.3498133697110425,0.03230015022558845,0.60825630348317
dynamic_state,66.0,pulsed_stress,0.28909052674543084,0.5326881586251143,0.34786941603911187,0.028684579085576145,0.6032228343074812
dynamic_state,68.0,pulsed_stress,0.29169731777315705,0.5339794261559612,0.34587288076988104,0.025006239917577316,0.5984260230669226
dynamic_state,70.0,pulsed_stress,0.2942803362617976,0.5352556191725568,0.34382333192117737,0.021265116941827727,0.5938684433456044
dynamic_state,72.0,pulsed_stress,0.2968415743672325,0.5365186337882247,0.34172032743773517,0.0174611435551632,0.5895527038774174
multimodal_fusion,0.0,pulsed_stress,0.78,0.8,0.12,0.1,0.82
multimodal_fusion,2.0,pulsed_stress,0.7557044444444445,0.7843410666666667,0.13428295555555556,0.09617222222222223,0.8129944444444444
multimodal_fusion,4.0,pulsed_stress,0.7313529916172841,0.7685547058644938,0.14861611548209877,0.0929779515851852,0.8054428019012345
multimodal_fusion,6.0,pulsed_stress,0.7069423256133914,0.7526373566415623,0.16300812859994784,0.0904173437467126,0.7973243143803312
multimodal_fusion,8.0,pulsed_stress,0.6824689601029854,0.7365852526264699,0.17746763546353755,0.08849073781072418,0.7886180072303421
multimodal_fusion,10.0,pulsed_stress,0.65792923775493,0.7203944214483188,0.19200327191958316,0.08719865943007317,0.7793026816543713
multimodal_fusion,12.0,pulsed_stress,0.6612693295931765,0.7237166840758282,0.18891117269755198,0.07549182395654264,0.7810569070482927
multimodal_fusion,14.0,pulsed_stress,0.6646298273408867,0.727068315407736,0.18565253425560022,0.06371726402866101,0.7833098186586566
multimodal_fusion,16.0,pulsed_stress,0.6680147413914487,0.7304540529849981,0.1822269231321495,0.05187255412910572,0.7860666849202183
multimodal_fusion,18.0,pulsed_stress,0.6714281012266753,0.7338786555408777,0.17863384971417373,0.039955181566959125,0.7893329063456939
multimodal_fusion,20.0,pulsed_stress,0.6469239565165295,0.7176909043241515,0.1925852671531286,0.039012545644503134,0.7814140196479183
multimodal_fusion,22.0,pulsed_stress,0.6223617851909685,0.7013749431214029,0.20662801104449732,0.038695832399070845,0.7728648964205225
multimodal_fusion,24.0,pulsed_stress,0.5977374958439984,0.6849262701070961,0.22077049362113463,0.03900579238931139,0.7636641720160132
multimodal_fusion,26.0,pulsed_stress,0.573046827648946,0.6683401798045393,0.23502113254971307,0.03994337207174526,0.7537902427474706
multimodal_fusion,28.0,pulsed_stress,0.5482853495498956,0.6516117622216974,0.24938835459973235,0.04150971700908105,0.7432212577324554
multimodal_fusion,30.0,pulsed_stress,0.5513984593824216,0.6543919019017308,0.24616809934730785,0.032656175132060795,0.7436351105517203
multimodal_fusion,32.0,pulsed_stress,0.5545259759781089,0.6571959382203691,0.2428213821369965,0.023730424445588625,0.7444602362196351
multimodal_fusion,34.0,pulsed_stress,0.5576711368920231,0.6600276738005671,0.2393476025519362,0.014730697711008307,0.7457011778260059
multimodal_fusion,36.0,pulsed_stress,0.5608371985733659,0.6628909327604706,0.23574611830347228,0.005655153559892304,0.747362584721582
multimodal_fusion,38.0,pulsed_stress,0.5360774372136061,0.6461335617298571,0.24972874427130784,0.007551875799129651,0.7377492159271074
multimodal_fusion,40.0,pulsed_stress,0.5112505565626209,0.6292387695609497,0.2638421923102569,0.010072748297933982,0.7274151380917094
multimodal_fusion,42.0,pulsed_stress,0.4863516900728783,0.6122011188622282,0.27809476557388935,0.013219232926233263,0.7163381536391795
multimodal_fusion,44.0,pulsed_stress,0.4613758005506079,0.5950149676382713,0.29249478744448026,0.01699300109042611,0.7044957972280232
multimodal_fusion,46.0,pulsed_stress,0.436317679078838,0.5776744680995121,0.3070506053388339,0.02139593710808589,0.691865326843532
multimodal_fusion,48.0,pulsed_stress,0.4391219438653688,0.5798295653817046,0.30405809455230975,0.015380141643492249,0.6901237146941214
multimodal_fusion,50.0,pulsed_stress,0.4419276320700988,0.5819946575071258,0.3009782213644221,0.009294059594860089,0.6886984434084913
multimodal_fusion,52.0,pulsed_stress,0.4447371972507961,0.5841726034578739,0.29781035165640274,0.0031367049652492795,0.6875930718929268
multimodal_fusion,54.0,pulsed_stress,0.44755310924747554,0.5863662810772028,0.2945538249520173,0.0,0.6868112327206667
multimodal_fusion,56.0,pulsed_stress,0.42242785473959227,0.5689225877339622,0.3089618461138965,0.0047357343359464635,0.6745583470885276
multimodal_fusion,58.0,pulsed_stress,0.39721847793649934,0.5513227418624702,0.3235394488602022,0.010101332651216868,0.661485258748668
multimodal_fusion,60.0,pulsed_stress,0.37191931890828617,0.5335603536520885,0.3382949799261776,0.016099111154352787,0.647568628519762
multimodal_fusion,62.0,pulsed_stress,0.34652454303309804,0.5156288243170827,0.3532368225483624,0.022731611067088098,0.6327848128537567
multimodal_fusion,64.0,pulsed_stress,0.3210281396057843,0.4975213445273574,0.3683734004442555,0.03000160224226457,0.6171098540613889
multimodal_fusion,66.0,pulsed_stress,0.32337392036635404,0.4988868927429781,0.36600068183478607,0.026862086851101377,0.6122194703276844
multimodal_fusion,68.0,pulsed_stress,0.325700111002562,0.5002388947843838,0.36357974273309557,0.023662427530831906,0.6075398510135681
multimodal_fusion,70.0,pulsed_stress,0.32800834826561437,0.5015792315085364,0.36111007575015114,0.020402572524838028,0.6030732216024741
multimodal_fusion,72.0,pulsed_stress,0.3303002795190517,0.5029097963068218,0.3585911643286155,0.017082427270915163,0.5988218401634398
intervention_generalization,0.0,pulsed_stress,0.78,0.8,0.12,0.1,0.82
intervention_generalization,2.0,pulsed_stress,0.7557044444444445,0.7860033333333334,0.13311555555555554,0.09617222222222223,0.8129944444444444
intervention_generalization,4.0,pulsed_stress,0.7313614228395062,0.7719030654938273,0.14627712709876542,0.09294836907407408,0.8054844447530863
intervention_generalization,6.0,pulsed_stress,0.706967859686557,0.7576962572254836,0.15949223756146774,0.09032833857889233,0.7974503583068758
intervention_generalization,8.0,pulsed_stress,0.6825205227699624,0.7433798011968542,0.17276839922685874,0.08831219016021738,0.78887236655966
intervention_generalization,10.0,pulsed_stress,0.6580160227834438,0.7289504216837998,0.18611311665505798,0.08690014730131737,0.7797304685074653
intervention_generalization,12.0,pulsed_stress,0.6614008128989269,0.7319546741903076,0.183283889632921,0.0750426002404776,0.7817044740114872
intervention_generalization,14.0,pulsed_stress,0.6648052188326206,0.734984003339868,0.1802997383710053,0.06312349759237325,0.7841724969726573
intervention_generalization,16.0,pulsed_stress,0.6682331429699986,0.7380425155777673,0.17716035321629456,0.05114058945638894,0.7871392762395406
intervention_generalization,18.0,pulsed_stress,0.6716885032209844,0.7411343325841349,0.17386537546306804,0.03909154652924707,0.7906096710900925
intervention_generalization,20.0,pulsed_stress,0.6472252340139737,0.7267135923398661,0.18666439646545036,0.038023959431413415,0.7828886648888083
intervention_generalization,22.0,pulsed_stress,0.6227132567582525,0.7121893918841847,0.19954543451693008,0.0375519491140671,0.7745828687912001
intervention_generalization,24.0,pulsed_stress,0.5981487762125746,0.6975580152229165,0.21251578722847175,0.03767592578668047,0.7656721976131003
intervention_generalization,26.0,pulsed_stress,0.5735278420880325,0.6828155804870627,0.2255827528230772,0.038396471848767925,0.7561363710234696
intervention_generalization,28.0,pulsed_stress,0.5488463484760169,0.6679580393989728,0.23875363314351733,0.03971434461726755,0.7459549064583456
intervention_generalization,30.0,pulsed_stress,0.5520500332155763,0.6705311766734364,0.2357857366859941,0.03058047909482428,0.7468071118831225
intervention_generalization,32.0,pulsed_stress,0.5552685077548903,0.6731256676861618,0.23269790388271336,0.02137937966936098,0.7480705784007972
intervention_generalization,34.0,pulsed_stress,0.5585049610684938,0.6757448509499606,0.22948965690204912,0.012109363305870672,0.7497495005876936
intervention_generalization,36.0,pulsed_stress,0.5617625983015161,0.6783920812984413,0.2261604805487625,0.00276867874786328,0.7518481713969554
intervention_generalization,38.0,pulsed_stress,0.5370946415495353,0.6635207307192901,0.23895982146788752,0.004405505938008137,0.742670985231089
intervention_generalization,40.0,pulsed_stress,0.5123703001035624,0.6485391308758617,0.2518755651176506,0.006634566524833616,0.7328239410552465
intervention_generalization,42.0,pulsed_stress,0.4875850665978802,0.6334428007761095,0.2649148882431267,0.009456882895605524,0.722286317668487
intervention_generalization,44.0,pulsed_stress,0.46273427838882764,0.6182270936883955,0.27808498026856815,0.012873661219020673,0.7110371742914394
intervention_generalization,46.0,pulsed_stress,0.43781311675527884,0.6028871963614325,0.2913930464052075,0.016886294289258898,0.6990553428677369
intervention_generalization,48.0,pulsed_stress,0.440766606035083,0.6049681281756292,0.28859631078737635,0.010446364416743155,0.6980194202061469
intervention_generalization,50.0,pulsed_stress,0.44372364325212743,0.607059798558251,0.2857135418600026,0.003939035256076837,0.6973062599607579
intervention_generalization,52.0,pulsed_stress,0.44668670179561243,0.6091647792026661,0.282744202286251,0.0,0.6969192923304592
intervention_generalization,54.0,pulsed_stress,0.449658269822748,0.6112856569914182,0.2797201028342871,0.0,0.696778229696365
intervention_generalization,56.0,pulsed_stress,0.424690132877275,0.5958742698881866,0.292939754681743,0.0043010813300963695,0.6850586787346459
intervention_generalization,58.0,pulsed_stress,0.39964897042409464,0.5803362517390377,0.30630873696509864,0.009198605043465077,0.6725765294760836
intervention_generalization,60.0,pulsed_stress,0.3745295615453437,0.5646663595021444,0.31983425534775245,0.014694352676075804,0.6593101193097198
intervention_generalization,62.0,pulsed_stress,0.34932652697381905,0.5488591814580511,0.3335235415112576,0.02079030254516323,0.6452375339409232
intervention_generalization,64.0,pulsed_stress,0.3240343280227132,0.5329091361391248,0.3473838563923116,0.027488632782914826,0.6303365989859787
intervention_generalization,66.0,pulsed_stress,0.32659726544727236,0.5343604711862525,0.34517249345148726,0.023741724423703068,0.6262848713963284
intervention_generalization,68.0,pulsed_stress,0.3291435087929641,0.5358023204651237,0.3429083041968637,0.019935553435436664,0.6224581307094945
intervention_generalization,70.0,pulsed_stress,0.33167479979166703,0.5372364759822816,0.34059084823141744,0.016069934256156573,0.6188586980075855
intervention_generalization,72.0,pulsed_stress,0.33419289047701406,0.5386647405006061,0.3382196744068194,0.01214463935350697,0.6154889294230479
spatiotemporal_context,0.0,pulsed_stress,0.78,0.8,0.12,0.1,0.82
spatiotemporal_context,2.0,pulsed_stress,0.7557044444444445,0.7860033333333334,0.13571555555555553,0.09617222222222223,0.8127777777777777
spatiotemporal_context,4.0,pulsed_stress,0.7313413932098766,0.7718792803086421,0.15146773820987652,0.09298216907407408,0.8049521629629629
spatiotemporal_context,6.0,pulsed_stress,0.7069073392333334,0.7576244972290501,0.16726463551475992,0.09042994652539438,0.7965026766864283
spatiotemporal_context,8.0,pulsed_stress,0.6823986113837947,0.7432354640576723,0.18311432738105915,0.08851583733917241,0.7874086243884592
spatiotemporal_context,10.0,pulsed_stress,0.6578113738636233,0.7287084838744059,0.19902488922485212,0.0872403038764672,0.7776490887622639
spatiotemporal_context,12.0,pulsed_stress,0.6610916255486738,0.7315896822666482,0.19615439514014474,0.0755539909441548,0.7789029225334801
spatiotemporal_context,14.0,pulsed_stress,0.6643880075994849,0.7344925983196642,0.1931318322100051,0.06380731757590867,0.7806526313509972
spatiotemporal_context,16.0,pulsed_stress,0.6677044250983314,0.7374213365943845,0.18995691528224282,0.05199813858020608,0.782903055965495
spatiotemporal_context,18.0,pulsed_stress,0.6710447990540163,0.7403800172698148,0.18662931133350133,0.04012422928647698,0.7856591537165739
spatiotemporal_context,20.0,pulsed_stress,0.6464630673637195,0.7258227771751459,0.20199863857428,0.03923328487888751,0.7772260022659049
spatiotemporal_context,22.0,pulsed_stress,0.6218103774660726,0.7111361791807949,0.21744355443233995,0.03897333081125135,0.768104913100771
spatiotemporal_context,24.0,pulsed_stress,0.597082464930016,0.6963160605599217,0.23297194308871289,0.03934506347026414,0.7582747456305098
spatiotemporal_context,26.0,pulsed_stress,0.5722749016368821,0.6813580831425516,0.24859169344279292,0.04034936765694805,0.7477141218538504
spatiotemporal_context,28.0,pulsed_stress,0.5473830949657066,0.6662577325365215,0.26431070235435783,0.04198731949783266,0.7364014186585324
spatiotemporal_context,30.0,pulsed_stress,0.5503522869135761,0.6685603172786512,0.2612868779143331,0.03321018940452389,0.7360147599498276
spatiotemporal_context,32.0,pulsed_stress,0.5533303614833837,0.6708785595818197,0.25814905385627507,0.024369033972151108,0.7360358988830206
spatiotemporal_context,34.0,pulsed_stress,0.5563204660937224,0.6732157470656773,0.25489680443477036,0.015462357650572602,0.7364688993759717
spatiotemporal_context,36.0,pulsed_stress,0.5593257633527496,0.6755751826481222,0.251529668894702,0.006488597619544309,0.7373179169223594
spatiotemporal_context,38.0,pulsed_stress,0.5343994317852877,0.6604101853225791,0.2668971506839841,0.008496123257434596,0.7268872016427506
spatiotemporal_context,40.0,pulsed_stress,0.5093918582472813,0.6451064992902557,0.28237780554730435,0.011133646697070603,0.7156772110975785
spatiotemporal_context,42.0,pulsed_stress,0.48429801627211044,0.6296591420588613,0.29797942917517994,0.014402563636005637,0.7036659236842474
spatiotemporal_context,44.0,pulsed_stress,0.4591127140061494,0.6140629543298617,0.313709835284895,0.0183044709711908,0.6908310525960567
spatiotemporal_context,46.0,pulsed_stress,0.4338305931435135,0.598312598948423,0.3295768589812547,0.022841169869675278,0.6771500374040291
spatiotemporal_context,48.0,pulsed_stress,0.4363961277917428,0.5999525597793839,0.32673836014905977,0.01696466889408718,0.6743000354579557
spatiotemporal_context,50.0,pulsed_stress,0.43895643160073095,0.601594732174868,0.32382313798936885,0.011026776073487475,0.6717618033813948
spatiotemporal_context,52.0,pulsed_stress,0.4415138789095643,0.603241574421199,0.3208307460258386,0.005026760753581624,0.6695383778364321
spatiotemporal_context,54.0,pulsed_stress,0.44407085625303694,0.6048955573421756,0.3177607167051868,0.0,0.6676328555784696
spatiotemporal_context,56.0,pulsed_stress,0.4186797628170391,0.5890091647836706,0.3334752825031783,0.004919591196206288,0.6543154688329795
spatiotemporal_context,58.0,pulsed_stress,0.39318992045315626,0.5729670019490704,0.3493402070008829,0.010475134828938071,0.6401183437363497
spatiotemporal_context,60.0,pulsed_stress,0.36759551689810127,0.5567632453007233,0.36536332586838344,0.016668851492833803,0.6250182941442617
spatiotemporal_context,62.0,pulsed_stress,0.34189057032197556,0.5403918904568893,0.3815525073262206,0.02350317745976571,0.6089918338611726
spatiotemporal_context,64.0,pulsed_stress,0.31606892797187697,0.5238467508290545,0.39791565565560494,0.03098076797237791,0.5920151674035352
spatiotemporal_context,66.0,pulsed_stress,0.31807426474168626,0.524671456180377,0.3956107147442275,0.028054500599827337,0.585764180569409
spatiotemporal_context,68.0,pulsed_stress,0.3200528900002562,0.5254770427707879,0.39326658277984144,0.025077067546444502,0.5797183210888265
spatiotemporal_context,70.0,pulsed_stress,0.3220063684325808,0.5262651044763146,0.3908829274180108,0.02204863774742586,0.5738792785303418
spatiotemporal_context,72.0,pulsed_stress,0.32393627123561947,0.5270372420595916,0.3884594105481787,0.01896934218299955,0.5682487634836438
foundation_representation,0.0,pulsed_stress,0.78,0.8,0.12,0.1,0.82
foundation_representation,2.0,pulsed_stress,0.7561860222222222,0.785726288888889,0.13311555555555554,0.09617222222222223,0.8127228888888889
foundation_representation,4.0,pulsed_stress,0.7323240057562963,0.7713452937819754,0.14627434464938271,0.09294485742098767,0.804923800472
foundation_representation,6.0,pulsed_stress,0.7084108625263861,0.7568539437229549,0.1594838604543368,0.0903178190772911,0.7965824650580564
foundation_representation,8.0,pulsed_stress,0.6844433478015316,0.7422489931493923,0.1727515858645482,0.08829118292546768,0.7876784288525488
foundation_representation,10.0,pulsed_stress,0.6604180597916655,0.7275270215291257,0.18608499642976895,0.08686518967028464,0.7781910470924638
foundation_representation,12.0,pulsed_stress,0.6637224391854462,0.7305854329315852,0.18324156331481697,0.07499024774047885,0.7802674770264284
foundation_representation,14.0,pulsed_stress,0.6670467684935113,0.7336701731131272,0.18024350828481123,0.06305414624688026,0.782858181404658
foundation_representation,16.0,pulsed_stress,0.6703949819902446,0.736785544646059,0.17709052352696247,0.05105462283520719,0.7859680756556164
foundation_representation,18.0,pulsed_stress,0.6737710297538068,0.7399358662549448,0.1737822518319815,0.03898933372611783,0.7896022023261708
foundation_representation,20.0,pulsed_stress,0.6497878786784563,0.7252244739440938,0.1865682856814258,0.03790585303306912,0.7815977349629486
foundation_representation,22.0,pulsed_stress,0.6257555136472069,0.7104060045719203,0.19943341432411782,0.03741446188190727,0.7729884713775037
foundation_representation,24.0,pulsed_stress,0.6016701280711422,0.6954765813418812,0.2123849060310914,0.037515582643033236,0.7637536831175935
foundation_representation,26.0,pulsed_stress,0.577527760295051,0.6804321550457826,0.22543003000624087,0.038209810984501144,0.7538724375669454
foundation_representation,28.0,pulsed_stress,0.5533242929947649,0.6652685034749233,0.2385760594066011,0.039497918656452226,0.7433235904949289
foundation_representation,30.0,pulsed_stress,0.5564464525131084,0.6678822307627595,0.2355802743893895,0.030330856317260235,0.7442537784459323
foundation_representation,32.0,pulsed_stress,0.5595838079980334,0.6705184842381554,0.23246471718658065,0.021096966569599557,0.7456129216325844
foundation_representation,34.0,pulsed_stress,0.5627395811359973,0.6731807693188541,0.2292289120178561,0.011794551896595016,0.7474053705094722
foundation_representation,36.0,pulsed_stress,0.5659170099802979,0.6758726086087229,0.22587234536506962,0.0024218447907118513,0.7496355796038819
foundation_representation,38.0,pulsed_stress,0.5417283497483534,0.6606965427826297,0.2386444651546289,0.004027007166013154,0.740140110781005
foundation_representation,40.0,pulsed_stress,0.5174828737759344,0.6454064139145949,0.2515299279310072,0.006220919577786265,0.7299521258859503
foundation_representation,42.0,pulsed_stress,0.49317606383462603,0.6299975507188811,0.26453588121092264,0.009004615560460782,0.7190502355845922
foundation_representation,44.0,pulsed_stress,0.46880324631214043,0.6144651095397591,0.2776694854954421,0.01237931379225679,0.7074128208253564
foundation_representation,46.0,pulsed_stress,0.4443595913808133,0.5988040735053721,0.29093791739402114,0.016346420997048534,0.6950180247430774
foundation_representation,48.0,pulsed_stress,0.4472311121011502,0.6009102516093254,0.2880983727776951,0.009857534893903813,0.6940117443944434
foundation_representation,50.0,pulsed_stress,0.45010666332394067,0.6030279952990126,0.2851728219622775,0.0033016573625964775,0.6933431329888746
foundation_representation,52.0,pulsed_stress,0.45298875118395043,0.6051600131002564,0.28216072973249395,0.0,0.6930157457911935
foundation_representation,54.0,pulsed_stress,0.4558798966848483,0.6073090294417551,0.27910232542384156,0.0,0.6929234170148165
foundation_representation,56.0,pulsed_stress,0.43139072585810595,0.5915757776162982,0.292288260956743,0.0042511265771618695,0.680789687361864
foundation_representation,58.0,pulsed_stress,0.4068279571530646,0.5757112685277899,0.3056202679857497,0.00909534647236067,0.6678676546209927
foundation_representation,60.0,pulsed_stress,0.3821863589309889,0.5597100391559008,0.3191055261306052,0.014534458070516197,0.6541349430894526
foundation_representation,62.0,pulsed_stress,0.357460540933218,0.5435664508725615,0.33275124139206474,0.020570458176511142,0.6395689135275305
foundation_representation,64.0,pulsed_stress,0.3326449531750356,0.5272746882897825,0.3465646494092575,0.027205545111061654,0.6241466543147784
foundation_representation,66.0,pulsed_stress,0.3351248847704048,0.52872975803072,0.3443030187496875,0.02339212186132045,0.6200129724259957
foundation_representation,68.0,pulsed_stress,0.33758846255100877,0.5301752050029146,0.3419884062328264,0.019520009454619857,0.6161158948904603
foundation_representation,70.0,pulsed_stress,0.3400374602725287,0.5316129267031937,0.3396203770983282,0.015589015245714495,0.612457813910403
foundation_representation,72.0,pulsed_stress,0.3424736619077346,0.5330448317176394,0.3371984855421931,0.01159890341038729,0.6090411592145835
prospective_calibration,0.0,pulsed_stress,0.78,0.8,0.12,0.1,0.82
prospective_calibration,2.0,pulsed_stress,0.7557044444444445,0.7860033333333334,0.13311555555555554,0.09632822222222223,0.8131302222222222
prospective_calibration,4.0,pulsed_stress,0.7313622073333333,0.7719038499876544,0.14627904243209874,0.09323620165679014,0.8057612466528394
prospective_calibration,6.0,pulsed_stress,0.706970226814392,0.7576986215867261,0.1594976753901764,0.0907238485735826,0.7978745532301988
prospective_calibration,8.0,pulsed_stress,0.6825252929806299,0.7433845607962781,0.1727786597260488,0.08879122405983797,0.7894514549336011
prospective_calibration,10.0,pulsed_stress,0.6580240475086837,0.7289584210153933,0.18612919401299577,0.08743854242502404,0.7804730917864341
prospective_calibration,12.0,pulsed_stress,0.661412983244019,0.7319667960106023,0.18330647286433924,0.07605817363806544,0.7823864247275205
prospective_calibration,14.0,pulsed_stress,0.664821122287821,0.7349998258252766,0.1803346387188088,0.06461869913151945,0.784768994486566
prospective_calibration,16.0,pulsed_stress,0.6682521833680681,0.7380614248868225,0.17721339340066491,0.05311803994141206,0.7876252604587957
prospective_calibration,18.0,pulsed_stress,0.671709899702885,0.7411555218367984,0.17394239279987211,0.04155404449046282,0.7909597924479771
prospective_calibration,20.0,pulsed_stress,0.6472480199178805,0.7267360605155995,0.18677124606272213,0.040532487987987274,0.7833112739680447
prospective_calibration,22.0,pulsed_stress,0.6227376304295394,0.7122132946363426,0.1996825657727115,0.04008301846952711,0.775087740448847
prospective_calibration,24.0,pulsed_stress,0.5981749885116676,0.6975835602249413,0.2126833583694819,0.04020603050830449,0.7662702373502396
prospective_calibration,26.0,pulsed_stress,0.5735562048362861,0.6828430363007282,0.22578063146076555,0.04090207929159105,0.7568396253145983
prospective_calibration,28.0,pulsed_stress,0.5488772429267561,0.6679877443654666,0.2389813966371832,0.04217188308953158,0.7467765736667767
prospective_calibration,30.0,pulsed_stress,0.5520839185549934,0.6705635478322549,0.23604267231034914,0.03340832576087849,0.7475275537774084
prospective_calibration,32.0,pulsed_stress,0.5553045776375729,0.6731598577268849,0.2329884355749748,0.024580512630287037,0.7486695974252315
prospective_calibration,34.0,pulsed_stress,0.5585422634131859,0.6757798605841228,0.22981823384745328,0.015686898705944145,0.7502066351533163
prospective_calibration,36.0,pulsed_stress,0.5618000341095147,0.6784267580639991,0.22653157962628429,0.006725876545321134,0.7521426874881798
prospective_calibration,38.0,pulsed_stress,0.5371309636611945,0.6635537677197163,0.2393779497648075,0.008303775742402437,0.7430158677117848
prospective_calibration,40.0,pulsed_stress,0.5124054638908958,0.6485704174517682,0.2523398357361183,0.010450809059505019,0.7332336195317266
prospective_calibration,42.0,pulsed_stress,0.48761911737049,0.6334723177252183,0.2654241341380433,0.013167946235850828,0.7227763746536042
prospective_calibration,44.0,pulsed_stress,0.46276735975365374,0.6182549220244572,0.2786377540931888,0.016456328166050155,0.7116243573854261
prospective_calibration,46.0,pulsed_stress,0.43784547901765275,0.6029135261132326,0.291987620153981,0.020317269476104755,0.6997575775828406
prospective_calibration,48.0,pulsed_stress,0.44079861464612224,0.6049932672314122,0.28923067523322404,0.014144261141457011,0.6986218234508587
prospective_calibration,50.0,pulsed_stress,0.4437544353075985,0.6070828295609936,0.28639083256094106,0.007907026481806965,0.6977934193375062
prospective_calibration,52.0,pulsed_stress,0.44671530581221985,0.6091846718837786,0.28346758742005373,0.0016046495015435138,0.6972755635140451
prospective_calibration,54.0,pulsed_stress,0.44968360455461204,0.61130126695575,0.2804604120063352,0.0,0.6970715188104991
prospective_calibration,56.0,pulsed_stress,0.42471172400457974,0.5958851020297045,0.29367724413666346,0.004155181981750197,0.6855702583221241
prospective_calibration,58.0,pulsed_stress,0.3996681130638818,0.580343608982385,0.30704164719514165,0.008882902928931648,0.6733262702627141
prospective_calibration,60.0,pulsed_stress,0.3745476736540374,0.5646716701246642,0.3205605322351953,0.014184825217081701,0.660319118700473
prospective_calibration,62.0,pulsed_stress,0.34934515811885747,0.5488640082778895,0.3342408352195102,0.020062794137186903,0.6465281315761626
prospective_calibration,64.0,pulsed_stress,0.3240551682203941,0.5329151857696459,0.348089520040104,0.02651884063599802,0.6319323930159644
prospective_calibration,66.0,pulsed_stress,0.3266221540722897,0.5343696033625558,0.3458635815669389,0.022947184104329582,0.6279767354913204
prospective_calibration,68.0,pulsed_stress,0.3291730915652173,0.5358152054485608,0.34358699772592155,0.01931828854815527,0.6242364969609114
prospective_calibration,70.0,pulsed_stress,0.33170964906676315,0.537253707431035,0.34125934135893127,0.015631991111436823,0.6207138579891182
prospective_calibration,72.0,pulsed_stress,0.3342335046037002,0.5386868348196937,0.33888017521139535,0.011888090258645193,0.6174110317094121
