time_hours,scenario_id,scenario_label,proteostasis_capacity_mean,proteostasis_capacity_sd,proteostasis_capacity_p05,proteostasis_capacity_p95,mitochondrial_reserve_mean,mitochondrial_reserve_sd,mitochondrial_reserve_p05,mitochondrial_reserve_p95,inflammatory_dysfunction_mean,inflammatory_dysfunction_sd,inflammatory_dysfunction_p05,inflammatory_dysfunction_p95,commitment_risk_mean,commitment_risk_sd,commitment_risk_p05,commitment_risk_p95,recovery_potential_mean,recovery_potential_sd,recovery_potential_p05,recovery_potential_p95
0.0,stress_only,Stress only,0.78,0.045,0.705975,0.854025,0.8,0.045,0.725975,0.874025,0.12,0.045,0.045975,0.194025,0.1,0.045,0.025975000000000012,0.17402499999999999,0.82,0.045,0.7459749999999999,0.894025
2.0,stress_only,Stress only,0.7523589597932034,0.04611666855381909,0.676497040022171,0.8282208795642358,0.7836382260452514,0.04598005863242514,0.708001029594912,0.8592754224955907,0.13569391873145026,0.04648754687976789,0.05922190411423209,0.21216593334866843,0.09737489469929392,0.04514437814562039,0.023112392649748376,0.17163739674883946,0.811506390456646,0.04540364794030792,0.7368173895948394,0.8861953913184525
4.0,stress_only,Stress only,0.7246538905835408,0.04723552599002088,0.6469514503299565,0.8023563308371251,0.7671455181032538,0.04697029816131545,0.6898793776278899,0.8444116585786178,0.15146083072748784,0.04797019814604812,0.07254985477723869,0.230371806677737,0.09545114337733825,0.04524381845662718,0.021025062016186535,0.16987722473848996,0.8023440759482753,0.04583814360524615,0.7269403297176453,0.8777478221789052
6.0,stress_only,Stress only,0.6968805906165738,0.0483569819135583,0.6173333553687704,0.7764278258643772,0.7505177331837777,0.04797113317197341,0.6716052191158814,0.8294302472516739,0.16730961164238095,0.049448312465846,0.08596713763606428,0.24865208564869762,0.09422911252937116,0.04530252135901371,0.0197064648937936,0.16875176016494872,0.7924893398695125,0.0463098903967391,0.7163095701668767,0.8686691095721484
8.0,stress_only,Stress only,0.6690346699917726,0.049481476238968314,0.5876376415786697,0.7504316984048756,0.7337505235443984,0.04898299755443016,0.6531734925673608,0.814327554521436,0.1832491343961156,0.05092225724343419,0.09948202123066635,0.26701624756156483,0.09370937247689404,0.04532916394630767,0.019142897785217924,0.16827584716857014,0.7819182265486179,0.04682473837233499,0.7048915319261269,0.8589449211711089
10.0,stress_only,Stress only,0.6411115499654073,0.05060947937835918,0.5578589563880064,0.7243641435428082,0.7168393360338532,0.0500063446674934,0.6345788990558265,0.7990997730118798,0.19928827283894918,0.05239240942272705,0.11310275933856317,0.2854737863393352,0.09389270073393886,0.04534198654621304,0.019305132865418406,0.16848026860245932,0.7706065326990758,0.047388006341233774,0.6926532622677462,0.8485598031304054
12.0,stress_only,Stress only,0.6131064621791806,0.05174149243748151,0.5279917071195236,0.6982212172388377,0.6997794113543744,0.05104164752360179,0.6158159011780494,0.7837429215306994,0.2154359054489299,0.053859156299148225,0.1268375933368311,0.3040342175610287,0.09478008542387648,0.045374539200189766,0.02013896843956431,0.16942120240818864,0.7585297986786654,0.04800453102748946,0.6795623451384453,0.8374972522188856
14.0,stress_only,Stress only,0.5850144478135059,0.05287804741979949,0.4980300598079357,0.671998835819076,0.6825657832418509,0.05208939899581964,0.5968787218937276,0.7682528445899742,0.23170091906333137,0.05532289634169643,0.14069475458124076,0.322707083545422,0.09637272874865661,0.04546629375507656,0.021580675521555667,0.17116478197575757,0.7456632995529924,0.04867873050072255,0.6655867878793038,0.8257398112266809
16.0,stress_only,Stress only,0.5568303566643045,0.05401970743849563,0.4679679379279792,0.6456927754006297,0.6651932775626541,0.05315011204823987,0.5777613432432995,0.7526252118820087,0.24809221264498074,0.05678404002587993,0.15468246680240827,0.3415019584875532,0.09867205051239951,0.04563557930644099,0.02360152255330407,0.17374257847149494,0.7319820359603681,0.049414672177035344,0.650694900229145,0.8132691716915913
18.0,stress_only,Stress only,0.5285488461421837,0.0551670669363649,0.4377990210318634,0.6192986712525039,0.6476565113259369,0.05422431999099294,0.5584575049407535,0.7368555177111203,0.26461870108448377,0.058243010678149125,0.16880894851892847,0.36042845365003906,0.10167969170128964,0.0458787553618716,0.026209139131010847,0.17715024427156845,0.717460724774825,0.05021613896671719,0.6348551761745752,0.8000662733750749
20.0,stress_only,Stress only,0.5001643801928302,0.056320751913582275,0.4075167432949873,0.592812017090673,0.629949891610192,0.0553125767609889,0.5389607028383653,0.7209390803820187,0.2812893190393791,0.05970024533241146,0.18308241546756224,0.379496222611196,0.10539751812175276,0.046188142842298816,0.0294180231461712,0.1813770130973343,0.7020737895639606,0.051086689893392115,0.6180361846893305,0.7861113944385907
22.0,stress_only,Stress only,0.471671228137431,0.057481420163363814,0.3771142919686975,0.5662281643061645,0.6120676144028339,0.056415457229446984,0.5192641872603936,0.7048710415452741,0.2981130248112821,0.061156195599161814,0.1975110830506609,0.3987149665719033,0.10982762409892896,0.04655868030352504,0.03323859499963028,0.18641665319822764,0.6857953508382039,0.0520297135091347,0.6002064721156772,0.7713842295607305
24.0,stress_only,Stress only,0.4430634634319128,0.05864976151558181,0.3465846057387807,0.5395423211250449,0.5940036633515352,0.0575335575371922,0.499360961202854,0.6886463655002164,0.3150988042621049,0.06261132854770529,0.2121031688011297,0.41809443972308014,0.11497233623748776,0.046987665230401744,0.037677626933476885,0.19226704554149865,0.6685992160879949,0.053048473729135716,0.5813344768035666,0.7558639553724231
26.0,stress_only,Stress only,0.4143349623437636,0.05982649808844303,0.3159203729882748,0.5127495516992524,0.5757518084260373,0.05866749545862252,0.4792437783966033,0.6722598384554714,0.33225567477047085,0.06406612760188776,0.2268668948653655,0.4376444546755762,0.1208342172468629,0.04747376467641638,0.04273987435415795,0.19892856013956783,0.6504588696052647,0.05414614846250525,0.5613884553844435,0.7395292838260858
28.0,stress_only,Stress only,0.38547940254518037,0.06101238454839247,0.2851140299630748,0.48584477512728597,0.5573056044891096,0.05981791079517282,0.4589051412310503,0.6557060677471689,0.3495926892294692,0.06552109344968299,0.24181049050474065,0.4573748879541977,0.1274160698330206,0.048016400808784984,0.048429090502569286,0.2064030491634719,0.631347462085501,0.05532586179046268,0.5403364194401898,0.7223585047308121
30.0,stress_only,Stress only,0.35649026162125264,0.06220820837846536,0.25415775883867714,0.45882276440382813,0.5386583897753194,0.06098546579902353,0.43833729853592573,0.6389794810147131,0.3671189400869252,0.06697674496691233,0.2569421946163544,0.47729568555749596,0.13472094065890763,0.04861542773978022,0.05474856202696918,0.2146933192908461,0.6112378000065766,0.056590710578990705,0.5181460811041368,0.7043295189090163
32.0,stress_only,Stress only,0.327360815491876,0.06341479015537484,0.2230434856862844,0.4316781452974676,0.5198032842762399,0.06217084562772309,0.4175322432186354,0.6220743253338443,0.38484356342939285,0.068433620155297,0.2722702582739293,0.4974168685848564,0.1427521243757631,0.04927096300696074,0.061701390229312675,0.22380285852221352,0.5901023347804051,0.05794378641125649,0.49478480613388814,0.685419863426922
34.0,stress_only,Stress only,0.2980841367460532,0.06463298383569419,0.19176287833633626,0.4044053951557702,0.5007331880306929,0.06337475883031425,0.39648170975482594,0.6049846663065599,0.4027757431111053,0.06989227709495939,0.2878029472898971,0.5177485389323135,0.1515131677275131,0.04998329703412471,0.06929064410637796,0.23373569134864824,0.5679131516733851,0.05938819365273472,0.47021957311463647,0.6656067302321337
36.0,stress_only,Stress only,0.2686530928872176,0.065863677051567,0.1603073441373899,0.37699884163704533,0.48144077931859713,0.06459793786547513,0.37517717152989055,0.5877043871073038,0.4209247149291525,0.07135329491140424,0.3035485447998925,0.5383008850584124,0.16100787373050507,0.05075284261684252,0.07751944762579913,0.244496299835211,0.5446419584914721,0.06092706436015269,0.44441693761902096,0.6448669793639233
38.0,stress_only,Stress only,0.23906034448818497,0.06710779141645884,0.1286680276081102,0.34945266136825975,0.46191851275695855,0.06584113965210797,0.35360983802924095,0.5702271874846762,0.43929977084618466,0.07281727475691849,0.31951535387105373,0.5590841878213155,0.17124030593087794,0.05158010571322064,0.08639103203262997,0.2560895798291259,0.520260074025612,0.06256357063757317,0.41734300032680416,0.6231771477244199
40.0,stress_only,Stress only,0.20929834325430685,0.06836628284154589,0.09683580797996386,0.3217608785286499,0.4421586172965107,0.06710514615273044,0.3317706518752691,0.5525465827177523,0.4579102632619737,0.07428484080623396,0.3357117001357188,0.5801088263882286,0.18221479274190097,0.05246566804078698,0.0959087688148064,0.2685208166689955,0.49473841625314174,0.06430093494132164,0.38896337827466765,0.6005134542316158
42.0,stress_only,Stress only,0.1793593299933722,0.06964014186342199,0.06480129662804303,0.2939173633587014,0.4221530941174762,0.06839076498994898,0.30965028570901015,0.5346559025259423,0.47676560933519657,0.07575664126619808,0.35214593445230075,0.6013852842180925,0.1939359318636574,0.05341017647629592,0.1060761915601506,0.28179567216716417,0.46804749029065484,0.06614243874546999,0.3592431785543567,0.576851802026953
44.0,stress_only,Stress only,0.14923533249077092,0.07093039398389248,0.03255483438726779,0.26591583059427404,0.401893714422893,0.06969883009621866,0.2872391389146133,0.5165482899311727,0.49587529535684,0.0772333493990961,0.3688264355953269,0.6229241551183531,0.20640859478748697,0.054414336520915346,0.11689701121058121,0.2959201783643927,0.44015737609369765,0.06809142990280921,0.3281469739035765,0.5521677782838188
46.0,stress_only,Stress only,0.11891816328840017,0.07223810002271093,8.648875104069753e-05,0.23774983782575965,0.38137201712790725,0.07103020239702253,0.2645273341848052,0.4982167000710093,0.5152488811766563,0.0787156645591647,0.3857616129768304,0.6447361493764823,0.21963793138764615,0.055478908277757054,0.1283751272707358,0.3109007355045565,0.4110377158985447,0.07015132897229166,0.2956387797391249,0.5264366520579645
48.0,stress_only,Stress only,0.08839941736576415,0.07356435648420291,0.0,0.20941278378227796,0.36057930644340747,0.07238577052753412,0.24150471392561385,0.4796538989612011,0.5348960046841393,0.0802043132417316,0.40295990940149085,0.6668320999667878,0.23362937460268549,0.05660470403083291,0.14051463647196533,0.32674411273340564,0.3806577014011724,0.07232563473148335,0.2616820322678823,0.4996333705344625
50.0,stress_only,Stress only,0.057670469721681,0.07491029593880749,0.0,0.18089790654101934,0.3395066493523313,0.07376645158275981,0.21816083649869145,0.4608524622059712,0.5548263863455186,0.08170005014430916,0.42042980385813006,0.6892229688329072,0.24838864520909018,0.05779258687470785,0.15331983980019576,0.3434574506179846,0.3489860606684208,0.07461792905001549,0.2262395673811453,0.4717325539556963
52.0,stress_only,Stress only,0.03069727488460652,0.06450500460444802,0.0,0.13680800745892352,0.3181448729769436,0.0751731919010958,0.194484972299641,0.4418047736542462,0.5750498337983128,0.08320365923886519,0.43817981435037956,0.711919853246246,0.2639217566897718,0.05904347005264201,0.1667952484531757,0.3610482649263679,0.31599104477620465,0.07703188126572652,0.18927360009408453,0.44270848945832475
54.0,stress_only,Stress only,0.00520807135765371,0.05412476333156243,0.0,0.0942433070380739,0.2964845618353446,0.0766069678811753,0.17046609967081125,0.42250302399987794,0.5955532809821747,0.08473213146830831,0.4561689247168076,0.7349376372475419,0.28018133829041575,0.06023114574088162,0.18110110354666548,0.379261573034166,0.2816783072821798,0.079487522024883,0.15092133355124726,0.41243528101311233
56.0,stress_only,Stress only,0.0,0.045,0.0,0.074025,0.27451647295794396,0.07806908062671379,0.14609283532699976,0.4029401105888881,0.6163362555261455,0.08628083567072534,0.4744042808478023,0.7582682302044886,0.2971515784923861,0.06131851804361381,0.19628261631064137,0.39802054067413084,0.246033271747578,0.08195481221646611,0.11121760565149125,0.38084893784366475
58.0,stress_only,Stress only,0.0,0.045,0.0,0.074025,0.2522313091298513,0.07956095857745027,0.12135353226994561,0.383109085989757,0.637286461396064,0.08780625421402358,0.49284517321399524,0.7817277495781328,0.3145889056564831,0.062367542841985195,0.21199429768141748,0.41718351363154876,0.209203950033759,0.08448989985630323,0.07021806477014017,0.3481898352973778
60.0,stress_only,Stress only,0.0,0.045,0.0,0.074025,0.2296217039786597,0.08108320081351023,0.09623983864043537,0.36300356931688404,0.6583789279202185,0.08933748051837073,0.5114187724674986,0.8053390833729384,0.3324330790231518,0.06344982084612659,0.22805812373127354,0.43680803431503,0.17121896804997977,0.08712515224188416,0.027898092612080316,0.3145398434878792
62.0,stress_only,Stress only,0.0,0.045,0.0,0.074025,0.20668070457659526,0.08263663477719088,0.07074344036811625,0.3426179687850743,0.679618228868416,0.09087495583342159,0.5301289265224376,0.8291075312143945,0.3506873399642675,0.06456581908010062,0.24447656757750197,0.456898112351033,0.1320633841489913,0.08986232057729159,0.0,0.27988690149863593
64.0,stress_only,Stress only,0.0,0.045,0.0,0.074025,0.18340125356718762,0.0842221058896361,0.04485588937873622,0.32194661775563904,0.7010089620750808,0.09241913334874315,0.5489794877163983,0.8530384364337633,0.36935503916939677,0.06571602961395503,0.2612521704544407,0.47745790788435283,0.0917220350737166,0.09270318523047,0.0,0.24421877477783974
66.0,stress_only,Stress only,0.0,0.045,0.0,0.074025,0.15977618800971044,0.08584047779391996,0.018568602038712106,0.30098377398070875,0.7225557507207281,0.09397047791665614,0.5679743145478288,0.8771371868936274,0.38843963748390054,0.06690096739556003,0.27838754611820427,0.4984917288495968,0.05176174396289173,0.0923981926302409,0.0,0.20375677083963803
68.0,stress_only,Stress only,0.0,0.045,0.0,0.074025,0.13580737986192254,0.08749866487355848,0.0,0.27974268357892623,0.7442632446193241,0.09552946587486838,0.5871172732551657,0.9014092159834826,0.40794470677101824,0.06812116864005296,0.2958853843581311,0.5200040291839054,0.02149631951466912,0.07630036455680245,0.0,0.14701041921060914
70.0,stress_only,Stress only,0.0,0.045,0.0,0.074025,0.1115504634384864,0.08922431212589314,0.0,0.2583244568855806,0.7661361215118108,0.09709658494888994,0.6064122392708868,0.9258600037527347,0.4278738436476156,0.06937699625184161,0.3137486848133362,0.541999002481895,0.00400047870668819,0.055849179414796044,0.0,0.09587237884402769
72.0,stress_only,Stress only,0.0,0.045,0.0,0.074025,0.0870838381501603,0.09091180453029515,0.0,0.23663375660249583,0.7881790872960563,0.09867233494939578,0.6258630963043003,0.9504950782878124,0.44823018511168233,0.07066797888958767,0.3319813598383106,0.5644790103850541,0.0,0.045,0.0,0.074025
0.0,ire1_timed,Timed IRE1/XBP1 support,0.78,0.045,0.705975,0.854025,0.8,0.045,0.725975,0.874025,0.12,0.045,0.045975,0.194025,0.1,0.045,0.025975000000000012,0.17402499999999999,0.82,0.045,0.7459749999999999,0.894025
2.0,ire1_timed,Timed IRE1/XBP1 support,0.7523589597932034,0.04611666855381909,0.676497040022171,0.8282208795642358,0.7836382260452514,0.04598005863242514,0.708001029594912,0.8592754224955907,0.13569391873145026,0.04648754687976789,0.05922190411423209,0.21216593334866843,0.09737489469929392,0.04514437814562039,0.023112392649748376,0.17163739674883946,0.811506390456646,0.04540364794030792,0.7368173895948394,0.8861953913184525
4.0,ire1_timed,Timed IRE1/XBP1 support,0.7246538905835408,0.04723552599002088,0.6469514503299565,0.8023563308371251,0.7671455181032538,0.04697029816131545,0.6898793776278899,0.8444116585786178,0.15146083072748784,0.04797019814604812,0.07254985477723869,0.230371806677737,0.09545114337733825,0.04524381845662718,0.021025062016186535,0.16987722473848996,0.8023440759482753,0.04583814360524615,0.7269403297176453,0.8777478221789052
6.0,ire1_timed,Timed IRE1/XBP1 support,0.6968805906165738,0.0483569819135583,0.6173333553687704,0.7764278258643772,0.7505177331837777,0.04797113317197341,0.6716052191158814,0.8294302472516739,0.16730961164238095,0.049448312465846,0.08596713763606428,0.24865208564869762,0.09422911252937116,0.04530252135901371,0.0197064648937936,0.16875176016494872,0.7924893398695125,0.0463098903967391,0.7163095701668767,0.8686691095721484
8.0,ire1_timed,Timed IRE1/XBP1 support,0.6690346699917726,0.049481476238968314,0.5876376415786697,0.7504316984048756,0.7337505235443984,0.04898299755443016,0.6531734925673608,0.814327554521436,0.1832491343961156,0.05092225724343419,0.09948202123066635,0.26701624756156483,0.09370937247689404,0.04532916394630767,0.019142897785217924,0.16827584716857014,0.7819182265486179,0.04682473837233499,0.7048915319261269,0.8589449211711089
10.0,ire1_timed,Timed IRE1/XBP1 support,0.6411115499654073,0.05060947937835918,0.5578589563880064,0.7243641435428082,0.7168393360338532,0.0500063446674934,0.6345788990558265,0.7990997730118798,0.19928827283894918,0.05239240942272705,0.11310275933856317,0.2854737863393352,0.09389270073393886,0.04534198654621304,0.019305132865418406,0.16848026860245932,0.7706065326990758,0.047388006341233774,0.6926532622677462,0.8485598031304054
12.0,ire1_timed,Timed IRE1/XBP1 support,0.6131064621791806,0.05174149243748151,0.5279917071195236,0.6982212172388377,0.6997794113543744,0.05104164752360179,0.6158159011780494,0.7837429215306994,0.2154359054489299,0.053859156299148225,0.1268375933368311,0.3040342175610287,0.09478008542387648,0.045374539200189766,0.02013896843956431,0.16942120240818864,0.7585297986786654,0.04800453102748946,0.6795623451384453,0.8374972522188856
14.0,ire1_timed,Timed IRE1/XBP1 support,0.5850144478135059,0.05287804741979949,0.4980300598079357,0.671998835819076,0.6825657832418509,0.05208939899581964,0.5968787218937276,0.7682528445899742,0.23170091906333137,0.05532289634169643,0.14069475458124076,0.322707083545422,0.09637272874865661,0.04546629375507656,0.021580675521555667,0.17116478197575757,0.7456632995529924,0.04867873050072255,0.6655867878793038,0.8257398112266809
16.0,ire1_timed,Timed IRE1/XBP1 support,0.5751084867082225,0.05392604536957263,0.4864001420752755,0.6638168313411694,0.6651932775626541,0.05315011204823987,0.5777613432432995,0.7526252118820087,0.23651990481664423,0.05665567419699137,0.1433213207625934,0.32971848887069505,0.09867205051239951,0.04563557930644099,0.02360152255330407,0.17374257847149494,0.7386020227036785,0.04913645872520216,0.6577725481007209,0.819431497306636
18.0,ire1_timed,Timed IRE1/XBP1 support,0.5651620252294909,0.055416389836198864,0.47400206394894373,0.656321986510038,0.6477988396131378,0.05421110057981732,0.5586215791593383,0.7369761000669373,0.24140853019954897,0.05800655411365577,0.14598774868258524,0.3368293117165127,0.10130119355007978,0.04587682078085745,0.02583382336556929,0.17676856373459027,0.7311651673551185,0.04966101324420094,0.649472800568408,0.812857534141829
20.0,ire1_timed,Timed IRE1/XBP1 support,0.5551725094092157,0.057186421595649434,0.4611008458843724,0.649244172934059,0.6303796993481253,0.05527278826235917,0.5394559626565445,0.7213034360397061,0.24637090450072635,0.05937064663093498,0.1487061907928383,0.3440356182086144,0.10426057729410078,0.04617422880503884,0.02830397090981189,0.18021718367838968,0.7233409377190493,0.05025423611736687,0.6406727193059808,0.8060091561321178
22.0,ire1_timed,Timed IRE1/XBP1 support,0.545137295595046,0.05913050134582971,0.4478676208811561,0.6424069703089359,0.6129329900769821,0.05633561663969706,0.5202609007046805,0.7056050794492837,0.25141114243701146,0.06074488883265468,0.15148580030729453,0.3513364845667284,0.10755072971087938,0.046521189583819664,0.031023372845496028,0.18407808657626273,0.7151174115896212,0.05091759788895734,0.6313579630622863,0.798876860116956
24.0,ire1_timed,Timed IRE1/XBP1 support,0.5350536499956818,0.06118551693227071,0.4344034746420965,0.6357038253492672,0.5954557480135126,0.057400045306749546,0.5010326734839097,0.6898788225431156,0.25653336601909044,0.062127345122094634,0.15433388329324477,0.3587328487449361,0.11117228894521494,0.04691518739999422,0.03399680567222445,0.18834777221820542,0.7064825357561564,0.05165239602285903,0.6215143442985532,0.7914507272137595
26.0,ire1_timed,Timed IRE1/XBP1 support,0.5249187481873496,0.06331397244482889,0.4207672635156061,0.6290702328590931,0.5779449117835977,0.05846655219139336,0.48176743342875566,0.6741223901384398,0.2617417064337064,0.06351680455426671,0.15725656294193768,0.36622684992547516,0.11512600499291785,0.04735537743016179,0.0372264091203017,0.193025600865534,0.6974241213193489,0.052459884786550205,0.6111276108454738,0.783720631793224
28.0,ire1_timed,Timed IRE1/XBP1 support,0.5147296745808989,0.06549307755334216,0.40699356200565107,0.6224657871561468,0.5603973218900027,0.05953563389358646,0.462461204135053,0.6583334396449524,0.2670403059428993,0.06491253948951575,0.16025917848264587,0.3738214334031527,0.1194127414026699,0.0478416174307702,0.04071328072905292,0.19811220207628688,0.6879298389092702,0.053341352788557554,0.600183313572093,0.7756763642464474
30.0,ire1_timed,Timed IRE1/XBP1 support,0.5044834218489644,0.06770856157787859,0.39310283805335416,0.6158640056445748,0.5428097201337757,0.060607806060788666,0.44310987916377836,0.6425095611037731,0.27243331980081326,0.06631415567746694,0.16334653371138014,0.3815201058902464,0.12403347700810322,0.048374075002210026,0.044458123629467716,0.20360883038673872,0.6779872138034981,0.054298165009638834,0.5886667323626422,0.767307695244354
32.0,ire1_timed,Timed IRE1/XBP1 support,0.4941768903126231,0.06995123459670018,0.3791071094010513,0.6092466712241948,0.5251787489916433,0.06168360378915369,0.4237092207584855,0.6266482772248011,0.27792491818862375,0.06772149614204923,0.16652305703495277,0.38932677934229476,0.12898930769110087,0.04895306090511762,0.048461522502182386,0.20951709288001935,0.6675836209436391,0.055331782664856236,0.5765628384599506,0.7586044034273276
34.0,ire1_timed,Timed IRE1/XBP1 support,0.48380688728696475,0.07221504288130587,0.3650131417472166,0.602600632826713,0.5075009509487959,0.06276358204472983,0.4042548584852153,0.6107470434123765,0.2835192881681475,0.06913457781537319,0.16979290766185856,0.3972456686744364,0.13428144817733745,0.04957895568489913,0.05272406607567838,0.21583883027899653,0.6567062798484568,0.05644377014803671,0.5638562779549363,0.7495562817419772
36.0,ire1_timed,Timed IRE1/XBP1 support,0.4733701263849842,0.07449593659366793,0.3508243106884005,0.595915942081568,0.4897727677864436,0.06384831610121001,0.3847422877999531,0.594803247772934,0.2892206356547121,0.07055354872102197,0.173160048008631,0.40528122330079325,0.13991123386509452,0.050252176872453216,0.05724640290990898,0.22257606482028006,0.6453422494217743,0.05763579497653082,0.5505313666853812,0.7401531321581675
38.0,ire1_timed,Timed IRE1/XBP1 support,0.46286322677918534,0.07679118879605648,0.3365417212096724,0.5891847323486983,0.47199053982350947,0.06493840199193882,0.3651668685467701,0.5788142111002488,0.2950331874098806,0.0719786584081561,0.17662829432846383,0.4134380804912974,0.14588012268840328,0.05097316458834682,0.06202926694057276,0.2297309784362338,0.6334784226532635,0.0589096243092275,0.5365720906645842,0.7303847546419427
40.0,ire1_timed,Timed IRE1/XBP1 support,0.4522827124202793,0.07909897272719667,0.32216490228404077,0.5824005225565179,0.4541505051118112,0.06603445697449022,0.3455238233887748,0.5627771868348477,0.3009611930546342,0.07341023714199145,0.18020135295605827,0.42172103315321013,0.1521896970155826,0.0517423757355834,0.0670734889305479,0.2373059051006173,0.6211015212101796,0.060267120091787134,0.5219621086591898,0.7202409337611694
42.0,ire1_timed,Timed IRE1/XBP1 support,0.44162501121234254,0.08141809153170873,0.3076922506426817,0.5755577717820034,0.4362487985840681,0.06713712000645296,0.325808236173453,0.5466893609946832,0.30700892710363803,0.07484868100976907,0.1838828468425679,0.43013500736470817,0.15884166558426,0.05256028225118871,0.07238000128105457,0.24530332988746542,0.608198089918047,0.06171023395023281,0.5066847550699141,0.70971142476618
44.0,ire1_timed,Timed IRE1/XBP1 support,0.4308864541437875,0.08374780073344198,0.29312132193727547,0.5686515863502996,0.4182814511540577,0.06824705223122984,0.3060150502336846,0.5305478520744308,0.3131806910212258,0.07629444110353384,0.18767633540591264,0.43868504663653896,0.16583786547397916,0.05342737125993609,0.0779498397513843,0.253725891196574,0.5947544911282453,0.06324100240353782,0.4907230421744256,0.6987859400820651
46.0,ire1_timed,Timed IRE1/XBP1 support,0.4200632743734841,0.08608768874481623,0.2784490263882614,0.5616775223587068,0.40024438876822743,0.06936493747274634,0.2861390666255597,0.5143497109108952,0.31948081529975497,0.0777480155638321,0.19158532969725117,0.44737630090225877,0.17318026411751772,0.05434414608282563,0.08378414381126956,0.26257638442376585,0.5807568989703884,0.06486154265227023,0.47405966130740385,0.687454136633373
48.0,ire1_timed,Timed IRE1/XBP1 support,0.4091516062713545,0.08843759465214684,0.26367176306857293,0.554631449474136,0.38213343140805284,0.07049148273800818,0.2661749423040294,0.4980919205120763,0.32591366156100077,0.07920994366439119,0.19561330423307727,0.45621401888892427,0.18087096135205757,0.05531112758818783,0.0898841564694886,0.27185776623462654,0.5661912934873334,0.06657404902854139,0.4566769828353828,0.675705604139284
50.0,ire1_timed,Timed IRE1/XBP1 support,0.3981474844127523,0.09079755052187781,0.24878551380426328,0.5475094550212413,0.36394429204241696,0.07162741872646938,0.24611718823737483,0.4817713958474591,0.33248362468127335,0.08068080137488315,0.19976370641959057,0.4652035429429561,0.1889121915113681,0.056328855637650437,0.09625122398743312,0.28157315903530306,0.5510434546505955,0.06838079010321474,0.4385570549308072,0.6635298543703837
52.0,ire1_timed,Timed IRE1/XBP1 support,0.38704684252591487,0.09316774019348337,0.23378590990763473,0.540307775144195,0.34567257552927,0.07277350034518237,0.22596016746144498,0.465384983597095,0.3391951349409571,0.08216119800896295,0.20403996421621304,0.47435030566570113,0.19730632556018507,0.05739789051168428,0.10288679566846443,0.2917258554519057,0.5352989562538857,0.07028410640384597,0.41968160121955905,0.6509163112882123
54.0,ire1_timed,Timed IRE1/XBP1 support,0.37584551239176955,0.09554846938098627,0.21866828026004714,0.533022744523492,0.32731377746580936,0.07393050722871063,0.20569809307458037,0.44892946185703836,0.34605266019918846,0.08365177367931939,0.20844549249670805,0.48365982790166884,0.20605587327198527,0.05851881426610765,0.10979242380423818,0.3023193227397324,0.5189431596824304,0.07228640868010841,0.40003201740365213,0.6378543019612087
56.0,ire1_timed,Timed IRE1/XBP1 support,0.36453922269535183,0.09794014367472997,0.20342768635042102,0.5256507590402826,0.30886328298640303,0.07509924426279324,0.18532502617410815,0.4324015397986979,0.3530607080944052,0.08515319735988229,0.21298369843739884,0.4931377177514116,0.21516348545138095,0.05969223200415517,0.1169697638045457,0.3133572070982162,0.5019612075556623,0.0743901766503531,0.37958936696583145,0.6243330481454932
58.0,ire1_timed,Timed IRE1/XBP1 support,0.35312359782807984,0.10034325215600737,0.1880589480314477,0.5181882476247119,0.29031636550746337,0.07628054211076664,0.16483487373525224,0.4157978572796745,0.3602238282715186,0.08666616540981165,0.21765798617237844,0.5027896703706588,0.22463195620237633,0.06091877306476951,0.12442057451083048,0.32484333789392217,0.48433801724082043,0.07659795816657616,0.35833437605680263,0.6103416584248382
60.0,ire1_timed,Timed IRE1/XBP1 support,0.3415941566401116,0.10275835506183503,0.17255666256339297,0.5106316507168303,0.2716681854184567,0.07747525774176969,0.14422138643324559,0.3991149844036679,0.3675466146364728,0.08819140045228177,0.2224717608924693,0.5126214683804763,0.23446422524375357,0.06219909213498646,0.13214671868170086,0.3367817318058063,0.466058274234921,0.07891236874160462,0.3362474276549814,0.5958691208148607
62.0,ire1_timed,Timed IRE1/XBP1 support,0.32994631114199474,0.10518607441458785,0.15691521872999772,0.5029774035539918,0.25291378871821735,0.07868427495979072,0.1234781564093616,0.3823494210270731,0.37503370763897986,0.08972965052847642,0.22742843251963615,0.5226389827583235,0.24466338027287451,0.06353387029698082,0.14015016363434107,0.34917659691140795,0.44710642541250306,0.08133609138972424,0.31330855507640665,0.5809042957485995
64.0,ire1_timed,Timed IRE1/XBP1 support,0.31817536515479683,0.10762708685127355,0.14112880728445185,0.4952219230251418,0.23404810559571423,0.07990850493265436,0.1025986149814978,0.36549759620993066,0.38268979658423,0.09128168846701158,0.23253141905599597,0.5328481741124641,0.2552326593792109,0.06492381602079628,0.14843298202500105,0.3620323367334208,0.42746667213648315,0.08387187673922364,0.28949743490046026,0.5654359093725061
66.0,ire1_timed,Timed IRE1/XBP1 support,0.30627651290789193,0.1100821181052983,0.12519142862467622,0.4873615971911076,0.21506594895439862,0.08114888672009858,0.08157603029983646,0.3485558676089608,0.3905196219744014,0.09284831142347283,0.23778414968278858,0.5432550942660141,0.26617545350893634,0.06636966611318333,0.15699735275274976,0.37535355426512296,0.4071229632293845,0.08652254338193824,0.26479337936609615,0.5494525470926729
68.0,ire1_timed,Timed IRE1/XBP1 support,0.2942448375835528,0.11255193874439653,0.1090968983490205,0.4793927768180851,0.19596201287924156,0.08240638780015405,0.06040350494798813,0.331520520810495,0.3985279778808056,0.09443034055544611,0.24319006766709672,0.5538658880945144,0.2774953089819393,0.06787218663193725,0.16584556197240252,0.3891450559914761,0.38605898780213904,0.08929097843067325,0.23917532828368154,0.5329426473205965
70.0,ire1_timed,Timed IRE1/XBP1 support,0.2820753098074853,0.11503736087417561,0.09283885116946641,0.47131176844550415,0.1767308710455473,0.08368200459311147,0.03907397348987893,0.31438776860121564,0.4067197143475324,0.09602862080639828,0.24875263312100723,0.5646867955740575,0.2891959300626402,0.06943217377397932,0.1749800042044442,0.4034118559208362,0.3642581679375864,0.09218013826034618,0.21262184049931696,0.5158944953758559
72.0,ire1_timed,Timed IRE1/XBP1 support,0.26976278608441623,0.11753923559187988,0.07641074353577382,0.46311482863305864,0.15736697506860955,0.08497676298244716,0.017580199962483972,0.2971537501747351,0.41509973982746645,0.09764402077777665,0.2544753256480239,0.575724154006909,0.30128118158602074,0.07105045474431153,0.18440318353162827,0.4181591796404132,0.3417036512257253,0.09519304941287653,0.18511108494154344,0.4982962175099072
0.0,perk_relief,PERK/ATF4 relief,0.78,0.045,0.705975,0.854025,0.8,0.045,0.725975,0.874025,0.12,0.045,0.045975,0.194025,0.1,0.045,0.025975000000000012,0.17402499999999999,0.82,0.045,0.7459749999999999,0.894025
2.0,perk_relief,PERK/ATF4 relief,0.7523589597932034,0.04611666855381909,0.676497040022171,0.8282208795642358,0.7836382260452514,0.04598005863242514,0.708001029594912,0.8592754224955907,0.13569391873145026,0.04648754687976789,0.05922190411423209,0.21216593334866843,0.09737489469929392,0.04514437814562039,0.023112392649748376,0.17163739674883946,0.811506390456646,0.04540364794030792,0.7368173895948394,0.8861953913184525
4.0,perk_relief,PERK/ATF4 relief,0.7246538905835408,0.04723552599002088,0.6469514503299565,0.8023563308371251,0.7671455181032538,0.04697029816131545,0.6898793776278899,0.8444116585786178,0.15146083072748784,0.04797019814604812,0.07254985477723869,0.230371806677737,0.09545114337733825,0.04524381845662718,0.021025062016186535,0.16987722473848996,0.8023440759482753,0.04583814360524615,0.7269403297176453,0.8777478221789052
6.0,perk_relief,PERK/ATF4 relief,0.6968805906165738,0.0483569819135583,0.6173333553687704,0.7764278258643772,0.7505177331837777,0.04797113317197341,0.6716052191158814,0.8294302472516739,0.16730961164238095,0.049448312465846,0.08596713763606428,0.24865208564869762,0.09422911252937116,0.04530252135901371,0.0197064648937936,0.16875176016494872,0.7924893398695125,0.0463098903967391,0.7163095701668767,0.8686691095721484
8.0,perk_relief,PERK/ATF4 relief,0.6690346699917726,0.049481476238968314,0.5876376415786697,0.7504316984048756,0.7337505235443984,0.04898299755443016,0.6531734925673608,0.814327554521436,0.1832491343961156,0.05092225724343419,0.09948202123066635,0.26701624756156483,0.09370937247689404,0.04532916394630767,0.019142897785217924,0.16827584716857014,0.7819182265486179,0.04682473837233499,0.7048915319261269,0.8589449211711089
10.0,perk_relief,PERK/ATF4 relief,0.6411115499654073,0.05060947937835918,0.5578589563880064,0.7243641435428082,0.7168393360338532,0.0500063446674934,0.6345788990558265,0.7990997730118798,0.19928827283894918,0.05239240942272705,0.11310275933856317,0.2854737863393352,0.09389270073393886,0.04534198654621304,0.019305132865418406,0.16848026860245932,0.7706065326990758,0.047388006341233774,0.6926532622677462,0.8485598031304054
12.0,perk_relief,PERK/ATF4 relief,0.6131064621791806,0.05174149243748151,0.5279917071195236,0.6982212172388377,0.6997794113543744,0.05104164752360179,0.6158159011780494,0.7837429215306994,0.2067451745579742,0.05431507355651359,0.11739687855750934,0.29609347055843904,0.08935627008047467,0.045571492693050886,0.014391164600405959,0.16432137556054338,0.7585297986786654,0.04800453102748946,0.6795623451384453,0.8374972522188856
14.0,perk_relief,PERK/ATF4 relief,0.585077727972804,0.052877520539092976,0.498094206685996,0.672061249259612,0.6826430832800521,0.052084792771379854,0.5969635991711322,0.768322567388972,0.21428310373316392,0.05635263083655911,0.12158302600702418,0.30698318145930364,0.08543072016092544,0.04578255699848438,0.010118413898418638,0.16074302642343224,0.7460842801988964,0.048667792775332785,0.666025761083474,0.8261427993143188
16.0,perk_relief,PERK/ATF4 relief,0.5570226901485937,0.05401797194369685,0.46816312630121243,0.6458822539959751,0.665427717427435,0.053136295242711844,0.578018511753174,0.752836923101696,0.2219095396848219,0.05845043979077891,0.12575856622899062,0.3180605131406532,0.08211587288490758,0.04597822226555032,0.006481697258077318,0.15775004851173785,0.7332485548481041,0.04938384261774991,0.6520121337419056,0.8144849759543027
18.0,perk_relief,PERK/ATF4 relief,0.5289385213468881,0.05516330212067009,0.4381948893583858,0.6196821533353905,0.6481304952453599,0.05419671569406291,0.5589768979286265,0.7372840925620934,0.2296319481586261,0.060582337615150375,0.12997400278170373,0.32928989353554844,0.0794117052324227,0.04616674680290882,0.003467406741637702,0.1553560037232077,0.7200010324072657,0.050158548252673615,0.6374902205316175,0.8025118442829138
20.0,perk_relief,PERK/ATF4 relief,0.5008222237788815,0.05631400693593981,0.40818568236926056,0.5934587651885025,0.6307484138032419,0.055266648922749316,0.5398347763253193,0.7216620512811645,0.23745778431450482,0.0627347125127142,0.13425918223108996,0.3406563863979197,0.07731835224997116,0.04635846290685302,0.001058680768197942,0.1535780237317444,0.7063199482117367,0.05099738398754107,0.6224292515522316,0.7902106448712418
22.0,perk_relief,PERK/ATF4 relief,0.47267062889974254,0.057470619672259055,0.3781314595388764,0.5672097982606087,0.6132782855140795,0.056346718516637896,0.5205879335542102,0.7059686374739488,0.24539449574375832,0.06490001427586749,0.1386339722599563,0.3521550192275603,0.07583611008040918,0.046564676265869485,0.0,0.15243500253776449,0.6921833563511098,0.051905379869556796,0.606799006465689,0.7775677062365307
24.0,perk_relief,PERK/ATF4 relief,0.44448039702108205,0.05863370963901507,0.3480279446649023,0.5409328493772618,0.595716737791191,0.057437574342920156,0.5012319279970874,0.6902015475852947,0.25344952551509753,0.06707386986295283,0.14311300959054013,0.36378604143965493,0.07496543902811864,0.046796647267625134,0.0,0.15194592378336197,0.6775691227049639,0.05288713803352239,0.5905697806398196,0.7645684647701083
26.0,perk_relief,PERK/ATF4 relief,0.4162480168618118,0.05980388150875008,0.3178706317799179,0.5146254019437057,0.578060212637694,0.058539891292040104,0.48176209146228804,0.6743583338131,0.26163031525029545,0.06925369075050247,0.14770799396571888,0.37555263653487203,0.07470696666108331,0.04706460457485378,0.0,0.15212824118671778,0.662454917812197,0.053946878243054434,0.5737123031023724,0.7511975325220216
28.0,perk_relief,PERK/ATF4 relief,0.3879698050364293,0.06098177501041365,0.2876547851442989,0.48828482492855974,0.5603049661677141,0.059654368645978006,0.46217352974508025,0.6584364025903479,0.26994430823016896,0.07143795074092366,0.15242887926134954,0.3874597371989884,0.07506149095148808,0.04737702821253552,0.0,0.15299670236110902,0.6468182095715603,0.055088494336494626,0.5561976363880267,0.737438782755094
30.0,perk_relief,PERK/ATF4 relief,0.3596419054797414,0.06216806480650439,0.25737543887304165,0.46190837208644114,0.542447068058302,0.06078172977893387,0.4424611225719558,0.6424330135446482,0.27839895253163177,0.07362578815748083,0.1572845310125758,0.39951337405068776,0.076029983456484,0.047740370321019084,0.0,0.1545628926345604,0.630636255770927,0.056315612141731475,0.5379970737977787,0.7232754377440752
32.0,perk_relief,PERK/ATF4 relief,0.33126028880702674,0.06336346046755309,0.22702739633790192,0.43549318127615155,0.5244824009310094,0.061922722045854084,0.42261952316557944,0.6263452786964394,0.2870017041965838,0.07581677529080771,0.16228310884320507,0.4117202995499625,0.07761359254078568,0.048159185304222356,0.0,0.15683545236623145,0.6138860964427542,0.05763164403538286,0.5190820420045493,0.708690150880959
34.0,perk_relief,PERK/ATF4 relief,0.30282075160861915,0.06456870649807456,0.1966052294192865,0.4090362737979518,0.5064066596620651,0.06307811678328822,0.402643157553556,0.6101701617705743,0.29576003043342564,0.07801077890589503,0.16743229913322832,0.42408776173362295,0.07981364664279408,0.04863650124289158,0.0,0.15982069118735073,0.5965445460431104,0.05903983791948715,0.499424012665554,0.6936650794206667
36.0,perk_relief,PERK/ATF4 relief,0.27431891567787653,0.06578458238852933,0.16610327764874577,0.3825345537070073,0.48821535062006954,0.06424870938145356,0.38252622368757844,0.5939044775525607,0.3046814128520118,0.08020787270264707,0.17273946225615736,0.43662336344786623,0.08263165758596436,0.049174252288386074,0.0017400125715692633,0.16352330260035947,0.5785881854515611,0.060543319876893514,0.47899442425407124,0.678181946649051
38.0,perk_relief,PERK/ATF4 relief,0.24575022717148184,0.06701190267866436,0.13551564726507898,0.3559848070778847,0.4699037908301076,0.06543531940442796,0.3622626904098236,0.5775448912503915,0.31377335073287943,0.08240828064245415,0.17821172907604235,0.44933497238971654,0.08606932393716452,0.049773658299422104,0.00419165603461516,0.16794699183971387,0.5599933537891165,0.062145130592595736,0.4577646139642965,0.6622220936139365
40.0,perk_relief,PERK/ATF4 relief,0.21710995570100414,0.06825151702364333,0.10483621019711085,0.3293837012048974,0.4514671070631575,0.06663879074528795,0.34184629628715885,0.5610879178391561,0.32304336433161646,0.08461233927094841,0.1838560662309063,0.4622306624323266,0.09012853441379917,0.05043551050494766,0.007162119633160269,0.17309494919443807,0.5407361400513608,0.06384825605061958,0.4357057588480916,0.6457665212546301
42.0,perk_relief,PERK/ATF4 relief,0.18839319335462815,0.06950431025791878,0.07405860298035175,0.3027277837289045,0.43290023484965806,0.0678599918086506,0.3212705483244278,0.5445299213748883,0.33249899821925744,0.08682047209968251,0.1896793216152797,0.4753186748232352,0.09481137134150051,0.05116036640473268,0.010652568605715257,0.17897017407728577,0.5207923745537956,0.06565565319592605,0.4127888250464972,0.6287959240610939
44.0,perk_relief,PERK/ATF4 relief,0.15959485364794054,0.07077120245398077,0.04317622561114216,0.27601348168473894,0.4141979174160671,0.06909981571639962,0.3005287205625897,0.5278671142695445,0.34214782465961974,0.08903317185575385,0.19568825695690464,0.48860739236233486,0.10012011416421736,0.05194867413150982,0.014664545217883712,0.185575683110551,0.5001376201863372,0.06757027129081392,0.38898452391294835,0.6112907164597261
46.0,perk_relief,PERK/ATF4 relief,0.13070967040264195,0.0720531489745338,0.012182240339533842,0.24923710046575004,0.3953547045432307,0.07035918053439105,0.2796138525641574,0.511095556522304,0.3519974470245224,0.09125098799204638,0.2018895717776061,0.5021053222714387,0.10605724300856324,0.05280084796392514,0.019199848107906384,0.1929146379092201,0.47874716347382007,0.06959506966013798,0.3642632738828931,0.5932310530647471
48.0,perk_relief,PERK/ATF4 relief,0.10173219655203028,0.07335114051762671,0.0,0.22239482270352623,0.3763649513453511,0.07163902951918183,0.25851874778629697,0.4942111549044052,0.36205550324785213,0.09347451779295618,0.20828992147843922,0.5158210850172651,0.11262544230431426,0.053717312305291726,0.02426046356210937,0.20099042104651915,0.4565960054392605,0.07173303244883884,0.3385951670609206,0.5745968438176003
50.0,perk_relief,PERK/ATF4 relief,0.07265680287208061,0.07466620315496744,0.0,0.19548270706200205,0.3572228169683262,0.07294033138461403,0.2372359718406361,0.4772096620960163,0.3723296693194723,0.09570439998691832,0.21489593134099166,0.5297634072979529,0.11982760446297869,0.05469852623613516,0.029848528804536353,0.209806680121421,0.43365885226654616,0.07398718093196649,0.3119499396334613,0.555367764899631
52.0,perk_relief,PERK/ATF4 relief,0.04487089009259457,0.07178276770878977,0.0,0.16295354297355374,0.33792226320620183,0.07426408058859094,0.21575785063796976,0.4600866757744339,0.3828276628199935,0.09794131013871832,0.22171420764180183,0.5439411179981851,0.1276668336163922,0.05574499650890906,0.03596631435923679,0.21936735287354758,0.40991010575911535,0.07636058383436274,0.28429694535158867,0.535523266166642
54.0,perk_relief,PERK/ATF4 relief,0.020295956180089808,0.059935015444078255,0.0,0.11888905658559853,0.3184570530344581,0.07561129764070247,0.19407646841550252,0.44283763765341366,0.39354919681971356,0.10018681772162477,0.2287418816676408,0.5583565119717864,0.1361276332955981,0.056830745860366225,0.042641056355295665,0.22961421023590053,0.3853371355593707,0.078831657071567,0.255659059676643,0.5150152114420985
56.0,perk_relief,PERK/ATF4 relief,0.001323698916724473,0.049103529889053886,0.0,0.08209900558421812,0.2988208955629579,0.07698312319279696,0.17218365791080686,0.4254581332151089,0.4044826945828185,0.1024433941314071,0.23596331123665382,0.5730020779289832,0.1451686473548065,0.05788951455333135,0.04994039591457643,0.24039689879503656,0.35994621545471817,0.08134417943913172,0.2261350402773465,0.49375739063208984
58.0,perk_relief,PERK/ATF4 relief,0.0,0.045,0.0,0.074025,0.2790076532341852,0.07838094309156238,0.1500710018485651,0.4079443046198053,0.41560133403290656,0.10467141092306392,0.2434168630644664,0.5877858050013467,0.15472363085010796,0.058860714299203386,0.05789775582791838,0.2515495058722975,0.33376310603074233,0.08387115083889168,0.1957950629007655,0.4717311491607191
60.0,perk_relief,PERK/ATF4 relief,0.0,0.045,0.0,0.074025,0.2590116091557791,0.07980572580637908,0.1277311902042855,0.3902920281072727,0.4268069340590379,0.10690089323846363,0.25095496468176526,0.6026589034363106,0.1645795863942856,0.05985646751710878,0.06611569732864166,0.26304347545992957,0.30692136919528923,0.08649920161742355,0.16463018253462747,0.449212555855951
62.0,perk_relief,PERK/ATF4 relief,0.0,0.045,0.0,0.074025,0.238828738885841,0.08125828939428004,0.10515885283225032,0.37249862493943164,0.43809529344314946,0.1091346015347587,0.2585688739184714,0.6176217129678275,0.17472191789896313,0.060891685028185205,0.07455509602759847,0.2748887397703278,0.27942201249485543,0.0892310279609407,0.13263697149910797,0.4262070534906029
64.0,perk_relief,PERK/ATF4 relief,0.0,0.045,0.0,0.074025,0.2184550748345602,0.08273949720871673,0.08234860192622118,0.3545615477428992,0.44946969537223197,0.11137296728961377,0.26626116418081736,0.6326782265636466,0.18515231516309438,0.06196655029777788,0.08321733992324977,0.287087290402939,0.2512546891309203,0.09206820043186148,0.09980249942050817,0.40270687884133244
66.0,perk_relief,PERK/ATF4 relief,0.0,0.045,0.0,0.074025,0.19788657297353685,0.08425022517098499,0.05929495256726655,0.3364781933798071,0.46093343234503376,0.11361643065324238,0.27403440392045003,0.6478324607696175,0.1958725397957306,0.06308128062289096,0.09210383317107497,0.29964124642038625,0.22240891844407573,0.09501230196930312,0.0661136817045721,0.37870415518357936
68.0,perk_relief,PERK/ATF4 relief,0.0,0.045,0.0,0.074025,0.17711911223208573,0.08579136174674018,0.03599232215869813,0.31824590230547334,0.47248980703764376,0.11586543983382866,0.2818911585109956,0.663088455564292,0.20688442574994403,0.06423612358212749,0.10121600245734431,0.31255284904254377,0.1928740833527673,0.09806493052893858,0.03155727263266331,0.3541908940728713
70.0,perk_relief,PERK/ATF4 relief,0.0,0.045,0.0,0.074025,0.15614849387274787,0.08736380793664208,0.012435029816971643,0.2998619579285241,0.48414213317264737,0.1181204506326306,0.28983399188197,0.6784502744633247,0.2181898798715155,0.06543135419581614,0.11055530221939795,0.32582445752363304,0.16263942775583173,0.10122770144132116,0.0,0.32915899662680503
72.0,perk_relief,PERK/ATF4 relief,0.0,0.045,0.0,0.074025,0.13497044084583545,0.08896847728123955,0.0,0.2813235859734745,0.4958937363920282,0.12038192609807409,0.29786546796069635,0.6939220048233601,0.22979088246256288,0.06666727265318892,0.1201232189480671,0.33945854597705866,0.13169405389825806,0.10450224953168619,0.0,0.30360025437788185
0.0,atf6_support,ATF6 adaptive support,0.78,0.045,0.705975,0.854025,0.8,0.045,0.725975,0.874025,0.12,0.045,0.045975,0.194025,0.1,0.045,0.025975000000000012,0.17402499999999999,0.82,0.045,0.7459749999999999,0.894025
2.0,atf6_support,ATF6 adaptive support,0.7662314378007505,0.04555180752128148,0.6912987144282425,0.8411641611732585,0.7836382260452514,0.04598005863242514,0.708001029594912,0.8592754224955907,0.13569391873145026,0.04648754687976789,0.05922190411423209,0.21216593334866843,0.09737489469929392,0.04514437814562039,0.023112392649748376,0.17163739674883946,0.8180086885467418,0.04512483288267373,0.7437783384547435,0.8922390386387401
4.0,atf6_support,ATF6 adaptive support,0.7523866854537116,0.0461047542807102,0.6765443646619433,0.8282290062454798,0.7671840605769165,0.046968396397786966,0.6899210485025569,0.844447072651276,0.15137930049804965,0.04796991878861061,0.07246878409078521,0.23028981690531408,0.09527903195617689,0.04525971727751264,0.020826797034668595,0.1697312668776852,0.8154477473315117,0.045296407086808245,0.7409351576737121,0.8899603369893113
6.0,atf6_support,ATF6 adaptive support,0.7384627583001208,0.04665921754393114,0.6617083454403541,0.8152171711598875,0.7506345345452418,0.047965347259570724,0.6717315383032479,0.8295375307872356,0.16706323781118457,0.04944746773300601,0.08572215339038967,0.24840432223197945,0.0937121415848142,0.04534947402831968,0.019112256808228326,0.16831202636140008,0.8123011112217402,0.04551872698187763,0.7374228053365515,0.8871794171069289
8.0,atf6_support,ATF6 adaptive support,0.7244565368803211,0.04721559980493855,0.6467868752011972,0.802126198559445,0.7339865311323487,0.04897126137442512,0.6534288061714194,0.814544256093278,0.1827528117621973,0.05092054907228085,0.09898850853829529,0.2665171149860993,0.09267411064221799,0.045418911590174735,0.017960001076380558,0.16738822020805544,0.8085525372556935,0.04579430767010493,0.7332209011383709,0.8838841733730162
10.0,atf6_support,ATF6 adaptive support,0.7103647664655479,0.04777432882052151,0.63177599555579,0.7889535373753058,0.7172367853310082,0.04998650514885981,0.6350089843611338,0.7994645863008826,0.19845509482263707,0.052389522009871285,0.1122743311163988,0.28463585852887535,0.0921649856837446,0.045475896113223634,0.017357136577491716,0.16697283478999747,0.8041855984411532,0.046124986564903124,0.7283099955418876,0.8800612013404189
12.0,atf6_support,ATF6 adaptive support,0.696184056534693,0.04833585761823707,0.616671570752693,0.7756965423166929,0.7003818834631637,0.05101146130613567,0.6164680296145705,0.7842957373117568,0.2141771536653667,0.05385475008861969,0.1255860897695873,0.3027682175611461,0.09218497505682702,0.04553150531242835,0.017285648817882387,0.16708430129577165,0.7991836774171713,0.046512287262040014,0.7226709648711155,0.8756963899632272
14.0,atf6_support,ATF6 adaptive support,0.6819108801952829,0.048900664477118584,0.6014692871304228,0.762352473260143,0.6834182626374173,0.052046528964103236,0.5978017224914676,0.7690348027833671,0.22992605200725177,0.05531660169060719,0.13893024222620293,0.3209218617883006,0.09273445123429544,0.045599570377323095,0.017723157963598954,0.1677457445049919,0.7935299599767219,0.04695759191056745,0.7162847212838385,0.8707751986696054
16.0,atf6_support,ATF6 adaptive support,0.667541573547907,0.049469252880645326,0.5861646525592454,0.7489184945365686,0.6663422101446843,0.053092123724734694,0.5790056666174958,0.7536787536718729,0.2457088534741787,0.05677545054202288,0.15231323733255106,0.3391044696158063,0.09381395318865897,0.045694292295774604,0.018646842362109742,0.16898106401520818,0.7872074284479954,0.04746222812255714,0.7091320631863889,0.8652827937096019
18.0,atf6_support,ATF6 adaptive support,0.6530723349933063,0.05004215144185384,0.5707529958714568,0.7353916741151558,0.6491498627911959,0.054148677776083703,0.5600752878495382,0.7382244377328536,0.2615326244891657,0.058231676223570894,0.16574151710139157,0.35732373187693983,0.09542418880874363,0.045826799461567265,0.020039103694465488,0.17080927392302178,0.7801988549320149,0.04802751548649174,0.701193591956736,0.8592041179072938
20.0,atf6_support,ATF6 adaptive support,0.6384992244813189,0.050619913800858195,0.5552294662789072,0.7217689826837306,0.6318372061680227,0.055216640007395956,0.5410058333558564,0.7226685789801891,0.27740443718435215,0.05968566468691509,0.1792215187743768,0.3755873555943275,0.0975660373601037,0.04600328645128273,0.021890631147743617,0.1732414435724638,0.7724867943941849,0.048654791859922844,0.6924496617846118,0.852523927003758
22.0,atf6_support,ATF6 adaptive support,0.6238181627008652,0.05120311849545956,0.5395890327758343,0.7080472926258962,0.6144000738562624,0.056296476138080476,0.52179237060912,0.7070077771034048,0.2933313723376694,0.061137808777659126,0.19275967689842016,0.3939030677769187,0.10024055199064598,0.04622582463873909,0.024199070459920174,0.17628203352137178,0.7640535776073067,0.04934542899711819,0.6828803469070474,0.8452268083075661
24.0,atf6_support,ATF6 adaptive support,0.6090249302101337,0.05179236880595934,0.5238264835243306,0.6942233768959368,0.5968341465670239,0.057388668861238154,0.5024297862902871,0.6912385068437608,0.30932052233501706,0.0625885087653549,0.20636242541600824,0.41227861925402587,0.10344896228292981,0.0464942822399899,0.026965867998146417,0.17993205656771322,0.7548813039435285,0.050100842286720626,0.672465418381873,0.837297189505184
26.0,atf6_support,ATF6 adaptive support,0.5941151665061131,0.05238829257573765,0.5079364252190246,0.6802939077932015,0.5791349512153187,0.05849371800242937,0.48291278510132235,0.6753571173293149,0.32537899415878885,0.06403817288102746,0.22003619976949867,0.430721788548079,0.10719267685462909,0.046807787486739395,0.030193866438942785,0.1841914872703154,0.744951834012616,0.050922497105046406,0.6611843262748147,0.8287193417504173
28.0,atf6_support,ATF6 adaptive support,0.5790843690325983,0.05299154200961162,0.49191328242678717,0.6662554556384094,0.5612978599269501,0.059612140694346616,0.46323588848474995,0.6593598313691503,0.34151391240361295,0.06548721786269687,0.2337874390194766,0.4492403857877493,0.1114732860086675,0.04716543787431731,0.03388614070541553,0.18906043131191946,0.7342467821438587,0.05181191315885064,0.6490161849975494,0.8194773792901681
30.0,atf6_support,ATF6 adaptive support,0.5639278921257763,0.053602793452438714,0.47575129689651463,0.652104487355038,0.5433180889774686,0.06074447156804111,0.4433934332480409,0.6432427447068962,0.3577324223201924,0.06693606950936933,0.24762258797727987,0.46784225666310497,0.11629256443456168,0.04756654010724574,0.03804560595814244,0.19453952291098092,0.7227475087088484,0.052770667601040946,0.635939760505136,0.8095552569125608
32.0,atf6_support,ATF6 adaptive support,0.5486409458964823,0.054222747150867605,0.45944452683330506,0.6378373649596595,0.525190697662245,0.061891262961335236,0.4233795700908486,0.6270018252336415,0.3740416928881517,0.06838516324395916,0.26154809935183887,0.48653528642446453,0.12165247396253441,0.048010647470577886,0.04267495887343378,0.20062998905163504,0.7104351122822878,0.053800397382208626,0.6219334585885546,0.798936765976021
34.0,atf6_support,ATF6 adaptive support,0.5332185950481927,0.05485212700155637,0.44298684613063244,0.6234503439657529,0.5069105870966901,0.06305308514503238,0.40318826203311187,0.6106329121602684,0.39044891991881914,0.06983494468559234,0.2755704359110197,0.5053274039266186,0.1275551663719842,0.04849753099179222,0.04777672789048598,0.2073336048534824,0.6972904216379084,0.05490280112028814,0.6069753137950344,0.7876055294807824
36.0,atf6_support,ATF6 adaptive support,0.5176557576298045,0.055491680289565186,0.4263719435534698,0.6089395717061392,0.48847249894562184,0.06423052656751768,0.3828132827420552,0.5941317151491884,0.4069613291888946,0.07128587023172712,0.2896960726577035,0.5242265857200857,0.13400298625592522,0.04902713810045661,0.05335334408067409,0.21465262843117633,0.6832939875764907,0.056079640665597154,0.5910429786815834,0.7755449964713981
38.0,atf6_support,ATF6 adaptive support,0.5019472037222271,0.05614217742097781,0.40959332186471864,0.5943010855797356,0.46987101408076826,0.06542419411832097,0.3622482147561302,0.5774938134054063,0.42358617960597644,0.07273840765051437,0.3039314990208803,0.5432408601910725,0.14099847394303938,0.049599555903718597,0.059407204481422296,0.22258974340465648,0.6684260745829038,0.05733274247554991,0.5741137132106242,0.7627384359551834
40.0,atf6_support,ATF6 adaptive support,0.4860875540577901,0.05680441165410833,0.3926442968867819,0.5795308112287982,0.4511005511653632,0.06663471341119277,0.3414864476039511,0.5607146547267753,0.44033076640694213,0.07419303668380121,0.3182832210620891,0.5623783117517951,0.14854436847900854,0.05021498264805532,0.06594072202295753,0.23114801493505954,0.6526666523089917,0.0586639988745874,0.5561643741602954,0.749168930457688
42.0,atf6_support,ATF6 adaptive support,0.470071278571453,0.05747919883389717,0.37551799648969214,0.5646245606532139,0.4321553651647688,0.0678627290872216,0.3205211758162893,0.5437895545132484,0.45720242439020164,0.07565024966116485,0.3327577636975855,0.5816470850828178,0.15664361066882634,0.05087370668170175,0.07295636317742697,0.2403308581602257,0.6359953868790489,0.06007536925042746,0.5371714044620957,0.7348193692960021
44.0,atf6_support,ATF6 adaptive support,0.4538926948827742,0.058167377134287525,0.3582073594968712,0.5495780302686771,0.4130295457820404,0.06910890513849796,0.29934539682921124,0.5267136947348695,0.4742085311828671,0.07711055212534204,0.3473616729366794,0.6010553894290548,0.16529934618181533,0.05157609128856041,0.08045667601213345,0.2501420163514972,0.6183916320145402,0.061568881221980204,0.5171108224043828,0.7196724416246976
46.0,atf6_support,ATF6 adaptive support,0.4375459667075765,0.05886980681349782,0.34070513449937256,0.5343867989157804,0.3937170158173137,0.07037392525280824,0.27795190877644416,0.5094821228581833,0.49135651054390295,0.07857446346939893,0.36210151813674174,0.6206115029510642,0.1745149287211082,0.052322563855257596,0.08844431117920944,0.26058554626300695,0.5998344199746307,0.06314663180390022,0.49595821065721485,0.7037106292920465
48.0,atf6_support,ATF6 adaptive support,0.4210251021982222,0.05958736998716171,0.3230038785693412,0.5190463258271032,0.37421152944987957,0.07165849317981665,0.2563333081690812,0.49208975073067796,0.5086538357043489,0.08004251758596143,0.3769838942754423,0.6403237771332554,0.18429392325938013,0.05311360816362053,0.09692203783022435,0.2716658086885359,0.5803024523090002,0.0648107885857907,0.47368870508537453,0.686916199532626
50.0,atf6_support,ATF6 adaptive support,0.4043239522113841,0.060320970424295045,0.30509595586341876,0.5035519485593495,0.3545066704417753,0.07296333311917141,0.23448198746073834,0.4745313534228123,0.5261080327457311,0.08151526352880209,0.3920154242408517,0.6602006412506106,0.19464010934265305,0.053949758923051025,0.10589275591423411,0.28338746277107196,0.5597740904193231,0.06656359093932415,0.4502769833241349,0.6692711975145114
52.0,atf6_support,ATF6 adaptive support,0.38743620850217614,0.061071533370969364,0.28697353610693155,0.48789888089742073,0.33459585026170163,0.07428919013094645,0.21239013249629474,0.45680156802710853,0.5437266840178012,0.08299326618705281,0.40720276114009935,0.6802506068955031,0.20555748446402283,0.05483159791149435,0.11535950589961463,0.29575546302843103,0.5382273459257005,0.06840735126325037,0.42569725309765366,0.6507574387537474
54.0,atf6_support,ATF6 adaptive support,0.37035540184347915,0.06184000540642438,0.26862859294991104,0.47208221073704726,0.3144723061280408,0.07563683056880732,0.19004971984235275,0.4388948924137288,0.5615174315967708,0.08447710697228428,0.42255259062736317,0.7004822725661785,0.2170502675091956,0.05575975127946986,0.12532547665446767,0.3087750583639235,0.5156398708342369,0.07034445627394134,0.3999232402636034,0.6313565014048704
56.0,atf6_support,ATF6 adaptive support,0.35307490006927156,0.06262735433614355,0.25005290218631543,0.4560968979522277,0.29412909896972766,0.07700704253626592,0.16745251399757022,0.4208056839418851,0.579487980785235,0.08596738451866387,0.4380716332520329,0.7209043283184371,0.22912290227575147,0.05673488770307063,0.13579401200420027,0.32245179254730266,0.49198894750184946,0.072377368347464,0.37292817657027116,0.6110497184334277
58.0,atf6_support,ATF6 adaptive support,0.33558790604074806,0.06343456912615017,0.23123803982823105,0.4399377722532651,0.27355911130369187,0.07840063636636685,0.1445900644810184,0.40252815812636533,0.5976461036550016,0.08746471539637365,0.45376664682796697,0.7415255604820362,0.24178006106808972,0.057757717163674484,0.1467686163338452,0.33679150580233425,0.46725147839430675,0.07450862691797369,0.34468478711424,0.5898181696743735
60.0,atf6_support,ATF6 adaptive support,0.31788745553397924,0.06426265988246403,0.2121753800273259,0.4235995310406326,0.25275504502756185,0.07981844512512506,0.12145370279673112,0.3840563872583926,0.615999642634077,0.08896973483843679,0.46964442882484847,0.7623548564433056,0.25502664837004474,0.0588289901960972,0.15825295949746485,0.3518003372426246,0.4414039756333823,0.07674084993634199,0.31516527748809975,0.5676426737786648
62.0,atf6_support,ATF6 adaptive support,0.2999664150478391,0.06511265787929803,0.19285609283639385,0.4070767372592844,0.23170941912629034,0.08126132513901385,0.09803453927261255,0.36538429897996816,0.634556514139079,0.09048309748107058,0.48571181878271785,0.7834012094954401,0.2688678045971982,0.05994949749162079,0.17025088122348203,0.3674847279709144,0.4144225503289109,0.07907673539228341,0.28434132060860473,0.5445037800492171
64.0,atf6_support,ATF6 adaptive support,0.2818174795308964,0.06598561563917722,0.17327114180444989,0.3903638172573429,0.21041456729132801,0.0827301565467811,0.0743234597718731,0.3465056748107829,0.6533247122543819,0.09200547811764763,0.5019757007508516,0.8046737237579122,0.28330890993095004,0.06112006977373671,0.18276639515315313,0.38385142470874695,0.38628290169142687,0.08151906290276076,0.25218404321638543,0.5203817601664683
66.0,atf6_support,ATF6 adaptive support,0.2634331700259355,0.06688260706774055,0.15341128139950233,0.3734550586523687,0.18886263545094095,0.08422584387585308,0.05031112227516263,0.32741414862671925,0.672312312459326,0.09353757246631536,0.5184430057522372,0.8261816191664147,0.2983555882364501,0.06234157788667048,0.19580369261287714,0.40090748386002306,0.35696030592095374,0.08407069536908515,0.21866401203880867,0.4952565998030988
68.0,atf6_support,ATF6 adaptive support,0.24480583123074195,0.06780472764554434,0.13326705425382152,0.3563446082076624,0.16704557921023414,0.0857493166435658,0.025987953331568392,0.3081032050888999,0.6915274754048484,0.09508009795128777,0.53512071427498,0.8479342365347168,0.31401371106652937,0.06361493305261542,0.20936714619497698,0.41866027593808175,0.32642960486740846,0.08673458070485082,0.18375121960792887,0.4691079901268881
70.0,atf6_support,ATF6 adaptive support,0.225927628973757,0.06875309467873847,0.11282878822723223,0.3390264697202818,0.14495516119940874,0.08730152998344844,0.0013441443766360472,0.28856617802218143,0.7109784507409307,0.0966337944977897,0.5520158587920666,0.8699410426897948,0.33028940175381183,0.06494108726502044,0.2234613132028532,0.43711749030477043,0.2946651944579659,0.08951375363663773,0.14741506972569685,0.44191531919023497
72.0,atf6_support,ATF6 adaptive support,0.20679054760317173,0.06972884761003657,0.09208659328466157,0.3214945019216819,0.12258294832874694,0.08888346529676643,0.0,0.26879624874192776,0.7306735809962822,0.09819942534059893,0.569135526310997,0.8922116356815675,0.347189039593226,0.06632103379356864,0.2380909390028056,0.4562871401836464,0.2616410128866183,0.09241133757925793,0.10962436256873898,0.4136576632044976
0.0,mito_support,Mitochondrial reserve support,0.78,0.045,0.705975,0.854025,0.8,0.045,0.725975,0.874025,0.12,0.045,0.045975,0.194025,0.1,0.045,0.025975000000000012,0.17402499999999999,0.82,0.045,0.7459749999999999,0.894025
2.0,mito_support,Mitochondrial reserve support,0.7523589597932034,0.04611666855381909,0.676497040022171,0.8282208795642358,0.8030679283116431,0.047176212507712846,0.7254630587364554,0.8806727978868307,0.13569391873145026,0.04648754687976789,0.05922190411423209,0.21216593334866843,0.09737489469929392,0.04514437814562039,0.023112392649748376,0.17163739674883946,0.8169494906678123,0.0451582200176964,0.7426642187387017,0.8912347625969229
4.0,mito_support,Mitochondrial reserve support,0.7246856452178911,0.04723291659960582,0.6469874974115396,0.8023837930242427,0.8059670238839608,0.049351065087695774,0.7247845218147012,0.8871495259532204,0.15146083072748784,0.04797019814604812,0.07254985477723869,0.230371806677737,0.0952812730853079,0.04524995003543887,0.02084510527701096,0.16971744089360485,0.8133248324625374,0.04536742603098946,0.7386954166415597,0.8879542482835151
6.0,mito_support,Mitochondrial reserve support,0.6969762910345263,0.048349142680583525,0.6174419513249664,0.7765106307440862,0.8086938416983401,0.051524926076490236,0.7239353383025137,0.8934523450941666,0.1673073018834269,0.04944835904077967,0.08596475126134435,0.24864985250550947,0.09372005138144673,0.04532479339964444,0.019160766239031637,0.16827933652386184,0.8091075250467539,0.04563386117230469,0.7340398234183126,0.8841752266751951
8.0,mito_support,Mitochondrial reserve support,0.6692269895681265,0.04946577217132475,0.5878557943462973,0.7505981847899558,0.8112447809896781,0.053698179419931574,0.7229112758438907,0.8995782861354655,0.18323990800942808,0.05092244166536787,0.09947249146989792,0.26700732454895826,0.09269230579506095,0.04538269214268617,0.018037777220342194,0.1673468343697797,0.8042788656579416,0.04596174496420379,0.7286717951918263,0.8798859361240569
10.0,mito_support,Mitochondrial reserve support,0.6414336899680755,0.05058325752187064,0.5582242313445983,0.7246431485915527,0.8136160845177195,0.05587122489944466,0.7217079195581331,0.9055242494773059,0.19926523763207576,0.052392865617939335,0.11307897369056556,0.28545150157358595,0.09219927521006574,0.0454448980973069,0.01744241783999588,0.16695613258013559,0.7988199421848915,0.04635424728556701,0.7225672054001337,0.8750726789696492
12.0,mito_support,Mitochondrial reserve support,0.6135921974096232,0.0517020785096529,0.5285422782612442,0.6986421165580022,0.8158038377749696,0.05804447837395839,0.720320670849808,0.9112870047001311,0.2153898948238681,0.05386005863614515,0.12679009836740934,0.3039896912803269,0.09224236392233841,0.04553722008814128,0.017333636877346,0.16715109096733083,0.7927116260912286,0.04681399433736055,0.7157026054062705,0.8697206467761867
14.0,mito_support,Mitochondrial reserve support,0.5856981722361919,0.052822742498712105,0.4988047608258105,0.6725915836465733,0.8178039681302606,0.06021837203810322,0.7187447461275808,0.9168631901329404,0.23162050206139678,0.055324457245951406,0.14061176989180674,0.3226292342309868,0.0928231444193941,0.04568071070643956,0.017678375307301028,0.16796791353148716,0.7859345651835287,0.04734333294191163,0.708054782494084,0.8638143478729733
16.0,mito_support,Mitochondrial reserve support,0.557747129041578,0.053945784705688726,0.46900631320072,0.6464879448824359,0.8196122439070181,0.062393354697352355,0.7169751754298735,0.9222493123841627,0.24796370311301508,0.056786507416838966,0.15454989841231498,0.3413775078137152,0.09394336020586176,0.04588516617023403,0.018462261855826778,0.16942445855589675,0.778469176221428,0.04794447285810347,0.6996005183698477,0.8573378340730082
18.0,mito_support,Mitochondrial reserve support,0.5297344356911267,0.05507176847205227,0.43914137655460067,0.6203274948276527,0.8212242733952712,0.06456989206076208,0.7150068009553175,0.9274417458352248,0.26442616595681534,0.05824666522381436,0.16861040166364072,0.36024193024998996,0.09560492867630838,0.04615194376672429,0.019684981180046926,0.17152487617256984,0.7702956373670556,0.048619566406055616,0.6903164506290942,0.8502748241050171
20.0,mito_support,Mitochondrial reserve support,0.5016553122809372,0.056201285542029994,0.4092041975642978,0.5941064269975765,0.8226355037964106,0.0667484670519632,0.7128342754959311,0.93243673209689,0.281014585729758,0.05970539751661198,0.1827992068149313,0.3792299646445847,0.0978099440369839,0.0464793635613261,0.02135139097860246,0.17426849709536535,0.7613938804710323,0.04937075481796819,0.6801789887954746,0.84260877214659
22.0,mito_support,Mitochondrial reserve support,0.47350483003413824,0.05733495634570024,0.37918882684546135,0.5678208332228152,0.8238412200996997,0.06892958013904824,0.7104520607709653,0.9372303794284341,0.2977356877088154,0.06116318259644293,0.19712225233766678,0.39834912307996406,0.10056068027808586,0.04686550371382937,0.02346692666883654,0.17765443388733518,0.7517435831922065,0.050200196283953724,0.6691642603051026,0.8343229060793104
24.0,mito_support,Mitochondrial reserve support,0.4452779101332512,0.05847343028672762,0.34908911731158426,0.5414667029549182,0.8248365438895048,0.07111374968399317,0.707854425659336,0.9418186621196736,0.31459623032501904,0.06262051090061907,0.21158548989350068,0.4176069707565374,0.10385959419816848,0.04730894414421614,0.026036381080932938,0.18168280731540404,0.7413241609482144,0.05111008356974662,0.6572480734759812,0.8254002484204476
26.0,mito_support,Mitochondrial reserve support,0.41696932248764274,0.0596173860342379,0.3188987224613214,0.5150399225139641,0.8256164320821979,0.07330151231224555,0.705035444328554,0.9461974198358418,0.331603008211319,0.06407788569535158,0.22619488624246564,0.43701113018017235,0.10770932848234883,0.0478087877947249,0.029063872560026363,0.1863547844046713,0.7301147586938689,0.052102655500251824,0.6444058903959546,0.8158236269917831
28.0,mito_support,Mitochondrial reserve support,0.3885736844350433,0.06076753181836006,0.28861109459384104,0.4885362742762456,0.8261756755916676,0.07549342330310005,0.701988994258068,0.9503623569252672,0.34876285528518863,0.06553582377699216,0.24095642517203653,0.45656928539834074,0.11211271483598978,0.04836453574420645,0.03255305353677017,0.19167237613520938,0.7180942425242995,0.05318020473153057,0.6306128057409317,0.8055756793076674
30.0,mito_support,Mitochondrial reserve support,0.36008545937609093,0.06192460572900294,0.2582194829518811,0.4619514358003008,0.8265088979223356,0.07769005700147566,0.6987087541549082,0.954309041689763,0.36608264786693195,0.06699485618195113,0.25587610944762235,0.47628918628624156,0.11707277717556869,0.048975971597154624,0.03650730389824933,0.19763825045288805,0.7052411910996768,0.054345083222896926,0.6158435291980113,0.7946388530013422
32.0,mito_support,Mitochondrial reserve support,0.3314989553408353,0.06308937601748313,0.22771693179207553,0.43528097888959505,0.8266105536885727,0.07989200725169504,0.6951882017595343,0.9580329056176111,0.3835693078346737,0.06845552890549142,0.2709599627851403,0.4961786528842071,0.12259273487846875,0.049643079300478656,0.040929869429181365,0.20425560032775614,0.691533886888272,0.05559970625669043,0.6000723700960162,0.7829954036805278
34.0,mito_support,Mitochondrial reserve support,0.30280832348611497,0.06426264140067994,0.19709627838199645,0.4085203685902335,0.8264749270593665,0.08209988785385666,0.6914206115397723,0.9615292425789608,0.40122980581703793,0.06991840362956005,0.28621403184641164,0.5162455797876642,0.12867600609346108,0.05036598879263668,0.045823954529573746,0.21152805765734842,0.6769503072245114,0.056946555528778656,0.5832732233796706,0.7706273910693523
36.0,mito_support,Mitochondrial reserve support,0.27400755652270037,0.06544523136746333,0.1663501509232232,0.38166496212217754,0.82609613012708,0.0843143330433751,0.6873990522707281,0.964793207983432,0.41907116442454545,0.07138405845977958,0.30164438825820805,0.5364979405908828,0.13532621111367493,0.05114494071303627,0.051192783640730266,0.2194596385866196,0.6614681151785915,0.05838818164081218,0.5654195563794555,0.7575166739777275
38.0,mito_support,Mitochondrial reserve support,0.2450904870710664,0.06663800648721943,0.13547096639959044,0.35471000774254235,0.8254681011991096,0.08653599799425143,0.683116384498566,0.9678198178996532,0.4371004615207845,0.0728530886716816,0.3172571306558683,0.5569437923857008,0.14254717581388526,0.051980263464603625,0.057039642414612304,0.22805470921315824,0.6450646502341366,0.05992720620861872,0.5464843960209588,0.7436449044473145
40.0,mito_support,Mitochondrial reserve support,0.21605078594463917,0.06784185872038813,0.1044509283496007,0.32765064353967766,0.8245846030112263,0.08876555934661888,0.6785652578860382,0.9706039481364144,0.4553248335344371,0.07432610746622252,0.33305838675250105,0.5775912803163732,0.15034293515397884,0.052872358192024196,0.06336790592809903,0.23731796437985864,0.6277169187702791,0.061566323728557526,0.526440316236802,0.7289935213037563
42.0,mito_support,Mitochondrial reserve support,0.18688196035933383,0.0690577117310248,0.07328202456179803,0.3004818961568696,0.8234392208613552,0.0910037157590909,0.6737381084376507,0.9731403332850598,0.4737514788132676,0.07580374673457939,0.3490543154348845,0.5984486421916507,0.15871773675049253,0.053821688862797985,0.07018105857118984,0.24725441492979522,0.6094015843444498,0.06330830329750288,0.5052594254200575,0.7135437432688421
44.0,mito_support,Mitochondrial reserve support,0.15757735206817586,0.07028652120150593,0.04195602469169861,0.2731986794446531,0.822025360662529,0.09325118848642056,0.6686271556023672,0.9754235657226907,0.4923876610212084,0.07728665783217961,0.36525110888727297,0.6195242131551438,0.16767604451815135,0.054828775682733505,0.07748270852005473,0.25786938051624797,0.5900949577720688,0.06515599025216692,0.4829133538072542,0.6972765617368833
46.0,mito_support,Mitochondrial reserve support,0.12813013541977045,0.0715292751496126,0.01046447779865771,0.24579579304088317,0.8203362469137059,0.09550872198295926,0.6632243992517379,0.9774480945756738,0.5112407125797023,0.07877551236187538,0.3816549947444173,0.6408264304149873,0.17722254238336738,0.05589419072739185,0.08527659863680778,0.26916848612992694,0.5697729869992262,0.06711230777366142,0.45937324071155317,0.6801727332868992
48.0,mito_support,Mitochondrial reserve support,0.09853331533936023,0.07278699424834807,0.0,0.21826792087789282,0.8183649205871372,0.09777708453237993,0.6575216165313722,0.9792082246429021,0.5303180381544923,0.0802710029661294,0.3982722382752094,0.6623638380337752,0.18736213807169697,0.05701855507324974,0.09356661497620114,0.28115766116719276,0.5484112467643436,0.06918025848986878,0.43460972154850946,0.6622127719801778
50.0,mito_support,Mitochondrial reserve support,0.06877972523118131,0.07406073214897288,0.0,0.1906096296162417,0.8161042369309159,0.1000570689041074,0.6515103585836592,0.9806981152781726,0.549627118189075,0.08177384412803544,0.41510914459845666,0.6841450917796932,0.198099966971288,0.05820253696300502,0.10235679366714474,0.2938431402754313,0.5259849280446975,0.07136292609908293,0.4085929146117061,0.643376941477689
52.0,mito_support,Mitochondrial reserve support,0.04075656779010887,0.06966062195213715,0.0,0.15534829090137448,0.8135468631853264,0.10234949303687316,0.64518194713967,0.9819117792309828,0.5691755124860614,0.08328477298095455,0.43217206093239113,0.7061789640397316,0.20944139607438744,0.05944685069754658,0.11165132667692332,0.30723146547185154,0.5024688272835892,0.07366347703206517,0.381292407565842,0.6236452470013364
54.0,mito_support,Mitochondrial reserve support,0.01549066092088006,0.058048981617406674,0.0,0.11098123568151404,0.8106852762115736,0.10465520074978474,0.6385274709781777,0.9828430814449695,0.5889599175893403,0.08481228552706684,0.44944370789731536,0.7284761272813652,0.22136644114342147,0.060697744053189645,0.1215186521759245,0.32121423011091843,0.47785539670366173,0.07605501048006692,0.3527449044639516,0.6029658889433718
56.0,mito_support,Mitochondrial reserve support,0.0005813343035822721,0.046802164117641806,0.0,0.07757089427710305,0.8075119592531583,0.10697494755488658,0.6315381705253699,0.9834857479809468,0.6089708659389801,0.086368844438348,0.4668941168378976,0.7510476150400626,0.23384132427878504,0.061871656622710165,0.13206244913442683,0.33562019942314325,0.452147692061161,0.07849179274888157,0.32302869298925085,0.5812666911330712
58.0,mito_support,Mitochondrial reserve support,0.0,0.045,0.0,0.074025,0.804019516511729,0.10930933723347452,0.6242056567626634,0.9838333762607946,0.6291529934718263,0.08790512430818007,0.4845490639848701,0.7737569229587825,0.24674332825455186,0.06296442624340098,0.14316684708415725,0.35031980942494645,0.4254132885866393,0.08095987494174905,0.29223429430746206,0.5585922828658165
60.0,mito_support,Mitochondrial reserve support,0.0,0.045,0.0,0.074025,0.800201482072365,0.11165890077642375,0.6165225902951479,0.983880373849582,0.6494268269006396,0.08944396107698942,0.502291510928992,0.7965621428722871,0.2599012884254094,0.06408687953643875,0.15447837158796762,0.36532420526285114,0.39776054369638875,0.08352738564490002,0.2603579943105282,0.5351630930822493
62.0,mito_support,Mitochondrial reserve support,0.0,0.045,0.0,0.074025,0.7960527664414527,0.11402445524635511,0.6084825375611986,0.9836229953217068,0.6697918759727608,0.09098920807570848,0.5201146286882203,0.8194691232573013,0.2733111983572452,0.06524451841161695,0.16598396557013534,0.3806384311443551,0.36918520022201434,0.08619771892970612,0.22738995258264777,0.5109804478613809
64.0,mito_support,Mitochondrial reserve support,0.0,0.045,0.0,0.074025,0.7915682770743822,0.11640680438105656,0.600079083867544,0.9830574702812203,0.6902509625764132,0.0925412840556856,0.5380205503048103,0.842481374848016,0.2869762422043106,0.06643770445463976,0.17768621837642823,0.396266266032193,0.33967789551844163,0.08897237110994448,0.19331834504258297,0.4860374459943003
66.0,mito_support,Mitochondrial reserve support,0.0,0.045,0.0,0.074025,0.7867428590074241,0.11880676865407792,0.5913057245714659,0.9821799934433824,0.7108069382610069,0.0941006163156425,0.5560114244217751,0.8656024521002388,0.3008996743451917,0.06766681623764909,0.18958776163425897,0.4122115870561245,0.30922908752019657,0.09185286680106952,0.1581311216324372,0.46032705340795593
68.0,mito_support,Mitochondrial reserve support,0.0,0.045,0.0,0.074025,0.7815712937517777,0.12122518545389825,0.5821558636801151,0.9809867238234403,0.7314626850091915,0.0956676404398398,0.574089416485655,0.888835953532728,0.31508482006713434,0.06893224798530015,0.2016912721313156,0.4284783680029531,0.2778290519025729,0.09484075956770108,0.12181600241370463,0.4338421013914412
70.0,mito_support,Mitochondrial reserve support,0.0,0.045,0.0,0.074025,0.7760482981678294,0.12366290926768576,0.5726228124224864,0.9794737839131724,0.7522211160147019,0.09724280011678108,0.592256709822597,0.9121855222068067,0.3295350762677674,0.07023440863498702,0.21399947406321373,0.44507067847232107,0.24546787920239788,0.09793763258714733,0.08436047359654053,0.4065752848082552
72.0,mito_support,Mitochondrial reserve support,0.0,0.045,0.0,0.074025,0.7701685233194024,0.1261208118688834,0.5626997877950892,0.9776372588437157,0.7730851764661949,0.09882654702274651,0.6105155066137768,0.935654846318613,0.34425391217441503,0.07157372119503475,0.22651514080858287,0.4619926835402472,0.21213547189769755,0.10114509932613615,0.04575178350620357,0.3785191602891915
0.0,combo_recovery,Combination recovery program,0.78,0.045,0.705975,0.854025,0.8,0.045,0.725975,0.874025,0.12,0.045,0.045975,0.194025,0.1,0.045,0.025975000000000012,0.17402499999999999,0.82,0.045,0.7459749999999999,0.894025
2.0,combo_recovery,Combination recovery program,0.7523589597932034,0.04611666855381909,0.676497040022171,0.8282208795642358,0.7836382260452514,0.04598005863242514,0.708001029594912,0.8592754224955907,0.13569391873145026,0.04648754687976789,0.05922190411423209,0.21216593334866843,0.09737489469929392,0.04514437814562039,0.023112392649748376,0.17163739674883946,0.811506390456646,0.04540364794030792,0.7368173895948394,0.8861953913184525
4.0,combo_recovery,Combination recovery program,0.7246538905835408,0.04723552599002088,0.6469514503299565,0.8023563308371251,0.7671455181032538,0.04697029816131545,0.6898793776278899,0.8444116585786178,0.15146083072748784,0.04797019814604812,0.07254985477723869,0.230371806677737,0.09545114337733825,0.04524381845662718,0.021025062016186535,0.16987722473848996,0.8023440759482753,0.04583814360524615,0.7269403297176453,0.8777478221789052
6.0,combo_recovery,Combination recovery program,0.6968805906165738,0.0483569819135583,0.6173333553687704,0.7764278258643772,0.7505177331837777,0.04797113317197341,0.6716052191158814,0.8294302472516739,0.16730961164238095,0.049448312465846,0.08596713763606428,0.24865208564869762,0.09422911252937116,0.04530252135901371,0.0197064648937936,0.16875176016494872,0.7924893398695125,0.0463098903967391,0.7163095701668767,0.8686691095721484
8.0,combo_recovery,Combination recovery program,0.6690346699917726,0.049481476238968314,0.5876376415786697,0.7504316984048756,0.7337505235443984,0.04898299755443016,0.6531734925673608,0.814327554521436,0.1832491343961156,0.05092225724343419,0.09948202123066635,0.26701624756156483,0.09370937247689404,0.04532916394630767,0.019142897785217924,0.16827584716857014,0.7819182265486179,0.04682473837233499,0.7048915319261269,0.8589449211711089
10.0,combo_recovery,Combination recovery program,0.6614572511755962,0.05023256029265469,0.5788246894941792,0.7440898128570131,0.7304926403291555,0.04988120551540984,0.6484380572563063,0.8125472234020047,0.18494359544075492,0.05207309681828073,0.09928335117468312,0.2706038397068267,0.09389270073393886,0.04534198654621304,0.019305132865418406,0.16848026860245932,0.7857589468004306,0.04673741780236626,0.7088758945155381,0.862641999085323
12.0,combo_recovery,Combination recovery program,0.6539172625894543,0.05130026601073265,0.5695283250017991,0.7383062001771095,0.7272542069084744,0.05110150161748526,0.6431922367477112,0.8113161770692376,0.1866788291728916,0.0532863147903951,0.09902284134269167,0.27433481700309154,0.09422021458000751,0.04539713243904749,0.01954193171777438,0.16889849744224064,0.7894451509346696,0.04679849799220111,0.7124616217374988,0.8664286801318404
14.0,combo_recovery,Combination recovery program,0.6464133691315095,0.052552685437948894,0.5599642015860835,0.7328625366769355,0.7240338715860712,0.05249035750802759,0.6376872334853658,0.8103805096867767,0.1884562719263327,0.05453973759135243,0.09873840358855797,0.2781741402641075,0.09469129375297802,0.045514131317739445,0.019820547735296637,0.16956203977065942,0.7929720069504689,0.047016956242902544,0.7156291139308942,0.8703148999700435
16.0,combo_recovery,Combination recovery program,0.6389442017691846,0.05391363242709001,0.5502562764266216,0.7276321271117477,0.7208302460112803,0.053972087812905,0.6320461615590516,0.8096143304635091,0.1902773549606891,0.05582110943465374,0.0984516299406837,0.2821030799806945,0.0953053675922733,0.045696656518785926,0.020134367618870455,0.17047636756567613,0.7963346597919873,0.04737381791003939,0.7184047293299725,0.874264590254002
18.0,combo_recovery,Combination recovery program,0.6315083575640577,0.0553417886405043,0.5404711152504281,0.7225455998776872,0.7176419052190685,0.05550971769047309,0.6263284196182403,0.8089553908198966,0.19214350530028615,0.05712336488177842,0.09817557006976065,0.28611144053081167,0.09606191553787369,0.04594025552024091,0.020490195207077386,0.17163363586866998,0.7995282294448716,0.047842289861666124,0.7208276626224308,0.8782287962673123
20.0,combo_recovery,Combination recovery program,0.6241043996793789,0.056814325074217735,0.5306448349322908,0.7175639644264671,0.7144673876510982,0.05708414757853773,0.6205639648844036,0.8083708104177928,0.19405614657615006,0.0584423012095149,0.09791856108649805,0.29019373206580207,0.09696046763792353,0.04624050096777065,0.020894843545940803,0.17302609172990624,0.802547808999917,0.04840176056980622,0.7229269128625857,0.8821687051372482
22.0,combo_recovery,Combination recovery program,0.6167308573700668,0.058318115791332885,0.5207975568933242,0.7126641578468095,0.7113051951576883,0.05868489603783508,0.6147685411754495,0.8078418491399271,0.19601669987126935,0.059775378443815544,0.09768620233119278,0.2943471974113459,0.09800060506532542,0.04659463099507322,0.02135243707842996,0.17464877305222087,0.8053884626834121,0.049039835387241354,0.7247179334714001,0.8860589918954241
24.0,combo_recovery,Combination recovery program,0.6093862259550198,0.059845312184427596,0.5109406874116365,0.7078317644984031,0.7081537929805107,0.060305923011329005,0.6089505496268746,0.8073570363341469,0.19802658456933556,0.061121068852455065,0.09748242630704697,0.29857074283162416,0.09918196064371958,0.047001100353312335,0.02186515056252078,0.17649877072491837,0.8080452238536333,0.0497500782930025,0.7262063450616442,0.8898841026456225
26.0,combo_recovery,Combination recovery program,0.602068966771587,0.061391073876495714,0.5010806502447516,0.7030572832984225,0.7050116097158617,0.06194363178841618,0.6031143354239171,0.8069088840078064,0.20008721920717273,0.06247848716948176,0.09731010781337524,0.30286433060097023,0.10050421938325113,0.047459069237265596,0.02243405048794922,0.17857438827855304,0.8105130929629335,0.05052972030372471,0.7273917030633064,0.8936344828625606
28.0,combo_recovery,Combination recovery program,0.5947775071120339,0.06295235744999873,0.491220879106786,0.6983341351172818,0.701877037258341,0.06359585052194366,0.5972618631497437,0.8064922113669384,0.2022000223310693,0.0638471712336062,0.09717142565178709,0.3072286190103515,0.10196711902653227,0.04796809566759148,0.023059601653344294,0.18087463639972023,0.8127870354848545,0.05137814495854202,0.7282699870280529,0.8973040839416562
30.0,combo_recovery,Combination recovery program,0.5875102401418327,0.06452724039363131,0.4813629296943092,0.6936575505893562,0.6987484307247633,0.06526128175666517,0.5913936222350491,0.8061032392144776,0.20436641335723324,0.06522694685143246,0.09706808578662685,0.31166474092783963,0.10357045060521163,0.04852796917261509,0.0237419413162598,0.18339895989416344,0.8148619798056662,0.05229599109336113,0.7288350744570872,0.9008888851542453
32.0,combo_recovery,Combination recovery program,0.5802655247996059,0.06611452733531804,0.4715071273330077,0.6890239222662041,0.6956241083581277,0.06693918917501512,0.5855091421652279,0.8057390745510276,0.20658781343659494,0.06661784173821061,0.09700146377723848,0.31617416309595137,0.10531405900756777,0.04913862146283501,0.02448102670120418,0.18614709131393137,0.8167328150797234,0.053284634444574146,0.729079591418399,0.9043860387410478
34.0,combo_recovery,Combination recovery program,0.5730416856785435,0.06771351160634931,0.46165295908609894,0.6844304122709881,0.6925023514114638,0.06862921117784694,0.5796072990239055,0.805397403799022,0.20886564632418847,0.06802002909166642,0.0969726984683972,0.32075859417997976,0.10719784355754945,0.04980007737821762,0.025276716270381458,0.18911897084471746,0.8183943890480029,0.05434588709639591,0.7289954047744316,0.9077933733215742
36.0,combo_recovery,Combination recovery program,0.5658370128891131,0.06932382575830198,0.4517993195167064,0.6798747062615199,0.6893814040113623,0.07033124555932942,0.5736865050662654,0.8050763029564592,0.2112013392533477,0.06943378963502536,0.09698275530373097,0.3254199232029644,0.10922175860568997,0.05051242713506944,0.026128815968500738,0.1923147012428792,0.819841505819169,0.055481821165101815,0.7285739100025765,0.9111091016357615
38.0,combo_recovery,Combination recovery program,0.5586497619028747,0.07094534491063659,0.44194466952487754,0.6753548542808719,0.6862594730010025,0.072045375719055,0.5677448299431571,0.804774116058848,0.21359632381495824,0.07085948550187846,0.09703247016436818,0.3301601774655483,0.11138581413232938,0.051275810148983074,0.027037106437252226,0.19573452182740653,0.8210689236124913,0.05669466417517982,0.7278062010443205,0.9143316461806621
40.0,combo_recovery,Combination recovery program,0.5514781533772067,0.07257812252408455,0.4320871418250877,0.6708691649293258,0.6831347277624767,0.07377182204356814,0.5617800805008072,0.8044893750241463,0.21605203684201357,0.07229754190868795,0.0971225804022219,0.33498149328180526,0.11369007636358266,0.0520904053516361,0.02800135956014127,0.19937879316702406,0.8220713524619171,0.0579867365634361,0.7266831708150647,0.9174595341087695
42.0,combo_recovery,Combination recovery program,0.5443203729607482,0.07422234667283052,0.42222461268394196,0.6664161332375544,0.6800053000182049,0.0755109090379683,0.555789854650747,0.8042207453856628,0.21856992129972708,0.07374843406687574,0.09725374725971647,0.3398860953397377,0.11613466840049955,0.05295642526796122,0.029021348834703337,0.20324798796629576,0.822843451880581,0.059360414405210574,0.7251955701840096,0.9204913335771523
44.0,combo_recovery,Combination recovery program,0.5371745710793513,0.07587830962444247,0.4123547517471434,0.6619943904115592,0.6768692836112353,0.07726304259871233,0.5497715785363535,0.8039669886861172,0.2211514271814604,0.07521267769350416,0.09742657237564606,0.34487628198727477,0.1187197708618659,0.05387411233768733,0.030096856066370234,0.20734268565736158,0.8233798284850102,0.06081810749273631,0.723334041659459,0.9234256153105614
46.0,combo_recovery,Combination recovery program,0.5300388627023368,0.07754638626851207,0.4024750572906345,0.6576026681140391,0.6737247342642112,0.07902869398462876,0.5437225326594969,0.8037269358689255,0.22379801241073144,0.07669082204013686,0.0976416101547063,0.3499544146667566,0.12144562254110411,0.05484373661486466,0.03122767580965173,0.21166356927255647,0.823675033578264,0.06236224688072972,0.7210891374594636,0.9262609296970644
48.0,combo_recovery,Combination recovery program,0.5229113270888391,0.07922701855787673,0.3925828815611319,0.6532397726165464,0.6705696693167832,0.08080838831441309,0.5376398705395736,0.8034994680939928,0.22651114374957398,0.07818344471414612,0.0978993771948036,0.3551229103043444,0.12431252107773555,0.05586559433604033,0.032413618394949203,0.21621142376052188,0.8237235606912174,0.06399527832162306,0.7184513278521475,0.9289957935302874
50.0,combo_recovery,Combination recovery program,0.5157900075140197,0.08092070411647756,0.38267544924241415,0.6489045657856253,0.6674020674412383,0.08260269618686365,0.5315206322138476,0.803283502668629,0.22929229771352486,0.07969114779600031,0.09820035958910434,0.3603842358379454,0.12732082364387495,0.056940007049712305,0.03365451204709821,0.2209871352406517,0.8235198430811854,0.06571965937871849,0.7154110034031935,0.9316286827591773
52.0,combo_recovery,Combination recovery program,0.5086729109749224,0.0826279877869475,0.3727498710653938,0.644595950884451,0.6642198683361158,0.08441222749630198,0.5253617541046991,0.8030779825675325,0.23214296149352268,0.08121455490719567,0.09854501867118579,0.3657409043158596,0.13047094764623343,0.058067321117055926,0.03495020440867644,0.22599169088379042,0.8230582511870502,0.06753785883110033,0.7119584734098902,0.9341580289642103
54.0,combo_recovery,Combination recovery program,0.5015580078757407,0.08434945528674359,0.3628031539290475,0.6403128618224339,0.6610209723975596,0.08623762681791083,0.5191600762820963,0.802881868513023,0.23506463388500662,0.08275430898492925,0.09893379560479801,0.3711954721652152,0.13376337144411338,0.05924790746385844,0.03630056366606624,0.23122617922216052,0.8223330900400365,0.06945235749255688,0.7080839619647805,0.9365822181152925
56.0,combo_recovery,Combination recovery program,0.49444323169225574,0.08608572839980856,0.35283220847457064,0.6360542549099408,0.6578032403681686,0.08807956993377271,0.5129123478271125,0.8026941329092248,0.23805882622451147,0.08431107058881931,0.09936711510590368,0.37675053734311925,0.13719863508388616,0.06048216150625888,0.0377054794060903,0.236691790761682,0.8213385966292551,0.07146564988500706,0.7037776025684185,0.9388995906900918
58.0,combo_recovery,Combination recovery program,0.48732647861520306,0.08783746130235456,0.3428338547728298,0.6318191024575763,0.6545644929630852,0.08993876120004822,0.5066152307890058,0.8025137551371645,0.24112706333406086,0.08588551661293051,0.09984538850579017,0.38240873816233156,0.14077734105045003,0.061770503199477564,0.039164863287309434,0.24238981881359062,0.8200689372211043,0.07358024640888175,0.6990294318784939,0.9411084425637147
60.0,combo_recovery,Combination recovery program,0.48020560717231286,0.08960533773741203,0.3328048265942701,0.6276063877503557,0.6513025104730588,0.09181593154302886,0.5002653030847763,0.8023397178613412,0.24427088447366824,0.08747833931005364,0.10036901630862999,0.3881727526387065,0.14450015503617422,0.06311337717562104,0.0406786495822776,0.24832166049007084,0.8185182046316027,0.07579867578249418,0.6938293829693998,0.9432070262938057
62.0,combo_recovery,Combination recovery program,0.4730784378287698,0.09139006883251755,0.32274177459927844,0.6234151010582611,0.6480150323442186,0.09371183693154468,0.4938590605918276,0.8021710040966097,0.24749184430225935,0.08909024555917619,0.1009383903574145,0.3940452982471042,0.14836780672784197,0.06451125294759194,0.04224679562905323,0.2544888178266307,0.816680415450693,0.07812348760627846,0.688167278338365,0.9451935525630211
64.0,combo_recovery,Combination recovery program,0.4659427525658219,0.09319239141050611,0.3126412686955393,0.6192442364361045,0.6446997567342758,0.09562725721472534,0.4873929186160526,0.802006594852499,0.25079151384734105,0.0907219563243644,0.10155389569376161,0.4000291320009205,0.15238109061211375,0.06596462516333981,0.04386928221841975,0.26089289900580775,0.8145495072175337,0.0805572549623284,0.6820328228045035,0.9470661916305639
66.0,combo_recovery,Combination recovery program,0.4587962944372711,0.09501306668265941,0.30249979974429636,0.6150927891302458,0.641354340044871,0.09756299524336785,0.48086321286953093,0.8018454672202111,0.254171481483743,0.09237420626587543,0.10221591217637793,0.4061270507911081,0.15654086680003976,0.06747401389951131,0.04554611393534365,0.2675356196647359,0.812119335545771,0.08310257699525278,0.6754155963885802,0.9488230747029618
68.0,combo_recovery,Combination recovery program,0.4516367671035616,0.09685287924158402,0.2923137807511559,0.6109597534559673,0.6379763964297741,0.09951987621404972,0.4742662000576623,0.8016865928018859,0.2576333539217711,0.09404774347359592,0.10292481590770583,0.41234189193583637,0.16084806187115927,0.06903996498683185,0.04727731946782088,0.27441880427449766,0.8093836711977496,0.08576208144355492,0.6683050472231017,0.9504622951723974
70.0,combo_recovery,Combination recovery program,0.4444618343431802,0.09871263629155742,0.28207954764356824,0.6068441210427922,0.6345634972786371,0.10149874719021602,0.46759805815073174,0.8015289364065425,0.2611787572051135,0.09574332929980589,0.10368098050693283,0.4186765339032942,0.1653036697377333,0.07066305036180429,0.04906295189256525,0.28154438758290135,0.8063361971066033,0.08853842710577944,0.6606904845175962,0.9519819096956105
72.0,combo_recovery,Combination recovery program,0.4372691195410733,0.10059316706899242,0.2717933597125808,0.6027448793695658,0.6311131706759885,0.10350047676549505,0.4608548863967491,0.8013714549552279,0.2648093377188526,0.09746173827344781,0.10448477825903096,0.4251338971786743,0.16990875252966514,0.07234386844088242,0.05090308894441356,0.28891441611491675,0.8029705053451259,0.0914343062353182,0.6525610715880275,0.9533799391022244
0.0,pulsed_stress,Pulsed stress with recovery intervals,0.78,0.045,0.705975,0.854025,0.8,0.045,0.725975,0.874025,0.12,0.045,0.045975,0.194025,0.1,0.045,0.025975000000000012,0.17402499999999999,0.82,0.045,0.7459749999999999,0.894025
2.0,pulsed_stress,Pulsed stress with recovery intervals,0.7554919248894457,0.04598910014836155,0.679839855145391,0.8311439946335004,0.7856394504363767,0.04585911903884436,0.7102011996174777,0.8610777012552757,0.13380539493741223,0.04633506351193741,0.05758421546027519,0.21002657441454925,0.09613558205362414,0.0452107140503649,0.02176395744077389,0.1705072066664744,0.8128303878053079,0.045340034341003616,0.738246031314357,0.8874147442962589
4.0,pulsed_stress,Pulsed stress with recovery intervals,0.7309299858214561,0.04697990782172396,0.6536480374547201,0.808211934188192,0.7711653990944638,0.04672701161758929,0.6942994649835295,0.8480313332053981,0.14765671251261508,0.047665628783031974,0.06924675316452748,0.22606667186070267,0.09289584963281325,0.04538107918520604,0.018243974373149313,0.16754772489247718,0.8051203254239536,0.04570442789861579,0.7299365415307306,0.8803041093171766
6.0,pulsed_stress,Pulsed stress with recovery intervals,0.7063108902696235,0.047972737252526744,0.627395737489217,0.78522604305003,0.7565746415592659,0.0476040206519104,0.6782660275868733,0.8348832555316585,0.16156190837614645,0.04899200528859571,0.08097005967640651,0.24215375707588638,0.09028081164711416,0.04551291860695816,0.01541206053866799,0.1651495627555603,0.7968490763052246,0.04609901533660849,0.7210161960765037,0.8726819565339455
8.0,pulsed_stress,Pulsed stress with recovery intervals,0.6816311784004588,0.04896792967831526,0.6010789340796302,0.7621834227212875,0.7418637911478679,0.04849050615097089,0.6620969085295209,0.821630673766215,0.17552892894815098,0.05031450892674168,0.09276156176366092,0.25829629613264105,0.08829065050293224,0.04560902584204335,0.013263802992770926,0.16331749801309353,0.7879957052943298,0.046529097470596685,0.7114553399551983,0.8645360706334614
10.0,pulsed_stress,Pulsed stress with recovery intervals,0.6568872225849285,0.049965853490258,0.5746933935934541,0.7390810515764029,0.7270292784697752,0.04938684532546234,0.6457879179093896,0.8082706390301607,0.1895657146046791,0.051633462715637554,0.10462866843745533,0.2745027607719029,0.08692572503712818,0.04567378987574364,0.011792340691529901,0.16205910938272647,0.7785390714238583,0.04699945411785634,0.7012249693999846,0.8558531734477319
12.0,pulsed_stress,Pulsed stress with recovery intervals,0.6602719127124953,0.04981923784465243,0.5783192664580421,0.7422245589669485,0.7300783704377871,0.0492057406388144,0.6491349270869374,0.8110218137886368,0.18668348874569643,0.051578004507802,0.10183767133036215,0.2715293061610307,0.07503275968088599,0.0462820022283115,0.0,0.1511666533464584,0.7803737966765965,0.047032098742008865,0.7030059942459919,0.857741599107201
14.0,pulsed_stress,Pulsed stress with recovery intervals,0.6636760833846875,0.04967213189260827,0.581965426421347,0.7453867403480281,0.7331530010084111,0.04902318502543847,0.6525098616415648,0.8137961403752574,0.1836432678361356,0.051526366787725784,0.09888239447032669,0.2684041412019445,0.06307627283194893,0.046896121057719266,0.0,0.14022039197189712,0.7827166230325902,0.04711004346264814,0.705220601536534,0.8602126445286463
16.0,pulsed_stress,Pulsed stress with recovery intervals,0.6671037830657984,0.049524215744339975,0.5856364481663592,0.7485711179652377,0.7362574965066604,0.04883916276924659,0.6559170737512497,0.816597919262071,0.18044471348848673,0.051478955951255734,0.09576183094867105,0.2651275960283024,0.05105395237005213,0.04751514196776564,0.0,0.1292163609070266,0.7855725676486505,0.04724096767769145,0.707861175818848,0.8632839594784529
18.0,pulsed_stress,Pulsed stress with recovery intervals,0.6705590773754503,0.04937518913134123,0.5893368912543939,0.7517812634965066,0.739396200443895,0.04865371770978423,0.6593608348112999,0.81943156607649,0.1770874358398925,0.05143623536577122,0.09247482866319884,0.26170004301658617,0.03896340180451438,0.04813905854554877,0.0,0.1181521531119421,0.7889467755038521,0.04743040489615695,0.7109237594496739,0.8669697915580302
20.0,pulsed_stress,Pulsed stress with recovery intervals,0.6458493642837033,0.05036944788932317,0.5629916225057667,0.7287071060616399,0.7245624551528352,0.04954897425729517,0.6430543924995846,0.8060705178060859,0.1905677067288944,0.052752825996202124,0.1037893079651419,0.2773461054926469,0.037955953347844414,0.04818252890475177,0.0,0.11721621339616106,0.7809285472529278,0.047807231021118946,0.7022856522231872,0.8595714422826685
22.0,pulsed_stress,Pulsed stress with recovery intervals,0.6210839473886233,0.0513657769503516,0.5365872443052949,0.7055806504719516,0.7096147716506114,0.05045434269341568,0.6266173779199425,0.7926121653812802,0.2041319519160079,0.05406716474752429,0.11519146590633042,0.2930724379256854,0.0375652417904171,0.048194302516271735,0.0,0.11684486942968411,0.7722849786795962,0.048240944487389685,0.6929286249978401,0.8516413323613523
24.0,pulsed_stress,Pulsed stress with recovery intervals,0.5962587671980338,0.05236452742012907,0.5101191195919215,0.6823984148041462,0.6945491048743166,0.05137006800438442,0.6100453430071042,0.7790528667415291,0.21778790127991118,0.05537925436003677,0.12668902785765068,0.3088867747021717,0.03779183124242578,0.048177432367188286,0.0,0.11704370748645052,0.7629948019006647,0.04873181823787278,0.682830960899364,0.8431586429019654
26.0,pulsed_stress,Pulsed stress with recovery intervals,0.571369598230059,0.053366120296042874,0.4835823303430684,0.6591568661170495,0.6793612293797198,0.052296497934209894,0.5933334902779445,0.7653889684814951,0.23154328773657956,0.056689254242720255,0.13828946450730473,0.3247971109658544,0.03863647125519751,0.048136151764856916,0.0,0.11782044090838714,0.753036528986364,0.04928069763493897,0.6719697813768893,0.8341032765958386
28.0,pulsed_stress,Pulsed stress with recovery intervals,0.5464120483049126,0.054371023901112855,0.45697171398758196,0.6358523826222433,0.6640467386581752,0.05323403638721178,0.5764767488012118,0.7516167285151386,0.245405850522873,0.05799740639044009,0.15000011701059907,0.34081158403514694,0.04010009984010746,0.048076293319309425,0.0,0.11918560235037146,0.7423884441159959,0.04988882923745492,0.6603213200203826,0.8244555682116093
30.0,pulsed_stress,Pulsed stress with recovery intervals,0.5495782436355492,0.05423566254003252,0.4603605787571957,0.6387959085139027,0.6666120639003059,0.0531013699043332,0.5792603104076778,0.753963817392934,0.24238662436384592,0.05793903726209328,0.14707690806770246,0.3376963406599894,0.0310300327236181,0.048540430776707714,0.0,0.11087904135130229,0.7429445716983245,0.050337040340196856,0.6601401403387007,0.8257490030579483
32.0,pulsed_stress,Pulsed stress with recovery intervals,0.5527582557941624,0.054101263652215924,0.4637616770862672,0.6417548345020576,0.6691983044854211,0.05296965311067112,0.5820632251183671,0.7563333838524751,0.2392464496151983,0.057884778544841226,0.14402598890893448,0.33446691032146214,0.021891391816623564,0.049008979537565216,0.0,0.10251116315591835,0.7439210327693118,0.0508118693147428,0.6603355077465598,0.8275065577920637
34.0,pulsed_stress,Pulsed stress with recovery intervals,0.555955370632091,0.05396769238894865,0.46717851665227045,0.6447322246119115,0.6718089530514628,0.05283900024544595,0.5848887976477042,0.7587291084552215,0.23598482444945315,0.05783477925790138,0.14084661257020537,0.33112303632870094,0.012682480833013843,0.049482121192649504,0.0,0.09408057019492229,0.7453221995151217,0.051311826752916824,0.6609142445065735,0.8297301545236698
36.0,pulsed_stress,Pulsed stress with recovery intervals,0.5591728913378212,0.05383483076039443,0.47061459473697237,0.64773118793867,0.6744475200540974,0.052709555792723815,0.5877403007750667,0.761154739333128,0.23260120833891418,0.05778920344759239,0.1375379686676247,0.32766444801020367,0.004071878956282952,0.04820190234761758,0.0,0.08336400831811387,0.7471525472536459,0.05183618897871136,0.6618820163836657,0.832423078123626
38.0,pulsed_stress,Pulsed stress with recovery intervals,0.5342174533937191,0.05483929981275358,0.4440068052017394,0.6244281015856987,0.6591065151390275,0.053650916131989884,0.5708507581019041,0.7473622721761509,0.2460999657171739,0.059096881185268485,0.14888559616740726,0.34331433526694055,0.005868443690500135,0.048209016826521844,0.0,0.08517227637012857,0.7374772492500442,0.0524461882729804,0.6512032695409915,0.8237512289590969
40.0,pulsed_stress,Pulsed stress with recovery intervals,0.5091973871964546,0.05584787393804752,0.4173276345683664,0.6010671398245427,0.6436434100213994,0.05460404423342605,0.5538197572574135,0.7334670627853852,0.2597191077391757,0.06040358417097603,0.16035521177792017,0.3590830037004313,0.00827935784810192,0.04822258379878301,0.0,0.08760550819709997,0.7270860333564855,0.053118524181496686,0.6397060610779234,0.8144660056350476
42.0,pulsed_stress,Pulsed stress with recovery intervals,0.4841078706514711,0.056861035507958235,0.39057146724087977,0.5776442740620624,0.6280533276883131,0.055569281512323716,0.5366418596005406,0.7194647957760857,0.2734662555861839,0.06170960022787672,0.17195396321132672,0.37497854796104113,0.011305855318213548,0.04825391557213554,0.0,0.09068354643437651,0.7159568782352632,0.05385487445287216,0.6273656097602885,0.8045481467102379
44.0,pulsed_stress,Pulsed stress with recovery intervals,0.4589439148182247,0.05787932047993345,0.36373243262873417,0.5541553970077152,0.6123312102404143,0.05654703672818748,0.5193113348225459,0.7053510856582826,0.2873490467279928,0.06301525498722074,0.18368895227401466,0.3910091411819709,0.014949368373713048,0.048315700378393237,0.0,0.09442869549616993,0.7040675148949596,0.05465701294500165,0.6141567286004318,0.7939783011894873
46.0,pulsed_stress,Pulsed stress with recovery intervals,0.4337003629467036,0.05890330912954522,0.33680441942860173,0.5305963064648055,0.5964718179286808,0.0575377678503061,0.5018221898149272,0.6911214460424343,0.3013751383255439,0.0643209038905333,0.19556725142561665,0.4071830252254712,0.01921153083308845,0.04842106943520224,0.0,0.09886419005399613,0.6913954181386769,0.0555268100653128,0.6000538155812374,0.7827370206961164
48.0,pulsed_stress,Pulsed stress with recovery intervals,0.43656857530871856,0.058797930418023975,0.3398459797710691,0.533291170846368,0.5984807476337332,0.057472689007136105,0.5039381742169943,0.693023321050472,0.2985554965201283,0.06426378705898715,0.19284156680809444,0.40426942623216217,0.012940367465120652,0.048793731314898045,0.0,0.09320605547812794,0.6898337739676206,0.05633380578941298,0.5971646634440362,0.782502884491205
50.0,pulsed_stress,Pulsed stress with recovery intervals,0.43943785590088613,0.05869696860522928,0.34288134254528396,0.5359943692564884,0.6004982630665618,0.057411490792995415,0.5060563607120844,0.6949401654210393,0.2956509067006898,0.06421204770216853,0.19002208823062255,0.401279725170757,0.006601722614674784,0.049172976608454634,0.0,0.08749126913558267,0.6885978352523084,0.05715056423302524,0.594585157088982,0.7826105134156349
52.0,pulsed_stress,Pulsed stress with recovery intervals,0.4423107210968056,0.05860044892117938,0.3459129826214655,0.5387084595721456,0.6025270195454016,0.05735435222476024,0.508179110135671,0.6968749289551321,0.29266082581791275,0.06416574385492485,0.18710817717656136,0.39821347445926414,0.0017264691093273282,0.04760559413461588,0.0,0.08003767146077045,0.687691075519,0.05797713996409639,0.5923186802780614,0.7830634707599385
54.0,pulsed_stress,Pulsed stress with recovery intervals,0.4451897024330469,0.05850840748995185,0.3489433721120761,0.5414360327540177,0.604569688257291,0.05730146457178638,0.5103087790367024,0.6988305974778796,0.28960349350494863,0.06410802032279136,0.1841458000739568,0.39506118693594044,0.0,0.045,0.0,0.074025,0.6870660200435063,0.05879017585093574,0.590356180768717,0.7837758593182955
56.0,pulsed_stress,Pulsed stress with recovery intervals,0.41988022131054803,0.05954433142665756,0.3219297961136963,0.5178306465073997,0.5886174764436843,0.05830371144859044,0.4927078711107531,0.6845270817766156,0.3035151341610745,0.06537932799555728,0.19596613960838277,0.41106412871376624,0.004584297677149644,0.045462520180005316,0.0,0.07937014337325839,0.6747058072503335,0.05961528700572956,0.5766386601259084,0.7727729543747586
58.0,pulsed_stress,Pulsed stress with recovery intervals,0.3944887008836499,0.06058732677613407,0.29482254833690935,0.49415485343039045,0.5725257832764393,0.05931951379850437,0.4749451830778996,0.670106383474979,0.31758258248800364,0.06665188150750474,0.20794023740815834,0.4272249275678489,0.009788059541649751,0.045970113870480854,0.0,0.08540889685859077,0.6615306112667477,0.060513193946073865,0.5619864072254562,0.7610748153080392
60.0,pulsed_stress,Pulsed stress with recovery intervals,0.36900954469028874,0.06163800590890832,0.26761502497013456,0.4704040644104429,0.5562888914376353,0.0603493193312045,0.45701426113780386,0.6555635217374667,0.3318134980665074,0.06792607416210697,0.22007510606984143,0.44355189006317336,0.01561333570345124,0.04652344244908911,0.0,0.09214439853220283,0.6475173424380098,0.061486074996142406,0.5463727490693556,0.7486619358066641
62.0,pulsed_stress,Pulsed stress with recovery intervals,0.3434369856925095,0.0626970247708501,0.24030037994446113,0.4465735914405579,0.5399008990719776,0.06139362266528331,0.4389083897875865,0.6408934083563687,0.34621557138418196,0.06920232220576555,0.23237775135569763,0.4600533914126663,0.022062389228398673,0.04712314853537346,0.0,0.09957996856908802,0.6326426278989774,0.06253617146840629,0.529770625833449,0.7355146299645058
64.0,pulsed_stress,Pulsed stress with recovery intervals,0.31776508501156253,0.06376507878857263,0.21287153040436058,0.4226586396187645,0.5233557184955068,0.06245295799861575,0.4206206025877839,0.6260908344032297,0.3607965273894437,0.07048106374128513,0.24485517753502964,0.47673787724385774,0.029137699518686295,0.047769866224620275,0.0,0.10771912945818664,0.6168828022077179,0.06366579152908507,0.5121525751423729,0.7216130292730628
66.0,pulsed_stress,Pulsed stress with recovery intervals,0.32018441645297935,0.06372103835337992,0.2153633083616694,0.4250055245442893,0.5246580943418291,0.062476846878391,0.4218836812268759,0.6274325074567823,0.3585674149360697,0.0704001777598228,0.2427591225211612,0.4743757073509782,0.02568815194399339,0.04804418461048841,0.0,0.10472083562824681,0.6121298739213871,0.06473307082510558,0.5056439724140884,0.7186157754286857
68.0,pulsed_stress,Pulsed stress with recovery intervals,0.32258349289846605,0.06368570226967823,0.21782051266484537,0.42734647313208673,0.5259474334246673,0.06250738040010438,0.4231227926664956,0.6287720741828391,0.3562891172099157,0.07032681959475856,0.24060149897653785,0.47197673544329355,0.02218046670170991,0.0483560710765569,0.0,0.101726203622646,0.6075978804262633,0.06580856768821343,0.4993427865791522,0.7158529742733744
70.0,pulsed_stress,Pulsed stress with recovery intervals,0.32496403464201923,0.06365917122656513,0.2202446979743196,0.4296833713097189,0.5272255291713639,0.06254473320775167,0.4243394430446124,0.6301116152981154,0.3539612042066052,0.07026103681959742,0.23838179863836745,0.46954060977484297,0.018614574841401475,0.04869725703026464,0.0,0.0987215626561868,0.6032890408691205,0.06689262487638406,0.4932506729474687,0.7133274087907723
72.0,pulsed_stress,Pulsed stress with recovery intervals,0.32732777185479,0.06364154697874179,0.22263742707475975,0.43201811663482026,0.5284941855357754,0.06258908263330437,0.4255351446039897,0.6314532264675611,0.3515832365134634,0.0702028787099867,0.2360995010355353,0.4670669719913915,0.014990364942804832,0.04906156586276496,0.0,0.09569664078705319,0.5992056065224473,0.06798560167127765,0.48736929177319555,0.711041921271699
